{"mean":{"confidence_interval":{"confidence_level":0.95,"lower_bound":309153.44007380126,"upper_bound":310296.58131797827},"point_estimate":309561.3605799305,"standard_error":333.1012733890413},"median":{"confidence_interval":{"confidence_level":0.95,"lower_bound":309066.95238095237,"upper_bound":309115.19852941175},"point_estimate":309094.2922794118,"standard_error":12.891809144597353},"median_abs_dev":{"confidence_interval":{"confidence_level":0.95,"lower_bound":86.98951784920935,"upper_bound":165.74795248720193},"point_estimate":125.11227857588844,"standard_error":19.99640760071544},"slope":{"confidence_interval":{"confidence_level":0.95,"lower_bound":309187.86865381995,"upper_bound":311270.67313575355},"point_estimate":309910.4625314024,"standard_error":593.5711945347738},"std_dev":{"confidence_interval":{"confidence_level":0.95,"lower_bound":247.05492668347185,"upper_bound":5701.529239325909},"point_estimate":3350.8756733253495,"standard_error":1854.0507322399299}}