{"mean":{"confidence_interval":{"confidence_level":0.95,"lower_bound":309120.30541030335,"upper_bound":309284.5705061383},"point_estimate":309190.55294141255,"standard_error":42.34625982265472},"median":{"confidence_interval":{"confidence_level":0.95,"lower_bound":309083.5967741936,"upper_bound":309171.2578125},"point_estimate":309130.23543028324,"standard_error":20.757245321101333},"median_abs_dev":{"confidence_interval":{"confidence_level":0.95,"lower_bound":134.24130861672376,"upper_bound":218.7851245191693},"point_estimate":175.0937157237179,"standard_error":21.697807947861886},"slope":{"confidence_interval":{"confidence_level":0.95,"lower_bound":309161.57348756975,"upper_bound":309291.101494911},"point_estimate":309220.22046179994,"standard_error":33.291125986748916},"std_dev":{"confidence_interval":{"confidence_level":0.95,"lower_bound":181.38142105248326,"upper_bound":664.6616086184089},"point_estimate":426.70103779141067,"standard_error":144.08819763201384}}