{"mean":{"confidence_interval":{"confidence_level":0.95,"lower_bound":309235.8385860392,"upper_bound":309751.6594128752},"point_estimate":309462.8311591991,"standard_error":132.55168997622425},"median":{"confidence_interval":{"confidence_level":0.95,"lower_bound":309082.92391304346,"upper_bound":309185.7351641414},"point_estimate":309129.37379032257,"standard_error":27.903493535289872},"median_abs_dev":{"confidence_interval":{"confidence_level":0.95,"lower_bound":153.32575733661545,"upper_bound":291.6564722602236},"point_estimate":206.120192085987,"standard_error":36.99680310672139},"slope":{"confidence_interval":{"confidence_level":0.95,"lower_bound":309209.41730308044,"upper_bound":310203.89848354354},"point_estimate":309616.0284483523,"standard_error":259.89096715502416},"std_dev":{"confidence_interval":{"confidence_level":0.95,"lower_bound":550.6393357534823,"upper_bound":1947.1155748834683},"point_estimate":1337.9153941919856,"standard_error":354.53330425128115}}