{"mean":{"confidence_interval":{"confidence_level":0.95,"lower_bound":309225.30822239275,"upper_bound":310363.83088240394},"point_estimate":309649.0938428053,"standard_error":305.86588097036093},"median":{"confidence_interval":{"confidence_level":0.95,"lower_bound":309109.29910714284,"upper_bound":309185.97093023255},"point_estimate":309143.9856601732,"standard_error":20.32508291294127},"median_abs_dev":{"confidence_interval":{"confidence_level":0.95,"lower_bound":146.53727530542693,"upper_bound":254.55740034324737},"point_estimate":204.97557634173103,"standard_error":28.101791234206402},"slope":{"confidence_interval":{"confidence_level":0.95,"lower_bound":309176.4449803639,"upper_bound":309508.4582111216},"point_estimate":309316.82690483227,"standard_error":86.38248561332634},"std_dev":{"confidence_interval":{"confidence_level":0.95,"lower_bound":480.5397017159288,"upper_bound":5088.338354654049},"point_estimate":3046.5494054893848,"standard_error":1461.8674559493945}}