{"mean":{"confidence_interval":{"confidence_level":0.95,"lower_bound":451370.36818802985,"upper_bound":452509.3566897996},"point_estimate":452061.1630813332,"standard_error":304.91181148302434},"median":{"confidence_interval":{"confidence_level":0.95,"lower_bound":452015.63247311825,"upper_bound":452277.303237858},"point_estimate":452199.20500949665,"standard_error":64.7011249169208},"median_abs_dev":{"confidence_interval":{"confidence_level":0.95,"lower_bound":476.97756068334706,"upper_bound":764.852715358909},"point_estimate":638.1546193970943,"standard_error":73.55783325515725},"slope":{"confidence_interval":{"confidence_level":0.95,"lower_bound":452069.8571182467,"upper_bound":452463.8755304817},"point_estimate":452242.1375567706,"standard_error":101.60484376063216},"std_dev":{"confidence_interval":{"confidence_level":0.95,"lower_bound":694.6509993582293,"upper_bound":5131.328591802861},"point_estimate":3070.917890461132,"standard_error":1439.0348636712383}}