{"mean":{"confidence_interval":{"confidence_level":0.95,"lower_bound":309754.9776243653,"upper_bound":311403.09072150954},"point_estimate":310456.4609376837,"standard_error":427.08222596936884},"median":{"confidence_interval":{"confidence_level":0.95,"lower_bound":309238.96,"upper_bound":309369.0},"point_estimate":309301.6010075137,"standard_error":34.63909042291447},"median_abs_dev":{"confidence_interval":{"confidence_level":0.95,"lower_bound":205.06814384620287,"upper_bound":387.62594570449346},"point_estimate":262.4463990804451,"standard_error":47.153184543440894},"slope":{"confidence_interval":{"confidence_level":0.95,"lower_bound":309477.50300124474,"upper_bound":310258.7966123242},"point_estimate":309837.41822742723,"standard_error":200.8095654412826},"std_dev":{"confidence_interval":{"confidence_level":0.95,"lower_bound":1507.9361203477004,"upper_bound":6699.38289925882},"point_estimate":4302.452495041608,"standard_error":1450.7417652517108}}