{"mean":{"confidence_interval":{"confidence_level":0.95,"lower_bound":421035.74730249046,"upper_bound":433660.5979427883},"point_estimate":426991.2665278449,"standard_error":3232.946463929905},"median":{"confidence_interval":{"confidence_level":0.95,"lower_bound":413666.21768707485,"upper_bound":424932.1407628438},"point_estimate":419984.9343935249,"standard_error":3010.5958585990297},"median_abs_dev":{"confidence_interval":{"confidence_level":0.95,"lower_bound":16576.17743665799,"upper_bound":28454.102152832904},"point_estimate":22574.290533203748,"standard_error":3166.7177984251957},"slope":{"confidence_interval":{"confidence_level":0.95,"lower_bound":420316.08873692504,"upper_bound":429685.0799772511},"point_estimate":424803.09395793313,"standard_error":2395.322513505082},"std_dev":{"confidence_interval":{"confidence_level":0.95,"lower_bound":22178.543968288297,"upper_bound":41829.338580425385},"point_estimate":32462.038469569605,"standard_error":5043.433733377406}}