{"mean":{"confidence_interval":{"confidence_level":0.95,"lower_bound":306811.70308912644,"upper_bound":308822.9323199189},"point_estimate":307730.3542290261,"standard_error":511.1562180028487},"median":{"confidence_interval":{"confidence_level":0.95,"lower_bound":308556.8462643678,"upper_bound":309005.6},"point_estimate":308907.5809331797,"standard_error":121.11128114380149},"median_abs_dev":{"confidence_interval":{"confidence_level":0.95,"lower_bound":496.86727671733087,"upper_bound":1646.0261790761722},"point_estimate":730.2041647219559,"standard_error":322.8589926030499},"slope":{"confidence_interval":{"confidence_level":0.95,"lower_bound":305984.6895557139,"upper_bound":307649.03484889143},"point_estimate":306858.7404869218,"standard_error":423.47151230541107},"std_dev":{"confidence_interval":{"confidence_level":0.95,"lower_bound":2903.964145541666,"upper_bound":7735.128741372187},"point_estimate":5218.9510255489495,"standard_error":1412.3430521641797}}