{"mean":{"confidence_interval":{"confidence_level":0.95,"lower_bound":308081.6699005151,"upper_bound":309462.79780110647},"point_estimate":308722.1651003549,"standard_error":353.7528134897991},"median":{"confidence_interval":{"confidence_level":0.95,"lower_bound":309007.05750988144,"upper_bound":309130.5282882012},"point_estimate":309075.6203431373,"standard_error":30.84248176790789},"median_abs_dev":{"confidence_interval":{"confidence_level":0.95,"lower_bound":225.27594917568183,"upper_bound":727.5729937496587},"point_estimate":397.1382304493993,"standard_error":123.00403603491519},"slope":{"confidence_interval":{"confidence_level":0.95,"lower_bound":307703.93653259677,"upper_bound":309822.0505798308},"point_estimate":308643.96779961576,"standard_error":544.0216183499798},"std_dev":{"confidence_interval":{"confidence_level":0.95,"lower_bound":1906.9158748776917,"upper_bound":5319.443038562841},"point_estimate":3571.7494933519297,"standard_error":974.8708517487122}}