{"mean":{"confidence_interval":{"confidence_level":0.95,"lower_bound":309158.90123464924,"upper_bound":310410.66172894946},"point_estimate":309605.3960168237,"standard_error":364.5435523895914},"median":{"confidence_interval":{"confidence_level":0.95,"lower_bound":309076.5060240964,"upper_bound":309173.52128136205},"point_estimate":309127.08588588587,"standard_error":23.252991459614176},"median_abs_dev":{"confidence_interval":{"confidence_level":0.95,"lower_bound":149.68717718694342,"upper_bound":253.25063556410313},"point_estimate":207.79773370335508,"standard_error":25.851034340980473},"slope":{"confidence_interval":{"confidence_level":0.95,"lower_bound":309254.4486857949,"upper_bound":311665.4002633222},"point_estimate":310115.24090512784,"standard_error":672.896695444967},"std_dev":{"confidence_interval":{"confidence_level":0.95,"lower_bound":270.30199232968744,"upper_bound":6267.493424634556},"point_estimate":3683.0689083561897,"standard_error":2031.0385481287274}}