{"mean":{"confidence_interval":{"confidence_level":0.95,"lower_bound":309243.1662727681,"upper_bound":309656.1465300992},"point_estimate":309425.8665324532,"standard_error":106.58626112242341},"median":{"confidence_interval":{"confidence_level":0.95,"lower_bound":309106.634375,"upper_bound":309179.8416666667},"point_estimate":309144.9402970218,"standard_error":18.70176454597692},"median_abs_dev":{"confidence_interval":{"confidence_level":0.95,"lower_bound":142.25168501069112,"upper_bound":248.375816098168},"point_estimate":192.69162743554912,"standard_error":26.77294609650558},"slope":{"confidence_interval":{"confidence_level":0.95,"lower_bound":309189.6026588558,"upper_bound":309511.175055272},"point_estimate":309330.6471538348,"standard_error":82.97721293769852},"std_dev":{"confidence_interval":{"confidence_level":0.95,"lower_bound":441.80129466437717,"upper_bound":1556.3873859445932},"point_estimate":1075.4888578244959,"standard_error":283.2200108126492}}