{"mean":{"confidence_interval":{"confidence_level":0.95,"lower_bound":309186.3257605982,"upper_bound":310183.9958860095},"point_estimate":309563.54311045184,"standard_error":267.459045501248},"median":{"confidence_interval":{"confidence_level":0.95,"lower_bound":309101.8050347222,"upper_bound":309189.6176470588},"point_estimate":309135.6015530303,"standard_error":23.06069342137636},"median_abs_dev":{"confidence_interval":{"confidence_level":0.95,"lower_bound":109.54472305517596,"upper_bound":220.7857180499508},"point_estimate":159.56073514761817,"standard_error":30.575360278012607},"slope":{"confidence_interval":{"confidence_level":0.95,"lower_bound":309220.90548815805,"upper_bound":311447.4055013774},"point_estimate":309994.62624870695,"standard_error":632.2324764905659},"std_dev":{"confidence_interval":{"confidence_level":0.95,"lower_bound":266.3340637862462,"upper_bound":4473.293907648371},"point_estimate":2678.461195007724,"standard_error":1262.652548180664}}