{"mean":{"confidence_interval":{"confidence_level":0.95,"lower_bound":309540.8871939973,"upper_bound":311656.1085461588},"point_estimate":310452.98420707264,"standard_error":544.5155171084473},"median":{"confidence_interval":{"confidence_level":0.95,"lower_bound":309067.632265625,"upper_bound":309186.5},"point_estimate":309098.4138198758,"standard_error":24.222885721601408},"median_abs_dev":{"confidence_interval":{"confidence_level":0.95,"lower_bound":119.39975682340251,"upper_bound":239.61363793350756},"point_estimate":170.3199610263823,"standard_error":26.743166205846993},"slope":{"confidence_interval":{"confidence_level":0.95,"lower_bound":309286.22697572544,"upper_bound":312860.68837540067},"point_estimate":310552.00977390277,"standard_error":1014.9363903066104},"std_dev":{"confidence_interval":{"confidence_level":0.95,"lower_bound":1792.1918711073295,"upper_bound":8261.810644428333},"point_estimate":5517.814958525368,"standard_error":1647.2445934116133}}