{"mean":{"confidence_interval":{"confidence_level":0.95,"lower_bound":442553.4421354695,"upper_bound":444822.68233336555},"point_estimate":443749.9768951843,"standard_error":577.3135223455322},"median":{"confidence_interval":{"confidence_level":0.95,"lower_bound":442516.3963534194,"upper_bound":445315.8787878788},"point_estimate":443590.951188455,"standard_error":708.3361318770418},"median_abs_dev":{"confidence_interval":{"confidence_level":0.95,"lower_bound":3579.8398523844185,"upper_bound":6116.403043634357},"point_estimate":4583.407475070942,"standard_error":698.4953469230484},"slope":{"confidence_interval":{"confidence_level":0.95,"lower_bound":443555.48405269114,"upper_bound":445438.15471063904},"point_estimate":444484.2228806463,"standard_error":480.48822638329693},"std_dev":{"confidence_interval":{"confidence_level":0.95,"lower_bound":4122.963553538822,"upper_bound":7841.755349124275},"point_estimate":5784.931459860834,"standard_error":1076.447678106376}}