{"mean":{"confidence_interval":{"confidence_level":0.95,"lower_bound":831364.044988157,"upper_bound":846365.5474504867},"point_estimate":838100.7709604352,"standard_error":3847.8314206907116},"median":{"confidence_interval":{"confidence_level":0.95,"lower_bound":824887.5109601449,"upper_bound":834002.7808219178},"point_estimate":829545.650528169,"standard_error":2460.742691677101},"median_abs_dev":{"confidence_interval":{"confidence_level":0.95,"lower_bound":14687.07207484537,"upper_bound":27923.37636417467},"point_estimate":20454.779700659175,"standard_error":3407.800450157856},"slope":{"confidence_interval":{"confidence_level":0.95,"lower_bound":829051.7572563129,"upper_bound":839044.631221108},"point_estimate":833839.5640933944,"standard_error":2563.8554752359655},"std_dev":{"confidence_interval":{"confidence_level":0.95,"lower_bound":21521.353664706403,"upper_bound":56616.66397604159},"point_estimate":38729.53446290913,"standard_error":9919.635272711732}}