{"mean":{"confidence_interval":{"confidence_level":0.95,"lower_bound":351944.6986395068,"upper_bound":367819.1816422172},"point_estimate":359736.7477894297,"standard_error":4055.6067334992654},"median":{"confidence_interval":{"confidence_level":0.95,"lower_bound":337136.4043715847,"upper_bound":362004.44444444444},"point_estimate":347746.19999999995,"standard_error":4684.336300158994},"median_abs_dev":{"confidence_interval":{"confidence_level":0.95,"lower_bound":24524.344047464383,"upper_bound":45274.043125368335},"point_estimate":34560.00081772761,"standard_error":4819.669543046823},"slope":{"confidence_interval":{"confidence_level":0.95,"lower_bound":336450.5365927406,"upper_bound":347942.1239188622},"point_estimate":341560.7546209546,"standard_error":2926.1589114167714},"std_dev":{"confidence_interval":{"confidence_level":0.95,"lower_bound":33745.30667807466,"upper_bound":47042.174517116255},"point_estimate":40868.43484774406,"standard_error":3411.671527976389}}