{"mean":{"confidence_interval":{"confidence_level":0.95,"lower_bound":309315.7113031981,"upper_bound":309748.075085333},"point_estimate":309503.1875576028,"standard_error":112.258008282152},"median":{"confidence_interval":{"confidence_level":0.95,"lower_bound":309221.7604166667,"upper_bound":309325.31509746856},"point_estimate":309266.9129973907,"standard_error":24.72717579788167},"median_abs_dev":{"confidence_interval":{"confidence_level":0.95,"lower_bound":192.22373156177642,"upper_bound":387.51274246742406},"point_estimate":284.0041838467839,"standard_error":52.73001506940104},"slope":{"confidence_interval":{"confidence_level":0.95,"lower_bound":309271.0083936052,"upper_bound":309623.4773150678},"point_estimate":309427.1435946505,"standard_error":90.6015313539223},"std_dev":{"confidence_interval":{"confidence_level":0.95,"lower_bound":469.0313516435657,"upper_bound":1706.6796302008513},"point_estimate":1122.2566211154879,"standard_error":341.1220991431678}}