{"mean":{"confidence_interval":{"confidence_level":0.95,"lower_bound":284488.52210270334,"upper_bound":288420.1196605367},"point_estimate":286411.2429546126,"standard_error":1002.7980229143296},"median":{"confidence_interval":{"confidence_level":0.95,"lower_bound":283362.37333333335,"upper_bound":286829.00569073786},"point_estimate":285470.7452028509,"standard_error":919.7435504677389},"median_abs_dev":{"confidence_interval":{"confidence_level":0.95,"lower_bound":5843.166252381939,"upper_bound":10306.90210716742},"point_estimate":8080.829216141212,"standard_error":1125.4900186772823},"slope":{"confidence_interval":{"confidence_level":0.95,"lower_bound":284613.0042902143,"upper_bound":288988.5787017308},"point_estimate":286709.8535096793,"standard_error":1120.7025612829268},"std_dev":{"confidence_interval":{"confidence_level":0.95,"lower_bound":8079.854615889177,"upper_bound":11959.674791942107},"point_estimate":10093.903986301575,"standard_error":994.6199649592561}}