{"mean":{"confidence_interval":{"confidence_level":0.95,"lower_bound":672912.1264276725,"upper_bound":679376.8543833476},"point_estimate":676115.9709694738,"standard_error":1644.7433593506555},"median":{"confidence_interval":{"confidence_level":0.95,"lower_bound":671911.9074074074,"upper_bound":676986.8794452348},"point_estimate":674893.7299767365,"standard_error":1293.41503293861},"median_abs_dev":{"confidence_interval":{"confidence_level":0.95,"lower_bound":9375.721997436573,"upper_bound":15280.206920802551},"point_estimate":11657.582350675453,"standard_error":1552.414604559595},"slope":{"confidence_interval":{"confidence_level":0.95,"lower_bound":674697.5295092044,"upper_bound":681905.3836854615},"point_estimate":678248.6785296291,"standard_error":1846.842911403291},"std_dev":{"confidence_interval":{"confidence_level":0.95,"lower_bound":12924.07947867179,"upper_bound":20064.307460322783},"point_estimate":16602.099995699078,"standard_error":1818.3103567751286}}