{"mean":{"confidence_interval":{"confidence_level":0.95,"lower_bound":309151.69974042644,"upper_bound":309286.3615369634},"point_estimate":309214.4704635137,"standard_error":34.2118196020956},"median":{"confidence_interval":{"confidence_level":0.95,"lower_bound":309122.4660714286,"upper_bound":309171.1},"point_estimate":309151.3614661654,"standard_error":12.643237217559168},"median_abs_dev":{"confidence_interval":{"confidence_level":0.95,"lower_bound":109.19348806146259,"upper_bound":190.39182033121372},"point_estimate":151.392914397747,"standard_error":19.645923271946472},"slope":{"confidence_interval":{"confidence_level":0.95,"lower_bound":309172.3263618398,"upper_bound":309359.8180459819},"point_estimate":309253.85377567605,"standard_error":48.21859433971064},"std_dev":{"confidence_interval":{"confidence_level":0.95,"lower_bound":204.04900068409162,"upper_bound":460.53681308833313},"point_estimate":344.11854292358197,"standard_error":64.96301293714748}}