{"mean":{"confidence_interval":{"confidence_level":0.95,"lower_bound":309147.34799556393,"upper_bound":310167.196799979},"point_estimate":309569.0604006541,"standard_error":264.2315594703235},"median":{"confidence_interval":{"confidence_level":0.95,"lower_bound":309055.1470238095,"upper_bound":309130.3125},"point_estimate":309095.97538932145,"standard_error":17.832958778162258},"median_abs_dev":{"confidence_interval":{"confidence_level":0.95,"lower_bound":114.68844348169692,"upper_bound":203.63661119035604},"point_estimate":165.55856854839917,"standard_error":22.45371158212858},"slope":{"confidence_interval":{"confidence_level":0.95,"lower_bound":309222.63881586323,"upper_bound":311661.16141342296},"point_estimate":310232.012072558,"standard_error":641.7238487033178},"std_dev":{"confidence_interval":{"confidence_level":0.95,"lower_bound":495.92886447021846,"upper_bound":4214.55119039802},"point_estimate":2659.4554164450815,"standard_error":994.2169693318891}}