{"mean":{"confidence_interval":{"confidence_level":0.95,"lower_bound":309240.91859136167,"upper_bound":310154.00967780827},"point_estimate":309630.31775591546,"standard_error":234.9026136778791},"median":{"confidence_interval":{"confidence_level":0.95,"lower_bound":309046.5714285714,"upper_bound":309167.245128524},"point_estimate":309101.7416666667,"standard_error":32.251412475648266},"median_abs_dev":{"confidence_interval":{"confidence_level":0.95,"lower_bound":176.92390885390756,"upper_bound":282.9785981812324},"point_estimate":242.22331304233458,"standard_error":27.191875336409623},"slope":{"confidence_interval":{"confidence_level":0.95,"lower_bound":309333.82022259996,"upper_bound":310597.9800025369},"point_estimate":309861.53309368994,"standard_error":329.2371142052634},"std_dev":{"confidence_interval":{"confidence_level":0.95,"lower_bound":778.72598180257,"upper_bound":3659.7354067888436},"point_estimate":2357.591482223896,"standard_error":771.5675762790394}}