{"mean":{"confidence_interval":{"confidence_level":0.95,"lower_bound":395183.09872854914,"upper_bound":404607.629222833},"point_estimate":399761.0902181082,"standard_error":2418.8192009492836},"median":{"confidence_interval":{"confidence_level":0.95,"lower_bound":386692.0119047619,"upper_bound":400893.49597222224},"point_estimate":395742.8547008547,"standard_error":3788.155751037316},"median_abs_dev":{"confidence_interval":{"confidence_level":0.95,"lower_bound":15374.236876201741,"upper_bound":29126.820689792152},"point_estimate":24668.555243660434,"standard_error":3400.573911241422},"slope":{"confidence_interval":{"confidence_level":0.95,"lower_bound":399097.5889413353,"upper_bound":409461.6299688245},"point_estimate":404094.77323383087,"standard_error":2644.8580806477457},"std_dev":{"confidence_interval":{"confidence_level":0.95,"lower_bound":19585.536842571302,"upper_bound":28469.470834907886},"point_estimate":24256.48299422081,"standard_error":2271.230629795605}}