{"mean":{"confidence_interval":{"confidence_level":0.95,"lower_bound":384245.84929111676,"upper_bound":391684.65714693326},"point_estimate":387890.2402819059,"standard_error":1886.4671738701554},"median":{"confidence_interval":{"confidence_level":0.95,"lower_bound":381791.5238095238,"upper_bound":389440.34361471864},"point_estimate":386269.6222222222,"standard_error":1903.3885299771098},"median_abs_dev":{"confidence_interval":{"confidence_level":0.95,"lower_bound":13938.872960770826,"upper_bound":21588.428570745462},"point_estimate":17867.76367023072,"standard_error":1953.164029253881},"slope":{"confidence_interval":{"confidence_level":0.95,"lower_bound":382518.1590226075,"upper_bound":390447.50442135887},"point_estimate":386294.04398108466,"standard_error":2021.9466626187282},"std_dev":{"confidence_interval":{"confidence_level":0.95,"lower_bound":15768.43242932835,"upper_bound":21921.366974796314},"point_estimate":18964.171166023643,"standard_error":1573.851989234935}}