{"mean":{"confidence_interval":{"confidence_level":0.95,"lower_bound":309145.6331554922,"upper_bound":309561.10113839165},"point_estimate":309322.33120293234,"standard_error":107.56845815406186},"median":{"confidence_interval":{"confidence_level":0.95,"lower_bound":309053.28571428574,"upper_bound":309133.34722222225},"point_estimate":309086.9962673611,"standard_error":15.92205676862461},"median_abs_dev":{"confidence_interval":{"confidence_level":0.95,"lower_bound":120.92712335843869,"upper_bound":204.40838058995715},"point_estimate":157.42903286296269,"standard_error":21.099440401967314},"slope":{"confidence_interval":{"confidence_level":0.95,"lower_bound":309177.3455427564,"upper_bound":309694.6841320957},"point_estimate":309395.74484852963,"standard_error":134.20988756551213},"std_dev":{"confidence_interval":{"confidence_level":0.95,"lower_bound":313.5828576916564,"upper_bound":1677.979226348706},"point_estimate":1078.0196268726522,"standard_error":350.25506365698755}}