{"mean":{"confidence_interval":{"confidence_level":0.95,"lower_bound":309207.9310087566,"upper_bound":310286.9764575998},"point_estimate":309639.65816969745,"standard_error":283.52942617887743},"median":{"confidence_interval":{"confidence_level":0.95,"lower_bound":309082.0138888889,"upper_bound":309195.99418604653},"point_estimate":309123.96590909094,"standard_error":27.46673457666129},"median_abs_dev":{"confidence_interval":{"confidence_level":0.95,"lower_bound":167.79810132578191,"upper_bound":275.0898224440867},"point_estimate":209.51140863902683,"standard_error":27.307217259421712},"slope":{"confidence_interval":{"confidence_level":0.95,"lower_bound":309228.8667137608,"upper_bound":310748.4367651352},"point_estimate":309796.9311548692,"standard_error":408.4875709038935},"std_dev":{"confidence_interval":{"confidence_level":0.95,"lower_bound":613.0404419841996,"upper_bound":4615.016063448967},"point_estimate":2834.116378698136,"standard_error":1173.4669381192439}}