{"mean":{"confidence_interval":{"confidence_level":0.95,"lower_bound":277231.7065718405,"upper_bound":280851.29862536915},"point_estimate":278931.4646047396,"standard_error":930.0249670212829},"median":{"confidence_interval":{"confidence_level":0.95,"lower_bound":275514.5071428571,"upper_bound":278652.6724137931},"point_estimate":276520.93664570805,"standard_error":920.3676244329565},"median_abs_dev":{"confidence_interval":{"confidence_level":0.95,"lower_bound":4257.834595679765,"upper_bound":7296.267591151698},"point_estimate":5442.340051053549,"standard_error":833.3147306194754},"slope":{"confidence_interval":{"confidence_level":0.95,"lower_bound":276742.5736879126,"upper_bound":279131.41128053254},"point_estimate":277972.6186123836,"standard_error":610.9654998641003},"std_dev":{"confidence_interval":{"confidence_level":0.95,"lower_bound":6234.41800166664,"upper_bound":12108.94606380276},"point_estimate":9307.048471115888,"standard_error":1509.9102964230797}}