{"mean":{"confidence_interval":{"confidence_level":0.95,"lower_bound":310779.0824358917,"upper_bound":311119.1426246808},"point_estimate":310924.3177510116,"standard_error":88.29341752023325},"median":{"confidence_interval":{"confidence_level":0.95,"lower_bound":310654.22107843135,"upper_bound":310777.4578651685},"point_estimate":310712.658912656,"standard_error":30.541346486355998},"median_abs_dev":{"confidence_interval":{"confidence_level":0.95,"lower_bound":151.76611464935422,"upper_bound":296.7653523595701},"point_estimate":246.00838515629374,"standard_error":40.14220483693605},"slope":{"confidence_interval":{"confidence_level":0.95,"lower_bound":310789.02247322176,"upper_bound":311086.49140807166},"point_estimate":310913.17317940004,"standard_error":76.69638550122221},"std_dev":{"confidence_interval":{"confidence_level":0.95,"lower_bound":360.4348099527309,"upper_bound":1382.6522171881352},"point_estimate":890.7370576877204,"standard_error":299.1367127917329}}