{"mean":{"confidence_interval":{"confidence_level":0.95,"lower_bound":309216.744696351,"upper_bound":309550.8476580464},"point_estimate":309360.73128572485,"standard_error":85.89689871019053},"median":{"confidence_interval":{"confidence_level":0.95,"lower_bound":309071.9413178733,"upper_bound":309159.6123188406},"point_estimate":309124.4024582912,"standard_error":25.156877150272937},"median_abs_dev":{"confidence_interval":{"confidence_level":0.95,"lower_bound":120.15208216100335,"upper_bound":235.8330136097132},"point_estimate":178.99638566833585,"standard_error":30.964557173432826},"slope":{"confidence_interval":{"confidence_level":0.95,"lower_bound":309155.7319828466,"upper_bound":309473.9465388433},"point_estimate":309291.906310034,"standard_error":82.27488875260167},"std_dev":{"confidence_interval":{"confidence_level":0.95,"lower_bound":379.53803082537735,"upper_bound":1320.5973101141965},"point_estimate":862.0184026433459,"standard_error":272.8539427822329}}