{"mean":{"confidence_interval":{"confidence_level":0.95,"lower_bound":449904.7729945965,"upper_bound":451099.436989422},"point_estimate":450592.9062938292,"standard_error":310.9863156879624},"median":{"confidence_interval":{"confidence_level":0.95,"lower_bound":451109.47476011683,"upper_bound":451194.3788741303},"point_estimate":451154.77705627703,"standard_error":18.5028696709707},"median_abs_dev":{"confidence_interval":{"confidence_level":0.95,"lower_bound":168.90555669034362,"upper_bound":327.83884207713675},"point_estimate":237.4856027235414,"standard_error":38.33471515496191},"slope":{"confidence_interval":{"confidence_level":0.95,"lower_bound":450445.322691346,"upper_bound":451094.13339374523},"point_estimate":450793.2177439535,"standard_error":165.64378433970154},"std_dev":{"confidence_interval":{"confidence_level":0.95,"lower_bound":1248.7034227373779,"upper_bound":4977.300184812512},"point_estimate":3146.3087791558246,"standard_error":1152.3990157128858}}