{"mean":{"confidence_interval":{"confidence_level":0.95,"lower_bound":309096.01369489095,"upper_bound":309445.3211333042},"point_estimate":309244.6357394185,"standard_error":90.64364977008681},"median":{"confidence_interval":{"confidence_level":0.95,"lower_bound":308981.14830832824,"upper_bound":309079.2193877551},"point_estimate":309010.3329593765,"standard_error":24.15398615562434},"median_abs_dev":{"confidence_interval":{"confidence_level":0.95,"lower_bound":139.65297502068012,"upper_bound":271.06238058433456},"point_estimate":180.63075932068537,"standard_error":34.418489523059755},"slope":{"confidence_interval":{"confidence_level":0.95,"lower_bound":309133.85985287215,"upper_bound":309437.0606902086},"point_estimate":309262.47440076846,"standard_error":78.64583801087939},"std_dev":{"confidence_interval":{"confidence_level":0.95,"lower_bound":350.09827231003635,"upper_bound":1413.6335591029072},"point_estimate":910.394648949781,"standard_error":302.05908069116333}}