{"mean":{"confidence_interval":{"confidence_level":0.95,"lower_bound":309197.973845878,"upper_bound":309636.02026918787},"point_estimate":309389.82103303337,"standard_error":112.64162319084629},"median":{"confidence_interval":{"confidence_level":0.95,"lower_bound":309089.0361842105,"upper_bound":309159.01923076925},"point_estimate":309132.5798180314,"standard_error":18.947958405645238},"median_abs_dev":{"confidence_interval":{"confidence_level":0.95,"lower_bound":124.2910315218136,"upper_bound":241.5758398778597},"point_estimate":181.20771988416962,"standard_error":28.685284786815288},"slope":{"confidence_interval":{"confidence_level":0.95,"lower_bound":309214.04782476573,"upper_bound":309732.1567891247},"point_estimate":309438.7055755874,"standard_error":133.18806853783184},"std_dev":{"confidence_interval":{"confidence_level":0.95,"lower_bound":486.73033793220435,"upper_bound":1683.6488723304303},"point_estimate":1131.8678034641935,"standard_error":314.3704706047352}}