{"mean":{"confidence_interval":{"confidence_level":0.95,"lower_bound":447624.9439619849,"upper_bound":449818.4999275379},"point_estimate":448794.7393507809,"standard_error":559.3778005527382},"median":{"confidence_interval":{"confidence_level":0.95,"lower_bound":450004.20875420875,"upper_bound":451239.367816092},"point_estimate":451025.0925925926,"standard_error":325.0761146238856},"median_abs_dev":{"confidence_interval":{"confidence_level":0.95,"lower_bound":1232.5800611490374,"upper_bound":2631.7045920528335},"point_estimate":1660.7107046137198,"standard_error":353.950267961944},"slope":{"confidence_interval":{"confidence_level":0.95,"lower_bound":449269.7289648382,"upper_bound":450404.02510655235},"point_estimate":449874.3064312103,"standard_error":289.3213395305688},"std_dev":{"confidence_interval":{"confidence_level":0.95,"lower_bound":3655.113803283883,"upper_bound":7183.199099450961},"point_estimate":5586.881029378419,"standard_error":903.4465646794476}}