{"mean":{"confidence_interval":{"confidence_level":0.95,"lower_bound":374905.43351185916,"upper_bound":375819.8858259374},"point_estimate":375473.19021803,"standard_error":247.45778176886367},"median":{"confidence_interval":{"confidence_level":0.95,"lower_bound":375779.3197278912,"upper_bound":375938.39137931034},"point_estimate":375821.27301864803,"standard_error":44.54966772940132},"median_abs_dev":{"confidence_interval":{"confidence_level":0.95,"lower_bound":199.95192086878734,"upper_bound":368.9021428572332},"point_estimate":285.0101316591123,"standard_error":42.85918998549178},"slope":{"confidence_interval":{"confidence_level":0.95,"lower_bound":375513.65860147565,"upper_bound":375894.77940325893},"point_estimate":375721.55375892814,"standard_error":97.58526252580336},"std_dev":{"confidence_interval":{"confidence_level":0.95,"lower_bound":500.32779292138673,"upper_bound":4156.165731998158},"point_estimate":2492.856654100011,"standard_error":1189.0270690863338}}