{"mean":{"confidence_interval":{"confidence_level":0.95,"lower_bound":-0.08661398796979833,"upper_bound":-0.06313818987608447},"point_estimate":-0.07724565439093467,"standard_error":0.006494589509880854},"median":{"confidence_interval":{"confidence_level":0.95,"lower_bound":-0.08880812547015793,"upper_bound":-0.08460209216968839},"point_estimate":-0.08725410101053543,"standard_error":0.001088603549456736}}