{"mean":{"confidence_interval":{"confidence_level":0.95,"lower_bound":-0.012662363299477248,"upper_bound":-0.008449858725797305},"point_estimate":-0.010482481211611994,"standard_error":0.001072047120764854},"median":{"confidence_interval":{"confidence_level":0.95,"lower_bound":-0.011605076038826212,"upper_bound":-0.008673071414920908},"point_estimate":-0.010485209513379279,"standard_error":0.0007557199407724299}}