{"mean":{"confidence_interval":{"confidence_level":0.95,"lower_bound":0.051788578277252806,"upper_bound":0.06023356790246934},"point_estimate":0.055819120588069815,"standard_error":0.002137735239658781},"median":{"confidence_interval":{"confidence_level":0.95,"lower_bound":0.05263223128681549,"upper_bound":0.06408291579932768},"point_estimate":0.058494276446279914,"standard_error":0.0028100197122225548}}