{"mean":{"confidence_interval":{"confidence_level":0.95,"lower_bound":-0.005297849764896212,"upper_bound":-0.0045223059776759115},"point_estimate":-0.004919047669474597,"standard_error":0.00019563465869382952},"median":{"confidence_interval":{"confidence_level":0.95,"lower_bound":-0.005351258197119013,"upper_bound":-0.004280100707509393},"point_estimate":-0.004804016357467411,"standard_error":0.0002743192945302786}}