{"mean":{"confidence_interval":{"confidence_level":0.95,"lower_bound":-0.09488699256544486,"upper_bound":-0.09077822315554918},"point_estimate":-0.09279433514548341,"standard_error":0.0010594097722613778},"median":{"confidence_interval":{"confidence_level":0.95,"lower_bound":-0.09498730939948341,"upper_bound":-0.09252798517129686},"point_estimate":-0.09365057385766151,"standard_error":0.0006234461771102112}}