{"mean":{"confidence_interval":{"confidence_level":0.95,"lower_bound":0.29614513702385653,"upper_bound":0.3176887387362074},"point_estimate":0.3072679936957776,"standard_error":0.005387831243282846},"median":{"confidence_interval":{"confidence_level":0.95,"lower_bound":0.28655366733184295,"upper_bound":0.3148877837309527},"point_estimate":0.2959795112204151,"standard_error":0.007057061813489226}}