{"mean":{"confidence_interval":{"confidence_level":0.95,"lower_bound":0.011974448493045098,"upper_bound":0.018882046098799836},"point_estimate":0.015232314236360622,"standard_error":0.0017537307179832525},"median":{"confidence_interval":{"confidence_level":0.95,"lower_bound":0.013635219043157232,"upper_bound":0.017271351622737217},"point_estimate":0.015682351094088,"standard_error":0.0009284288728830542}}