{"mean":{"confidence_interval":{"confidence_level":0.95,"lower_bound":0.09863168221029449,"upper_bound":0.102843284707136},"point_estimate":0.10078119857975554,"standard_error":0.0010706089465004585},"median":{"confidence_interval":{"confidence_level":0.95,"lower_bound":0.09856225980885958,"upper_bound":0.10389750450454471},"point_estimate":0.1011768316932542,"standard_error":0.0013655074430382725}}