{"mean":{"confidence_interval":{"confidence_level":0.95,"lower_bound":-0.11338630616437018,"upper_bound":-0.10429099386992564},"point_estimate":-0.10872784030784222,"standard_error":0.002318550191207548},"median":{"confidence_interval":{"confidence_level":0.95,"lower_bound":-0.10814685798224932,"upper_bound":-0.09573361706946248},"point_estimate":-0.0980482762931354,"standard_error":0.003871340088460021}}