{"mean":{"confidence_interval":{"confidence_level":0.95,"lower_bound":0.3146507552577493,"upper_bound":0.34892778605178415},"point_estimate":0.33064356079850366,"standard_error":0.00905016072139239},"median":{"confidence_interval":{"confidence_level":0.95,"lower_bound":0.2837478527524423,"upper_bound":0.3215603751233161},"point_estimate":0.30870876758229615,"standard_error":0.009726080330012408}}