{"mean":{"confidence_interval":{"confidence_level":0.95,"lower_bound":-0.08940355911484843,"upper_bound":-0.08630018844813682},"point_estimate":-0.08782048199696446,"standard_error":0.0007938241311121084},"median":{"confidence_interval":{"confidence_level":0.95,"lower_bound":-0.08824669048239142,"upper_bound":-0.08544818751725691},"point_estimate":-0.08684345823759432,"standard_error":0.0006879934834431945}}