{"mean":{"confidence_interval":{"confidence_level":0.95,"lower_bound":0.09709715776746047,"upper_bound":0.10388094648333995},"point_estimate":0.10043426216861584,"standard_error":0.0017224761335056474},"median":{"confidence_interval":{"confidence_level":0.95,"lower_bound":0.09771913673854105,"upper_bound":0.10124241605561135},"point_estimate":0.0995731585974966,"standard_error":0.0008663704321881753}}