{"mean":{"confidence_interval":{"confidence_level":0.95,"lower_bound":0.09570374938056271,"upper_bound":0.09792470757426396},"point_estimate":0.09681051671349872,"standard_error":0.0005665649930287547},"median":{"confidence_interval":{"confidence_level":0.95,"lower_bound":0.09532450930499534,"upper_bound":0.0972098687106544},"point_estimate":0.09617424611788472,"standard_error":0.0005440530100973837}}