{"mean":{"confidence_interval":{"confidence_level":0.95,"lower_bound":0.08625091654868808,"upper_bound":0.0992732588314535},"point_estimate":0.09278459399250871,"standard_error":0.003374861246407603},"median":{"confidence_interval":{"confidence_level":0.95,"lower_bound":0.08062404317796135,"upper_bound":0.0982855343529212},"point_estimate":0.08543964102470736,"standard_error":0.0050765386657825205}}