{"mean":{"confidence_interval":{"confidence_level":0.95,"lower_bound":1.407882293246151,"upper_bound":1.4137211385408173},"point_estimate":1.4110954894844152,"standard_error":0.0014976814582757282},"median":{"confidence_interval":{"confidence_level":0.95,"lower_bound":1.4108874129195814,"upper_bound":1.412966332022958},"point_estimate":1.4117912341910412,"standard_error":0.0005676920129032331}}