{"mean":{"confidence_interval":{"confidence_level":0.95,"lower_bound":-0.09580879449351139,"upper_bound":-0.08579439927384416},"point_estimate":-0.0899717433961379,"standard_error":0.0025969567935041392},"median":{"confidence_interval":{"confidence_level":0.95,"lower_bound":-0.08815116368836129,"upper_bound":-0.08551077576389965},"point_estimate":-0.08697339042810859,"standard_error":0.000683577295190434}}