{"mean":{"confidence_interval":{"confidence_level":0.95,"lower_bound":-0.023945391880106852,"upper_bound":-0.008176591805417965},"point_estimate":-0.016084635919747292,"standard_error":0.003990440343431713},"median":{"confidence_interval":{"confidence_level":0.95,"lower_bound":-0.00618166912123197,"upper_bound":-0.0038790054894304316},"point_estimate":-0.005079275862517996,"standard_error":0.0005838068645496869}}