{"mean":{"confidence_interval":{"confidence_level":0.95,"lower_bound":-0.005608973574335469,"upper_bound":-0.0011237820502340106},"point_estimate":-0.0032794726837559462,"standard_error":0.0011490316132338563},"median":{"confidence_interval":{"confidence_level":0.95,"lower_bound":-0.0033684424980863215,"upper_bound":-0.00019517108758282387},"point_estimate":-0.0014668243589897045,"standard_error":0.0007891563527955328}}