{"mean":{"confidence_interval":{"confidence_level":0.95,"lower_bound":0.013195730127657191,"upper_bound":0.020683670942441217},"point_estimate":0.017154923119994336,"standard_error":0.001946475217792847},"median":{"confidence_interval":{"confidence_level":0.95,"lower_bound":0.00531886494147682,"upper_bound":0.020039308014345586},"point_estimate":0.0071457329612014675,"standard_error":0.00429838170716577}}