{"mean":{"confidence_interval":{"confidence_level":0.95,"lower_bound":0.11930739845116334,"upper_bound":0.12643734448371022},"point_estimate":0.12304051642614455,"standard_error":0.0018796745350373126},"median":{"confidence_interval":{"confidence_level":0.95,"lower_bound":0.12135427264946164,"upper_bound":0.12671681985981897},"point_estimate":0.12479680093184853,"standard_error":0.001404099366184461}}