{"mean":{"confidence_interval":{"confidence_level":0.95,"lower_bound":0.07066372350860999,"upper_bound":0.08796116781786353},"point_estimate":0.07832482332591528,"standard_error":0.0043171216694015},"median":{"confidence_interval":{"confidence_level":0.95,"lower_bound":0.06385697818446245,"upper_bound":0.07608529051770341},"point_estimate":0.06795315513422162,"standard_error":0.0031483879138669802}}