{"mean":{"confidence_interval":{"confidence_level":0.95,"lower_bound":0.03834178094636127,"upper_bound":0.04899318119649832},"point_estimate":0.043709358174498725,"standard_error":0.002729943075807344},"median":{"confidence_interval":{"confidence_level":0.95,"lower_bound":0.036872024103161705,"upper_bound":0.06245265231235408},"point_estimate":0.05030320028681379,"standard_error":0.0063953105085018435}}