{"mean":{"confidence_interval":{"confidence_level":0.95,"lower_bound":0.09647434307607661,"upper_bound":0.10102291261579142},"point_estimate":0.09886955242108075,"standard_error":0.0011619660090377492},"median":{"confidence_interval":{"confidence_level":0.95,"lower_bound":0.09862715947598288,"upper_bound":0.10113704117027789},"point_estimate":0.09973366857970078,"standard_error":0.0006250474801048604}}