{"mean":{"confidence_interval":{"confidence_level":0.95,"lower_bound":0.10604121820711467,"upper_bound":0.11083758919802669},"point_estimate":0.10838915538298544,"standard_error":0.0012115446045226916},"median":{"confidence_interval":{"confidence_level":0.95,"lower_bound":0.104814646581345,"upper_bound":0.10825866813939378},"point_estimate":0.1066233534814296,"standard_error":0.0008884410080751669}}