{"mean":{"confidence_interval":{"confidence_level":0.95,"lower_bound":-0.016676541073963883,"upper_bound":0.0018057722508560312},"point_estimate":-0.009648153392120551,"standard_error":0.004761919108632541},"median":{"confidence_interval":{"confidence_level":0.95,"lower_bound":-0.014496972012721265,"upper_bound":-0.009075322316433999},"point_estimate":-0.011281356368531448,"standard_error":0.0013611770433631576}}