{"mean":{"confidence_interval":{"confidence_level":0.95,"lower_bound":-0.005496435505961347,"upper_bound":-0.001225237361032317},"point_estimate":-0.0031896093805022785,"standard_error":0.0010792885654959282},"median":{"confidence_interval":{"confidence_level":0.95,"lower_bound":-0.004671777108693598,"upper_bound":-0.0011912818006607484},"point_estimate":-0.0023168396584375417,"standard_error":0.0009296885766821619}}