{"mean":{"confidence_interval":{"confidence_level":0.95,"lower_bound":0.16185850770620053,"upper_bound":0.1727483600497104},"point_estimate":0.16681221865577478,"standard_error":0.002799995382351315},"median":{"confidence_interval":{"confidence_level":0.95,"lower_bound":0.15744951403527918,"upper_bound":0.16279986516499956},"point_estimate":0.15970609510334932,"standard_error":0.0013283229107740222}}