{"mean":{"confidence_interval":{"confidence_level":0.95,"lower_bound":-0.01485374486387348,"upper_bound":-0.008752631102184123},"point_estimate":-0.011775576781267949,"standard_error":0.0015546604057904301},"median":{"confidence_interval":{"confidence_level":0.95,"lower_bound":-0.013926479464244856,"upper_bound":-0.0055188740675918835},"point_estimate":-0.007521178110310056,"standard_error":0.0026208765380626637}}