{"mean":{"confidence_interval":{"confidence_level":0.95,"lower_bound":0.002893801509747196,"upper_bound":0.007122797746391118},"point_estimate":0.005120511650877457,"standard_error":0.0010765149715717308},"median":{"confidence_interval":{"confidence_level":0.95,"lower_bound":0.004952376545841086,"upper_bound":0.007457631814789867},"point_estimate":0.006151185585748564,"standard_error":0.0006904937880971961}}