{"mean":{"confidence_interval":{"confidence_level":0.95,"lower_bound":-0.002656196929354029,"upper_bound":0.0007121681033717566},"point_estimate":-0.0010646551469609689,"standard_error":0.0008565727943357748},"median":{"confidence_interval":{"confidence_level":0.95,"lower_bound":-0.001550194388770687,"upper_bound":0.001059465504006818},"point_estimate":-0.0003715333167980672,"standard_error":0.0006635815653555486}}