{"mean":{"confidence_interval":{"confidence_level":0.95,"lower_bound":0.08819926280010712,"upper_bound":0.09197716064479808},"point_estimate":0.09011087877254953,"standard_error":0.0009609374616605185},"median":{"confidence_interval":{"confidence_level":0.95,"lower_bound":0.08919515526715749,"upper_bound":0.09148799470302804},"point_estimate":0.0903810566834331,"standard_error":0.0006016222696119055}}