{"mean":{"confidence_interval":{"confidence_level":0.95,"lower_bound":0.10396487785323427,"upper_bound":0.10839885897406565},"point_estimate":0.10628475269874138,"standard_error":0.0011332147239161003},"median":{"confidence_interval":{"confidence_level":0.95,"lower_bound":0.1068661746564446,"upper_bound":0.10892426203295225},"point_estimate":0.10837199920863583,"standard_error":0.00055482708078552}}