{"mean":{"confidence_interval":{"confidence_level":0.95,"lower_bound":0.0018313273647000583,"upper_bound":0.002312998163696167},"point_estimate":0.0020834648580125847,"standard_error":0.00012237154945368245},"median":{"confidence_interval":{"confidence_level":0.95,"lower_bound":0.001967847096176367,"upper_bound":0.002316251280793269},"point_estimate":0.00217875186243921,"standard_error":0.00009175902432975968}}