{"mean":{"confidence_interval":{"confidence_level":0.95,"lower_bound":-0.10502792582898257,"upper_bound":-0.07992941418845545},"point_estimate":-0.09245207746588047,"standard_error":0.006350921318748735},"median":{"confidence_interval":{"confidence_level":0.95,"lower_bound":-0.10700867229885846,"upper_bound":-0.07148309677472252},"point_estimate":-0.08919192794951791,"standard_error":0.01077409054825797}}