{"mean":{"confidence_interval":{"confidence_level":0.95,"lower_bound":-0.06281548378141191,"upper_bound":-0.05826591170024276},"point_estimate":-0.06055153848769346,"standard_error":0.0011637278294343912},"median":{"confidence_interval":{"confidence_level":0.95,"lower_bound":-0.06428406155368349,"upper_bound":-0.057997157967665136},"point_estimate":-0.06177324628816794,"standard_error":0.0016652207804708672}}