{"mean":{"confidence_interval":{"confidence_level":0.95,"lower_bound":-0.17075658412579753,"upper_bound":-0.16023071454771176},"point_estimate":-0.16531255008094736,"standard_error":0.002683477207550386},"median":{"confidence_interval":{"confidence_level":0.95,"lower_bound":-0.1702534000667849,"upper_bound":-0.15524449815202201},"point_estimate":-0.1622157909701376,"standard_error":0.003987846381614384}}