{"mean":{"confidence_interval":{"confidence_level":0.95,"lower_bound":0.00432930882290211,"upper_bound":0.019351953069722788},"point_estimate":0.013196929384557743,"standard_error":0.0038348960344053613},"median":{"confidence_interval":{"confidence_level":0.95,"lower_bound":0.013788047688431337,"upper_bound":0.016184323704552916},"point_estimate":0.014829132359591712,"standard_error":0.0006419032508383763}}