{"mean":{"confidence_interval":{"confidence_level":0.95,"lower_bound":-0.08586418773714265,"upper_bound":-0.0821712386591972},"point_estimate":-0.08411748294838828,"standard_error":0.0009301907080611498},"median":{"confidence_interval":{"confidence_level":0.95,"lower_bound":-0.08453314808835577,"upper_bound":-0.08191843152634459},"point_estimate":-0.08349395268049631,"standard_error":0.0006894006447273695}}