{"mean":{"confidence_interval":{"confidence_level":0.95,"lower_bound":0.1042350939585277,"upper_bound":0.10574818782743933},"point_estimate":0.1049936868221708,"standard_error":0.0003874362722752131},"median":{"confidence_interval":{"confidence_level":0.95,"lower_bound":0.10391812641941,"upper_bound":0.10584699862826863},"point_estimate":0.10492063685368436,"standard_error":0.0004551047301330361}}