{"mean":{"confidence_interval":{"confidence_level":0.95,"lower_bound":0.0005578237425997502,"upper_bound":0.0019528744215448308},"point_estimate":0.0012307072240567152,"standard_error":0.0003560218171669772},"median":{"confidence_interval":{"confidence_level":0.95,"lower_bound":0.0005440851036857541,"upper_bound":0.002145347921808982},"point_estimate":0.0014125330015311022,"standard_error":0.00038743873786405993}}