{"mean":{"confidence_interval":{"confidence_level":0.95,"lower_bound":-0.08328537052243355,"upper_bound":-0.07587587540472725},"point_estimate":-0.07962995544217255,"standard_error":0.0018706610091832373},"median":{"confidence_interval":{"confidence_level":0.95,"lower_bound":-0.08831814109629854,"upper_bound":-0.07620467143665133},"point_estimate":-0.08124683144670286,"standard_error":0.003428622712859202}}