{"mean":{"confidence_interval":{"confidence_level":0.95,"lower_bound":0.09349623154067607,"upper_bound":0.09865550948752527},"point_estimate":0.09597668536846693,"standard_error":0.001303074088931193},"median":{"confidence_interval":{"confidence_level":0.95,"lower_bound":0.09368946045578785,"upper_bound":0.09814470457591518},"point_estimate":0.09663917495228436,"standard_error":0.0011789026837082635}}