{"mean":{"confidence_interval":{"confidence_level":0.95,"lower_bound":-0.006409915623883158,"upper_bound":-0.005509511263412173},"point_estimate":-0.005969260627607498,"standard_error":0.0002296426259701789},"median":{"confidence_interval":{"confidence_level":0.95,"lower_bound":-0.006870187832975416,"upper_bound":-0.005501309161387802},"point_estimate":-0.006244050882074359,"standard_error":0.0003541262331030741}}