{"mean":{"confidence_interval":{"confidence_level":0.95,"lower_bound":-0.009107938941835814,"upper_bound":-0.005319023379916521},"point_estimate":-0.007178031654625161,"standard_error":0.0009648675481235732},"median":{"confidence_interval":{"confidence_level":0.95,"lower_bound":-0.008259643311289588,"upper_bound":-0.00647129069179031},"point_estimate":-0.007513008015487044,"standard_error":0.00044562868674570896}}