{"mean":{"confidence_interval":{"confidence_level":0.95,"lower_bound":0.125182980318667,"upper_bound":0.1300359931954037},"point_estimate":0.1277607211615306,"standard_error":0.0012420652627809763},"median":{"confidence_interval":{"confidence_level":0.95,"lower_bound":0.1291719190422651,"upper_bound":0.13175655680622356},"point_estimate":0.13072872765983523,"standard_error":0.0006588851833391981}}