{"mean":{"confidence_interval":{"confidence_level":0.95,"lower_bound":-0.09297589596462359,"upper_bound":-0.08938835915182697},"point_estimate":-0.09121802487464892,"standard_error":0.0009079552996442564},"median":{"confidence_interval":{"confidence_level":0.95,"lower_bound":-0.09265052989354372,"upper_bound":-0.0897002170241541},"point_estimate":-0.09111849645491032,"standard_error":0.0007624228712611942}}