{"mean":{"confidence_interval":{"confidence_level":0.95,"lower_bound":-0.0011286935004189342,"upper_bound":0.00312218469618039},"point_estimate":0.00045743110136964305,"standard_error":0.001234912414191103},"median":{"confidence_interval":{"confidence_level":0.95,"lower_bound":-0.0018031051968674123,"upper_bound":-0.0008098576656488943},"point_estimate":-0.0012952735525834091,"standard_error":0.0002472413128538949}}