{"mean":{"confidence_interval":{"confidence_level":0.95,"lower_bound":-0.04808131093297693,"upper_bound":-0.02200121487889095},"point_estimate":-0.03472381578288697,"standard_error":0.006628347246075177},"median":{"confidence_interval":{"confidence_level":0.95,"lower_bound":-0.03612358804619287,"upper_bound":-0.019636569825685957},"point_estimate":-0.02836734835747967,"standard_error":0.004231797670483368}}