{"mean":{"confidence_interval":{"confidence_level":0.95,"lower_bound":-0.0023176686714715317,"upper_bound":0.0013812618512494984},"point_estimate":-0.0003660843840346262,"standard_error":0.0009453524874084451},"median":{"confidence_interval":{"confidence_level":0.95,"lower_bound":-0.001266884351248665,"upper_bound":0.0015296988167892156},"point_estimate":0.0006776266098114103,"standard_error":0.0008209618976074735}}