{"mean":{"confidence_interval":{"confidence_level":0.95,"lower_bound":0.09735944569330424,"upper_bound":0.10357654719530518},"point_estimate":0.10048243360403974,"standard_error":0.0015943885393070382},"median":{"confidence_interval":{"confidence_level":0.95,"lower_bound":0.09773346400761782,"upper_bound":0.10278860537043122},"point_estimate":0.10031463470773883,"standard_error":0.001283898737322877}}