{"mean":{"confidence_interval":{"confidence_level":0.95,"lower_bound":-0.030396692432186987,"upper_bound":-0.024178088684852207},"point_estimate":-0.027470953873454884,"standard_error":0.0015647320495667221},"median":{"confidence_interval":{"confidence_level":0.95,"lower_bound":-0.030658739428015447,"upper_bound":-0.021809310698728684},"point_estimate":-0.025079474133482438,"standard_error":0.0023774855228156757}}