{"mean":{"confidence_interval":{"confidence_level":0.95,"lower_bound":-0.008850824303078597,"upper_bound":0.023029067060050736},"point_estimate":0.007086513370873515,"standard_error":0.008094020540634921},"median":{"confidence_interval":{"confidence_level":0.95,"lower_bound":0.012213338048941091,"upper_bound":0.03937486942865665},"point_estimate":0.02217214721071259,"standard_error":0.006912401712495506}}