{"mean":{"confidence_interval":{"confidence_level":0.95,"lower_bound":0.0005642630893915721,"upper_bound":0.009161379025872218},"point_estimate":0.004560093636456486,"standard_error":0.0022153213454170514},"median":{"confidence_interval":{"confidence_level":0.95,"lower_bound":-0.0006023831670328716,"upper_bound":0.001862999159902623},"point_estimate":0.0006298559578956642,"standard_error":0.0006198981742086904}}