{"mean":{"confidence_interval":{"confidence_level":0.95,"lower_bound":-0.0011463796076945916,"upper_bound":0.0014759549067694421},"point_estimate":0.00017168940952583256,"standard_error":0.0006694729277821102},"median":{"confidence_interval":{"confidence_level":0.95,"lower_bound":-0.00031587896545536183,"upper_bound":0.0015615865867109058},"point_estimate":0.00044016130926927133,"standard_error":0.0004886664524643416}}