{"mean":{"confidence_interval":{"confidence_level":0.95,"lower_bound":0.0005400852398619816,"upper_bound":0.005408218070717185},"point_estimate":0.0030409227719265797,"standard_error":0.001239575104192052},"median":{"confidence_interval":{"confidence_level":0.95,"lower_bound":0.0030711107106224933,"upper_bound":0.00475072387958031},"point_estimate":0.004153518785999788,"standard_error":0.00042476222942978303}}