{"mean":{"confidence_interval":{"confidence_level":0.95,"lower_bound":-0.09376292796833674,"upper_bound":-0.09191864971013564},"point_estimate":-0.09286942223436434,"standard_error":0.0004670194018359959},"median":{"confidence_interval":{"confidence_level":0.95,"lower_bound":-0.0937899902536059,"upper_bound":-0.09243747340830322},"point_estimate":-0.09306313880296768,"standard_error":0.0003224437347173028}}