{"mean":{"confidence_interval":{"confidence_level":0.95,"lower_bound":0.2757252524906384,"upper_bound":0.3663038605454797},"point_estimate":0.3168508214195169,"standard_error":0.023414510946322135},"median":{"confidence_interval":{"confidence_level":0.95,"lower_bound":0.2602158028192445,"upper_bound":0.3054783016551998},"point_estimate":0.28240286289998884,"standard_error":0.01170359547920971}}