{"mean":{"confidence_interval":{"confidence_level":0.95,"lower_bound":-0.04316308000078278,"upper_bound":-0.023346220767075366},"point_estimate":-0.03327951879334001,"standard_error":0.0050517442944312445},"median":{"confidence_interval":{"confidence_level":0.95,"lower_bound":-0.041557234023473444,"upper_bound":-0.016420112112045082},"point_estimate":-0.030914747045617363,"standard_error":0.006856822697262184}}