{"mean":{"confidence_interval":{"confidence_level":0.95,"lower_bound":-0.1582299244590564,"upper_bound":-0.15278277146517452},"point_estimate":-0.15551569274549526,"standard_error":0.001388310302530871},"median":{"confidence_interval":{"confidence_level":0.95,"lower_bound":-0.1628267396592814,"upper_bound":-0.15496450766678405},"point_estimate":-0.1605614925176606,"standard_error":0.0019146423092941945}}