{"mean":{"confidence_interval":{"confidence_level":0.95,"lower_bound":0.001484656940438656,"upper_bound":0.004984056696654879},"point_estimate":0.0032653120338284047,"standard_error":0.0008920517293631445},"median":{"confidence_interval":{"confidence_level":0.95,"lower_bound":0.0019706399948928865,"upper_bound":0.004571484759784417},"point_estimate":0.0029542803288482578,"standard_error":0.0006772856738752387}}