{"mean":{"confidence_interval":{"confidence_level":0.95,"lower_bound":-0.003272145602822521,"upper_bound":0.004338704188715569},"point_estimate":0.000024578001896369273,"standard_error":0.001957580610074929},"median":{"confidence_interval":{"confidence_level":0.95,"lower_bound":-0.0019668917229189054,"upper_bound":-0.00006679588036961892},"point_estimate":-0.0009377998556684419,"standard_error":0.0004979432208744945}}