{"mean":{"confidence_interval":{"confidence_level":0.95,"lower_bound":0.0003821073968157452,"upper_bound":0.010843451721150008},"point_estimate":0.005183633367870977,"standard_error":0.0027297352247545197},"median":{"confidence_interval":{"confidence_level":0.95,"lower_bound":0.0014977531984980974,"upper_bound":0.003953124602176894},"point_estimate":0.002972546202750115,"standard_error":0.0006253847354100287}}