{"mean":{"confidence_interval":{"confidence_level":0.95,"lower_bound":0.10013342406742148,"upper_bound":0.10215705927777086},"point_estimate":0.10117422980489543,"standard_error":0.0005130918738747273},"median":{"confidence_interval":{"confidence_level":0.95,"lower_bound":0.10010762312390509,"upper_bound":0.10191248031754115},"point_estimate":0.10109698049979365,"standard_error":0.00045364606947359846}}