{"mean":{"confidence_interval":{"confidence_level":0.95,"lower_bound":0.3658057265697412,"upper_bound":0.40756075123893},"point_estimate":0.3893831588155072,"standard_error":0.010442934658108931},"median":{"confidence_interval":{"confidence_level":0.95,"lower_bound":0.35090991257513293,"upper_bound":0.3737776200875007},"point_estimate":0.3607096067700306,"standard_error":0.006262444696610919}}