{"mean":{"confidence_interval":{"confidence_level":0.95,"lower_bound":-0.005786007402121115,"upper_bound":0.00044688681907009074},"point_estimate":-0.0022081230782470262,"standard_error":0.0016031252170563975},"median":{"confidence_interval":{"confidence_level":0.95,"lower_bound":-0.0008768870831751263,"upper_bound":0.0014126802794107265},"point_estimate":0.0002139823118498807,"standard_error":0.0006216719021224261}}