{"mean":{"confidence_interval":{"confidence_level":0.95,"lower_bound":-0.0012599651677533206,"upper_bound":0.0022353453276305222},"point_estimate":0.000588834931625648,"standard_error":0.0008858672369315093},"median":{"confidence_interval":{"confidence_level":0.95,"lower_bound":-0.00018677743321071638,"upper_bound":0.0012496984930434607},"point_estimate":0.0004962744176071343,"standard_error":0.0003753862146800453}}