{"mean":{"confidence_interval":{"confidence_level":0.95,"lower_bound":-0.0033528431398210145,"upper_bound":0.0029330894574159873},"point_estimate":-0.0005195754989055779,"standard_error":0.0015641208714258122},"median":{"confidence_interval":{"confidence_level":0.95,"lower_bound":-0.0020782059262375308,"upper_bound":-0.00029621969185678054},"point_estimate":-0.0011614424685104652,"standard_error":0.00045597510440905693}}