{"mean":{"confidence_interval":{"confidence_level":0.95,"lower_bound":0.38277114008413893,"upper_bound":0.4031426200441775},"point_estimate":0.3941666733339273,"standard_error":0.005246763631701572},"median":{"confidence_interval":{"confidence_level":0.95,"lower_bound":0.4040065979771357,"upper_bound":0.4070233745169367},"point_estimate":0.4054526087083601,"standard_error":0.0007907307943809968}}