{"mean":{"confidence_interval":{"confidence_level":0.95,"lower_bound":-0.010024004920344434,"upper_bound":-0.000028452751494600945},"point_estimate":-0.004446777600735197,"standard_error":0.0025646200078902766},"median":{"confidence_interval":{"confidence_level":0.95,"lower_bound":-0.0014760171225909335,"upper_bound":0.0011933020368233294},"point_estimate":0.00023637137141419018,"standard_error":0.0006688396416791995}}