{"mean":{"confidence_interval":{"confidence_level":0.95,"lower_bound":-0.001805628847147065,"upper_bound":0.0037953975999986396},"point_estimate":0.0010277232800932623,"standard_error":0.001430626791638973},"median":{"confidence_interval":{"confidence_level":0.95,"lower_bound":-0.0013194345476550406,"upper_bound":0.0007028897483802865},"point_estimate":-0.0005034858765807781,"standard_error":0.0005135428989042558}}