{"mean":{"confidence_interval":{"confidence_level":0.95,"lower_bound":-0.005465870185053237,"upper_bound":0.010951819796107447},"point_estimate":0.0018063824340392998,"standard_error":0.0042739256772735814},"median":{"confidence_interval":{"confidence_level":0.95,"lower_bound":-0.004832563241495391,"upper_bound":-0.001755548837132026},"point_estimate":-0.003264070771472505,"standard_error":0.0007864327289674233}}