{"mean":{"confidence_interval":{"confidence_level":0.95,"lower_bound":0.0013413990758709366,"upper_bound":0.011560639683456253},"point_estimate":0.0056558349898625515,"standard_error":0.002758076785718844},"median":{"confidence_interval":{"confidence_level":0.95,"lower_bound":-0.0011492636919289145,"upper_bound":0.0010233245072880683},"point_estimate":-0.000010949889487910092,"standard_error":0.000579915415160838}}