{"mean":{"confidence_interval":{"confidence_level":0.95,"lower_bound":-0.007505482502613533,"upper_bound":0.0013539694926716465},"point_estimate":-0.003438479744251488,"standard_error":0.002236350983431446},"median":{"confidence_interval":{"confidence_level":0.95,"lower_bound":-0.004096576395587581,"upper_bound":-0.001907321633014547},"point_estimate":-0.002681362116564223,"standard_error":0.0005785343295960413}}