{"mean":{"confidence_interval":{"confidence_level":0.95,"lower_bound":-0.13824469861969702,"upper_bound":-0.12797910997357365},"point_estimate":-0.13316412081461448,"standard_error":0.0026158962121950765},"median":{"confidence_interval":{"confidence_level":0.95,"lower_bound":-0.14450841167291625,"upper_bound":-0.12571891260977475},"point_estimate":-0.13510272426295522,"standard_error":0.005039392562705055}}