{"mean":{"confidence_interval":{"confidence_level":0.95,"lower_bound":-0.0054989234276577705,"upper_bound":0.000616560916188718},"point_estimate":-0.002411812703092986,"standard_error":0.0015446809491924812},"median":{"confidence_interval":{"confidence_level":0.95,"lower_bound":-0.0027805570091934406,"upper_bound":-0.0008801945582527226},"point_estimate":-0.001744874606058544,"standard_error":0.0004836027941146922}}