{"mean":{"confidence_interval":{"confidence_level":0.95,"lower_bound":-0.16811596081535363,"upper_bound":-0.1663750484760845},"point_estimate":-0.16727166198543053,"standard_error":0.0004444255722069374},"median":{"confidence_interval":{"confidence_level":0.95,"lower_bound":-0.16779260865828716,"upper_bound":-0.16632354679024733},"point_estimate":-0.1671306423733202,"standard_error":0.0003676306246732959}}