{"mean":{"confidence_interval":{"confidence_level":0.95,"lower_bound":-0.00195187204265256,"upper_bound":0.0013893710794248384},"point_estimate":-0.00008181610518542826,"standard_error":0.0008592715777503182},"median":{"confidence_interval":{"confidence_level":0.95,"lower_bound":-0.00023259039265721704,"upper_bound":0.0014881356322402617},"point_estimate":0.0005875397873642552,"standard_error":0.00042877113860315786}}