{"mean":{"confidence_interval":{"confidence_level":0.95,"lower_bound":0.0001035965135504913,"upper_bound":0.014588960389414245},"point_estimate":0.0063278442417533665,"standard_error":0.0037698721554397996},"median":{"confidence_interval":{"confidence_level":0.95,"lower_bound":0.0001219428614085416,"upper_bound":0.0019774971219479465},"point_estimate":0.0010825612446370148,"standard_error":0.00047709811567278317}}