{"mean":{"confidence_interval":{"confidence_level":0.95,"lower_bound":0.3537723041678736,"upper_bound":0.4128700985029787},"point_estimate":0.38175397531528343,"standard_error":0.015266862160050841},"median":{"confidence_interval":{"confidence_level":0.95,"lower_bound":0.3122625853247398,"upper_bound":0.35770899667755907},"point_estimate":0.3304475585797042,"standard_error":0.01187495225722562}}