{"mean":{"confidence_interval":{"confidence_level":0.95,"lower_bound":0.0020811903537259592,"upper_bound":0.010239635575978201},"point_estimate":0.005929895880285363,"standard_error":0.002097441096041948},"median":{"confidence_interval":{"confidence_level":0.95,"lower_bound":0.004346842581675947,"upper_bound":0.006674612095827648},"point_estimate":0.005534525951482516,"standard_error":0.0006413098072240146}}