{"mean":{"confidence_interval":{"confidence_level":0.95,"lower_bound":-0.007091243792051041,"upper_bound":-0.002195587722254228},"point_estimate":-0.004830170263541045,"standard_error":0.0012349865358755605},"median":{"confidence_interval":{"confidence_level":0.95,"lower_bound":-0.0065312056032154064,"upper_bound":-0.0047432119287614816},"point_estimate":-0.00580941686629477,"standard_error":0.00047389544195416234}}