{"mean":{"confidence_interval":{"confidence_level":0.95,"lower_bound":-0.014448226893678091,"upper_bound":0.0028714200131836},"point_estimate":-0.006871529602354709,"standard_error":0.004280610268430104},"median":{"confidence_interval":{"confidence_level":0.95,"lower_bound":-0.010285687178455016,"upper_bound":-0.008194952222686402},"point_estimate":-0.009455793359002929,"standard_error":0.0005032857143542506}}