{"mean":{"confidence_interval":{"confidence_level":0.95,"lower_bound":-0.004092135729502623,"upper_bound":0.0037629352157402913},"point_estimate":0.0005944810860591954,"standard_error":0.0020559623127092827},"median":{"confidence_interval":{"confidence_level":0.95,"lower_bound":-0.00009039909225572185,"upper_bound":0.002492563181477614},"point_estimate":0.0010426382571284698,"standard_error":0.0006793719278892505}}