{"mean":{"confidence_interval":{"confidence_level":0.95,"lower_bound":-0.00144614702278836,"upper_bound":0.0039471417935757255},"point_estimate":0.001157814325057016,"standard_error":0.001378662054772312},"median":{"confidence_interval":{"confidence_level":0.95,"lower_bound":-0.00020722688902663489,"upper_bound":0.001800470388762898},"point_estimate":0.0008360805549134653,"standard_error":0.0005152088417278726}}