{"mean":{"confidence_interval":{"confidence_level":0.95,"lower_bound":0.07904779318542239,"upper_bound":0.08256687735313739},"point_estimate":0.08097408793483996,"standard_error":0.0008879176641353365},"median":{"confidence_interval":{"confidence_level":0.95,"lower_bound":0.08253178612992618,"upper_bound":0.086305041096433},"point_estimate":0.08415755656428847,"standard_error":0.0010288148676894295}}