{"mean":{"confidence_interval":{"confidence_level":0.95,"lower_bound":0.001135833210431525,"upper_bound":0.005521241059141051},"point_estimate":0.0030930008979981327,"standard_error":0.0011036634259114894},"median":{"confidence_interval":{"confidence_level":0.95,"lower_bound":0.001487046789687474,"upper_bound":0.0033491498464790492},"point_estimate":0.002421145873999997,"standard_error":0.000474073625667452}}