{"mean":{"confidence_interval":{"confidence_level":0.95,"lower_bound":0.18420110547939722,"upper_bound":0.20981385528928254},"point_estimate":0.1958878952851959,"standard_error":0.006243262532858262},"median":{"confidence_interval":{"confidence_level":0.95,"lower_bound":0.16996302293674664,"upper_bound":0.18703335191815815},"point_estimate":0.17687960241322376,"standard_error":0.004248053089021308}}