{"mean":{"confidence_interval":{"confidence_level":0.95,"lower_bound":-0.04390144832315566,"upper_bound":-0.03485942514488847},"point_estimate":-0.03913785627140254,"standard_error":0.00236361510548704},"median":{"confidence_interval":{"confidence_level":0.95,"lower_bound":-0.05331519986255451,"upper_bound":-0.03824385339984693},"point_estimate":-0.04635291222637894,"standard_error":0.004377499988751754}}