{"mean":{"confidence_interval":{"confidence_level":0.95,"lower_bound":0.14223636493413547,"upper_bound":0.15560711016072007},"point_estimate":0.14862394450441596,"standard_error":0.0034355514667225675},"median":{"confidence_interval":{"confidence_level":0.95,"lower_bound":0.13182228571797183,"upper_bound":0.15096602676705895},"point_estimate":0.13783462575188254,"standard_error":0.0049270172903232625}}