{"mean":{"confidence_interval":{"confidence_level":0.95,"lower_bound":0.005495798726094525,"upper_bound":0.010055012708845162},"point_estimate":0.007500109963938462,"standard_error":0.0011461871534581944},"median":{"confidence_interval":{"confidence_level":0.95,"lower_bound":0.005613885112429662,"upper_bound":0.008132412701397973},"point_estimate":0.006685047574848113,"standard_error":0.0006259381282567583}}