{"mean":{"confidence_interval":{"confidence_level":0.95,"lower_bound":-0.0009445363380935318,"upper_bound":0.005254858147380086},"point_estimate":0.0018664987149765722,"standard_error":0.001584049836443429},"median":{"confidence_interval":{"confidence_level":0.95,"lower_bound":-0.0009229654573745805,"upper_bound":0.0014832276551957069},"point_estimate":-0.00018268662615317233,"standard_error":0.0006602433068630657}}