{"mean":{"confidence_interval":{"confidence_level":0.95,"lower_bound":-0.013258103546274363,"upper_bound":0.003535459942804813},"point_estimate":-0.006620386558818803,"standard_error":0.00424347100592313},"median":{"confidence_interval":{"confidence_level":0.95,"lower_bound":-0.009792622591783295,"upper_bound":-0.0070633935684886184},"point_estimate":-0.008440514225541373,"standard_error":0.0006839641972869304}}