{"mean":{"confidence_interval":{"confidence_level":0.95,"lower_bound":-0.015610319975696047,"upper_bound":0.0037288278023346333},"point_estimate":-0.005904207270659767,"standard_error":0.0049441997254398426},"median":{"confidence_interval":{"confidence_level":0.95,"lower_bound":-0.02233841951156379,"upper_bound":0.0019722689525785153},"point_estimate":-0.009960944530855498,"standard_error":0.00609484378611254}}