{"mean":{"confidence_interval":{"confidence_level":0.95,"lower_bound":0.019582647783687575,"upper_bound":0.037494678509922066},"point_estimate":0.028706094775174273,"standard_error":0.004580586168666448},"median":{"confidence_interval":{"confidence_level":0.95,"lower_bound":0.031271499588488745,"upper_bound":0.046673782186978485},"point_estimate":0.03820473357809706,"standard_error":0.0036621820379078105}}