{"mean":{"confidence_interval":{"confidence_level":0.95,"lower_bound":-0.0020703305636451106,"upper_bound":0.016142943638380612},"point_estimate":0.00538582043141278,"standard_error":0.00478616012964322},"median":{"confidence_interval":{"confidence_level":0.95,"lower_bound":-0.0006606420406050794,"upper_bound":0.0009966564418505792},"point_estimate":0.0003044653797315,"standard_error":0.00041630138021067804}}