{"mean":{"confidence_interval":{"confidence_level":0.95,"lower_bound":-0.16049101693587858,"upper_bound":-0.14148665816533612},"point_estimate":-0.15071509413984918,"standard_error":0.004908097260419983},"median":{"confidence_interval":{"confidence_level":0.95,"lower_bound":-0.16614417625543204,"upper_bound":-0.14791651316795662},"point_estimate":-0.1567566983718891,"standard_error":0.00475578357092606}}