{"mean":{"confidence_interval":{"confidence_level":0.95,"lower_bound":-0.004865322365575095,"upper_bound":0.004600942128356182},"point_estimate":-0.00059752315017092,"standard_error":0.002501821977181095},"median":{"confidence_interval":{"confidence_level":0.95,"lower_bound":-0.003493562288143018,"upper_bound":-0.0009768173732459529},"point_estimate":-0.0017190236455831842,"standard_error":0.0006532153936319155}}