{"mean":{"confidence_interval":{"confidence_level":0.95,"lower_bound":0.02424603866008264,"upper_bound":0.056846245603447976},"point_estimate":0.037223819984894435,"standard_error":0.008376045858603147},"median":{"confidence_interval":{"confidence_level":0.95,"lower_bound":0.011968334137217405,"upper_bound":0.03397162669832743},"point_estimate":0.024166891840410765,"standard_error":0.00567656368597249}}