{"mean":{"confidence_interval":{"confidence_level":0.95,"lower_bound":-0.0006587655690777534,"upper_bound":0.008787194278935189},"point_estimate":0.0037747588481562566,"standard_error":0.0024101711211810014},"median":{"confidence_interval":{"confidence_level":0.95,"lower_bound":0.001324038606880018,"upper_bound":0.00388206741535968},"point_estimate":0.002846149375214768,"standard_error":0.0006374295406775206}}