{"mean":{"confidence_interval":{"confidence_level":0.95,"lower_bound":-0.0035551991972510234,"upper_bound":0.005428778273784337},"point_estimate":0.0006333151718791452,"standard_error":0.002299472659464965},"median":{"confidence_interval":{"confidence_level":0.95,"lower_bound":-0.0013859559430710044,"upper_bound":0.0011050101058547313},"point_estimate":-8.824821237096714e-6,"standard_error":0.0006151038272071999}}