{"mean":{"confidence_interval":{"confidence_level":0.95,"lower_bound":-0.0015499882418200132,"upper_bound":0.0034460268265228675},"point_estimate":0.0012397285581982054,"standard_error":0.0012862832163961979},"median":{"confidence_interval":{"confidence_level":0.95,"lower_bound":0.002176444873240202,"upper_bound":0.0037408022631304494},"point_estimate":0.0029805079450435645,"standard_error":0.0003910984319254315}}