{"mean":{"confidence_interval":{"confidence_level":0.95,"lower_bound":-0.004413015551011326,"upper_bound":0.006549046733723422},"point_estimate":0.00041042006052038893,"standard_error":0.002771434939697866},"median":{"confidence_interval":{"confidence_level":0.95,"lower_bound":-0.003845055275687126,"upper_bound":-0.0017437484535648418},"point_estimate":-0.003172215085347041,"standard_error":0.0005062338820984145}}