{"mean":{"confidence_interval":{"confidence_level":0.95,"lower_bound":-0.0655587181299738,"upper_bound":-0.06109009402645736},"point_estimate":-0.06312835613155332,"standard_error":0.0011419359948090502},"median":{"confidence_interval":{"confidence_level":0.95,"lower_bound":-0.06363252198369859,"upper_bound":-0.06181220161949441},"point_estimate":-0.06273011517530436,"standard_error":0.00047135408519943876}}