{"mean":{"confidence_interval":{"confidence_level":0.95,"lower_bound":0.0009464273304602305,"upper_bound":0.014168272748570541},"point_estimate":0.00785105416683729,"standard_error":0.003349720271733591},"median":{"confidence_interval":{"confidence_level":0.95,"lower_bound":0.006916430920098637,"upper_bound":0.009315852928304613},"point_estimate":0.007948069860131524,"standard_error":0.0005783247156631778}}