{"mean":{"confidence_interval":{"confidence_level":0.95,"lower_bound":-0.0010076183920798424,"upper_bound":0.004790543531800459},"point_estimate":0.0015657389823346968,"standard_error":0.0015062933172185558},"median":{"confidence_interval":{"confidence_level":0.95,"lower_bound":-0.0004938472108616532,"upper_bound":0.0017385431554861755},"point_estimate":0.0009819557455186256,"standard_error":0.0005845784789704316}}