{"mean":{"confidence_interval":{"confidence_level":0.95,"lower_bound":-0.0011396847826759037,"upper_bound":0.0009667380609558624},"point_estimate":-0.00011906799684102687,"standard_error":0.0005368668310847942},"median":{"confidence_interval":{"confidence_level":0.95,"lower_bound":-0.0003051272588479037,"upper_bound":-8.099045412435224e-6},"point_estimate":-0.00010987134892281869,"standard_error":0.00008376900148939836}}