{"mean":{"confidence_interval":{"confidence_level":0.95,"lower_bound":-0.0011653075927372607,"upper_bound":0.00031535249891440596},"point_estimate":-0.00034136865963751983,"standard_error":0.00038221137562879606},"median":{"confidence_interval":{"confidence_level":0.95,"lower_bound":5.025619562371041e-6,"upper_bound":0.00033265480662603153},"point_estimate":0.0001488631586030742,"standard_error":0.00008497662746853778}}