{"mean":{"confidence_interval":{"confidence_level":0.95,"lower_bound":-0.00001232449402021883,"upper_bound":0.0010290540458612713},"point_estimate":0.000440622696500359,"standard_error":0.0002663542119997192},"median":{"confidence_interval":{"confidence_level":0.95,"lower_bound":-0.00011316911237690963,"upper_bound":0.00014514495517103931},"point_estimate":-4.1402067740836657e-7,"standard_error":0.00007124368494595242}}