{"mean":{"confidence_interval":{"confidence_level":0.95,"lower_bound":-0.020122859771971233,"upper_bound":0.0009340428868337579},"point_estimate":-0.0064033132842974405,"standard_error":0.006652721323420123},"median":{"confidence_interval":{"confidence_level":0.95,"lower_bound":-0.00010350171162021304,"upper_bound":0.00027005103928057217},"point_estimate":0.000059711997509648285,"standard_error":0.00009668634589687756}}