{"mean":{"confidence_interval":{"confidence_level":0.95,"lower_bound":-0.043703654114624346,"upper_bound":-0.02489522294738457},"point_estimate":-0.03415032691125486,"standard_error":0.004716203885455397},"median":{"confidence_interval":{"confidence_level":0.95,"lower_bound":-0.05301814173911745,"upper_bound":-0.038673982019235775},"point_estimate":-0.047743201745226616,"standard_error":0.003826165955542707}}