{"mean":{"confidence_interval":{"confidence_level":0.95,"lower_bound":0.04804032013187528,"upper_bound":0.07047311883752475},"point_estimate":0.05954633712914048,"standard_error":0.005603163429513755},"median":{"confidence_interval":{"confidence_level":0.95,"lower_bound":0.037519333633466934,"upper_bound":0.06985350972969084},"point_estimate":0.05338291926375205,"standard_error":0.008346789899850205}}