{"mean":{"confidence_interval":{"confidence_level":0.95,"lower_bound":-0.0004602047908839723,"upper_bound":0.025671315902177774},"point_estimate":0.009596612338188093,"standard_error":0.00694454735980264},"median":{"confidence_interval":{"confidence_level":0.95,"lower_bound":-0.0002553796967555977,"upper_bound":0.00007737789897088732},"point_estimate":-0.0001586028053899291,"standard_error":0.00009229045047277189}}