{"mean":{"confidence_interval":{"confidence_level":0.95,"lower_bound":0.05817608759627224,"upper_bound":0.06543096186035344},"point_estimate":0.06169627043371895,"standard_error":0.0018565578577770905},"median":{"confidence_interval":{"confidence_level":0.95,"lower_bound":0.05361858044609802,"upper_bound":0.06507503916063717},"point_estimate":0.05845749424021385,"standard_error":0.0033962160046798117}}