{"mean":{"confidence_interval":{"confidence_level":0.95,"lower_bound":-0.0115880115909971,"upper_bound":-0.00012881243718360975},"point_estimate":-0.004802969985274408,"standard_error":0.0030070382603479533},"median":{"confidence_interval":{"confidence_level":0.95,"lower_bound":-0.00016410304010916477,"upper_bound":0.0003746875412751205},"point_estimate":0.00005783123303393367,"standard_error":0.0001393571941742442}}