{"mean":{"confidence_interval":{"confidence_level":0.95,"lower_bound":-0.19372789382238903,"upper_bound":-0.19318368647759876},"point_estimate":-0.19346308313878824,"standard_error":0.0001378227340413215},"median":{"confidence_interval":{"confidence_level":0.95,"lower_bound":-0.19335431220105526,"upper_bound":-0.19301653989604728},"point_estimate":-0.1931954391532421,"standard_error":0.00008362477797674522}}