{"mean":{"confidence_interval":{"confidence_level":0.95,"lower_bound":-0.00042456743718424496,"upper_bound":0.0005861714363453118},"point_estimate":0.00003865694005034115,"standard_error":0.00025431644376079724},"median":{"confidence_interval":{"confidence_level":0.95,"lower_bound":-0.0003105922910442427,"upper_bound":0.00003632166816069926},"point_estimate":-0.00019792318561873135,"standard_error":0.00009010078754955805}}