{"mean":{"confidence_interval":{"confidence_level":0.95,"lower_bound":0.16417311321142564,"upper_bound":0.1720537175134544},"point_estimate":0.16802878338008354,"standard_error":0.002077446927848105},"median":{"confidence_interval":{"confidence_level":0.95,"lower_bound":0.16420699999346988,"upper_bound":0.17788801121254583},"point_estimate":0.17119967618692167,"standard_error":0.0038043877689257605}}