{"mean":{"confidence_interval":{"confidence_level":0.95,"lower_bound":-0.1949430355980997,"upper_bound":-0.19464434050162976},"point_estimate":-0.19479252662350965,"standard_error":0.00007676119781693883},"median":{"confidence_interval":{"confidence_level":0.95,"lower_bound":-0.1948011435263317,"upper_bound":-0.1944538135917382},"point_estimate":-0.19464633935139763,"standard_error":0.00009196099421024925}}