{"mean":{"confidence_interval":{"confidence_level":0.95,"lower_bound":-0.001123168292983623,"upper_bound":0.0003833790416315872},"point_estimate":-0.0003579392670233217,"standard_error":0.0003833313385614845},"median":{"confidence_interval":{"confidence_level":0.95,"lower_bound":-0.00014471812643945814,"upper_bound":0.00014863676506449153},"point_estimate":0.00002627408483868443,"standard_error":0.00007342663975332517}}