{"mean":{"confidence_interval":{"confidence_level":0.95,"lower_bound":-0.0005002548461038398,"upper_bound":0.0013330737783081414},"point_estimate":0.00035872186248475657,"standard_error":0.0004700657122550595},"median":{"confidence_interval":{"confidence_level":0.95,"lower_bound":-0.00021854767426865695,"upper_bound":0.00009396818716989053},"point_estimate":-0.0000256722120923758,"standard_error":0.00007768008692000859}}