{"mean":{"confidence_interval":{"confidence_level":0.95,"lower_bound":-0.0024910729094863634,"upper_bound":0.0005370106100546221},"point_estimate":-0.0007219538627166733,"standard_error":0.0007798079399003299},"median":{"confidence_interval":{"confidence_level":0.95,"lower_bound":-0.0003332444931687384,"upper_bound":-0.00006209040243188024},"point_estimate":-0.00017104464270956132,"standard_error":0.0000685338180485361}}