{"mean":{"confidence_interval":{"confidence_level":0.95,"lower_bound":-0.09939229492145199,"upper_bound":-0.09139917998299295},"point_estimate":-0.09535216850141992,"standard_error":0.001989000809049011},"median":{"confidence_interval":{"confidence_level":0.95,"lower_bound":-0.10007603852129253,"upper_bound":-0.08742655274407474},"point_estimate":-0.09438473362822786,"standard_error":0.00312964906132428}}