{"mean":{"confidence_interval":{"confidence_level":0.95,"lower_bound":-0.002378304050476719,"upper_bound":0.0007057269879815417},"point_estimate":-0.0005908891625737711,"standard_error":0.0007951782055434717},"median":{"confidence_interval":{"confidence_level":0.95,"lower_bound":-0.0004374513496377963,"upper_bound":-0.0001357805412099955},"point_estimate":-0.0002503070611085123,"standard_error":0.00007891087714529118}}