{"mean":{"confidence_interval":{"confidence_level":0.95,"lower_bound":-0.00008873328071345166,"upper_bound":0.0002317691803830901},"point_estimate":0.00006681793520701973,"standard_error":0.00008116521163067361},"median":{"confidence_interval":{"confidence_level":0.95,"lower_bound":-0.0001313501251170024,"upper_bound":0.00023202186330438244},"point_estimate":0.000018429526613461533,"standard_error":0.00009604397322272073}}