{"mean":{"confidence_interval":{"confidence_level":0.95,"lower_bound":0.2447409746949751,"upper_bound":0.24615743135425608},"point_estimate":0.24543383796557738,"standard_error":0.00035258359119943745},"median":{"confidence_interval":{"confidence_level":0.95,"lower_bound":0.24341462376770728,"upper_bound":0.2457471826825981},"point_estimate":0.244598023390995,"standard_error":0.0006020033864409817}}