{"mean":{"confidence_interval":{"confidence_level":0.95,"lower_bound":-0.0008066688909435071,"upper_bound":0.00010594784913535157},"point_estimate":-0.00034680591165758834,"standard_error":0.00023113220309223253},"median":{"confidence_interval":{"confidence_level":0.95,"lower_bound":-0.0003960240090639111,"upper_bound":-0.0000813435794789763},"point_estimate":-0.00021930613591281123,"standard_error":0.00007859205807917178}}