{"mean":{"confidence_interval":{"confidence_level":0.95,"lower_bound":0.00024142567848320367,"upper_bound":0.000535208431378109},"point_estimate":0.00038701696260678986,"standard_error":0.00007503532847126748},"median":{"confidence_interval":{"confidence_level":0.95,"lower_bound":0.0001765524207855196,"upper_bound":0.00045333088137100574},"point_estimate":0.00026642226092610244,"standard_error":0.00007137948551268226}}