{"mean":{"confidence_interval":{"confidence_level":0.95,"lower_bound":-0.07337248402871481,"upper_bound":-0.06240984511754181},"point_estimate":-0.06752439377506547,"standard_error":0.002962684053430746},"median":{"confidence_interval":{"confidence_level":0.95,"lower_bound":-0.06752023814197583,"upper_bound":-0.05347640960618674},"point_estimate":-0.06016321535193159,"standard_error":0.0037469290908280816}}