{"mean":{"confidence_interval":{"confidence_level":0.95,"lower_bound":-0.0008304196603560188,"upper_bound":0.00046290043769979744},"point_estimate":-0.00013181670329176498,"standard_error":0.00032744975260533873},"median":{"confidence_interval":{"confidence_level":0.95,"lower_bound":0.00010552317626189023,"upper_bound":0.0003885202499482876},"point_estimate":0.00022613170031582364,"standard_error":0.00007027014182614184}}