{"mean":{"confidence_interval":{"confidence_level":0.95,"lower_bound":0.13890775558695942,"upper_bound":0.15258930949425967},"point_estimate":0.14454891308752083,"standard_error":0.003308553196687714},"median":{"confidence_interval":{"confidence_level":0.95,"lower_bound":0.14215500274499604,"upper_bound":0.15724470787002254},"point_estimate":0.1498761227268779,"standard_error":0.003862788550380011}}