{"mean":{"confidence_interval":{"confidence_level":0.95,"lower_bound":1.257431959550385,"upper_bound":1.2616804837562943},"point_estimate":1.2601491264267817,"standard_error":0.001229951185684728},"median":{"confidence_interval":{"confidence_level":0.95,"lower_bound":1.2613786748521885,"upper_bound":1.2620944228062907},"point_estimate":1.2616278292226015,"standard_error":0.00018570473196330363}}