{"mean":{"confidence_interval":{"confidence_level":0.95,"lower_bound":-0.25102326472838365,"upper_bound":-0.23716432237391338},"point_estimate":-0.2438861688856726,"standard_error":0.0035300616497288047},"median":{"confidence_interval":{"confidence_level":0.95,"lower_bound":-0.24122189743151012,"upper_bound":-0.22894990278374194},"point_estimate":-0.23292383932105676,"standard_error":0.0036470407636578477}}