{"mean":{"confidence_interval":{"confidence_level":0.95,"lower_bound":-0.0012277327614414243,"upper_bound":0.000690387149205179},"point_estimate":-0.00024042138815405512,"standard_error":0.0004895699855114004},"median":{"confidence_interval":{"confidence_level":0.95,"lower_bound":-0.00007778192593321798,"upper_bound":0.00019349976360616417},"point_estimate":0.00004233086305105438,"standard_error":0.00006813248124368725}}