{"mean":{"confidence_interval":{"confidence_level":0.95,"lower_bound":-0.0005366593258886413,"upper_bound":0.00029626478260442725},"point_estimate":-0.00005934837782528568,"standard_error":0.00021533359530833874},"median":{"confidence_interval":{"confidence_level":0.95,"lower_bound":-0.0001251166023376049,"upper_bound":0.00028296901522018025},"point_estimate":0.00011980735139682785,"standard_error":0.00011436580017559235}}