{"mean":{"confidence_interval":{"confidence_level":0.95,"lower_bound":-0.0001349345457691497,"upper_bound":0.0035146015216272917},"point_estimate":0.0012570713366071296,"standard_error":0.0010575486518630368},"median":{"confidence_interval":{"confidence_level":0.95,"lower_bound":-0.00019384990750953804,"upper_bound":0.00018132959397587634},"point_estimate":0.00002607310818669717,"standard_error":0.00008273858833486092}}