{"mean":{"confidence_interval":{"confidence_level":0.95,"lower_bound":-0.0012096615853983582,"upper_bound":0.0008022494306773484},"point_estimate":-0.0002284168682307186,"standard_error":0.0005111148241651018},"median":{"confidence_interval":{"confidence_level":0.95,"lower_bound":-0.0002779129610157857,"upper_bound":1.630157873255206e-6},"point_estimate":-0.00013450426215011468,"standard_error":0.00007249179017243323}}