{"mean":{"confidence_interval":{"confidence_level":0.95,"lower_bound":-0.001566577135683117,"upper_bound":0.0011033034023510968},"point_estimate":-0.00040088021269613083,"standard_error":0.0006621486993973191},"median":{"confidence_interval":{"confidence_level":0.95,"lower_bound":-0.0003685741210065485,"upper_bound":-0.00008166050288083149},"point_estimate":-0.0002427300408163191,"standard_error":0.00007290747249936022}}