{"mean":{"confidence_interval":{"confidence_level":0.95,"lower_bound":0.00022437565082683022,"upper_bound":0.0013428813060574695},"point_estimate":0.0007099178896792235,"standard_error":0.000297088412779651},"median":{"confidence_interval":{"confidence_level":0.95,"lower_bound":-0.00002619769572997921,"upper_bound":0.0004063393362657017},"point_estimate":0.00017038567255034387,"standard_error":0.00010226846536984443}}