{"mean":{"confidence_interval":{"confidence_level":0.95,"lower_bound":0.0521943439447636,"upper_bound":0.06058812248678139},"point_estimate":0.05616852094034486,"standard_error":0.0021570712598144946},"median":{"confidence_interval":{"confidence_level":0.95,"lower_bound":0.04640937270269707,"upper_bound":0.05699934645132898},"point_estimate":0.05109424073686797,"standard_error":0.002395232860178837}}