{"mean":{"confidence_interval":{"confidence_level":0.95,"lower_bound":-0.08558315763473079,"upper_bound":-0.07473103782957324},"point_estimate":-0.0802169769037836,"standard_error":0.0027642171708301645},"median":{"confidence_interval":{"confidence_level":0.95,"lower_bound":-0.08674882803599915,"upper_bound":-0.0751245791479137},"point_estimate":-0.08025262546743084,"standard_error":0.003033427102890232}}