{"mean":{"confidence_interval":{"confidence_level":0.95,"lower_bound":-0.04862520162046735,"upper_bound":-0.03834714942065141},"point_estimate":-0.04327063865583436,"standard_error":0.0025673756842888805},"median":{"confidence_interval":{"confidence_level":0.95,"lower_bound":-0.051307663146303306,"upper_bound":-0.031614195923239},"point_estimate":-0.04206166672700484,"standard_error":0.0053242653418468806}}