{"mean":{"confidence_interval":{"confidence_level":0.95,"lower_bound":0.008475117340199073,"upper_bound":0.02006812717844787},"point_estimate":0.01425511215733799,"standard_error":0.002963987429827609},"median":{"confidence_interval":{"confidence_level":0.95,"lower_bound":0.005751892496800526,"upper_bound":0.02244159157213388},"point_estimate":0.014798617866059738,"standard_error":0.004206161922053993}}