{"mean":{"confidence_interval":{"confidence_level":0.95,"lower_bound":-0.00044374972564820955,"upper_bound":0.0011418207454350403},"point_estimate":0.0003606116117884639,"standard_error":0.00040148025846721645},"median":{"confidence_interval":{"confidence_level":0.95,"lower_bound":-0.00024281965969841224,"upper_bound":0.00010018528452349074},"point_estimate":-0.00008118485722674595,"standard_error":0.00009156007892500322}}