{"mean":{"confidence_interval":{"confidence_level":0.95,"lower_bound":-0.00028601393812354976,"upper_bound":0.0010377443799354236},"point_estimate":0.0003535912005536712,"standard_error":0.00033304991509669956},"median":{"confidence_interval":{"confidence_level":0.95,"lower_bound":-0.00018671857750585108,"upper_bound":0.00012493227419008157},"point_estimate":-0.00005299395991131828,"standard_error":0.0000794430530651167}}