{"mean":{"confidence_interval":{"confidence_level":0.95,"lower_bound":0.06224187231035194,"upper_bound":0.07009487663821887},"point_estimate":0.06624754201775329,"standard_error":0.0020020735419358357},"median":{"confidence_interval":{"confidence_level":0.95,"lower_bound":0.06661569895033903,"upper_bound":0.07692502120026079},"point_estimate":0.07030001109591733,"standard_error":0.003266013008449041}}