{"mean":{"confidence_interval":{"confidence_level":0.95,"lower_bound":-0.5423147142491199,"upper_bound":-0.533216240076692},"point_estimate":-0.5375355184835073,"standard_error":0.002329237336709155},"median":{"confidence_interval":{"confidence_level":0.95,"lower_bound":-0.5328747830143301,"upper_bound":-0.5279155366030411},"point_estimate":-0.5304694392626157,"standard_error":0.001220413257582734}}