{"mean":{"confidence_interval":{"confidence_level":0.95,"lower_bound":-0.019945771789634522,"upper_bound":-0.011077203004765933},"point_estimate":-0.014927456617597756,"standard_error":0.002202613659905753},"median":{"confidence_interval":{"confidence_level":0.95,"lower_bound":-0.017591513995403152,"upper_bound":-0.008301849958742169},"point_estimate":-0.01218926959813682,"standard_error":0.0022910912670603654}}