{"mean":{"confidence_interval":{"confidence_level":0.95,"lower_bound":-0.03483702338383678,"upper_bound":-0.031936748255127344},"point_estimate":-0.03319553304327083,"standard_error":0.000748545077396826},"median":{"confidence_interval":{"confidence_level":0.95,"lower_bound":-0.03190926444562858,"upper_bound":-0.0315508159509692},"point_estimate":-0.03172393559896358,"standard_error":0.00008850726697004287}}