{"mean":{"confidence_interval":{"confidence_level":0.95,"lower_bound":-0.0017830724618713562,"upper_bound":0.0006301259931915153},"point_estimate":-0.0004542441641937067,"standard_error":0.0006111601412760936},"median":{"confidence_interval":{"confidence_level":0.95,"lower_bound":-0.0004705749163989026,"upper_bound":-0.0001773316761453092},"point_estimate":-0.00029214179583059163,"standard_error":0.00007348968070869446}}