{"mean":{"confidence_interval":{"confidence_level":0.95,"lower_bound":-0.04682375878281062,"upper_bound":-0.02379818844553577},"point_estimate":-0.03503942284985373,"standard_error":0.00586779880941455},"median":{"confidence_interval":{"confidence_level":0.95,"lower_bound":-0.03450491149475876,"upper_bound":-0.011485784416289557},"point_estimate":-0.02222105443175737,"standard_error":0.005948228776919495}}