{"mean":{"confidence_interval":{"confidence_level":0.95,"lower_bound":-0.0030703594854169067,"upper_bound":0.001159249835410947},"point_estimate":-0.0005551939040543408,"standard_error":0.0011130491706250933},"median":{"confidence_interval":{"confidence_level":0.95,"lower_bound":-0.0001456140161019137,"upper_bound":0.00023610497020132293},"point_estimate":0.000035141936355342906,"standard_error":0.00008870282709087397}}