{"mean":{"confidence_interval":{"confidence_level":0.95,"lower_bound":0.00007007219277357375,"upper_bound":0.0006025736565080763},"point_estimate":0.0003091433670299182,"standard_error":0.00013879521376837636},"median":{"confidence_interval":{"confidence_level":0.95,"lower_bound":4.390529795506026e-6,"upper_bound":0.0005240875214358454},"point_estimate":0.00028159720330900306,"standard_error":0.00013293085664445013}}