{"mean":{"confidence_interval":{"confidence_level":0.95,"lower_bound":-0.0011772438980775955,"upper_bound":0.0004237529285411156},"point_estimate":-0.00026999953962691947,"standard_error":0.0004128817618425941},"median":{"confidence_interval":{"confidence_level":0.95,"lower_bound":0.00018161897506363545,"upper_bound":0.0005400561937789483},"point_estimate":0.00033406169261485097,"standard_error":0.00008887455582176617}}