{"mean":{"confidence_interval":{"confidence_level":0.95,"lower_bound":-0.0011563929329793583,"upper_bound":0.000841564906250758},"point_estimate":-0.0000618242474512698,"standard_error":0.0005120631459403063},"median":{"confidence_interval":{"confidence_level":0.95,"lower_bound":0.00016476798387943248,"upper_bound":0.0005075305836017563},"point_estimate":0.00032287551104071,"standard_error":0.00008908418538522225}}