{"mean":{"confidence_interval":{"confidence_level":0.95,"lower_bound":-0.0008361174704859916,"upper_bound":0.000984640241813467},"point_estimate":0.00012211372002912668,"standard_error":0.00046437593353442847},"median":{"confidence_interval":{"confidence_level":0.95,"lower_bound":-0.00019565076173455598,"upper_bound":0.00010850179014476602},"point_estimate":-7.4706627986032e-6,"standard_error":0.00007630591161565953}}