{"mean":{"confidence_interval":{"confidence_level":0.95,"lower_bound":-0.008474578714743415,"upper_bound":0.0007979216781058613},"point_estimate":-0.0025070099661455014,"standard_error":0.0027741782932668114},"median":{"confidence_interval":{"confidence_level":0.95,"lower_bound":-0.0003443307241587368,"upper_bound":0.000035460814682863884},"point_estimate":-0.0001508242097764123,"standard_error":0.00009535860214345657}}