{"mean":{"confidence_interval":{"confidence_level":0.95,"lower_bound":-0.0012285235884337774,"upper_bound":0.0003110338153537061},"point_estimate":-0.0004770304714575291,"standard_error":0.00039347549348793623},"median":{"confidence_interval":{"confidence_level":0.95,"lower_bound":-0.0006265417599268129,"upper_bound":-0.00012901285333877244},"point_estimate":-0.00035534392953096017,"standard_error":0.0001291080858060799}}