{"mean":{"confidence_interval":{"confidence_level":0.95,"lower_bound":0.00004167218211745267,"upper_bound":0.0008782402560803814},"point_estimate":0.0003990834083060779,"standard_error":0.00021444633710419872},"median":{"confidence_interval":{"confidence_level":0.95,"lower_bound":-0.00013121377809566237,"upper_bound":0.00019306536856666945},"point_estimate":0.0000158018617173461,"standard_error":0.00008154119351941505}}