{"mean":{"confidence_interval":{"confidence_level":0.95,"lower_bound":0.00039282491956953446,"upper_bound":0.0007577508179592574},"point_estimate":0.0005741821411000547,"standard_error":0.0000931255751964621},"median":{"confidence_interval":{"confidence_level":0.95,"lower_bound":0.00035179406330887453,"upper_bound":0.0006959579627456858},"point_estimate":0.000520439410604645,"standard_error":0.00008847595994461583}}