{"mean":{"confidence_interval":{"confidence_level":0.95,"lower_bound":-0.04706017004844847,"upper_bound":-0.023988019087501335},"point_estimate":-0.03505178940453846,"standard_error":0.00586827373338045},"median":{"confidence_interval":{"confidence_level":0.95,"lower_bound":-0.034843266514525184,"upper_bound":-0.013611648483122211},"point_estimate":-0.02364252802381972,"standard_error":0.005757214217687569}}