{"mean":{"confidence_interval":{"confidence_level":0.95,"lower_bound":15094.259064525722,"upper_bound":15183.798930594538},"point_estimate":15133.734129457684,"standard_error":23.06310188016922},"median":{"confidence_interval":{"confidence_level":0.95,"lower_bound":15054.691428571428,"upper_bound":15096.74025974026},"point_estimate":15075.723316912972,"standard_error":10.66834443906746},"median_abs_dev":{"confidence_interval":{"confidence_level":0.95,"lower_bound":58.54592567100467,"upper_bound":106.54620248089665},"point_estimate":83.5832758996928,"standard_error":12.185205721156795},"slope":{"confidence_interval":{"confidence_level":0.95,"lower_bound":15076.976148724349,"upper_bound":15125.014169542877},"point_estimate":15098.70104203171,"standard_error":12.220040974033378},"std_dev":{"confidence_interval":{"confidence_level":0.95,"lower_bound":111.48850351068874,"upper_bound":340.26847955538835},"point_estimate":232.01212194154448,"standard_error":60.01433785946509}}