{"mean":{"confidence_interval":{"confidence_level":0.95,"lower_bound":56533.30281036587,"upper_bound":56659.26044234702},"point_estimate":56583.832491736466,"standard_error":33.23057303217239},"median":{"confidence_interval":{"confidence_level":0.95,"lower_bound":56522.64935064935,"upper_bound":56588.60471132898},"point_estimate":56552.310570382004,"standard_error":15.699569517235183},"median_abs_dev":{"confidence_interval":{"confidence_level":0.95,"lower_bound":93.9489305719775,"upper_bound":142.2855632274683},"point_estimate":122.30368064086863,"standard_error":12.180252835042493},"slope":{"confidence_interval":{"confidence_level":0.95,"lower_bound":56523.730080181056,"upper_bound":56567.51119159708},"point_estimate":56545.712910694056,"standard_error":11.165669412545796},"std_dev":{"confidence_interval":{"confidence_level":0.95,"lower_bound":110.67652061779103,"upper_bound":549.7523583338619},"point_estimate":335.24642456562907,"standard_error":144.6568644333495}}