{"mean":{"confidence_interval":{"confidence_level":0.95,"lower_bound":15248.522799066657,"upper_bound":15311.95573543296},"point_estimate":15279.750874270028,"standard_error":16.24142340070786},"median":{"confidence_interval":{"confidence_level":0.95,"lower_bound":15210.217032967033,"upper_bound":15285.252446183953},"point_estimate":15234.41546801787,"standard_error":19.3756580754347},"median_abs_dev":{"confidence_interval":{"confidence_level":0.95,"lower_bound":108.66431559659578,"upper_bound":205.4615343990902},"point_estimate":159.0271851826995,"standard_error":25.047509099670542},"slope":{"confidence_interval":{"confidence_level":0.95,"lower_bound":15218.649127292754,"upper_bound":15267.279577685993},"point_estimate":15241.516919504316,"standard_error":12.423973011508107},"std_dev":{"confidence_interval":{"confidence_level":0.95,"lower_bound":142.15009681198288,"upper_bound":180.6974295496363},"point_estimate":162.93148737925134,"standard_error":9.795690537720105}}