{"mean":{"confidence_interval":{"confidence_level":0.95,"lower_bound":79223.92323029519,"upper_bound":81881.83048120503},"point_estimate":80585.80186230758,"standard_error":678.4750601018745},"median":{"confidence_interval":{"confidence_level":0.95,"lower_bound":80595.76422863666,"upper_bound":83280.93038302277},"point_estimate":82096.62021009513,"standard_error":854.4277730293771},"median_abs_dev":{"confidence_interval":{"confidence_level":0.95,"lower_bound":4074.4547760698542,"upper_bound":6808.9195044005355},"point_estimate":5249.458306485652,"standard_error":697.748146918629},"slope":{"confidence_interval":{"confidence_level":0.95,"lower_bound":79456.97397884581,"upper_bound":81779.65944888},"point_estimate":80651.93340475838,"standard_error":592.5492972891255},"std_dev":{"confidence_interval":{"confidence_level":0.95,"lower_bound":5619.303703679901,"upper_bound":7898.74407651941},"point_estimate":6856.450747174997,"standard_error":583.4164699854974}}