{"mean":{"confidence_interval":{"confidence_level":0.95,"lower_bound":52978.89293930803,"upper_bound":54292.685377229835},"point_estimate":53627.828531455205,"standard_error":335.75934283816133},"median":{"confidence_interval":{"confidence_level":0.95,"lower_bound":52376.71866002215,"upper_bound":53963.38596491228},"point_estimate":53175.28571428572,"standard_error":448.27085517699606},"median_abs_dev":{"confidence_interval":{"confidence_level":0.95,"lower_bound":2174.9097434132755,"upper_bound":3618.3631134812454},"point_estimate":2637.418597554838,"standard_error":372.6352897528724},"slope":{"confidence_interval":{"confidence_level":0.95,"lower_bound":53329.377078854355,"upper_bound":54801.568739181916},"point_estimate":54051.45412048668,"standard_error":376.40203439343856},"std_dev":{"confidence_interval":{"confidence_level":0.95,"lower_bound":2841.1791989478133,"upper_bound":3873.4481227832703},"point_estimate":3377.665726481442,"standard_error":264.28683888319483}}