{"mean":{"confidence_interval":{"confidence_level":0.95,"lower_bound":78980.03608020364,"upper_bound":81882.92663963996},"point_estimate":80471.66762561887,"standard_error":742.338674849333},"median":{"confidence_interval":{"confidence_level":0.95,"lower_bound":80231.5637530293,"upper_bound":84288.76308574277},"point_estimate":82270.48011015911,"standard_error":1099.6428540673467},"median_abs_dev":{"confidence_interval":{"confidence_level":0.95,"lower_bound":4750.2004352323,"upper_bound":8162.6885228758865},"point_estimate":6334.189063245285,"standard_error":820.5854572642455},"slope":{"confidence_interval":{"confidence_level":0.95,"lower_bound":81185.14653076233,"upper_bound":83407.53267173159},"point_estimate":82335.54058962612,"standard_error":566.5056518550258},"std_dev":{"confidence_interval":{"confidence_level":0.95,"lower_bound":6269.177310621747,"upper_bound":8425.025623206684},"point_estimate":7450.416663265113,"standard_error":549.8490301934617}}