{"mean":{"confidence_interval":{"confidence_level":0.95,"lower_bound":15023.683070963187,"upper_bound":15171.052433871335},"point_estimate":15082.94524101278,"standard_error":38.45560357324901},"median":{"confidence_interval":{"confidence_level":0.95,"lower_bound":14995.058970099668,"upper_bound":15031.419152276296},"point_estimate":15019.866666666667,"standard_error":9.38330519694179},"median_abs_dev":{"confidence_interval":{"confidence_level":0.95,"lower_bound":54.044942983724575,"upper_bound":92.93077835014903},"point_estimate":70.96174227863877,"standard_error":10.133838201037303},"slope":{"confidence_interval":{"confidence_level":0.95,"lower_bound":15031.097400497942,"upper_bound":15111.895900572415},"point_estimate":15066.19870252697,"standard_error":20.879490380051244},"std_dev":{"confidence_interval":{"confidence_level":0.95,"lower_bound":104.52283412164681,"upper_bound":624.0664339351503},"point_estimate":385.97852260824243,"standard_error":153.29882719875962}}