{"mean":{"confidence_interval":{"confidence_level":0.95,"lower_bound":15066.575496753789,"upper_bound":15123.029834990493},"point_estimate":15091.887041581645,"standard_error":14.511644303171549},"median":{"confidence_interval":{"confidence_level":0.95,"lower_bound":15052.761808367071,"upper_bound":15077.3658008658},"point_estimate":15066.983843537415,"standard_error":6.865719697537267},"median_abs_dev":{"confidence_interval":{"confidence_level":0.95,"lower_bound":48.30787812665964,"upper_bound":84.56026323229798},"point_estimate":63.58719343631798,"standard_error":9.394431085533713},"slope":{"confidence_interval":{"confidence_level":0.95,"lower_bound":15066.436175824258,"upper_bound":15103.083400337971},"point_estimate":15083.157773649433,"standard_error":9.377423141430274},"std_dev":{"confidence_interval":{"confidence_level":0.95,"lower_bound":69.16755394676375,"upper_bound":210.6842814623463},"point_estimate":146.22135345151818,"standard_error":36.78408709495581}}