{"mean":{"confidence_interval":{"confidence_level":0.95,"lower_bound":35754.807535450265,"upper_bound":35861.6227880806},"point_estimate":35799.664686590004,"standard_error":27.915081750521374},"median":{"confidence_interval":{"confidence_level":0.95,"lower_bound":35743.586956521736,"upper_bound":35761.663076923076},"point_estimate":35751.71491147741,"standard_error":4.973265345771207},"median_abs_dev":{"confidence_interval":{"confidence_level":0.95,"lower_bound":31.171210996633263,"upper_bound":64.6484896626854},"point_estimate":44.78002628497153,"standard_error":8.53082938294651},"slope":{"confidence_interval":{"confidence_level":0.95,"lower_bound":35750.365344419864,"upper_bound":35769.0734303584},"point_estimate":35759.343296586376,"standard_error":4.79165372010704},"std_dev":{"confidence_interval":{"confidence_level":0.95,"lower_bound":68.08300363867235,"upper_bound":431.09850158755273},"point_estimate":279.4252998964011,"standard_error":96.79490468962712}}