{"mean":{"confidence_interval":{"confidence_level":0.95,"lower_bound":35692.118759362005,"upper_bound":35725.557361005565},"point_estimate":35707.82411985351,"standard_error":8.549159801765088},"median":{"confidence_interval":{"confidence_level":0.95,"lower_bound":35688.0954058876,"upper_bound":35713.59591836735},"point_estimate":35701.40641975308,"standard_error":6.402612718159911},"median_abs_dev":{"confidence_interval":{"confidence_level":0.95,"lower_bound":43.33278576914859,"upper_bound":77.29683222771023},"point_estimate":60.10002700709026,"standard_error":8.766186237320909},"slope":{"confidence_interval":{"confidence_level":0.95,"lower_bound":35712.34461207481,"upper_bound":35730.476890707556},"point_estimate":35721.095515294815,"standard_error":4.639635936514339},"std_dev":{"confidence_interval":{"confidence_level":0.95,"lower_bound":54.12572951614103,"upper_bound":114.65954138903054},"point_estimate":85.83547911650206,"standard_error":15.790758921300595}}