{"mean":{"confidence_interval":{"confidence_level":0.95,"lower_bound":15077.81007569381,"upper_bound":15123.776864719233},"point_estimate":15098.299906369033,"standard_error":11.792586569361584},"median":{"confidence_interval":{"confidence_level":0.95,"lower_bound":15058.34355161402,"upper_bound":15094.215946843853},"point_estimate":15068.495600582457,"standard_error":9.79814016766305},"median_abs_dev":{"confidence_interval":{"confidence_level":0.95,"lower_bound":45.91377605200177,"upper_bound":76.13674144450991},"point_estimate":60.966628917626046,"standard_error":7.927312804406067},"slope":{"confidence_interval":{"confidence_level":0.95,"lower_bound":15072.991872088907,"upper_bound":15116.042792726295},"point_estimate":15091.6880499905,"standard_error":11.042631154105475},"std_dev":{"confidence_interval":{"confidence_level":0.95,"lower_bound":60.34410250679124,"upper_bound":175.33529585393057},"point_estimate":118.81862142172201,"standard_error":31.37652623817817}}