{"mean":{"confidence_interval":{"confidence_level":0.95,"lower_bound":35686.3509730495,"upper_bound":35713.785245488485},"point_estimate":35699.396835875086,"standard_error":6.994664844319888},"median":{"confidence_interval":{"confidence_level":0.95,"lower_bound":35677.72400589101,"upper_bound":35697.39111111111},"point_estimate":35690.10730337079,"standard_error":5.124626197646763},"median_abs_dev":{"confidence_interval":{"confidence_level":0.95,"lower_bound":31.93890274519134,"upper_bound":51.172609385623275},"point_estimate":41.12756698490865,"standard_error":4.849245372869931},"slope":{"confidence_interval":{"confidence_level":0.95,"lower_bound":35693.760150873124,"upper_bound":35710.334901735594},"point_estimate":35701.538950199494,"standard_error":4.232982745812154},"std_dev":{"confidence_interval":{"confidence_level":0.95,"lower_bound":50.771883844781435,"upper_bound":87.81621988877157},"point_estimate":70.28682550544137,"standard_error":9.483852576470918}}