{"mean":{"confidence_interval":{"confidence_level":0.95,"lower_bound":42864.099413842065,"upper_bound":42913.922666276645},"point_estimate":42888.14637832796,"standard_error":12.765803014209919},"median":{"confidence_interval":{"confidence_level":0.95,"lower_bound":42831.76582278481,"upper_bound":42894.8},"point_estimate":42858.10824592075,"standard_error":17.23724889631909},"median_abs_dev":{"confidence_interval":{"confidence_level":0.95,"lower_bound":84.04512883416098,"upper_bound":133.27881159037852},"point_estimate":103.89362514852628,"standard_error":12.405445303761436},"slope":{"confidence_interval":{"confidence_level":0.95,"lower_bound":42846.97658339296,"upper_bound":42890.46221713859},"point_estimate":42867.43864711098,"standard_error":11.064149439005963},"std_dev":{"confidence_interval":{"confidence_level":0.95,"lower_bound":101.22721620710487,"upper_bound":153.7140925450939},"point_estimate":128.97934346263875,"standard_error":13.374363453125651}}