{"mean":{"confidence_interval":{"confidence_level":0.95,"lower_bound":15422.748982588952,"upper_bound":16487.772487993516},"point_estimate":15908.942631721704,"standard_error":273.0078617761711},"median":{"confidence_interval":{"confidence_level":0.95,"lower_bound":15157.452059414016,"upper_bound":15184.201028138528},"point_estimate":15169.157975829361,"standard_error":7.361512677955927},"median_abs_dev":{"confidence_interval":{"confidence_level":0.95,"lower_bound":55.40154799601856,"upper_bound":96.55848422565178},"point_estimate":73.64865151298815,"standard_error":10.428944582198897},"slope":{"confidence_interval":{"confidence_level":0.95,"lower_bound":15186.445827906424,"upper_bound":15250.558722625341},"point_estimate":15214.503449935612,"standard_error":16.456150937451223},"std_dev":{"confidence_interval":{"confidence_level":0.95,"lower_bound":1558.2610575328372,"upper_bound":3612.281757139775},"point_estimate":2737.0821374397074,"standard_error":527.8341794617066}}