{"mean":{"confidence_interval":{"confidence_level":0.95,"lower_bound":43677.353257694245,"upper_bound":44483.10529053989},"point_estimate":44070.20778031917,"standard_error":205.70050993134274},"median":{"confidence_interval":{"confidence_level":0.95,"lower_bound":43033.42228623408,"upper_bound":44242.3708994709},"point_estimate":43440.27304964539,"standard_error":327.913602687565},"median_abs_dev":{"confidence_interval":{"confidence_level":0.95,"lower_bound":1350.8860697195364,"upper_bound":2357.9901511950006},"point_estimate":1723.4097918033585,"standard_error":259.1322058629785},"slope":{"confidence_interval":{"confidence_level":0.95,"lower_bound":43191.08999199665,"upper_bound":44120.44790450724},"point_estimate":43620.018617999114,"standard_error":237.54941606175322},"std_dev":{"confidence_interval":{"confidence_level":0.95,"lower_bound":1706.5219069296795,"upper_bound":2389.634675903892},"point_estimate":2060.473327688254,"standard_error":174.62649768734153}}