{"mean":{"confidence_interval":{"confidence_level":0.95,"lower_bound":15242.818781292424,"upper_bound":15346.273189739473},"point_estimate":15286.435066913175,"standard_error":26.887730527517867},"median":{"confidence_interval":{"confidence_level":0.95,"lower_bound":15228.195535714287,"upper_bound":15279.321273964131},"point_estimate":15248.889304812834,"standard_error":12.319954875436512},"median_abs_dev":{"confidence_interval":{"confidence_level":0.95,"lower_bound":89.96279322381272,"upper_bound":140.302405356992},"point_estimate":117.46850300780264,"standard_error":12.931772693283428},"slope":{"confidence_interval":{"confidence_level":0.95,"lower_bound":15237.206699977458,"upper_bound":15474.953689635893},"point_estimate":15321.81231944943,"standard_error":66.3543711251713},"std_dev":{"confidence_interval":{"confidence_level":0.95,"lower_bound":113.47597064338099,"upper_bound":425.3850448962246},"point_estimate":270.6153089002557,"standard_error":96.83476495170613}}