{"mean":{"confidence_interval":{"confidence_level":0.95,"lower_bound":15046.033762560914,"upper_bound":15416.43302191069},"point_estimate":15178.132498623469,"standard_error":108.8193860347826},"median":{"confidence_interval":{"confidence_level":0.95,"lower_bound":15025.89708141321,"upper_bound":15053.707717569787},"point_estimate":15035.491932670506,"standard_error":6.988609318832504},"median_abs_dev":{"confidence_interval":{"confidence_level":0.95,"lower_bound":42.25933513491495,"upper_bound":76.53039198093717},"point_estimate":67.29348252221689,"standard_error":9.049957244344688},"slope":{"confidence_interval":{"confidence_level":0.95,"lower_bound":15056.6508177153,"upper_bound":15261.632646206479},"point_estimate":15133.316679262809,"standard_error":54.986545862620964},"std_dev":{"confidence_interval":{"confidence_level":0.95,"lower_bound":80.19832792455149,"upper_bound":1869.653669847299},"point_estimate":1097.7746626109313,"standard_error":611.9584668049947}}