{"mean":{"confidence_interval":{"confidence_level":0.95,"lower_bound":15060.152003338088,"upper_bound":15089.972046844874},"point_estimate":15074.525225034815,"standard_error":7.607243180088848},"median":{"confidence_interval":{"confidence_level":0.95,"lower_bound":15051.422680412372,"upper_bound":15083.902142857143},"point_estimate":15068.53879310345,"standard_error":10.075291548011378},"median_abs_dev":{"confidence_interval":{"confidence_level":0.95,"lower_bound":46.02730401043706,"upper_bound":82.1481654123249},"point_estimate":58.01015769738643,"standard_error":9.237679796035215},"slope":{"confidence_interval":{"confidence_level":0.95,"lower_bound":15065.024769653686,"upper_bound":15086.200083076219},"point_estimate":15075.225286579831,"standard_error":5.391600373674017},"std_dev":{"confidence_interval":{"confidence_level":0.95,"lower_bound":59.33322668890786,"upper_bound":94.75766829885933},"point_estimate":76.64707572556662,"standard_error":9.202069469658335}}