{"mean":{"confidence_interval":{"confidence_level":0.95,"lower_bound":44351.99803158667,"upper_bound":45241.06774501395},"point_estimate":44772.32514140543,"standard_error":228.13811590194402},"median":{"confidence_interval":{"confidence_level":0.95,"lower_bound":44103.70769230769,"upper_bound":44785.16011904762},"point_estimate":44319.87235294118,"standard_error":172.12300110836017},"median_abs_dev":{"confidence_interval":{"confidence_level":0.95,"lower_bound":987.5594214117194,"upper_bound":1592.9928020420004},"point_estimate":1242.5798249328045,"standard_error":150.73419544861252},"slope":{"confidence_interval":{"confidence_level":0.95,"lower_bound":44301.40208451281,"upper_bound":44898.935142973045},"point_estimate":44592.93448381853,"standard_error":152.26934595586022},"std_dev":{"confidence_interval":{"confidence_level":0.95,"lower_bound":1567.2413781789155,"upper_bound":2922.86503348379},"point_estimate":2285.8219979563023,"standard_error":345.75498251969174}}