{"mean":{"confidence_interval":{"confidence_level":0.95,"lower_bound":35710.7001733478,"upper_bound":35746.28897840276},"point_estimate":35727.77036775903,"standard_error":9.104488501605575},"median":{"confidence_interval":{"confidence_level":0.95,"lower_bound":35707.13717666484,"upper_bound":35726.74042553191},"point_estimate":35718.25991493886,"standard_error":5.429393808635802},"median_abs_dev":{"confidence_interval":{"confidence_level":0.95,"lower_bound":35.6824487684859,"upper_bound":70.59934200242805},"point_estimate":48.60315526444381,"standard_error":8.750912393889688},"slope":{"confidence_interval":{"confidence_level":0.95,"lower_bound":35722.66780181135,"upper_bound":35746.79578248277},"point_estimate":35733.67754691887,"standard_error":6.184708798208538},"std_dev":{"confidence_interval":{"confidence_level":0.95,"lower_bound":66.84335837848386,"upper_bound":113.66375849371197},"point_estimate":91.68659592450857,"standard_error":12.022376535414532}}