{"mean":{"confidence_interval":{"confidence_level":0.95,"lower_bound":35667.333579946535,"upper_bound":35690.19509197384},"point_estimate":35678.196445291745,"standard_error":5.832549785735713},"median":{"confidence_interval":{"confidence_level":0.95,"lower_bound":35667.69090909091,"upper_bound":35696.65},"point_estimate":35683.92911877394,"standard_error":6.469029324139561},"median_abs_dev":{"confidence_interval":{"confidence_level":0.95,"lower_bound":37.892068095400816,"upper_bound":70.83103587939799},"point_estimate":56.30513135228575,"standard_error":9.134029022448651},"slope":{"confidence_interval":{"confidence_level":0.95,"lower_bound":35692.83883109882,"upper_bound":35705.0385779061},"point_estimate":35699.04659317275,"standard_error":3.111982724505056},"std_dev":{"confidence_interval":{"confidence_level":0.95,"lower_bound":43.06071559817112,"upper_bound":78.6464247041925},"point_estimate":58.88906970312399,"standard_error":10.252940963497627}}