{"mean":{"confidence_interval":{"confidence_level":0.95,"lower_bound":15119.58527344235,"upper_bound":15202.797455226639},"point_estimate":15156.823831941565,"standard_error":21.38430296835819},"median":{"confidence_interval":{"confidence_level":0.95,"lower_bound":15094.74369747899,"upper_bound":15130.96545420946},"point_estimate":15105.468124818384,"standard_error":10.621723624660003},"median_abs_dev":{"confidence_interval":{"confidence_level":0.95,"lower_bound":49.00418219099236,"upper_bound":84.86105720646823},"point_estimate":63.373634464809314,"standard_error":9.251681936682633},"slope":{"confidence_interval":{"confidence_level":0.95,"lower_bound":15114.776162154685,"upper_bound":15202.39515142489},"point_estimate":15152.596641263273,"standard_error":22.71000687967869},"std_dev":{"confidence_interval":{"confidence_level":0.95,"lower_bound":106.76159001095137,"upper_bound":309.68448138940926},"point_estimate":214.11036018071616,"standard_error":53.17218524029199}}