{"mean":{"confidence_interval":{"confidence_level":0.95,"lower_bound":15247.315142643822,"upper_bound":15320.423052517082},"point_estimate":15281.590798439747,"standard_error":18.571092694540447},"median":{"confidence_interval":{"confidence_level":0.95,"lower_bound":15208.516679748824,"upper_bound":15293.67944250871},"point_estimate":15251.152712264151,"standard_error":20.17238697316412},"median_abs_dev":{"confidence_interval":{"confidence_level":0.95,"lower_bound":108.71715319176678,"upper_bound":162.60184455157042},"point_estimate":140.2902474323091,"standard_error":13.333343060369959},"slope":{"confidence_interval":{"confidence_level":0.95,"lower_bound":15187.696758781589,"upper_bound":15280.369189028681},"point_estimate":15227.097266144525,"standard_error":23.892863934549776},"std_dev":{"confidence_interval":{"confidence_level":0.95,"lower_bound":128.0347732172264,"upper_bound":252.38893978387972},"point_estimate":186.75849661723177,"standard_error":34.41353693097632}}