{"mean":{"confidence_interval":{"confidence_level":0.95,"lower_bound":47211.52801166667,"upper_bound":50313.75343254411},"point_estimate":48569.260228297884,"standard_error":797.2197782632076},"median":{"confidence_interval":{"confidence_level":0.95,"lower_bound":46266.66488381768,"upper_bound":47984.23593073593},"point_estimate":47084.29058270924,"standard_error":395.5463608228286},"median_abs_dev":{"confidence_interval":{"confidence_level":0.95,"lower_bound":3112.136764103369,"upper_bound":4891.12798160484},"point_estimate":3896.5195846446018,"standard_error":444.6357585252088},"slope":{"confidence_interval":{"confidence_level":0.95,"lower_bound":45808.46556594921,"upper_bound":47278.87111976736},"point_estimate":46531.61056548938,"standard_error":375.6945877192734},"std_dev":{"confidence_interval":{"confidence_level":0.95,"lower_bound":3897.111593044172,"upper_bound":12132.79936729386},"point_estimate":8049.753370641539,"standard_error":2367.5113636203973}}