{"mean":{"confidence_interval":{"confidence_level":0.95,"lower_bound":53656.784391422094,"upper_bound":54948.44187297695},"point_estimate":54285.315147566565,"standard_error":328.869876670981},"median":{"confidence_interval":{"confidence_level":0.95,"lower_bound":52935.36981132076,"upper_bound":53962.348419606045},"point_estimate":53426.31301075269,"standard_error":264.87649643056704},"median_abs_dev":{"confidence_interval":{"confidence_level":0.95,"lower_bound":1711.7031872294788,"upper_bound":3269.4329289202483},"point_estimate":2551.141004641671,"standard_error":404.0911833308656},"slope":{"confidence_interval":{"confidence_level":0.95,"lower_bound":52628.76793938567,"upper_bound":53923.54183177265},"point_estimate":53166.12282192995,"standard_error":336.39573816962474},"std_dev":{"confidence_interval":{"confidence_level":0.95,"lower_bound":2639.162634968885,"upper_bound":3972.339496325082},"point_estimate":3324.835053883632,"standard_error":342.1192684866698}}