{"mean":{"confidence_interval":{"confidence_level":0.95,"lower_bound":28508.627273171616,"upper_bound":29070.987379098966},"point_estimate":28773.90582995288,"standard_error":143.07151232977702},"median":{"confidence_interval":{"confidence_level":0.95,"lower_bound":27815.168604651164,"upper_bound":28766.19292279412},"point_estimate":27945.60000690735,"standard_error":235.52091730040326},"median_abs_dev":{"confidence_interval":{"confidence_level":0.95,"lower_bound":280.1180293353579,"upper_bound":1550.998984668657},"point_estimate":527.1112315136146,"standard_error":292.2491430043628},"slope":{"confidence_interval":{"confidence_level":0.95,"lower_bound":27877.06751834507,"upper_bound":28087.487758534862},"point_estimate":27969.668790084233,"standard_error":54.00867582268478},"std_dev":{"confidence_interval":{"confidence_level":0.95,"lower_bound":1104.6763719995195,"upper_bound":1864.3471661503888},"point_estimate":1442.38833499755,"standard_error":222.97285311857226}}