{"mean":{"confidence_interval":{"confidence_level":0.95,"lower_bound":42833.224526901475,"upper_bound":43640.69796615469},"point_estimate":43233.70144061698,"standard_error":206.3519939519249},"median":{"confidence_interval":{"confidence_level":0.95,"lower_bound":41633.33624727669,"upper_bound":44111.91860465116},"point_estimate":41939.25771918845,"standard_error":682.735129318763},"median_abs_dev":{"confidence_interval":{"confidence_level":0.95,"lower_bound":539.1899450717386,"upper_bound":3410.096858626259},"point_estimate":1120.4656634224589,"standard_error":814.6425852571103},"slope":{"confidence_interval":{"confidence_level":0.95,"lower_bound":41719.70233613689,"upper_bound":41983.99832367846},"point_estimate":41837.99329491158,"standard_error":67.2382282680673},"std_dev":{"confidence_interval":{"confidence_level":0.95,"lower_bound":1842.6379889989735,"upper_bound":2261.1871183772587},"point_estimate":2071.0836197131703,"standard_error":106.85836049176912}}