{"mean":{"confidence_interval":{"confidence_level":0.95,"lower_bound":28738.060502912205,"upper_bound":29278.832530991807},"point_estimate":29006.445545789968,"standard_error":137.75708907677145},"median":{"confidence_interval":{"confidence_level":0.95,"lower_bound":27900.48232323232,"upper_bound":29472.6662371134},"point_estimate":28125.27189574227,"standard_error":380.84522541540116},"median_abs_dev":{"confidence_interval":{"confidence_level":0.95,"lower_bound":359.990007111573,"upper_bound":1993.7507518958912},"point_estimate":726.2912842671401,"standard_error":436.0914921029479},"slope":{"confidence_interval":{"confidence_level":0.95,"lower_bound":28032.758664683573,"upper_bound":28308.387087608284},"point_estimate":28156.41973991429,"standard_error":70.66027391341837},"std_dev":{"confidence_interval":{"confidence_level":0.95,"lower_bound":1283.0859673356058,"upper_bound":1457.7647235972065},"point_estimate":1386.5109142332558,"standard_error":44.541760468021806}}