{"mean":{"confidence_interval":{"confidence_level":0.95,"lower_bound":141591.68821766152,"upper_bound":144846.5093788122},"point_estimate":143173.2135222736,"standard_error":829.6482173579697},"median":{"confidence_interval":{"confidence_level":0.95,"lower_bound":140578.67387768382,"upper_bound":144601.8977272727},"point_estimate":142465.71578322785,"standard_error":1037.0456667149158},"median_abs_dev":{"confidence_interval":{"confidence_level":0.95,"lower_bound":5289.966692464904,"upper_bound":9308.079627864954},"point_estimate":7065.389574526094,"standard_error":1023.3408372299722},"slope":{"confidence_interval":{"confidence_level":0.95,"lower_bound":142181.01081248902,"upper_bound":145353.39360121617},"point_estimate":143736.1623193439,"standard_error":807.4803065763888},"std_dev":{"confidence_interval":{"confidence_level":0.95,"lower_bound":6371.506536835154,"upper_bound":10374.651928159772},"point_estimate":8332.922634433708,"standard_error":1039.8848717901121}}