{"mean":{"confidence_interval":{"confidence_level":0.95,"lower_bound":50747.324679388745,"upper_bound":51444.818441635565},"point_estimate":51088.13835417623,"standard_error":178.8411996845261},"median":{"confidence_interval":{"confidence_level":0.95,"lower_bound":49844.262068965516,"upper_bound":50192.394209534075},"point_estimate":49996.886088840736,"standard_error":120.78777090827175},"median_abs_dev":{"confidence_interval":{"confidence_level":0.95,"lower_bound":395.9792764945521,"upper_bound":1146.340340094982},"point_estimate":666.8007135782079,"standard_error":216.56021147528912},"slope":{"confidence_interval":{"confidence_level":0.95,"lower_bound":49940.23259529791,"upper_bound":50231.243964543035},"point_estimate":50069.89073621989,"standard_error":74.702162998606},"std_dev":{"confidence_interval":{"confidence_level":0.95,"lower_bound":1623.4324043040099,"upper_bound":1920.9151448034863},"point_estimate":1798.6303580994909,"standard_error":76.09904779144259}}