{"mean":{"confidence_interval":{"confidence_level":0.95,"lower_bound":28654.54153563451,"upper_bound":29250.298366651637},"point_estimate":28942.875170085714,"standard_error":152.0177525483335},"median":{"confidence_interval":{"confidence_level":0.95,"lower_bound":27912.38494318182,"upper_bound":28664.416015625},"point_estimate":27971.20315493295,"standard_error":215.11840889689373},"median_abs_dev":{"confidence_interval":{"confidence_level":0.95,"lower_bound":270.4344580573151,"upper_bound":1555.8565928579333},"point_estimate":490.5921641652874,"standard_error":317.125392026679},"slope":{"confidence_interval":{"confidence_level":0.95,"lower_bound":27961.253419260705,"upper_bound":28131.4147840023},"point_estimate":28036.72098788237,"standard_error":43.350069903374994},"std_dev":{"confidence_interval":{"confidence_level":0.95,"lower_bound":1245.1328941514225,"upper_bound":1829.790688465091},"point_estimate":1531.3549811488067,"standard_error":151.1092671935595}}