{"mean":{"confidence_interval":{"confidence_level":0.95,"lower_bound":29322.305639622624,"upper_bound":30263.445693164424},"point_estimate":29776.849626192517,"standard_error":240.36660798212026},"median":{"confidence_interval":{"confidence_level":0.95,"lower_bound":28140.11111111111,"upper_bound":28770.434623015874},"point_estimate":28327.41319328433,"standard_error":241.4140138435644},"median_abs_dev":{"confidence_interval":{"confidence_level":0.95,"lower_bound":394.38327783682166,"upper_bound":1536.75822552959},"point_estimate":689.4317692484884,"standard_error":344.77473885881113},"slope":{"confidence_interval":{"confidence_level":0.95,"lower_bound":28267.675275518584,"upper_bound":28583.04439997622},"point_estimate":28405.21541783656,"standard_error":80.44870592706047},"std_dev":{"confidence_interval":{"confidence_level":0.95,"lower_bound":1923.8307121116277,"upper_bound":2862.842503040085},"point_estimate":2409.7797530045455,"standard_error":240.76069131168794}}