{"mean":{"confidence_interval":{"confidence_level":0.95,"lower_bound":28771.349985046636,"upper_bound":29397.443903868778},"point_estimate":29066.683454030626,"standard_error":160.20405936320958},"median":{"confidence_interval":{"confidence_level":0.95,"lower_bound":28026.82594936709,"upper_bound":29113.71047647528},"point_estimate":28193.749429223746,"standard_error":270.5249123369719},"median_abs_dev":{"confidence_interval":{"confidence_level":0.95,"lower_bound":376.00448616021396,"upper_bound":1719.0593762319068},"point_estimate":670.5745619996173,"standard_error":304.8459491813695},"slope":{"confidence_interval":{"confidence_level":0.95,"lower_bound":28097.60325035881,"upper_bound":28316.461370657285},"point_estimate":28195.819921309296,"standard_error":56.05949967386173},"std_dev":{"confidence_interval":{"confidence_level":0.95,"lower_bound":1184.754135753551,"upper_bound":2159.5987067882616},"point_estimate":1615.139736776099,"standard_error":299.0200658181983}}