{"mean":{"confidence_interval":{"confidence_level":0.95,"lower_bound":28742.868244549463,"upper_bound":29270.52369210108},"point_estimate":29004.35829864455,"standard_error":134.76830053703338},"median":{"confidence_interval":{"confidence_level":0.95,"lower_bound":28016.857594936708,"upper_bound":29779.223958333332},"point_estimate":28227.080372405373,"standard_error":350.39293912169404},"median_abs_dev":{"confidence_interval":{"confidence_level":0.95,"lower_bound":453.9898488529491,"upper_bound":2071.1365657299752},"point_estimate":907.1258617701171,"standard_error":378.4428264828919},"slope":{"confidence_interval":{"confidence_level":0.95,"lower_bound":28046.720489635733,"upper_bound":28244.176830440792},"point_estimate":28136.112060735923,"standard_error":50.21513091150789},"std_dev":{"confidence_interval":{"confidence_level":0.95,"lower_bound":1234.296614254028,"upper_bound":1457.3941071601143},"point_estimate":1356.6602548368037,"standard_error":56.64147496956325}}