{"mean":{"confidence_interval":{"confidence_level":0.95,"lower_bound":28646.62270547755,"upper_bound":29111.164585392577},"point_estimate":28876.583905386906,"standard_error":118.35868491841502},"median":{"confidence_interval":{"confidence_level":0.95,"lower_bound":27973.632352941175,"upper_bound":29753.725},"point_estimate":28151.046468758737,"standard_error":359.7347289002528},"median_abs_dev":{"confidence_interval":{"confidence_level":0.95,"lower_bound":406.61547997475725,"upper_bound":1693.375002757104},"point_estimate":764.6728532734886,"standard_error":338.37711896994887},"slope":{"confidence_interval":{"confidence_level":0.95,"lower_bound":28056.34209921395,"upper_bound":28410.68733902909},"point_estimate":28207.938559184277,"standard_error":91.45032333255259},"std_dev":{"confidence_interval":{"confidence_level":0.95,"lower_bound":1094.2018276710685,"upper_bound":1279.8936930688737},"point_estimate":1191.3186178064238,"standard_error":47.047556535175275}}