{"mean":{"confidence_interval":{"confidence_level":0.95,"lower_bound":28585.237800762854,"upper_bound":29105.667890622037},"point_estimate":28840.20356759329,"standard_error":133.28896341094767},"median":{"confidence_interval":{"confidence_level":0.95,"lower_bound":27913.97627725243,"upper_bound":28782.16211911974},"point_estimate":28040.813725490196,"standard_error":256.86018923274895},"median_abs_dev":{"confidence_interval":{"confidence_level":0.95,"lower_bound":443.43690129774603,"upper_bound":1699.316009967236},"point_estimate":705.280905476654,"standard_error":309.0112348343595},"slope":{"confidence_interval":{"confidence_level":0.95,"lower_bound":27949.547926457235,"upper_bound":28183.355540087014},"point_estimate":28054.969158415843,"standard_error":59.76706227625536},"std_dev":{"confidence_interval":{"confidence_level":0.95,"lower_bound":1157.8819210536378,"upper_bound":1528.7821185337714},"point_estimate":1341.8415602073287,"standard_error":95.61878883702116}}