{"mean":{"confidence_interval":{"confidence_level":0.95,"lower_bound":28538.401294144707,"upper_bound":28994.403417898968},"point_estimate":28764.786571743167,"standard_error":116.16715136767475},"median":{"confidence_interval":{"confidence_level":0.95,"lower_bound":27902.064883913765,"upper_bound":28953.73076923077},"point_estimate":27978.64728220402,"standard_error":298.88253539644046},"median_abs_dev":{"confidence_interval":{"confidence_level":0.95,"lower_bound":355.8800357404342,"upper_bound":1692.3099897161965},"point_estimate":610.3283423941149,"standard_error":354.26654241239936},"slope":{"confidence_interval":{"confidence_level":0.95,"lower_bound":27973.474703127114,"upper_bound":28161.477884758315},"point_estimate":28057.98463573223,"standard_error":47.9218433366205},"std_dev":{"confidence_interval":{"confidence_level":0.95,"lower_bound":1068.867583111641,"upper_bound":1244.2109186768023},"point_estimate":1166.00999828616,"standard_error":44.644249870426876}}