{"mean":{"confidence_interval":{"confidence_level":0.95,"lower_bound":111073.55403539,"upper_bound":111100.1502836401},"point_estimate":111086.74056441431,"standard_error":6.7630843654374635},"median":{"confidence_interval":{"confidence_level":0.95,"lower_bound":111073.19791666667,"upper_bound":111093.83080070134},"point_estimate":111086.28666666667,"standard_error":4.387091105226567},"median_abs_dev":{"confidence_interval":{"confidence_level":0.95,"lower_bound":31.064700029749815,"upper_bound":49.78519279034302},"point_estimate":37.879188133961456,"standard_error":4.86565094221807},"slope":{"confidence_interval":{"confidence_level":0.95,"lower_bound":111069.87773940273,"upper_bound":111087.68733495429},"point_estimate":111078.62664548545,"standard_error":4.531466905208442},"std_dev":{"confidence_interval":{"confidence_level":0.95,"lower_bound":52.41812217484761,"upper_bound":81.08579875860482},"point_estimate":67.65400580193369,"standard_error":7.346576192378487}}