{"mean":{"confidence_interval":{"confidence_level":0.95,"lower_bound":49739.3848312609,"upper_bound":50790.72319317683},"point_estimate":50240.2013497313,"standard_error":268.34673775073395},"median":{"confidence_interval":{"confidence_level":0.95,"lower_bound":48740.99890652557,"upper_bound":49314.88369565217},"point_estimate":49000.17375,"standard_error":146.75054691480764},"median_abs_dev":{"confidence_interval":{"confidence_level":0.95,"lower_bound":826.678129801691,"upper_bound":1998.0244690693232},"point_estimate":1282.015465851748,"standard_error":294.5313489475278},"slope":{"confidence_interval":{"confidence_level":0.95,"lower_bound":48643.71852622609,"upper_bound":48957.475111802},"point_estimate":48793.302422343724,"standard_error":79.90768579870273},"std_dev":{"confidence_interval":{"confidence_level":0.95,"lower_bound":2093.053441917556,"upper_bound":3283.799488488574},"point_estimate":2682.9046369436132,"standard_error":307.758471855326}}