{"mean":{"confidence_interval":{"confidence_level":0.95,"lower_bound":42423.219327357685,"upper_bound":43023.56696314267},"point_estimate":42720.69101810389,"standard_error":152.454606155299},"median":{"confidence_interval":{"confidence_level":0.95,"lower_bound":41465.19391304348,"upper_bound":43887.05921052632},"point_estimate":41737.46675681767,"standard_error":737.6573994855353},"median_abs_dev":{"confidence_interval":{"confidence_level":0.95,"lower_bound":403.1166543887024,"upper_bound":2578.5644849905607},"point_estimate":975.7774598671208,"standard_error":614.0906813429292},"slope":{"confidence_interval":{"confidence_level":0.95,"lower_bound":41573.27193492715,"upper_bound":41826.44146431345},"point_estimate":41682.7589103985,"standard_error":64.64249465642082},"std_dev":{"confidence_interval":{"confidence_level":0.95,"lower_bound":1412.810794019764,"upper_bound":1614.8085701219354},"point_estimate":1522.7646619778511,"standard_error":51.2808385449671}}