{"mean":{"confidence_interval":{"confidence_level":0.95,"lower_bound":28498.337460180785,"upper_bound":28972.278407213977},"point_estimate":28732.98904547888,"standard_error":120.91712474252161},"median":{"confidence_interval":{"confidence_level":0.95,"lower_bound":27847.86948529412,"upper_bound":28611.929932336185},"point_estimate":27914.463869787047,"standard_error":247.7026271769497},"median_abs_dev":{"confidence_interval":{"confidence_level":0.95,"lower_bound":391.28360430944286,"upper_bound":1386.9746432076083},"point_estimate":562.5414203700384,"standard_error":263.22458950397606},"slope":{"confidence_interval":{"confidence_level":0.95,"lower_bound":27899.76897095715,"upper_bound":28068.508978120593},"point_estimate":27975.307172306784,"standard_error":43.058702208432834},"std_dev":{"confidence_interval":{"confidence_level":0.95,"lower_bound":1124.3360753082275,"upper_bound":1277.2686611488227},"point_estimate":1215.1448448580738,"standard_error":38.8795565624105}}