{"mean":{"confidence_interval":{"confidence_level":0.95,"lower_bound":41530.803170276384,"upper_bound":42172.98120235279},"point_estimate":41849.38362672144,"standard_error":164.5836674779801},"median":{"confidence_interval":{"confidence_level":0.95,"lower_bound":40537.192528735635,"upper_bound":42857.274846431625},"point_estimate":40693.59704269487,"standard_error":783.0632160656794},"median_abs_dev":{"confidence_interval":{"confidence_level":0.95,"lower_bound":470.36654145993054,"upper_bound":2750.6439292460195},"point_estimate":1030.7629372102913,"standard_error":704.696300429777},"slope":{"confidence_interval":{"confidence_level":0.95,"lower_bound":40580.53793970337,"upper_bound":40831.55364716571},"point_estimate":40691.82957194227,"standard_error":63.749797641834576},"std_dev":{"confidence_interval":{"confidence_level":0.95,"lower_bound":1553.8798981109653,"upper_bound":1738.533629710375},"point_estimate":1660.5840845640191,"standard_error":47.04740012178008}}