{"mean":{"confidence_interval":{"confidence_level":0.95,"lower_bound":28645.609299908607,"upper_bound":29114.05232746792},"point_estimate":28878.072780217863,"standard_error":119.45764954094248},"median":{"confidence_interval":{"confidence_level":0.95,"lower_bound":27947.923892257462,"upper_bound":29467.886413043478},"point_estimate":28077.833978521478,"standard_error":341.69636425055637},"median_abs_dev":{"confidence_interval":{"confidence_level":0.95,"lower_bound":290.3060133569676,"upper_bound":1728.2250911928713},"point_estimate":609.553050234214,"standard_error":367.7913613106314},"slope":{"confidence_interval":{"confidence_level":0.95,"lower_bound":28029.138036841166,"upper_bound":28258.796515263963},"point_estimate":28132.269537091768,"standard_error":58.91903215119846},"std_dev":{"confidence_interval":{"confidence_level":0.95,"lower_bound":1106.938438597785,"upper_bound":1265.9805484066153},"point_estimate":1196.003352233722,"standard_error":40.227787211399495}}