{"mean":{"confidence_interval":{"confidence_level":0.95,"lower_bound":28580.813862292478,"upper_bound":29029.264416470945},"point_estimate":28801.78212947729,"standard_error":114.50241022103934},"median":{"confidence_interval":{"confidence_level":0.95,"lower_bound":27959.868441133724,"upper_bound":28570.016129032258},"point_estimate":28070.168924099155,"standard_error":200.97455691656924},"median_abs_dev":{"confidence_interval":{"confidence_level":0.95,"lower_bound":314.18666848612116,"upper_bound":1311.0077473329268},"point_estimate":508.1213050825371,"standard_error":238.79746999380626},"slope":{"confidence_interval":{"confidence_level":0.95,"lower_bound":28008.21521274153,"upper_bound":28179.253320707427},"point_estimate":28085.431570119697,"standard_error":43.62992994360473},"std_dev":{"confidence_interval":{"confidence_level":0.95,"lower_bound":1054.8487601118504,"upper_bound":1220.6841559914424},"point_estimate":1148.271512105288,"standard_error":41.86639721429036}}