{"mean":{"confidence_interval":{"confidence_level":0.95,"lower_bound":48262.35702070205,"upper_bound":49019.34632985994},"point_estimate":48630.650310163575,"standard_error":192.29229335911273},"median":{"confidence_interval":{"confidence_level":0.95,"lower_bound":47948.33631621188,"upper_bound":48664.62272727273},"point_estimate":48289.31220779221,"standard_error":203.02756339088722},"median_abs_dev":{"confidence_interval":{"confidence_level":0.95,"lower_bound":1388.9879591400017,"upper_bound":2280.1775359335097},"point_estimate":1826.7077198351842,"standard_error":214.205692935419},"slope":{"confidence_interval":{"confidence_level":0.95,"lower_bound":47601.21575851161,"upper_bound":48236.39934496412},"point_estimate":47913.177117186344,"standard_error":162.03042442090012},"std_dev":{"confidence_interval":{"confidence_level":0.95,"lower_bound":1611.2208854270139,"upper_bound":2225.385577313508},"point_estimate":1938.6876314232964,"standard_error":157.68708755651704}}