{"mean":{"confidence_interval":{"confidence_level":0.95,"lower_bound":43120.74914187297,"upper_bound":43953.02137395255},"point_estimate":43527.11971481787,"standard_error":211.6623568000245},"median":{"confidence_interval":{"confidence_level":0.95,"lower_bound":41902.40046296296,"upper_bound":44157.88885323064},"point_estimate":42091.68656716418,"standard_error":736.3289642099498},"median_abs_dev":{"confidence_interval":{"confidence_level":0.95,"lower_bound":372.01966228726144,"upper_bound":3354.2923841437937},"point_estimate":833.5112173968932,"standard_error":931.5689491836349},"slope":{"confidence_interval":{"confidence_level":0.95,"lower_bound":41991.736350877574,"upper_bound":42224.3369326648},"point_estimate":42093.34139204965,"standard_error":59.34005040139826},"std_dev":{"confidence_interval":{"confidence_level":0.95,"lower_bound":1833.6878698210785,"upper_bound":2409.5540906279775},"point_estimate":2129.3029517391196,"standard_error":147.021411827825}}