{"mean":{"confidence_interval":{"confidence_level":0.95,"lower_bound":-0.008084151959626584,"upper_bound":0.01810873608395025},"point_estimate":0.004794284525795556,"standard_error":0.006551601287036962},"median":{"confidence_interval":{"confidence_level":0.95,"lower_bound":-0.002841710560942845,"upper_bound":0.0009586283893798786},"point_estimate":-0.0009471829021951983,"standard_error":0.0008909920392807742}}