{"mean":{"confidence_interval":{"confidence_level":0.95,"lower_bound":0.11975691936396428,"upper_bound":0.16311507270584588},"point_estimate":0.1413724827970817,"standard_error":0.011070630248662847},"median":{"confidence_interval":{"confidence_level":0.95,"lower_bound":0.12483407697172302,"upper_bound":0.15603032027166985},"point_estimate":0.1383520661103097,"standard_error":0.008908965648445403}}