{"mean":{"confidence_interval":{"confidence_level":0.95,"lower_bound":-0.38201835275415724,"upper_bound":-0.363787285612903},"point_estimate":-0.37366112013277164,"standard_error":0.00461696396584926},"median":{"confidence_interval":{"confidence_level":0.95,"lower_bound":-0.38028315194122464,"upper_bound":-0.3770977408947681},"point_estimate":-0.37851402931542977,"standard_error":0.0008050741885247964}}