{"mean":{"confidence_interval":{"confidence_level":0.95,"lower_bound":-0.17038283938479426,"upper_bound":-0.1370453362969402},"point_estimate":-0.15257648506889399,"standard_error":0.008395985045469425},"median":{"confidence_interval":{"confidence_level":0.95,"lower_bound":-0.17986373840128292,"upper_bound":-0.15568351439741113},"point_estimate":-0.1677374101641177,"standard_error":0.005720083441232911}}