{"mean":{"confidence_interval":{"confidence_level":0.95,"lower_bound":0.2088673493082267,"upper_bound":0.2548889848160421},"point_estimate":0.2322716784045289,"standard_error":0.011704749738868996},"median":{"confidence_interval":{"confidence_level":0.95,"lower_bound":0.2302949287906053,"upper_bound":0.24875361756326986},"point_estimate":0.23927971019053396,"standard_error":0.004892633664848355}}