{"mean":{"confidence_interval":{"confidence_level":0.95,"lower_bound":-0.2268220632956187,"upper_bound":-0.1988251008655212},"point_estimate":-0.2137771810279584,"standard_error":0.007129300094788506},"median":{"confidence_interval":{"confidence_level":0.95,"lower_bound":-0.22021722971750785,"upper_bound":-0.20851043356181495},"point_estimate":-0.21438859793617449,"standard_error":0.0031713432220229058}}