{"mean":{"confidence_interval":{"confidence_level":0.95,"lower_bound":-0.04856561733024982,"upper_bound":-0.022103497455510223},"point_estimate":-0.03550221269979059,"standard_error":0.006739791839979675},"median":{"confidence_interval":{"confidence_level":0.95,"lower_bound":-0.03871356889962818,"upper_bound":-0.03203639991985785},"point_estimate":-0.03461165171120972,"standard_error":0.0016932068556420362}}