{"mean":{"confidence_interval":{"confidence_level":0.95,"lower_bound":-0.018369203146767158,"upper_bound":0.0061529420368973626},"point_estimate":-0.006400592399880001,"standard_error":0.006229820844598906},"median":{"confidence_interval":{"confidence_level":0.95,"lower_bound":-0.007030460416479256,"upper_bound":-0.004196096545656558},"point_estimate":-0.005589284024832053,"standard_error":0.0007079025314038442}}