{"mean":{"confidence_interval":{"confidence_level":0.95,"lower_bound":-0.05393645253896489,"upper_bound":-0.023313886946825457},"point_estimate":-0.03902804439798657,"standard_error":0.007758396975927138},"median":{"confidence_interval":{"confidence_level":0.95,"lower_bound":-0.04848371712178634,"upper_bound":-0.030947948050653484},"point_estimate":-0.040935195337015506,"standard_error":0.004311247255020676}}