{"mean":{"confidence_interval":{"confidence_level":0.95,"lower_bound":-0.12942287942108469,"upper_bound":-0.09476060144304714},"point_estimate":-0.11255852198017224,"standard_error":0.00880150572732159},"median":{"confidence_interval":{"confidence_level":0.95,"lower_bound":-0.12508450367411728,"upper_bound":-0.1002941370236421},"point_estimate":-0.11201919051357312,"standard_error":0.007218451528255212}}