{"mean":{"confidence_interval":{"confidence_level":0.95,"lower_bound":0.32577594947252475,"upper_bound":0.37469236432055253},"point_estimate":0.35015219858826696,"standard_error":0.0124670613228813},"median":{"confidence_interval":{"confidence_level":0.95,"lower_bound":0.34990225178007983,"upper_bound":0.36845261392494155},"point_estimate":0.35710236899668857,"standard_error":0.004915415614504604}}