{"mean":{"confidence_interval":{"confidence_level":0.95,"lower_bound":-0.022555955526534555,"upper_bound":0.01271930295955016},"point_estimate":-0.004605733274114399,"standard_error":0.00893101220421723},"median":{"confidence_interval":{"confidence_level":0.95,"lower_bound":-0.010989900048049672,"upper_bound":0.0014693201513247267},"point_estimate":-0.0029029113717685684,"standard_error":0.003098201110541186}}