{"mean":{"confidence_interval":{"confidence_level":0.95,"lower_bound":-0.16847973893997018,"upper_bound":-0.14143445051484044},"point_estimate":-0.15611883383116043,"standard_error":0.006881524865834929},"median":{"confidence_interval":{"confidence_level":0.95,"lower_bound":-0.16231858465812454,"upper_bound":-0.15838573121277869},"point_estimate":-0.16048466567115804,"standard_error":0.0010010603327677329}}