{"mean":{"confidence_interval":{"confidence_level":0.95,"lower_bound":-0.012625947492282638,"upper_bound":0.010216831445091062},"point_estimate":-0.0010438009709968776,"standard_error":0.005729366760103479},"median":{"confidence_interval":{"confidence_level":0.95,"lower_bound":-0.0018240532687212596,"upper_bound":0.0007405874758841247},"point_estimate":-0.0006713129677622387,"standard_error":0.0006491228143400476}}