{"mean":{"confidence_interval":{"confidence_level":0.95,"lower_bound":-0.03804645853295204,"upper_bound":-0.0044155203617500475},"point_estimate":-0.0210338636152807,"standard_error":0.008586443921740858},"median":{"confidence_interval":{"confidence_level":0.95,"lower_bound":-0.004375022957958885,"upper_bound":-0.00043715572560021343},"point_estimate":-0.001850257309661374,"standard_error":0.000977967528992121}}