{"mean":{"confidence_interval":{"confidence_level":0.95,"lower_bound":0.23044324786151948,"upper_bound":0.27321658790904313},"point_estimate":0.25248613148011034,"standard_error":0.010778843241031219},"median":{"confidence_interval":{"confidence_level":0.95,"lower_bound":0.24223022910018246,"upper_bound":0.26797128343242727},"point_estimate":0.2604378288114424,"standard_error":0.006320096114018935}}