{"mean":{"confidence_interval":{"confidence_level":0.95,"lower_bound":-0.01594894417494108,"upper_bound":0.010588071237836293},"point_estimate":-0.002774157964260837,"standard_error":0.006697008159235951},"median":{"confidence_interval":{"confidence_level":0.95,"lower_bound":-0.009280505220788493,"upper_bound":-0.006449028217743735},"point_estimate":-0.007673772596912154,"standard_error":0.0007209715430471931}}