{"mean":{"confidence_interval":{"confidence_level":0.95,"lower_bound":-0.005452026980417734,"upper_bound":0.016998383016305265},"point_estimate":0.005361211173052105,"standard_error":0.0056814904112925235},"median":{"confidence_interval":{"confidence_level":0.95,"lower_bound":0.0014743769404927942,"upper_bound":0.004643673278582394},"point_estimate":0.0033094903626875727,"standard_error":0.0007795652995765582}}