{"mean":{"confidence_interval":{"confidence_level":0.95,"lower_bound":-0.016310490480356623,"upper_bound":0.005503106730262802},"point_estimate":-0.005712661654392437,"standard_error":0.005532095046652018},"median":{"confidence_interval":{"confidence_level":0.95,"lower_bound":-0.006616681697359454,"upper_bound":-0.0007299966634374663},"point_estimate":-0.0026255265771402136,"standard_error":0.0015164321167463169}}