{"mean":{"confidence_interval":{"confidence_level":0.95,"lower_bound":-0.022197095036499154,"upper_bound":0.002358749270546725},"point_estimate":-0.010305010555433536,"standard_error":0.006285593566368156},"median":{"confidence_interval":{"confidence_level":0.95,"lower_bound":-0.002394858480653017,"upper_bound":0.003618537931688204},"point_estimate":0.0004388872271832156,"standard_error":0.0016195743347347912}}