{"mean":{"confidence_interval":{"confidence_level":0.95,"lower_bound":0.2343613015867305,"upper_bound":0.281308572320073},"point_estimate":0.25938271040424343,"standard_error":0.012146658557031648},"median":{"confidence_interval":{"confidence_level":0.95,"lower_bound":0.2571512969519405,"upper_bound":0.275635929008643},"point_estimate":0.26868220968103773,"standard_error":0.004764543896229682}}