{"mean":{"confidence_interval":{"confidence_level":0.95,"lower_bound":0.05198086538152357,"upper_bound":0.10679579179726664},"point_estimate":0.07891214693194049,"standard_error":0.013865134539482316},"median":{"confidence_interval":{"confidence_level":0.95,"lower_bound":0.002530845199128162,"upper_bound":0.045272460004896375},"point_estimate":0.009337834031644565,"standard_error":0.011623701709699579}}