{"mean":{"confidence_interval":{"confidence_level":0.95,"lower_bound":-0.0072384407217684354,"upper_bound":0.015552658191310149},"point_estimate":0.0035298947378945567,"standard_error":0.005849093684401598},"median":{"confidence_interval":{"confidence_level":0.95,"lower_bound":0.0014626669295381145,"upper_bound":0.007219962408530289},"point_estimate":0.004820326231212757,"standard_error":0.0014707259512646781}}