{"mean":{"confidence_interval":{"confidence_level":0.95,"lower_bound":0.0007982903362672549,"upper_bound":0.023212459548056594},"point_estimate":0.011716627655843581,"standard_error":0.005726910130169691},"median":{"confidence_interval":{"confidence_level":0.95,"lower_bound":0.01171770283421325,"upper_bound":0.015711666790789502},"point_estimate":0.013968531890416136,"standard_error":0.00100945087747772}}