{"mean":{"confidence_interval":{"confidence_level":0.95,"lower_bound":0.1010591500031007,"upper_bound":0.15912098639228828},"point_estimate":0.12807730626462366,"standard_error":0.014683381744561807},"median":{"confidence_interval":{"confidence_level":0.95,"lower_bound":0.05449007595866373,"upper_bound":0.12597620055304937},"point_estimate":0.08086809151099716,"standard_error":0.016109950826080504}}