{"mean":{"confidence_interval":{"confidence_level":0.95,"lower_bound":-0.02596385503883783,"upper_bound":0.0020317482993332118},"point_estimate":-0.01251484740179365,"standard_error":0.007029885500840568},"median":{"confidence_interval":{"confidence_level":0.95,"lower_bound":-0.012878853104544058,"upper_bound":-0.009325924136756925},"point_estimate":-0.010607536154526032,"standard_error":0.0009056746165723674}}