{"mean":{"confidence_interval":{"confidence_level":0.95,"lower_bound":-0.011740907858070014,"upper_bound":0.013908543515875506},"point_estimate":0.0007359848675678737,"standard_error":0.0064980771785843675},"median":{"confidence_interval":{"confidence_level":0.95,"lower_bound":-0.0034566621962385247,"upper_bound":-0.00011872786476319064},"point_estimate":-0.001822521981182823,"standard_error":0.0008400326547898937}}