{"mean":{"confidence_interval":{"confidence_level":0.95,"lower_bound":-0.011894605173420171,"upper_bound":0.012867210065832033},"point_estimate":0.0008916850976705692,"standard_error":0.006292177910055269},"median":{"confidence_interval":{"confidence_level":0.95,"lower_bound":0.0005004575882432416,"upper_bound":0.004486621734495655},"point_estimate":0.0026030773296235044,"standard_error":0.001024953086216004}}