{"mean":{"confidence_interval":{"confidence_level":0.95,"lower_bound":-0.06405059977887709,"upper_bound":-0.03374543398023563},"point_estimate":-0.050166582667063864,"standard_error":0.007724616494385182},"median":{"confidence_interval":{"confidence_level":0.95,"lower_bound":-0.06393280074511092,"upper_bound":-0.051895245032252554},"point_estimate":-0.05775938878364473,"standard_error":0.003052715594212405}}