{"mean":{"confidence_interval":{"confidence_level":0.95,"lower_bound":0.022635827454987583,"upper_bound":0.060859171878860606},"point_estimate":0.041451291287941894,"standard_error":0.009832894790354192},"median":{"confidence_interval":{"confidence_level":0.95,"lower_bound":0.014590185817322965,"upper_bound":0.01956712356126807},"point_estimate":0.016888713754370954,"standard_error":0.0012291438105750537}}