{"mean":{"confidence_interval":{"confidence_level":0.95,"lower_bound":-0.010345308078981128,"upper_bound":0.016226577610831936},"point_estimate":0.002222697738497148,"standard_error":0.006746730190581778},"median":{"confidence_interval":{"confidence_level":0.95,"lower_bound":-0.0011758951680402863,"upper_bound":0.0020299756480572917},"point_estimate":0.0004941686084807273,"standard_error":0.000794865337578149}}