{"mean":{"confidence_interval":{"confidence_level":0.95,"lower_bound":-0.31358401970039945,"upper_bound":-0.28681503608612274},"point_estimate":-0.30094471622482444,"standard_error":0.00682877382665173},"median":{"confidence_interval":{"confidence_level":0.95,"lower_bound":-0.3255116756282459,"upper_bound":-0.31905582865913923},"point_estimate":-0.3225095104762671,"standard_error":0.0016255952568388203}}