{"mean":{"confidence_interval":{"confidence_level":0.95,"lower_bound":0.014013386488834398,"upper_bound":0.04604707677674835},"point_estimate":0.030940113102675193,"standard_error":0.008140697201263085},"median":{"confidence_interval":{"confidence_level":0.95,"lower_bound":0.0354556226796372,"upper_bound":0.04583218696912539},"point_estimate":0.040929963933799884,"standard_error":0.0026053595425148757}}