{"mean":{"confidence_interval":{"confidence_level":0.95,"lower_bound":0.026118853659595914,"upper_bound":0.049919772878951434},"point_estimate":0.03749625375855414,"standard_error":0.006072742959861659},"median":{"confidence_interval":{"confidence_level":0.95,"lower_bound":0.030076233093712768,"upper_bound":0.0416148748873888},"point_estimate":0.03423158870047982,"standard_error":0.003352161042909059}}