{"mean":{"confidence_interval":{"confidence_level":0.95,"lower_bound":0.16789865270547574,"upper_bound":0.21522633909410305},"point_estimate":0.19298111483365266,"standard_error":0.011841408396677409},"median":{"confidence_interval":{"confidence_level":0.95,"lower_bound":0.16681560916878002,"upper_bound":0.19539884318767511},"point_estimate":0.18118875845382476,"standard_error":0.007999324447340065}}