{"mean":{"confidence_interval":{"confidence_level":0.95,"lower_bound":0.03984571971249558,"upper_bound":0.09158375872326686},"point_estimate":0.06500434916570552,"standard_error":0.013366906559233638},"median":{"confidence_interval":{"confidence_level":0.95,"lower_bound":0.002084726662255454,"upper_bound":0.008964532912007606},"point_estimate":0.00448315021883583,"standard_error":0.0019207896327274399}}