{"mean":{"confidence_interval":{"confidence_level":0.95,"lower_bound":-0.013484316807780072,"upper_bound":0.014851440777427082},"point_estimate":0.0004056116583341929,"standard_error":0.007211296938718488},"median":{"confidence_interval":{"confidence_level":0.95,"lower_bound":-0.00640593850424831,"upper_bound":-0.0025281501429698047},"point_estimate":-0.004712856204561189,"standard_error":0.0009224313315364584}}