{"mean":{"confidence_interval":{"confidence_level":0.95,"lower_bound":-0.014709214630259532,"upper_bound":0.020203873352880226},"point_estimate":0.0035081671505992063,"standard_error":0.008856070397970135},"median":{"confidence_interval":{"confidence_level":0.95,"lower_bound":-0.0034509690673489857,"upper_bound":-0.00009078203630261364},"point_estimate":-0.0017126007487541228,"standard_error":0.0008324184657748378}}