{"mean":{"confidence_interval":{"confidence_level":0.95,"lower_bound":0.0028150610349877946,"upper_bound":0.027788463256465345},"point_estimate":0.015555013022137354,"standard_error":0.006300852854130791},"median":{"confidence_interval":{"confidence_level":0.95,"lower_bound":0.007781658515304102,"upper_bound":0.012936053460349983},"point_estimate":0.010117223132363184,"standard_error":0.001292097493592751}}