{"mean":{"confidence_interval":{"confidence_level":0.95,"lower_bound":-0.00897069759316624,"upper_bound":0.015030715338324185},"point_estimate":0.00298233414094895,"standard_error":0.00608650039425751},"median":{"confidence_interval":{"confidence_level":0.95,"lower_bound":0.002479988781585618,"upper_bound":0.006590180336401685},"point_estimate":0.004303941995178473,"standard_error":0.001103196306892199}}