{"mean":{"confidence_interval":{"confidence_level":0.95,"lower_bound":-0.003093276764262495,"upper_bound":0.005993445008233914},"point_estimate":0.0015870048144910331,"standard_error":0.0023036076530895204},"median":{"confidence_interval":{"confidence_level":0.95,"lower_bound":0.001209824815107785,"upper_bound":0.004731335748554555},"point_estimate":0.0031956264785450994,"standard_error":0.0008640517763224024}}