{"mean":{"confidence_interval":{"confidence_level":0.95,"lower_bound":-0.0017615535130596149,"upper_bound":0.004129082350427059},"point_estimate":0.0011188791667930964,"standard_error":0.0015047420118771135},"median":{"confidence_interval":{"confidence_level":0.95,"lower_bound":-0.00036022008810002664,"upper_bound":0.00380897390668955},"point_estimate":0.0015524343081971814,"standard_error":0.0010280864382663}}