{"mean":{"confidence_interval":{"confidence_level":0.95,"lower_bound":-0.009922547832947324,"upper_bound":0.002054757714215111},"point_estimate":-0.003651000597438725,"standard_error":0.003052333123035888},"median":{"confidence_interval":{"confidence_level":0.95,"lower_bound":-0.001171330773575785,"upper_bound":0.002103224235765174},"point_estimate":0.00025784635336312256,"standard_error":0.0008653656214474334}}