{"mean":{"confidence_interval":{"confidence_level":0.95,"lower_bound":-0.004701223705548261,"upper_bound":0.0036225826743502536},"point_estimate":-0.0008269577251152072,"standard_error":0.0021184326394799234},"median":{"confidence_interval":{"confidence_level":0.95,"lower_bound":-0.002065126991863897,"upper_bound":0.0016787572774368265},"point_estimate":-0.0002750644915233691,"standard_error":0.0009558592713129759}}