{"mean":{"confidence_interval":{"confidence_level":0.95,"lower_bound":-0.0009723165522448225,"upper_bound":0.021715715885963122},"point_estimate":0.007578057811609806,"standard_error":0.006469349541120038},"median":{"confidence_interval":{"confidence_level":0.95,"lower_bound":-0.0007553024787492202,"upper_bound":0.0027265308637237063},"point_estimate":0.0008168659088667596,"standard_error":0.0007991210593788106}}