{"mean":{"confidence_interval":{"confidence_level":0.95,"lower_bound":0.3233570720325043,"upper_bound":0.40212214826351106},"point_estimate":0.3654505856819359,"standard_error":0.02027673830965815},"median":{"confidence_interval":{"confidence_level":0.95,"lower_bound":0.38736351055243756,"upper_bound":0.4291423846655451},"point_estimate":0.4107041463908545,"standard_error":0.01102380906673886}}