{"mean":{"confidence_interval":{"confidence_level":0.95,"lower_bound":-0.04534493741385695,"upper_bound":-0.022562290183430624},"point_estimate":-0.03438539226323345,"standard_error":0.0058575577911241525},"median":{"confidence_interval":{"confidence_level":0.95,"lower_bound":-0.06155547432968722,"upper_bound":-0.04753766601765108},"point_estimate":-0.05849500920740569,"standard_error":0.003774239407278135}}