{"mean":{"confidence_interval":{"confidence_level":0.95,"lower_bound":0.1951680920586834,"upper_bound":0.2436703375824377},"point_estimate":0.2219889513554989,"standard_error":0.012434552117134467},"median":{"confidence_interval":{"confidence_level":0.95,"lower_bound":0.2145460311148688,"upper_bound":0.2585033841971456},"point_estimate":0.2364940054783391,"standard_error":0.010939969649178037}}