{"mean":{"confidence_interval":{"confidence_level":0.95,"lower_bound":-0.0036543735685452437,"upper_bound":0.0010229166353485934},"point_estimate":-0.001291245604828517,"standard_error":0.001184301280024185},"median":{"confidence_interval":{"confidence_level":0.95,"lower_bound":-0.001701768744509479,"upper_bound":-0.000022497628602513586},"point_estimate":-0.000742058335178486,"standard_error":0.00045381221353973494}}