{"mean":{"confidence_interval":{"confidence_level":0.95,"lower_bound":-0.037238808138736736,"upper_bound":-0.025417002456506358},"point_estimate":-0.03154780004503088,"standard_error":0.0030130320595683647},"median":{"confidence_interval":{"confidence_level":0.95,"lower_bound":-0.04382866297066368,"upper_bound":-0.027648415032557543},"point_estimate":-0.038781426815246656,"standard_error":0.004210903275065383}}