{"mean":{"confidence_interval":{"confidence_level":0.95,"lower_bound":0.0033594653060366303,"upper_bound":0.011037524322691098},"point_estimate":0.006818842738581576,"standard_error":0.0019822856937828704},"median":{"confidence_interval":{"confidence_level":0.95,"lower_bound":0.0029843295000424597,"upper_bound":0.006560566229162568},"point_estimate":0.005074591027629527,"standard_error":0.0007712329205060965}}