{"mean":{"confidence_interval":{"confidence_level":0.95,"lower_bound":0.0036466653641924265,"upper_bound":0.01572629682569475},"point_estimate":0.008503321865367841,"standard_error":0.003134929242656423},"median":{"confidence_interval":{"confidence_level":0.95,"lower_bound":0.002799517774097371,"upper_bound":0.006646100251471498},"point_estimate":0.004620862426826022,"standard_error":0.0009853114692617067}}