{"mean":{"confidence_interval":{"confidence_level":0.95,"lower_bound":-0.1356290159139364,"upper_bound":-0.12619683228398615},"point_estimate":-0.1309511412926897,"standard_error":0.0024023855462051236},"median":{"confidence_interval":{"confidence_level":0.95,"lower_bound":-0.1384630508064788,"upper_bound":-0.1261590961328144},"point_estimate":-0.13193921731601532,"standard_error":0.0029868637351642582}}