{"mean":{"confidence_interval":{"confidence_level":0.95,"lower_bound":0.000942088635208167,"upper_bound":0.007501712336964284},"point_estimate":0.004272774648883759,"standard_error":0.00168770858700511},"median":{"confidence_interval":{"confidence_level":0.95,"lower_bound":0.00031128337836605624,"upper_bound":0.004813600748511115},"point_estimate":0.002391382146242238,"standard_error":0.0011572837997647584}}