{"mean":{"confidence_interval":{"confidence_level":0.95,"lower_bound":0.055129162527336746,"upper_bound":0.06775338377893354},"point_estimate":0.06155570436976743,"standard_error":0.0031990602534679026},"median":{"confidence_interval":{"confidence_level":0.95,"lower_bound":0.06259532045231464,"upper_bound":0.08146670856972293},"point_estimate":0.07664133047576427,"standard_error":0.004284240159842098}}