{"mean":{"confidence_interval":{"confidence_level":0.95,"lower_bound":-0.0015226463117273825,"upper_bound":0.0038009647852857973},"point_estimate":0.0011631372535088058,"standard_error":0.0013572670414273656},"median":{"confidence_interval":{"confidence_level":0.95,"lower_bound":-0.0010285605756326088,"upper_bound":0.0031350694943323987},"point_estimate":0.0010241724802857455,"standard_error":0.0010332891809010376}}