{"mean":{"confidence_interval":{"confidence_level":0.95,"lower_bound":-0.023105054747019755,"upper_bound":-0.0003306560144805964},"point_estimate":-0.009166886081063974,"standard_error":0.006139311190957188},"median":{"confidence_interval":{"confidence_level":0.95,"lower_bound":-0.004911374577109107,"upper_bound":-0.0003151100026766636},"point_estimate":-0.0025779987274890948,"standard_error":0.0011263905615332935}}