{"mean":{"confidence_interval":{"confidence_level":0.95,"lower_bound":0.08154506145226816,"upper_bound":0.11578333105817672},"point_estimate":0.09977462542970672,"standard_error":0.00877934250568761},"median":{"confidence_interval":{"confidence_level":0.95,"lower_bound":0.10468848802008379,"upper_bound":0.12360299775024958},"point_estimate":0.11349489261647872,"standard_error":0.004917326556129859}}