{"mean":{"confidence_interval":{"confidence_level":0.95,"lower_bound":-0.012595018864031138,"upper_bound":-0.0053205944625556315},"point_estimate":-0.008667676672680757,"standard_error":0.0018604034827075806},"median":{"confidence_interval":{"confidence_level":0.95,"lower_bound":-0.006631253254295699,"upper_bound":-0.0043473840411024645},"point_estimate":-0.00591247823329577,"standard_error":0.0006052042817742851}}