{"mean":{"confidence_interval":{"confidence_level":0.95,"lower_bound":-0.001803227892361175,"upper_bound":0.004971562770308913},"point_estimate":0.0014908731923723995,"standard_error":0.0017293653805106257},"median":{"confidence_interval":{"confidence_level":0.95,"lower_bound":-0.002819692231075477,"upper_bound":0.0013567012462760708},"point_estimate":-0.0007114316568942458,"standard_error":0.0010468410100833998}}