{"mean":{"confidence_interval":{"confidence_level":0.95,"lower_bound":0.5266791142668392,"upper_bound":0.528573801916539},"point_estimate":0.5276374053139197,"standard_error":0.00048662940965515884},"median":{"confidence_interval":{"confidence_level":0.95,"lower_bound":0.5259843008042278,"upper_bound":0.52791537591488},"point_estimate":0.5269678934232667,"standard_error":0.0005069293882498417}}