{"mean":{"confidence_interval":{"confidence_level":0.95,"lower_bound":0.2541252662002395,"upper_bound":0.2907510723883788},"point_estimate":0.27256314694226313,"standard_error":0.009323305183969729},"median":{"confidence_interval":{"confidence_level":0.95,"lower_bound":0.2822534259556164,"upper_bound":0.3248896396686889},"point_estimate":0.2991790060613959,"standard_error":0.011051806068552692}}