{"mean":{"confidence_interval":{"confidence_level":0.95,"lower_bound":-0.0020790857211022925,"upper_bound":0.009103375748309031},"point_estimate":0.003642331695536738,"standard_error":0.0028440133323412034},"median":{"confidence_interval":{"confidence_level":0.95,"lower_bound":0.0012015791200226788,"upper_bound":0.011044739135000592},"point_estimate":0.003996900615638621,"standard_error":0.00262461610457863}}