{"mean":{"confidence_interval":{"confidence_level":0.95,"lower_bound":-0.06115360287824467,"upper_bound":-0.03219376484439777},"point_estimate":-0.04490480535459063,"standard_error":0.007214554886704226},"median":{"confidence_interval":{"confidence_level":0.95,"lower_bound":-0.08609085792318623,"upper_bound":-0.05100054479230176},"point_estimate":-0.06640683999455943,"standard_error":0.008995016125555684}}