{"mean":{"confidence_interval":{"confidence_level":0.95,"lower_bound":-0.2610095548361003,"upper_bound":-0.25319426263672873},"point_estimate":-0.257415071967419,"standard_error":0.0019104194069603003},"median":{"confidence_interval":{"confidence_level":0.95,"lower_bound":-0.26081450886933166,"upper_bound":-0.25688846006842814},"point_estimate":-0.2583729867927066,"standard_error":0.000984518134105506}}