{"mean":{"confidence_interval":{"confidence_level":0.95,"lower_bound":-0.296357909267079,"upper_bound":-0.2874370547225432},"point_estimate":-0.2921939163951255,"standard_error":0.0022022462452254967},"median":{"confidence_interval":{"confidence_level":0.95,"lower_bound":-0.3019553885575066,"upper_bound":-0.2935841881443166},"point_estimate":-0.299160373063481,"standard_error":0.0018455931644632056}}