{"mean":{"confidence_interval":{"confidence_level":0.95,"lower_bound":-0.0026697009962299615,"upper_bound":0.006501190565623902},"point_estimate":0.0017339704850818372,"standard_error":0.002319548051754737},"median":{"confidence_interval":{"confidence_level":0.95,"lower_bound":0.0020479084758859845,"upper_bound":0.004965177817723321},"point_estimate":0.003455489107381249,"standard_error":0.0007209390532107458}}