{"mean":{"confidence_interval":{"confidence_level":0.95,"lower_bound":-0.010996887435690605,"upper_bound":-0.0030690164757232455},"point_estimate":-0.00741367294769979,"standard_error":0.0020040318508684047},"median":{"confidence_interval":{"confidence_level":0.95,"lower_bound":-0.0082905250190618,"upper_bound":-0.00383110851607793},"point_estimate":-0.005952530027343972,"standard_error":0.0011785118082658964}}