{"mean":{"confidence_interval":{"confidence_level":0.95,"lower_bound":-0.17587337009943904,"upper_bound":-0.15494853911831244},"point_estimate":-0.16399379750288634,"standard_error":0.005413937931274074},"median":{"confidence_interval":{"confidence_level":0.95,"lower_bound":-0.1577239909835647,"upper_bound":-0.14835345638833275},"point_estimate":-0.15117589954348276,"standard_error":0.0021866978897155417}}