{"mean":{"confidence_interval":{"confidence_level":0.95,"lower_bound":0.0007757584261495219,"upper_bound":0.0130619524396398},"point_estimate":0.006327639838988652,"standard_error":0.0031250037238067475},"median":{"confidence_interval":{"confidence_level":0.95,"lower_bound":0.0031840464866297324,"upper_bound":0.006701507688717134},"point_estimate":0.004969172697416369,"standard_error":0.0009065381192316285}}