{"mean":{"confidence_interval":{"confidence_level":0.95,"lower_bound":-0.00760595655861027,"upper_bound":0.004276644493221222},"point_estimate":-0.0010874091696664312,"standard_error":0.003037350780972362},"median":{"confidence_interval":{"confidence_level":0.95,"lower_bound":-0.00005080973098015029,"upper_bound":0.0035543512744717898},"point_estimate":0.002276614809466171,"standard_error":0.0009403653335528899}}