{"mean":{"confidence_interval":{"confidence_level":0.95,"lower_bound":0.10417045845998311,"upper_bound":0.23208918370311038},"point_estimate":0.18126485278124127,"standard_error":0.03566580026205489},"median":{"confidence_interval":{"confidence_level":0.95,"lower_bound":0.22491225245592972,"upper_bound":0.24726377716847936},"point_estimate":0.23347000511233928,"standard_error":0.005846703062780812}}