{"mean":{"confidence_interval":{"confidence_level":0.95,"lower_bound":-0.03746011451528389,"upper_bound":-0.008030128499231981},"point_estimate":-0.022748210595282536,"standard_error":0.007507407320517296},"median":{"confidence_interval":{"confidence_level":0.95,"lower_bound":-0.042615623783609835,"upper_bound":0.0017327334572063702},"point_estimate":-0.020019983024614718,"standard_error":0.011183828117546599}}