{"mean":{"confidence_interval":{"confidence_level":0.95,"lower_bound":0.010903302409922364,"upper_bound":0.03459101596191437},"point_estimate":0.022344980591632035,"standard_error":0.006071928339024428},"median":{"confidence_interval":{"confidence_level":0.95,"lower_bound":0.0051925849773068215,"upper_bound":0.03944332390527161},"point_estimate":0.023149098433902227,"standard_error":0.008027528820005365}}