{"mean":{"confidence_interval":{"confidence_level":0.95,"lower_bound":-0.001334079618715561,"upper_bound":0.006926441790410764},"point_estimate":0.002777241488973514,"standard_error":0.002103439944249645},"median":{"confidence_interval":{"confidence_level":0.95,"lower_bound":-0.00016759020808865266,"upper_bound":0.004422962036996658},"point_estimate":0.001966016451617536,"standard_error":0.0011896984613085637}}