{"mean":{"confidence_interval":{"confidence_level":0.95,"lower_bound":-0.14346390892789493,"upper_bound":-0.11024197150671854},"point_estimate":-0.12479780480063563,"standard_error":0.008591209165140714},"median":{"confidence_interval":{"confidence_level":0.95,"lower_bound":-0.11955370200391202,"upper_bound":-0.1077491926401372},"point_estimate":-0.1126928998337201,"standard_error":0.0030371788157815788}}