{"mean":{"confidence_interval":{"confidence_level":0.95,"lower_bound":-0.014659268697226106,"upper_bound":0.0017514077652789222},"point_estimate":-0.005852718378769439,"standard_error":0.004179215840872972},"median":{"confidence_interval":{"confidence_level":0.95,"lower_bound":-0.00315413893039429,"upper_bound":0.0017988413132414838},"point_estimate":-0.0013340422137800845,"standard_error":0.0013553693395498068}}