{"mean":{"confidence_interval":{"confidence_level":0.95,"lower_bound":0.0037376015323440097,"upper_bound":0.021866686001388035},"point_estimate":0.01356165875499471,"standard_error":0.004640877208063055},"median":{"confidence_interval":{"confidence_level":0.95,"lower_bound":0.004379904154947933,"upper_bound":0.015883643897167482},"point_estimate":0.006862149336182455,"standard_error":0.002715854305209356}}