{"mean":{"confidence_interval":{"confidence_level":0.95,"lower_bound":0.06793282462760433,"upper_bound":0.08970727878422456},"point_estimate":0.07924222665177072,"standard_error":0.005551486334591228},"median":{"confidence_interval":{"confidence_level":0.95,"lower_bound":0.07700071352197746,"upper_bound":0.09722066541566818},"point_estimate":0.08676646043292058,"standard_error":0.005448230624702668}}