{"mean":{"confidence_interval":{"confidence_level":0.95,"lower_bound":-0.02785717088864638,"upper_bound":-0.012784800714224866},"point_estimate":-0.02046371548293513,"standard_error":0.003849528073218316},"median":{"confidence_interval":{"confidence_level":0.95,"lower_bound":-0.03030047661144486,"upper_bound":-0.013452862942090657},"point_estimate":-0.020768875548508925,"standard_error":0.004415616156656992}}