{"mean":{"confidence_interval":{"confidence_level":0.95,"lower_bound":0.2802707607214403,"upper_bound":0.31406853636310794},"point_estimate":0.29772258572650423,"standard_error":0.008665438542943832},"median":{"confidence_interval":{"confidence_level":0.95,"lower_bound":0.28708384953617516,"upper_bound":0.31687437953105246},"point_estimate":0.2996154980100234,"standard_error":0.007698205738001014}}