{"mean":{"confidence_interval":{"confidence_level":0.95,"lower_bound":-0.055255136388260156,"upper_bound":-0.027855301472724484},"point_estimate":-0.04137543450496173,"standard_error":0.006994192748860263},"median":{"confidence_interval":{"confidence_level":0.95,"lower_bound":-0.09102655206790533,"upper_bound":-0.010353305936541402},"point_estimate":-0.07986683827757979,"standard_error":0.02279518349717028}}