{"mean":{"confidence_interval":{"confidence_level":0.95,"lower_bound":-0.0042307541869745545,"upper_bound":0.0014431867683857736},"point_estimate":-0.001584472285951155,"standard_error":0.0014442981194392342},"median":{"confidence_interval":{"confidence_level":0.95,"lower_bound":-0.003999231708653794,"upper_bound":-0.0003259067885504896},"point_estimate":-0.0019088026358556887,"standard_error":0.0009420841256390886}}