{"mean":{"confidence_interval":{"confidence_level":0.95,"lower_bound":16091481.1438125,"upper_bound":16257477.516562501},"point_estimate":16175016.04,"standard_error":42343.39883673511},"median":{"confidence_interval":{"confidence_level":0.95,"lower_bound":16115435.375,"upper_bound":16275783.25},"point_estimate":16178434.5,"standard_error":46141.69246754577},"median_abs_dev":{"confidence_interval":{"confidence_level":0.95,"lower_bound":327502.25703567266,"upper_bound":611380.1217958331},"point_estimate":468811.0844269395,"standard_error":75829.16711283807},"slope":null,"std_dev":{"confidence_interval":{"confidence_level":0.95,"lower_bound":372313.9930691699,"upper_bound":467398.89384924306},"point_estimate":423036.28232467757,"standard_error":24229.87352862601}}