{"mean":{"confidence_interval":{"confidence_level":0.95,"lower_bound":14679984.7596875,"upper_bound":14683065.58875},"point_estimate":14681470.85,"standard_error":785.1716231198648},"median":{"confidence_interval":{"confidence_level":0.95,"lower_bound":14680065.75,"upper_bound":14682842.0},"point_estimate":14681542.0,"standard_error":666.1650408095319},"median_abs_dev":{"confidence_interval":{"confidence_level":0.95,"lower_bound":4875.15936344862,"upper_bound":8190.808879584074},"point_estimate":7041.608574986458,"standard_error":835.1588295732015},"slope":null,"std_dev":{"confidence_interval":{"confidence_level":0.95,"lower_bound":6039.719278460332,"upper_bound":9988.733171334123},"point_estimate":7893.517053473997,"standard_error":1053.4009880017975}}