{"mean":{"confidence_interval":{"confidence_level":0.95,"lower_bound":6491870.30071875,"upper_bound":6494021.78203125},"point_estimate":6492907.6525,"standard_error":548.3922121825792},"median":{"confidence_interval":{"confidence_level":0.95,"lower_bound":6489829.625,"upper_bound":6492061.25},"point_estimate":6490754.5,"standard_error":605.6109704194566},"median_abs_dev":{"confidence_interval":{"confidence_level":0.95,"lower_bound":2618.086228519678,"upper_bound":5464.492852985859},"point_estimate":3664.2458349466324,"standard_error":763.3300891498993},"slope":null,"std_dev":{"confidence_interval":{"confidence_level":0.95,"lower_bound":4435.990831657876,"upper_bound":6656.41038900743},"point_estimate":5500.534041496367,"standard_error":580.5004633023136}}