{"mean":{"confidence_interval":{"confidence_level":0.95,"lower_bound":6491150.48390625,"upper_bound":6628527.4774375},"point_estimate":6537772.8125,"standard_error":44148.42433012848},"median":{"confidence_interval":{"confidence_level":0.95,"lower_bound":6489686.25,"upper_bound":6491294.25},"point_estimate":6490529.8125,"standard_error":383.4183623273819},"median_abs_dev":{"confidence_interval":{"confidence_level":0.95,"lower_bound":1774.0235310047865,"upper_bound":3007.824696600437},"point_estimate":2398.9394199103117,"standard_error":300.61112175857943},"slope":null,"std_dev":{"confidence_interval":{"confidence_level":0.95,"lower_bound":3887.3805984890296,"upper_bound":762469.6826958413},"point_estimate":444796.3732659367,"standard_error":272657.25470389455}}