{"mean":{"confidence_interval":{"confidence_level":0.95,"lower_bound":6493771.880500001,"upper_bound":6503906.33315625},"point_estimate":6498250.39375,"standard_error":2625.5762209271866},"median":{"confidence_interval":{"confidence_level":0.95,"lower_bound":6491629.9375,"upper_bound":6493046.375},"point_estimate":6492294.875,"standard_error":342.5262040861245},"median_abs_dev":{"confidence_interval":{"confidence_level":0.95,"lower_bound":2429.6107068657875,"upper_bound":4123.94448928535},"point_estimate":3403.4009020775557,"standard_error":441.6355347461996},"slope":null,"std_dev":{"confidence_interval":{"confidence_level":0.95,"lower_bound":10023.853125907042,"upper_bound":37344.3196852894},"point_estimate":26424.909616550412,"standard_error":6844.52715976489}}