{"mean":{"confidence_interval":{"confidence_level":0.95,"lower_bound":18619971.651666675,"upper_bound":19163697.349083327},"point_estimate":18882279.71666667,"standard_error":138415.82774812027},"median":{"confidence_interval":{"confidence_level":0.95,"lower_bound":18087207.5,"upper_bound":18477337.333333336},"point_estimate":18186274.833333336,"standard_error":97110.93215768963},"median_abs_dev":{"confidence_interval":{"confidence_level":0.95,"lower_bound":373656.7061662674,"upper_bound":929919.5060156316},"point_estimate":538145.9841460017,"standard_error":138741.9618947649},"slope":null,"std_dev":{"confidence_interval":{"confidence_level":0.95,"lower_bound":1125880.4508489252,"upper_bound":1588744.2424347575},"point_estimate":1381329.7635037147,"standard_error":119235.15983496049}}