{"mean":{"confidence_interval":{"confidence_level":0.95,"lower_bound":6491918.92125,"upper_bound":6515167.405},"point_estimate":6500893.1675,"standard_error":6140.93537540639},"median":{"confidence_interval":{"confidence_level":0.95,"lower_bound":6490195.875,"upper_bound":6491332.375},"point_estimate":6490562.625,"standard_error":303.33155263724217},"median_abs_dev":{"confidence_interval":{"confidence_level":0.95,"lower_bound":2029.4013764709234,"upper_bound":3384.6830774098635},"point_estimate":2766.253563389182,"standard_error":334.17029110581694},"slope":null,"std_dev":{"confidence_interval":{"confidence_level":0.95,"lower_bound":6274.202359637935,"upper_bound":102466.97865444813},"point_estimate":61741.70430519274,"standard_error":28194.12781473364}}