{"mean":{"confidence_interval":{"confidence_level":0.95,"lower_bound":13623650.075,"upper_bound":13755808.4750625},"point_estimate":13685230.45,"standard_error":33645.192383822476},"median":{"confidence_interval":{"confidence_level":0.95,"lower_bound":13533730.5,"upper_bound":13650529.375},"point_estimate":13581030.0,"standard_error":30590.20526193066},"median_abs_dev":{"confidence_interval":{"confidence_level":0.95,"lower_bound":120542.79085993767,"upper_bound":238187.4694213271},"point_estimate":163389.9300992489,"standard_error":29818.625727438033},"slope":null,"std_dev":{"confidence_interval":{"confidence_level":0.95,"lower_bound":224868.43871680027,"upper_bound":437775.92022582813},"point_estimate":337979.1693441486,"standard_error":54446.80155315449}}