{"mean":{"confidence_interval":{"confidence_level":0.95,"lower_bound":6492875.557062499,"upper_bound":6560781.51125},"point_estimate":6517859.795,"standard_error":18590.643401481895},"median":{"confidence_interval":{"confidence_level":0.95,"lower_bound":6489023.0,"upper_bound":6490768.970312499},"point_estimate":6489948.625,"standard_error":432.45332634843527},"median_abs_dev":{"confidence_interval":{"confidence_level":0.95,"lower_bound":2675.3516525030136,"upper_bound":4755.068765580654},"point_estimate":3838.821981847286,"standard_error":520.2382342993567},"slope":null,"std_dev":{"confidence_interval":{"confidence_level":0.95,"lower_bound":14228.492961690781,"upper_bound":315940.4538940276},"point_estimate":187892.95062953333,"standard_error":94467.75961632004}}