{"mean":{"confidence_interval":{"confidence_level":0.95,"lower_bound":6489923.637375,"upper_bound":6492526.7355},"point_estimate":6491075.5325,"standard_error":669.0421940208543},"median":{"confidence_interval":{"confidence_level":0.95,"lower_bound":6489112.5,"upper_bound":6490108.25},"point_estimate":6489458.125,"standard_error":248.66695304341962},"median_abs_dev":{"confidence_interval":{"confidence_level":0.95,"lower_bound":2118.6353623867035,"upper_bound":3724.661783874035},"point_estimate":3167.48218126595,"standard_error":389.314823958961},"slope":null,"std_dev":{"confidence_interval":{"confidence_level":0.95,"lower_bound":3103.448676386369,"upper_bound":9771.589651632792},"point_estimate":6723.462905254035,"standard_error":1749.4975931890701}}