{"mean":{"confidence_interval":{"confidence_level":0.95,"lower_bound":18223969.38099999,"upper_bound":18231621.741833337},"point_estimate":18227180.876666665,"standard_error":1977.4179940288075},"median":{"confidence_interval":{"confidence_level":0.95,"lower_bound":18221754.666666664,"upper_bound":18226504.666666668},"point_estimate":18224264.666666664,"standard_error":1303.9637716864102},"median_abs_dev":{"confidence_interval":{"confidence_level":0.95,"lower_bound":7325.773569937839,"upper_bound":12354.999780655828},"point_estimate":9513.102731108665,"standard_error":1246.0388257384382},"slope":null,"std_dev":{"confidence_interval":{"confidence_level":0.95,"lower_bound":9111.930716098042,"upper_bound":31021.008098544404},"point_estimate":19820.986884302452,"standard_error":7078.594009921667}}