{"mean":{"confidence_interval":{"confidence_level":0.95,"lower_bound":6491742.32296875,"upper_bound":6515951.895374999},"point_estimate":6500564.44,"standard_error":6832.401978930715},"median":{"confidence_interval":{"confidence_level":0.95,"lower_bound":6490072.375,"upper_bound":6492440.625},"point_estimate":6491531.875,"standard_error":455.59933662077225},"median_abs_dev":{"confidence_interval":{"confidence_level":0.95,"lower_bound":2199.159073457122,"upper_bound":4023.5910035669804},"point_estimate":3212.1455054730177,"standard_error":432.00093193113725},"slope":null,"std_dev":{"confidence_interval":{"confidence_level":0.95,"lower_bound":6995.042393496355,"upper_bound":116373.35902127852},"point_estimate":68708.25151386118,"standard_error":36062.336318064175}}