{"mean":{"confidence_interval":{"confidence_level":0.95,"lower_bound":14771916.708375001,"upper_bound":14777446.80525},"point_estimate":14774685.3225,"standard_error":1408.2656487745946},"median":{"confidence_interval":{"confidence_level":0.95,"lower_bound":14768945.25,"upper_bound":14780095.25},"point_estimate":14775471.625,"standard_error":2681.4748821332532},"median_abs_dev":{"confidence_interval":{"confidence_level":0.95,"lower_bound":12824.675097316504,"upper_bound":19144.4428101182},"point_estimate":16125.498613715172,"standard_error":1594.044467326348},"slope":null,"std_dev":{"confidence_interval":{"confidence_level":0.95,"lower_bound":12518.752431492843,"upper_bound":15576.650453826875},"point_estimate":14143.705116083482,"standard_error":780.564683208353}}