{"mean":{"confidence_interval":{"confidence_level":0.95,"lower_bound":6526157.6769375,"upper_bound":6531766.5200000005},"point_estimate":6528539.01375,"standard_error":1447.8391496450424},"median":{"confidence_interval":{"confidence_level":0.95,"lower_bound":6524983.6875,"upper_bound":6526079.0},"point_estimate":6525549.1875,"standard_error":254.50304922630323},"median_abs_dev":{"confidence_interval":{"confidence_level":0.95,"lower_bound":1897.628354122863,"upper_bound":3860.4123439639807},"point_estimate":2413.8580821454525,"standard_error":484.9826215730289},"slope":null,"std_dev":{"confidence_interval":{"confidence_level":0.95,"lower_bound":5204.443941012321,"upper_bound":22683.317232098118},"point_estimate":14559.95758328255,"standard_error":4878.644494033934}}