{"mean":{"confidence_interval":{"confidence_level":0.95,"lower_bound":6494927.666125,"upper_bound":6545309.1014375},"point_estimate":6515970.2575,"standard_error":13175.262495990495},"median":{"confidence_interval":{"confidence_level":0.95,"lower_bound":6490790.484375,"upper_bound":6492669.875},"point_estimate":6491408.0625,"standard_error":499.1842519696873},"median_abs_dev":{"confidence_interval":{"confidence_level":0.95,"lower_bound":2701.5751395374537,"upper_bound":4382.843509688973},"point_estimate":3527.7539748698473,"standard_error":409.2317647724412},"slope":null,"std_dev":{"confidence_interval":{"confidence_level":0.95,"lower_bound":14438.520156503646,"upper_bound":205253.98556992365},"point_estimate":131893.8532721376,"standard_error":49444.59884084057}}