{"mean":{"confidence_interval":{"confidence_level":0.95,"lower_bound":17837134.385916658,"upper_bound":18194486.48633333},"point_estimate":18011252.196666665,"standard_error":91577.01215905636},"median":{"confidence_interval":{"confidence_level":0.95,"lower_bound":17696153.333333332,"upper_bound":18109706.0},"point_estimate":17908136.333333332,"standard_error":98491.50802983213},"median_abs_dev":{"confidence_interval":{"confidence_level":0.95,"lower_bound":587183.5774929097,"upper_bound":930725.1137763262},"point_estimate":733317.9156810064,"standard_error":86216.82083591954},"slope":null,"std_dev":{"confidence_interval":{"confidence_level":0.95,"lower_bound":741668.8155576767,"upper_bound":1082693.6936207965},"point_estimate":921455.6685133807,"standard_error":87203.76525943434}}