{"mean":{"confidence_interval":{"confidence_level":0.95,"lower_bound":17128046.136,"upper_bound":17320020.35024999},"point_estimate":17220086.269999996,"standard_error":49090.45680944901},"median":{"confidence_interval":{"confidence_level":0.95,"lower_bound":16996878.5,"upper_bound":17173212.666666668},"point_estimate":17109812.5,"standard_error":47573.268409000506},"median_abs_dev":{"confidence_interval":{"confidence_level":0.95,"lower_bound":264028.07501256466,"upper_bound":485604.12367880344},"point_estimate":391013.7511581173,"standard_error":51350.750050673254},"slope":null,"std_dev":{"confidence_interval":{"confidence_level":0.95,"lower_bound":371214.17516777886,"upper_bound":617013.5515950074},"point_estimate":493120.68383728317,"standard_error":63388.98396648244}}