{"mean":{"confidence_interval":{"confidence_level":0.95,"lower_bound":6491927.2344375,"upper_bound":6501255.7310625},"point_estimate":6495985.90625,"standard_error":2348.195631002198},"median":{"confidence_interval":{"confidence_level":0.95,"lower_bound":6490669.0625,"upper_bound":6492320.875},"point_estimate":6491574.5,"standard_error":460.54174951188975},"median_abs_dev":{"confidence_interval":{"confidence_level":0.95,"lower_bound":2155.6076992303133,"upper_bound":3587.2641478758255},"point_estimate":2845.3873369842768,"standard_error":357.78318625135677},"slope":null,"std_dev":{"confidence_interval":{"confidence_level":0.95,"lower_bound":3315.494392431858,"upper_bound":34752.73214756766},"point_estimate":23435.85500419348,"standard_error":7106.428628252358}}