{"mean":{"confidence_interval":{"confidence_level":0.95,"lower_bound":14682389.014875,"upper_bound":14699407.110749999},"point_estimate":14689326.155,"standard_error":4468.240334435114},"median":{"confidence_interval":{"confidence_level":0.95,"lower_bound":14681137.5,"upper_bound":14686937.75},"point_estimate":14683900.25,"standard_error":1197.737698720549},"median_abs_dev":{"confidence_interval":{"confidence_level":0.95,"lower_bound":6338.114887475967,"upper_bound":10545.362962782383},"point_estimate":8339.810176938772,"standard_error":1151.7733188523075},"slope":null,"std_dev":{"confidence_interval":{"confidence_level":0.95,"lower_bound":7864.704543309397,"upper_bound":71776.87882262426},"point_estimate":45005.815864295066,"standard_error":17516.09502464244}}