{"mean":{"confidence_interval":{"confidence_level":0.95,"lower_bound":18211127.42575,"upper_bound":18215094.381333344},"point_estimate":18213027.056666672,"standard_error":1017.3198053373344},"median":{"confidence_interval":{"confidence_level":0.95,"lower_bound":18209615.666666668,"upper_bound":18213299.0},"point_estimate":18211132.333333336,"standard_error":889.6241945256498},"median_abs_dev":{"confidence_interval":{"confidence_level":0.95,"lower_bound":5214.057007430143,"upper_bound":8722.629845143285},"point_estimate":6795.249879363881,"standard_error":857.3482610906739},"slope":null,"std_dev":{"confidence_interval":{"confidence_level":0.95,"lower_bound":7418.817866724134,"upper_bound":12758.780882412093},"point_estimate":10267.33646893048,"standard_error":1368.797167652571}}