{"mean":{"confidence_interval":{"confidence_level":0.95,"lower_bound":35604.561908866286,"upper_bound":35744.92794736116},"point_estimate":35665.02611522716,"standard_error":36.42659504722984},"median":{"confidence_interval":{"confidence_level":0.95,"lower_bound":35609.64868035191,"upper_bound":35673.329545454544},"point_estimate":35638.774470734745,"standard_error":18.723032761654842},"median_abs_dev":{"confidence_interval":{"confidence_level":0.95,"lower_bound":98.83911650536874,"upper_bound":169.3192068121654},"point_estimate":134.87808851452428,"standard_error":17.271026499450794},"slope":{"confidence_interval":{"confidence_level":0.95,"lower_bound":35650.9272951022,"upper_bound":35803.059904132555},"point_estimate":35713.74212421242,"standard_error":39.85769331628607},"std_dev":{"confidence_interval":{"confidence_level":0.95,"lower_bound":142.1905626264522,"upper_bound":571.713972564529},"point_estimate":365.39132843175275,"standard_error":121.8123166854735}}