{"mean":{"confidence_interval":{"confidence_level":0.95,"lower_bound":44737.58772993079,"upper_bound":44827.37574793354},"point_estimate":44777.71884955284,"standard_error":23.06266369028337},"median":{"confidence_interval":{"confidence_level":0.95,"lower_bound":44744.75439814814,"upper_bound":44786.10935302391},"point_estimate":44764.49111757106,"standard_error":11.764325936035286},"median_abs_dev":{"confidence_interval":{"confidence_level":0.95,"lower_bound":63.86637240733848,"upper_bound":107.09561938935941},"point_estimate":84.90943669507126,"standard_error":10.801365253091149},"slope":{"confidence_interval":{"confidence_level":0.95,"lower_bound":44766.53957957546,"upper_bound":44872.54663226631},"point_estimate":44808.35087992381,"standard_error":27.970342707126562},"std_dev":{"confidence_interval":{"confidence_level":0.95,"lower_bound":119.04547021599517,"upper_bound":345.7966671635476},"point_estimate":231.57058500470472,"standard_error":63.87446927946307}}