{"mean":{"confidence_interval":{"confidence_level":0.95,"lower_bound":35665.000183860524,"upper_bound":35757.47256876392},"point_estimate":35708.23702041983,"standard_error":23.602267324029253},"median":{"confidence_interval":{"confidence_level":0.95,"lower_bound":35673.59295682071,"upper_bound":35709.45517912671},"point_estimate":35696.117647058825,"standard_error":9.750855061915933},"median_abs_dev":{"confidence_interval":{"confidence_level":0.95,"lower_bound":82.67840646062554,"upper_bound":144.55769979028037},"point_estimate":113.52584442720142,"standard_error":14.944251133874902},"slope":{"confidence_interval":{"confidence_level":0.95,"lower_bound":35700.31073763466,"upper_bound":35753.706729584206},"point_estimate":35725.794547066645,"standard_error":13.615850813391479},"std_dev":{"confidence_interval":{"confidence_level":0.95,"lower_bound":152.86428169724428,"upper_bound":331.4436014122146},"point_estimate":237.4956130268966,"standard_error":49.642863492013525}}