{"mean":{"confidence_interval":{"confidence_level":0.95,"lower_bound":35652.033232060465,"upper_bound":35781.3475636077},"point_estimate":35705.02764668395,"standard_error":33.76173453965885},"median":{"confidence_interval":{"confidence_level":0.95,"lower_bound":35650.183971291866,"upper_bound":35692.46464646464},"point_estimate":35666.449944202745,"standard_error":10.322436616391442},"median_abs_dev":{"confidence_interval":{"confidence_level":0.95,"lower_bound":73.5445347296865,"upper_bound":121.6766778696104},"point_estimate":98.4499478389431,"standard_error":12.012378415084891},"slope":{"confidence_interval":{"confidence_level":0.95,"lower_bound":35656.96459911541,"upper_bound":35744.347029444885},"point_estimate":35696.874606177036,"standard_error":22.344777148029706},"std_dev":{"confidence_interval":{"confidence_level":0.95,"lower_bound":129.34141106069194,"upper_bound":545.1392720822023},"point_estimate":338.69439915947504,"standard_error":134.87558145463436}}