{"mean":{"confidence_interval":{"confidence_level":0.95,"lower_bound":45354.90086949239,"upper_bound":45498.665974444106},"point_estimate":45415.742493991274,"standard_error":37.373551907299486},"median":{"confidence_interval":{"confidence_level":0.95,"lower_bound":45355.6221340388,"upper_bound":45391.375879889514},"point_estimate":45368.59363425926,"standard_error":9.320350154437165},"median_abs_dev":{"confidence_interval":{"confidence_level":0.95,"lower_bound":52.77384190263699,"upper_bound":105.74559948489912},"point_estimate":75.64732706939024,"standard_error":13.581496472837408},"slope":{"confidence_interval":{"confidence_level":0.95,"lower_bound":45381.21245094821,"upper_bound":45558.5542324271},"point_estimate":45446.23131077287,"standard_error":48.40462291711051},"std_dev":{"confidence_interval":{"confidence_level":0.95,"lower_bound":149.43816648416578,"upper_bound":592.5558555827565},"point_estimate":376.106699324772,"standard_error":132.7969761815013}}