{"mean":{"confidence_interval":{"confidence_level":0.95,"lower_bound":45372.47550036601,"upper_bound":45424.28952767148},"point_estimate":45398.06755974573,"standard_error":13.198219641527414},"median":{"confidence_interval":{"confidence_level":0.95,"lower_bound":45361.51812865497,"upper_bound":45400.36363636364},"point_estimate":45375.25811688312,"standard_error":10.960327708218035},"median_abs_dev":{"confidence_interval":{"confidence_level":0.95,"lower_bound":65.16606134938549,"upper_bound":121.27954106907937},"point_estimate":89.43386832527402,"standard_error":13.934805914816327},"slope":{"confidence_interval":{"confidence_level":0.95,"lower_bound":45370.60956750752,"upper_bound":45407.66776873689},"point_estimate":45388.166298868695,"standard_error":9.424226122676057},"std_dev":{"confidence_interval":{"confidence_level":0.95,"lower_bound":105.22768224605615,"upper_bound":157.77498858354096},"point_estimate":132.50117293689286,"standard_error":13.466072010355287}}