{"mean":{"confidence_interval":{"confidence_level":0.95,"lower_bound":35614.22592665839,"upper_bound":35818.96343335304},"point_estimate":35694.251060701055,"standard_error":54.45914389109076},"median":{"confidence_interval":{"confidence_level":0.95,"lower_bound":35610.749011857704,"upper_bound":35658.08695652174},"point_estimate":35630.83716206752,"standard_error":14.205515985934152},"median_abs_dev":{"confidence_interval":{"confidence_level":0.95,"lower_bound":90.5716755824503,"upper_bound":164.56893849018095},"point_estimate":120.83575873628973,"standard_error":19.158434514088533},"slope":{"confidence_interval":{"confidence_level":0.95,"lower_bound":35638.54053778185,"upper_bound":35805.7175845333},"point_estimate":35710.93380012628,"standard_error":42.916796488421056},"std_dev":{"confidence_interval":{"confidence_level":0.95,"lower_bound":158.70316096812502,"upper_bound":903.7430999636108},"point_estimate":548.1615389765586,"standard_error":246.92161926879365}}