{"mean":{"confidence_interval":{"confidence_level":0.95,"lower_bound":35484.88019084714,"upper_bound":35585.9523328152},"point_estimate":35530.80697969819,"standard_error":25.8588487598246},"median":{"confidence_interval":{"confidence_level":0.95,"lower_bound":35479.62442607897,"upper_bound":35547.69390103567},"point_estimate":35527.67158018868,"standard_error":20.464386352116755},"median_abs_dev":{"confidence_interval":{"confidence_level":0.95,"lower_bound":83.3946299800346,"upper_bound":134.4439239130601},"point_estimate":105.22728478438457,"standard_error":13.128264313021592},"slope":{"confidence_interval":{"confidence_level":0.95,"lower_bound":35511.52088702454,"upper_bound":35692.0313599088},"point_estimate":35588.03261388825,"standard_error":47.07259504039664},"std_dev":{"confidence_interval":{"confidence_level":0.95,"lower_bound":127.30589586648051,"upper_bound":374.81570843460383},"point_estimate":260.4045560795523,"standard_error":64.61505934056771}}