{"mean":{"confidence_interval":{"confidence_level":0.95,"lower_bound":50068.18522981734,"upper_bound":50146.02292974933},"point_estimate":50106.09071442777,"standard_error":19.903940097606693},"median":{"confidence_interval":{"confidence_level":0.95,"lower_bound":50051.058333333334,"upper_bound":50117.75985663082},"point_estimate":50081.781926406926,"standard_error":15.514848331403696},"median_abs_dev":{"confidence_interval":{"confidence_level":0.95,"lower_bound":89.87621329371464,"upper_bound":144.57739393529164},"point_estimate":118.67422514536533,"standard_error":14.161822651026073},"slope":{"confidence_interval":{"confidence_level":0.95,"lower_bound":50049.22978598986,"upper_bound":50090.03477123947},"point_estimate":50069.4050332496,"standard_error":10.401043903215072},"std_dev":{"confidence_interval":{"confidence_level":0.95,"lower_bound":148.12650592975953,"upper_bound":245.4616688955212},"point_estimate":200.06664929906475,"standard_error":24.74983850926143}}