{"mean":{"confidence_interval":{"confidence_level":0.95,"lower_bound":49557.152712485615,"upper_bound":50185.7394557313},"point_estimate":49869.07575865142,"standard_error":160.06363597176136},"median":{"confidence_interval":{"confidence_level":0.95,"lower_bound":49354.96375,"upper_bound":50063.845196759255},"point_estimate":49730.16724137931,"standard_error":161.24718844227445},"median_abs_dev":{"confidence_interval":{"confidence_level":0.95,"lower_bound":1314.5363660123412,"upper_bound":2059.002751754673},"point_estimate":1744.9650723990537,"standard_error":178.72081611558892},"slope":{"confidence_interval":{"confidence_level":0.95,"lower_bound":49573.56265723126,"upper_bound":50314.43790184387},"point_estimate":49940.656581941774,"standard_error":188.28373470827623},"std_dev":{"confidence_interval":{"confidence_level":0.95,"lower_bound":1391.9669940383208,"upper_bound":1796.475669252603},"point_estimate":1607.1539264095388,"standard_error":103.00421117689243}}