{"mean":{"confidence_interval":{"confidence_level":0.95,"lower_bound":35566.17248694582,"upper_bound":35731.55342554202},"point_estimate":35631.83758907771,"standard_error":43.68876174854579},"median":{"confidence_interval":{"confidence_level":0.95,"lower_bound":35566.01930187038,"upper_bound":35604.32323232323},"point_estimate":35589.445175840694,"standard_error":9.203717118562373},"median_abs_dev":{"confidence_interval":{"confidence_level":0.95,"lower_bound":68.3420543062812,"upper_bound":122.27336693498408},"point_estimate":96.42922222743411,"standard_error":13.42495620420003},"slope":{"confidence_interval":{"confidence_level":0.95,"lower_bound":35579.973816965525,"upper_bound":35628.799896168755},"point_estimate":35603.52812740976,"standard_error":12.367639697072631},"std_dev":{"confidence_interval":{"confidence_level":0.95,"lower_bound":140.39679610291364,"upper_bound":717.6140048206448},"point_estimate":437.73432636569305,"standard_error":190.72564222585345}}