{"mean":{"confidence_interval":{"confidence_level":0.95,"lower_bound":35530.509739283356,"upper_bound":35682.94927297909},"point_estimate":35598.99247314937,"standard_error":39.03231709611303},"median":{"confidence_interval":{"confidence_level":0.95,"lower_bound":35504.973713033956,"upper_bound":35567.78378378379},"point_estimate":35521.39467766117,"standard_error":14.56591996019554},"median_abs_dev":{"confidence_interval":{"confidence_level":0.95,"lower_bound":93.92236146757335,"upper_bound":147.59311700519672},"point_estimate":121.86280552538629,"standard_error":13.755448930996739},"slope":{"confidence_interval":{"confidence_level":0.95,"lower_bound":35532.88646650145,"upper_bound":35668.79860077165},"point_estimate":35591.696238698496,"standard_error":35.05147176746025},"std_dev":{"confidence_interval":{"confidence_level":0.95,"lower_bound":196.7947013490852,"upper_bound":568.3841423460633},"point_estimate":391.7275929688673,"standard_error":97.41778074439597}}