{"mean":{"confidence_interval":{"confidence_level":0.95,"lower_bound":49918.60273542013,"upper_bound":49976.305284219365},"point_estimate":49948.10804622706,"standard_error":14.704774458812757},"median":{"confidence_interval":{"confidence_level":0.95,"lower_bound":49937.67024410774,"upper_bound":49961.540965207634},"point_estimate":49953.92094017094,"standard_error":6.046430835204614},"median_abs_dev":{"confidence_interval":{"confidence_level":0.95,"lower_bound":59.47146449817438,"upper_bound":125.89573179268695},"point_estimate":99.2826470718773,"standard_error":17.099627417599553},"slope":{"confidence_interval":{"confidence_level":0.95,"lower_bound":49935.5880476908,"upper_bound":49980.23536955433},"point_estimate":49957.34780191452,"standard_error":11.35921390913821},"std_dev":{"confidence_interval":{"confidence_level":0.95,"lower_bound":114.77278610904258,"upper_bound":177.47451960046786},"point_estimate":147.7415121999641,"standard_error":16.09287142703489}}