{"mean":{"confidence_interval":{"confidence_level":0.95,"lower_bound":35580.0438472877,"upper_bound":35786.615882790036},"point_estimate":35665.53534360806,"standard_error":53.848141101478625},"median":{"confidence_interval":{"confidence_level":0.95,"lower_bound":35572.64462809917,"upper_bound":35620.48121212121},"point_estimate":35601.37063160339,"standard_error":11.882105566410905},"median_abs_dev":{"confidence_interval":{"confidence_level":0.95,"lower_bound":65.68694212884219,"upper_bound":126.75769210736011},"point_estimate":97.13321357579372,"standard_error":15.47983056750857},"slope":{"confidence_interval":{"confidence_level":0.95,"lower_bound":35595.77006328904,"upper_bound":35783.873942217586},"point_estimate":35677.27953490872,"standard_error":48.526282198113016},"std_dev":{"confidence_interval":{"confidence_level":0.95,"lower_bound":177.74076212887837,"upper_bound":863.0953562864842},"point_estimate":541.5351989956846,"standard_error":202.38348562166007}}