{"mean":{"confidence_interval":{"confidence_level":0.95,"lower_bound":49985.40151298787,"upper_bound":50054.60105254113},"point_estimate":50019.651858139056,"standard_error":17.580602500721515},"median":{"confidence_interval":{"confidence_level":0.95,"lower_bound":49988.33744855967,"upper_bound":50042.050162800166},"point_estimate":50014.9682437276,"standard_error":13.314620167042186},"median_abs_dev":{"confidence_interval":{"confidence_level":0.95,"lower_bound":75.02273984613936,"upper_bound":139.2846670770413},"point_estimate":106.24335946131703,"standard_error":16.320796086888606},"slope":{"confidence_interval":{"confidence_level":0.95,"lower_bound":50006.184885418916,"upper_bound":50045.26684836185},"point_estimate":50025.28801865261,"standard_error":9.95574286529321},"std_dev":{"confidence_interval":{"confidence_level":0.95,"lower_bound":130.84986374989532,"upper_bound":220.84564235884946},"point_estimate":176.68641646542412,"standard_error":23.078440622607623}}