{"mean":{"confidence_interval":{"confidence_level":0.95,"lower_bound":35524.52601241455,"upper_bound":35696.69423907005},"point_estimate":35593.06025440777,"standard_error":45.24044564085586},"median":{"confidence_interval":{"confidence_level":0.95,"lower_bound":35524.714512759965,"upper_bound":35590.26118326118},"point_estimate":35548.08614639037,"standard_error":17.59930693101113},"median_abs_dev":{"confidence_interval":{"confidence_level":0.95,"lower_bound":84.335886060454,"upper_bound":142.02839900539198},"point_estimate":114.33535068347261,"standard_error":14.870744687295016},"slope":{"confidence_interval":{"confidence_level":0.95,"lower_bound":35561.384804722715,"upper_bound":35729.58249225817},"point_estimate":35625.65747571772,"standard_error":44.74492790878936},"std_dev":{"confidence_interval":{"confidence_level":0.95,"lower_bound":139.29563446888315,"upper_bound":743.8867294586275},"point_estimate":454.1309792475598,"standard_error":195.16856032652024}}