{"mean":{"confidence_interval":{"confidence_level":0.95,"lower_bound":35539.86217711606,"upper_bound":35707.04043385768},"point_estimate":35607.88819280112,"standard_error":43.67493370168549},"median":{"confidence_interval":{"confidence_level":0.95,"lower_bound":35514.700443731825,"upper_bound":35573.65315915756},"point_estimate":35544.59956709957,"standard_error":13.838264112187613},"median_abs_dev":{"confidence_interval":{"confidence_level":0.95,"lower_bound":91.89906572473707,"upper_bound":150.21614528034564},"point_estimate":110.40527625746881,"standard_error":15.141898790677818},"slope":{"confidence_interval":{"confidence_level":0.95,"lower_bound":35533.75264340942,"upper_bound":35686.57838925065},"point_estimate":35597.615398524926,"standard_error":39.266768099731614},"std_dev":{"confidence_interval":{"confidence_level":0.95,"lower_bound":158.88611642530984,"upper_bound":707.7357132531299},"point_estimate":440.03522957521056,"standard_error":175.61185462334225}}