{"mean":{"confidence_interval":{"confidence_level":0.95,"lower_bound":45443.06648092168,"upper_bound":45498.79572867026},"point_estimate":45470.89397765883,"standard_error":14.158007987715878},"median":{"confidence_interval":{"confidence_level":0.95,"lower_bound":45442.517503805175,"upper_bound":45491.58888888889},"point_estimate":45463.302547534164,"standard_error":12.079536177077053},"median_abs_dev":{"confidence_interval":{"confidence_level":0.95,"lower_bound":67.95628677927246,"upper_bound":117.1879169288085},"point_estimate":79.72512401194332,"standard_error":12.421325314077137},"slope":{"confidence_interval":{"confidence_level":0.95,"lower_bound":45464.92779725385,"upper_bound":45499.49374918039},"point_estimate":45481.75106579315,"standard_error":8.819845879113407},"std_dev":{"confidence_interval":{"confidence_level":0.95,"lower_bound":109.59625511354122,"upper_bound":173.09906688177128},"point_estimate":142.7845274967551,"standard_error":16.220040248201524}}