{"mean":{"confidence_interval":{"confidence_level":0.95,"lower_bound":52719.4765218985,"upper_bound":54340.38044857821},"point_estimate":53468.575169033946,"standard_error":414.0332893632365},"median":{"confidence_interval":{"confidence_level":0.95,"lower_bound":51704.21428571428,"upper_bound":53405.478485370055},"point_estimate":52195.68253968254,"standard_error":464.4974354153608},"median_abs_dev":{"confidence_interval":{"confidence_level":0.95,"lower_bound":1699.7367018028872,"upper_bound":3132.4437521485406},"point_estimate":2282.9230891366856,"standard_error":359.8355935794619},"slope":{"confidence_interval":{"confidence_level":0.95,"lower_bound":52428.079746633324,"upper_bound":53611.962346026194},"point_estimate":52986.340945344,"standard_error":301.77755307105264},"std_dev":{"confidence_interval":{"confidence_level":0.95,"lower_bound":2476.573913623158,"upper_bound":5771.62160469633},"point_estimate":4153.640108664692,"standard_error":866.3767473766753}}