{"mean":{"confidence_interval":{"confidence_level":0.95,"lower_bound":35615.67896690537,"upper_bound":35831.428769947874},"point_estimate":35705.90520492116,"standard_error":55.94922707061455},"median":{"confidence_interval":{"confidence_level":0.95,"lower_bound":35610.46335020912,"upper_bound":35660.16852458519},"point_estimate":35633.001952592866,"standard_error":14.302824046842066},"median_abs_dev":{"confidence_interval":{"confidence_level":0.95,"lower_bound":81.49100230404137,"upper_bound":163.6376912260554},"point_estimate":112.34672009098493,"standard_error":20.44803530523569},"slope":{"confidence_interval":{"confidence_level":0.95,"lower_bound":35644.052641467635,"upper_bound":35805.01091518192},"point_estimate":35712.467549740046,"standard_error":41.392745656043594},"std_dev":{"confidence_interval":{"confidence_level":0.95,"lower_bound":179.71609879276764,"upper_bound":892.2505496381202},"point_estimate":563.821877965808,"standard_error":202.19798632314397}}