{"mean":{"confidence_interval":{"confidence_level":0.95,"lower_bound":35592.01550399215,"upper_bound":35740.70665449587},"point_estimate":35657.043092005224,"standard_error":38.249255351245296},"median":{"confidence_interval":{"confidence_level":0.95,"lower_bound":35583.34541216359,"upper_bound":35639.05303030303},"point_estimate":35615.267393320966,"standard_error":14.264929554658355},"median_abs_dev":{"confidence_interval":{"confidence_level":0.95,"lower_bound":90.55690260921276,"upper_bound":164.99587939163598},"point_estimate":127.82548842583216,"standard_error":19.512185289617452},"slope":{"confidence_interval":{"confidence_level":0.95,"lower_bound":35642.27549457406,"upper_bound":35927.10156718144},"point_estimate":35760.96227628733,"standard_error":74.61349812811963},"std_dev":{"confidence_interval":{"confidence_level":0.95,"lower_bound":167.514210254053,"upper_bound":583.1372419232937},"point_estimate":383.9499645052037,"standard_error":113.1944427344059}}