{"mean":{"confidence_interval":{"confidence_level":0.95,"lower_bound":50055.9084780409,"upper_bound":50135.96166617721},"point_estimate":50095.32389685741,"standard_error":20.297315531925463},"median":{"confidence_interval":{"confidence_level":0.95,"lower_bound":50092.2962962963,"upper_bound":50126.95138888889},"point_estimate":50102.955580440466,"standard_error":9.791099081027072},"median_abs_dev":{"confidence_interval":{"confidence_level":0.95,"lower_bound":62.160809211224695,"upper_bound":121.33300597268043},"point_estimate":81.92692117604624,"standard_error":15.60024553292859},"slope":{"confidence_interval":{"confidence_level":0.95,"lower_bound":50100.71028523989,"upper_bound":50189.55659535927},"point_estimate":50136.21359112031,"standard_error":23.473927412750886},"std_dev":{"confidence_interval":{"confidence_level":0.95,"lower_bound":141.0896151570539,"upper_bound":265.5959282582614},"point_estimate":204.02183117612898,"standard_error":32.30730973336991}}