{"mean":{"confidence_interval":{"confidence_level":0.95,"lower_bound":45392.89099781239,"upper_bound":45467.19351499541},"point_estimate":45429.23016929294,"standard_error":18.917379933974072},"median":{"confidence_interval":{"confidence_level":0.95,"lower_bound":45386.841838931956,"upper_bound":45435.686177893294},"point_estimate":45415.34908312568,"standard_error":11.736310264651344},"median_abs_dev":{"confidence_interval":{"confidence_level":0.95,"lower_bound":66.11312537797582,"upper_bound":137.37559675535695},"point_estimate":95.26436745393015,"standard_error":17.995462685792628},"slope":{"confidence_interval":{"confidence_level":0.95,"lower_bound":45393.5258887495,"upper_bound":45434.30423007288},"point_estimate":45413.15516312826,"standard_error":10.403054463452559},"std_dev":{"confidence_interval":{"confidence_level":0.95,"lower_bound":137.96312243479386,"upper_bound":240.5849353673057},"point_estimate":189.80257292847548,"standard_error":26.465729478866244}}