{"mean":{"confidence_interval":{"confidence_level":0.95,"lower_bound":35610.95226282895,"upper_bound":35832.96310800406},"point_estimate":35709.61835051776,"standard_error":57.18602071970784},"median":{"confidence_interval":{"confidence_level":0.95,"lower_bound":35557.48229665072,"upper_bound":35626.87970615243},"point_estimate":35590.33335485537,"standard_error":18.43925256113128},"median_abs_dev":{"confidence_interval":{"confidence_level":0.95,"lower_bound":85.37886786828058,"upper_bound":141.77875760973507},"point_estimate":113.97009412436793,"standard_error":14.017393305903244},"slope":{"confidence_interval":{"confidence_level":0.95,"lower_bound":35633.95984838435,"upper_bound":35962.491305319476},"point_estimate":35780.43723658933,"standard_error":84.58579449403123},"std_dev":{"confidence_interval":{"confidence_level":0.95,"lower_bound":273.82871989806614,"upper_bound":839.1565948875709},"point_estimate":573.4345805094969,"standard_error":148.9342828755261}}