{"mean":{"confidence_interval":{"confidence_level":0.95,"lower_bound":57486.59052765118,"upper_bound":58158.90785921624},"point_estimate":57815.0907814824,"standard_error":171.63903861209278},"median":{"confidence_interval":{"confidence_level":0.95,"lower_bound":57392.95238095238,"upper_bound":58073.440305457254},"point_estimate":57750.92857142857,"standard_error":182.6281041206223},"median_abs_dev":{"confidence_interval":{"confidence_level":0.95,"lower_bound":1107.569202634015,"upper_bound":1820.5010715258009},"point_estimate":1412.2823062053694,"standard_error":180.32632720076217},"slope":{"confidence_interval":{"confidence_level":0.95,"lower_bound":57380.9159012436,"upper_bound":58232.13042390082},"point_estimate":57769.9166395744,"standard_error":217.45668476093797},"std_dev":{"confidence_interval":{"confidence_level":0.95,"lower_bound":1336.7911861722341,"upper_bound":2107.831471904662},"point_estimate":1729.552298391995,"standard_error":198.42524042283068}}