{"mean":{"confidence_interval":{"confidence_level":0.95,"lower_bound":52796.50146609735,"upper_bound":53235.130557988945},"point_estimate":53022.40508328701,"standard_error":111.85986955261642},"median":{"confidence_interval":{"confidence_level":0.95,"lower_bound":52972.970606134375,"upper_bound":53550.73943661972},"point_estimate":53259.179210069444,"standard_error":134.719699163569},"median_abs_dev":{"confidence_interval":{"confidence_level":0.95,"lower_bound":730.5680706474693,"upper_bound":1137.8960372684796},"point_estimate":891.6323106168609,"standard_error":104.46286922397599},"slope":{"confidence_interval":{"confidence_level":0.95,"lower_bound":52615.753156382634,"upper_bound":53278.16176866621},"point_estimate":52957.84109428107,"standard_error":169.65564855607943},"std_dev":{"confidence_interval":{"confidence_level":0.95,"lower_bound":898.4730453834196,"upper_bound":1336.2509289128593},"point_estimate":1129.6867635907488,"standard_error":111.70719658028607}}