{"mean":{"confidence_interval":{"confidence_level":0.95,"lower_bound":35672.99809751765,"upper_bound":35847.248468752914},"point_estimate":35750.16395720831,"standard_error":44.842639496932875},"median":{"confidence_interval":{"confidence_level":0.95,"lower_bound":35673.68939393939,"upper_bound":35726.804932796804},"point_estimate":35698.4924438349,"standard_error":12.212932313632095},"median_abs_dev":{"confidence_interval":{"confidence_level":0.95,"lower_bound":82.10414525525673,"upper_bound":144.4111791377771},"point_estimate":110.88287907915527,"standard_error":16.86834928816627},"slope":{"confidence_interval":{"confidence_level":0.95,"lower_bound":35699.36313650909,"upper_bound":35911.82373811979},"point_estimate":35792.67795451187,"standard_error":54.688333249383156},"std_dev":{"confidence_interval":{"confidence_level":0.95,"lower_bound":202.04918872189614,"upper_bound":662.5901042220435},"point_estimate":450.7656491248482,"standard_error":120.34899279314665}}