{"mean":{"confidence_interval":{"confidence_level":0.95,"lower_bound":35618.26592703355,"upper_bound":35887.410723974215},"point_estimate":35735.3881888573,"standard_error":69.34510940503917},"median":{"confidence_interval":{"confidence_level":0.95,"lower_bound":35576.22537878788,"upper_bound":35611.619318181816},"point_estimate":35595.64426245396,"standard_error":8.19425319635832},"median_abs_dev":{"confidence_interval":{"confidence_level":0.95,"lower_bound":88.36294230902007,"upper_bound":146.67996710276248},"point_estimate":118.76575517572375,"standard_error":15.36791789740121},"slope":{"confidence_interval":{"confidence_level":0.95,"lower_bound":35632.93867537776,"upper_bound":36152.51739388671},"point_estimate":35831.45144565203,"standard_error":140.33359061480635},"std_dev":{"confidence_interval":{"confidence_level":0.95,"lower_bound":280.48821139453304,"upper_bound":1054.6948686988114},"point_estimate":696.8916241653747,"standard_error":206.61846194092058}}