{"mean":{"confidence_interval":{"confidence_level":0.95,"lower_bound":35640.67937675491,"upper_bound":35838.746586467416},"point_estimate":35724.74127222341,"standard_error":51.18079700927191},"median":{"confidence_interval":{"confidence_level":0.95,"lower_bound":35608.982683982686,"upper_bound":35685.760684561246},"point_estimate":35636.664226682406,"standard_error":18.579139047867198},"median_abs_dev":{"confidence_interval":{"confidence_level":0.95,"lower_bound":103.61748066394678,"upper_bound":173.1635053814835},"point_estimate":149.87290348033076,"standard_error":17.274302517055446},"slope":{"confidence_interval":{"confidence_level":0.95,"lower_bound":35654.711073782244,"upper_bound":35923.40515131721},"point_estimate":35763.10526216801,"standard_error":71.05570339017079},"std_dev":{"confidence_interval":{"confidence_level":0.95,"lower_bound":147.12659235671939,"upper_bound":792.0264853792074},"point_estimate":513.2684516564846,"standard_error":170.9802001540173}}