{"mean":{"confidence_interval":{"confidence_level":0.95,"lower_bound":35591.791714640516,"upper_bound":35696.03132015289},"point_estimate":35640.35884972502,"standard_error":26.576157795995815},"median":{"confidence_interval":{"confidence_level":0.95,"lower_bound":35586.46212121212,"upper_bound":35625.34457750042},"point_estimate":35609.86461538462,"standard_error":10.388519252442888},"median_abs_dev":{"confidence_interval":{"confidence_level":0.95,"lower_bound":62.53807486375013,"upper_bound":106.39513098637211},"point_estimate":89.91018887755735,"standard_error":11.499153281395664},"slope":{"confidence_interval":{"confidence_level":0.95,"lower_bound":35607.139241141354,"upper_bound":35781.92298402989},"point_estimate":35685.81233284523,"standard_error":45.05884216830671},"std_dev":{"confidence_interval":{"confidence_level":0.95,"lower_bound":160.2183196883755,"upper_bound":355.0287989764716},"point_estimate":267.69979462220374,"standard_error":49.77805663199407}}