{"mean":{"confidence_interval":{"confidence_level":0.95,"lower_bound":35847.18239706919,"upper_bound":37069.43308476738},"point_estimate":36366.86270724187,"standard_error":315.80492868496736},"median":{"confidence_interval":{"confidence_level":0.95,"lower_bound":35682.18007436444,"upper_bound":35758.16056670602},"point_estimate":35703.25727468425,"standard_error":19.528813106252077},"median_abs_dev":{"confidence_interval":{"confidence_level":0.95,"lower_bound":101.9489654627676,"upper_bound":187.84985333328},"point_estimate":134.91083312673643,"standard_error":21.986143095102047},"slope":{"confidence_interval":{"confidence_level":0.95,"lower_bound":35788.24280911993,"upper_bound":36580.06940613772},"point_estimate":36112.10341604309,"standard_error":204.82162034951187},"std_dev":{"confidence_interval":{"confidence_level":0.95,"lower_bound":767.2342657791877,"upper_bound":4893.359810418156},"point_estimate":3173.4066676123934,"standard_error":1067.043745456446}}