{"mean":{"confidence_interval":{"confidence_level":0.95,"lower_bound":9481.31463023257,"upper_bound":9552.602059509289},"point_estimate":9511.054059606573,"standard_error":18.44722814098568},"median":{"confidence_interval":{"confidence_level":0.95,"lower_bound":9466.196137196137,"upper_bound":9482.012891725604},"point_estimate":9476.098300821985,"standard_error":5.5159539832103075},"median_abs_dev":{"confidence_interval":{"confidence_level":0.95,"lower_bound":35.86448510202352,"upper_bound":67.5134368179262},"point_estimate":54.22517507036796,"standard_error":8.554560347027945},"slope":{"confidence_interval":{"confidence_level":0.95,"lower_bound":9479.444340157812,"upper_bound":9523.080132304676},"point_estimate":9499.55571960181,"standard_error":11.185882440848165},"std_dev":{"confidence_interval":{"confidence_level":0.95,"lower_bound":67.6320115767518,"upper_bound":292.9426625386539},"point_estimate":184.94391766634385,"standard_error":67.0777064143875}}