{"mean":{"confidence_interval":{"confidence_level":0.95,"lower_bound":9523.181612788596,"upper_bound":9567.040681713583},"point_estimate":9543.07809334761,"standard_error":11.217479290672424},"median":{"confidence_interval":{"confidence_level":0.95,"lower_bound":9506.152637485971,"upper_bound":9530.012396694216},"point_estimate":9519.193154101995,"standard_error":6.283602363940079},"median_abs_dev":{"confidence_interval":{"confidence_level":0.95,"lower_bound":37.7718358327765,"upper_bound":66.38854654356555},"point_estimate":49.39303501748848,"standard_error":7.036253817393012},"slope":{"confidence_interval":{"confidence_level":0.95,"lower_bound":9519.854497452772,"upper_bound":9564.824019497657},"point_estimate":9540.216910944826,"standard_error":11.52943667935913},"std_dev":{"confidence_interval":{"confidence_level":0.95,"lower_bound":64.39491801677524,"upper_bound":160.24802514472213},"point_estimate":113.25489184817744,"standard_error":25.370814661529067}}