{"mean":{"confidence_interval":{"confidence_level":0.95,"lower_bound":11850.145091904487,"upper_bound":12149.471137115406},"point_estimate":11997.566317676432,"standard_error":76.19329981204856},"median":{"confidence_interval":{"confidence_level":0.95,"lower_bound":11578.380434782608,"upper_bound":11914.342329545456},"point_estimate":11770.492556747511,"standard_error":89.0704622545792},"median_abs_dev":{"confidence_interval":{"confidence_level":0.95,"lower_bound":458.53911888960687,"upper_bound":900.6973893995763},"point_estimate":671.4492211910962,"standard_error":110.5197437661465},"slope":{"confidence_interval":{"confidence_level":0.95,"lower_bound":11851.15276561761,"upper_bound":12304.885053771139},"point_estimate":12070.678720629525,"standard_error":115.89597197814196},"std_dev":{"confidence_interval":{"confidence_level":0.95,"lower_bound":677.9789272829147,"upper_bound":833.9560505746194},"point_estimate":766.3894460690044,"standard_error":39.83076010942347}}