{"mean":{"confidence_interval":{"confidence_level":0.95,"lower_bound":9473.186119898523,"upper_bound":9508.047747049914},"point_estimate":9488.962204612708,"standard_error":8.93781464727469},"median":{"confidence_interval":{"confidence_level":0.95,"lower_bound":9464.26094724729,"upper_bound":9484.247933884297},"point_estimate":9469.53003312477,"standard_error":4.441602852321903},"median_abs_dev":{"confidence_interval":{"confidence_level":0.95,"lower_bound":32.607767824643645,"upper_bound":54.681469263568296},"point_estimate":43.165019176620596,"standard_error":5.280640699456665},"slope":{"confidence_interval":{"confidence_level":0.95,"lower_bound":9472.60230081148,"upper_bound":9489.027227278664},"point_estimate":9480.74754839663,"standard_error":4.188340973804347},"std_dev":{"confidence_interval":{"confidence_level":0.95,"lower_bound":46.60939265972068,"upper_bound":127.68673515298941},"point_estimate":89.52238562416309,"standard_error":21.35447801046123}}