{"mean":{"confidence_interval":{"confidence_level":0.95,"lower_bound":10371.168671501226,"upper_bound":10532.921820016276},"point_estimate":10452.126805935945,"standard_error":41.2249601426478},"median":{"confidence_interval":{"confidence_level":0.95,"lower_bound":10332.329639208587,"upper_bound":10610.673796791443},"point_estimate":10509.512354171253,"standard_error":66.76996381713434},"median_abs_dev":{"confidence_interval":{"confidence_level":0.95,"lower_bound":300.09408021622824,"upper_bound":523.2939416235499},"point_estimate":378.1651858137737,"standard_error":53.69334009565483},"slope":{"confidence_interval":{"confidence_level":0.95,"lower_bound":10157.836114148511,"upper_bound":10316.720334311402},"point_estimate":10234.049354756371,"standard_error":40.49549084104549},"std_dev":{"confidence_interval":{"confidence_level":0.95,"lower_bound":355.53750517175666,"upper_bound":471.51485717792633},"point_estimate":414.84273903922326,"standard_error":29.613912556935396}}