{"mean":{"confidence_interval":{"confidence_level":0.95,"lower_bound":10162.974566678082,"upper_bound":10780.777102696886},"point_estimate":10433.263835553262,"standard_error":158.48976980400744},"median":{"confidence_interval":{"confidence_level":0.95,"lower_bound":9982.03013329552,"upper_bound":10635.59375},"point_estimate":10304.235054347826,"standard_error":144.06275875056173},"median_abs_dev":{"confidence_interval":{"confidence_level":0.95,"lower_bound":873.1710513120455,"upper_bound":1282.3734382397588},"point_estimate":1056.2410990510023,"standard_error":101.36776871151795},"slope":{"confidence_interval":{"confidence_level":0.95,"lower_bound":10064.88344059928,"upper_bound":10480.219975547561},"point_estimate":10269.547260972366,"standard_error":106.35464267402807},"std_dev":{"confidence_interval":{"confidence_level":0.95,"lower_bound":861.1300089489523,"upper_bound":2397.9931788188414},"point_estimate":1587.5405949050182,"standard_error":486.85300304189695}}