{"mean":{"confidence_interval":{"confidence_level":0.95,"lower_bound":30060.818721354644,"upper_bound":30077.718178196978},"point_estimate":30068.81836756557,"standard_error":4.315201318408516},"median":{"confidence_interval":{"confidence_level":0.95,"lower_bound":30057.03244851691,"upper_bound":30071.901408450703},"point_estimate":30065.91107041107,"standard_error":3.320840541248689},"median_abs_dev":{"confidence_interval":{"confidence_level":0.95,"lower_bound":23.002653420733136,"upper_bound":39.8740088811355},"point_estimate":29.667382881420124,"standard_error":4.14038127280393},"slope":{"confidence_interval":{"confidence_level":0.95,"lower_bound":30056.85187252341,"upper_bound":30078.43617228132},"point_estimate":30066.50919954682,"standard_error":5.501610043055698},"std_dev":{"confidence_interval":{"confidence_level":0.95,"lower_bound":29.276517077133153,"upper_bound":57.195888931478606},"point_estimate":43.47730712017431,"standard_error":7.283960855093725}}