{"mean":{"confidence_interval":{"confidence_level":0.95,"lower_bound":9662.276269501834,"upper_bound":9928.031932146296},"point_estimate":9785.451341220218,"standard_error":67.87990182515196},"median":{"confidence_interval":{"confidence_level":0.95,"lower_bound":9498.942105263159,"upper_bound":9600.49381454389},"point_estimate":9558.7075,"standard_error":22.837181166075297},"median_abs_dev":{"confidence_interval":{"confidence_level":0.95,"lower_bound":197.27760946026945,"upper_bound":341.31512198535245},"point_estimate":267.9798387031721,"standard_error":33.791232703841935},"slope":{"confidence_interval":{"confidence_level":0.95,"lower_bound":9533.821624390921,"upper_bound":9698.244491846435},"point_estimate":9608.352365523866,"standard_error":41.8995850422293},"std_dev":{"confidence_interval":{"confidence_level":0.95,"lower_bound":452.21397629755967,"upper_bound":884.6610156613272},"point_estimate":677.0497211828344,"standard_error":111.73722954791835}}