{"mean":{"confidence_interval":{"confidence_level":0.95,"lower_bound":11713.249861497357,"upper_bound":11857.397873779426},"point_estimate":11782.37719974013,"standard_error":36.66317569573677},"median":{"confidence_interval":{"confidence_level":0.95,"lower_bound":11669.215460526317,"upper_bound":11786.562188680866},"point_estimate":11709.111489661653,"standard_error":28.17431206302183},"median_abs_dev":{"confidence_interval":{"confidence_level":0.95,"lower_bound":175.7129171929733,"upper_bound":313.33225688093046},"point_estimate":225.8917409470055,"standard_error":34.6713824789273},"slope":{"confidence_interval":{"confidence_level":0.95,"lower_bound":11689.598345871407,"upper_bound":11789.528825945703},"point_estimate":11739.892167504064,"standard_error":25.436149181025556},"std_dev":{"confidence_interval":{"confidence_level":0.95,"lower_bound":274.6746609132469,"upper_bound":460.79041911335355},"point_estimate":368.6329275769106,"standard_error":48.209709687271356}}