{"mean":{"confidence_interval":{"confidence_level":0.95,"lower_bound":9791.161801737131,"upper_bound":10197.019628361537},"point_estimate":9976.59981500764,"standard_error":103.80626815104539},"median":{"confidence_interval":{"confidence_level":0.95,"lower_bound":9778.21875,"upper_bound":9965.331117021276},"point_estimate":9871.964384340481,"standard_error":47.88711518733995},"median_abs_dev":{"confidence_interval":{"confidence_level":0.95,"lower_bound":388.466284106396,"upper_bound":694.6218295523258},"point_estimate":533.0616875569937,"standard_error":80.19185226022081},"slope":{"confidence_interval":{"confidence_level":0.95,"lower_bound":9815.528722111183,"upper_bound":10272.551059567162},"point_estimate":10028.152273163883,"standard_error":116.80881158416179},"std_dev":{"confidence_interval":{"confidence_level":0.95,"lower_bound":602.0917941405953,"upper_bound":1489.2497113616405},"point_estimate":1044.2627237664638,"standard_error":241.1359620979214}}