{"mean":{"confidence_interval":{"confidence_level":0.95,"lower_bound":9498.489999146343,"upper_bound":9545.628903135681},"point_estimate":9519.43537191423,"standard_error":12.109145490565409},"median":{"confidence_interval":{"confidence_level":0.95,"lower_bound":9484.275171065494,"upper_bound":9502.722801788375},"point_estimate":9493.671122994652,"standard_error":5.2848771744262235},"median_abs_dev":{"confidence_interval":{"confidence_level":0.95,"lower_bound":39.291977252604795,"upper_bound":67.05757281553514},"point_estimate":54.36101482689536,"standard_error":7.261778785206137},"slope":{"confidence_interval":{"confidence_level":0.95,"lower_bound":9509.050375719347,"upper_bound":9573.12208351714},"point_estimate":9537.298399451885,"standard_error":16.420209264269623},"std_dev":{"confidence_interval":{"confidence_level":0.95,"lower_bound":48.40376551651098,"upper_bound":174.53453926412908},"point_estimate":121.67092815737143,"standard_error":31.180625574301406}}