{"mean":{"confidence_interval":{"confidence_level":0.95,"lower_bound":9514.109230147184,"upper_bound":9575.515052332206},"point_estimate":9541.61747138645,"standard_error":15.874260684527187},"median":{"confidence_interval":{"confidence_level":0.95,"lower_bound":9499.701298701299,"upper_bound":9520.058104858104},"point_estimate":9511.044478935699,"standard_error":6.016791173268718},"median_abs_dev":{"confidence_interval":{"confidence_level":0.95,"lower_bound":36.2200492087438,"upper_bound":61.90959194901245},"point_estimate":51.09658863830941,"standard_error":6.598938930821631},"slope":{"confidence_interval":{"confidence_level":0.95,"lower_bound":9513.439227848614,"upper_bound":9567.207958492329},"point_estimate":9536.820777032926,"standard_error":13.8430627347215},"std_dev":{"confidence_interval":{"confidence_level":0.95,"lower_bound":75.29065866481191,"upper_bound":226.0088383034458},"point_estimate":159.58511326712153,"standard_error":38.66662088550602}}