{"mean":{"confidence_interval":{"confidence_level":0.95,"lower_bound":9181.212402646952,"upper_bound":9284.86337220032},"point_estimate":9230.862379648222,"standard_error":26.50973091246208},"median":{"confidence_interval":{"confidence_level":0.95,"lower_bound":9138.973383568304,"upper_bound":9305.189393939394},"point_estimate":9221.471889952154,"standard_error":41.379199760275874},"median_abs_dev":{"confidence_interval":{"confidence_level":0.95,"lower_bound":231.34121626695784,"upper_bound":340.0532021084104},"point_estimate":313.9158292805719,"standard_error":26.395935243464642},"slope":{"confidence_interval":{"confidence_level":0.95,"lower_bound":9182.327082786187,"upper_bound":9311.485367504954},"point_estimate":9247.855072880422,"standard_error":32.954280100321846},"std_dev":{"confidence_interval":{"confidence_level":0.95,"lower_bound":205.227960994424,"upper_bound":344.09943321853495},"point_estimate":266.5700621535137,"standard_error":39.20552182177999}}