{"mean":{"confidence_interval":{"confidence_level":0.95,"lower_bound":9469.39426778901,"upper_bound":9505.004187159315},"point_estimate":9485.33920199083,"standard_error":9.151897837188335},"median":{"confidence_interval":{"confidence_level":0.95,"lower_bound":9453.086363636363,"upper_bound":9490.888507718697},"point_estimate":9464.151904761904,"standard_error":9.509079608012003},"median_abs_dev":{"confidence_interval":{"confidence_level":0.95,"lower_bound":49.08011152683729,"upper_bound":70.23114395635584},"point_estimate":61.961818419436256,"standard_error":5.570690162012264},"slope":{"confidence_interval":{"confidence_level":0.95,"lower_bound":9479.730347294113,"upper_bound":9507.726123300754},"point_estimate":9493.630180421027,"standard_error":7.1234221069206844},"std_dev":{"confidence_interval":{"confidence_level":0.95,"lower_bound":51.14528708784062,"upper_bound":135.40406099125795},"point_estimate":91.75737356434045,"standard_error":25.011459770810703}}