{"mean":{"confidence_interval":{"confidence_level":0.95,"lower_bound":9198.993251054619,"upper_bound":9497.827032730449},"point_estimate":9336.690296846744,"standard_error":76.5372226254755},"median":{"confidence_interval":{"confidence_level":0.95,"lower_bound":9045.973557692309,"upper_bound":9300.378205128205},"point_estimate":9172.567164179105,"standard_error":64.9575890486503},"median_abs_dev":{"confidence_interval":{"confidence_level":0.95,"lower_bound":334.25172186229094,"upper_bound":584.3142708763476},"point_estimate":436.57745111114076,"standard_error":63.889235909707494},"slope":{"confidence_interval":{"confidence_level":0.95,"lower_bound":9186.05073522289,"upper_bound":9473.613178328602},"point_estimate":9324.402453820008,"standard_error":73.45739834295763},"std_dev":{"confidence_interval":{"confidence_level":0.95,"lower_bound":463.2795360245416,"upper_bound":1075.7476484462402},"point_estimate":765.9471503660958,"standard_error":165.62652834248445}}