{"mean":{"confidence_interval":{"confidence_level":0.95,"lower_bound":12258.287361309314,"upper_bound":12267.661461955158},"point_estimate":12262.777618589045,"standard_error":2.400325725637351},"median":{"confidence_interval":{"confidence_level":0.95,"lower_bound":12255.834357923497,"upper_bound":12262.5},"point_estimate":12258.18330359503,"standard_error":1.7169752730119918},"median_abs_dev":{"confidence_interval":{"confidence_level":0.95,"lower_bound":13.169454371458441,"upper_bound":27.40507639743408},"point_estimate":23.98779179991175,"standard_error":4.068131650316189},"slope":{"confidence_interval":{"confidence_level":0.95,"lower_bound":12258.89323616416,"upper_bound":12266.68624604356},"point_estimate":12262.675977168612,"standard_error":1.9931345030346193},"std_dev":{"confidence_interval":{"confidence_level":0.95,"lower_bound":18.44263935496037,"upper_bound":29.623470926164284},"point_estimate":24.133089690013886,"standard_error":2.879814524545854}}