{"mean":{"confidence_interval":{"confidence_level":0.95,"lower_bound":30069.659583509587,"upper_bound":30099.283867642633},"point_estimate":30084.071870771306,"standard_error":7.545077910923617},"median":{"confidence_interval":{"confidence_level":0.95,"lower_bound":30060.440972222223,"upper_bound":30085.680970748956},"point_estimate":30070.517526455027,"standard_error":6.174270185902128},"median_abs_dev":{"confidence_interval":{"confidence_level":0.95,"lower_bound":41.445116416980525,"upper_bound":66.2862328304539},"point_estimate":52.64548887876508,"standard_error":6.076319716222601},"slope":{"confidence_interval":{"confidence_level":0.95,"lower_bound":30064.59368131331,"upper_bound":30093.929133057838},"point_estimate":30078.88604699276,"standard_error":7.462243008795464},"std_dev":{"confidence_interval":{"confidence_level":0.95,"lower_bound":60.19190191818578,"upper_bound":89.38248228361908},"point_estimate":75.60524947691928,"standard_error":7.4289422243692185}}