{"mean":{"confidence_interval":{"confidence_level":0.95,"lower_bound":30044.032401893317,"upper_bound":30069.007417720157},"point_estimate":30054.80750773009,"standard_error":6.444255625134316},"median":{"confidence_interval":{"confidence_level":0.95,"lower_bound":30036.70825351213,"upper_bound":30053.606666666667},"point_estimate":30043.704827530622,"standard_error":4.672271645240863},"median_abs_dev":{"confidence_interval":{"confidence_level":0.95,"lower_bound":23.97539793078396,"upper_bound":41.10056161253426},"point_estimate":33.29142940895996,"standard_error":4.408060666690455},"slope":{"confidence_interval":{"confidence_level":0.95,"lower_bound":30039.049902768274,"upper_bound":30053.726140824863},"point_estimate":30046.077041525048,"standard_error":3.7425359613065257},"std_dev":{"confidence_interval":{"confidence_level":0.95,"lower_bound":31.03669248572357,"upper_bound":99.63054837631617},"point_estimate":64.91626047239349,"standard_error":20.975332842928132}}