{"mean":{"confidence_interval":{"confidence_level":0.95,"lower_bound":9490.296139317728,"upper_bound":9562.803617448326},"point_estimate":9521.99356677709,"standard_error":18.68198862550567},"median":{"confidence_interval":{"confidence_level":0.95,"lower_bound":9461.975966562173,"upper_bound":9489.79230137933},"point_estimate":9480.341908091908,"standard_error":6.866036680110916},"median_abs_dev":{"confidence_interval":{"confidence_level":0.95,"lower_bound":40.86715876898655,"upper_bound":67.6385490309036},"point_estimate":55.423926333100596,"standard_error":6.485912634458861},"slope":{"confidence_interval":{"confidence_level":0.95,"lower_bound":9487.504350005043,"upper_bound":9614.532359310511},"point_estimate":9535.590571355642,"standard_error":34.564187391711386},"std_dev":{"confidence_interval":{"confidence_level":0.95,"lower_bound":78.33939980396636,"upper_bound":276.66129235421226},"point_estimate":187.43830708749033,"standard_error":51.312356035553144}}