{"mean":{"confidence_interval":{"confidence_level":0.95,"lower_bound":9507.79887313927,"upper_bound":9589.664292005751},"point_estimate":9543.213978366368,"standard_error":21.154270513508266},"median":{"confidence_interval":{"confidence_level":0.95,"lower_bound":9484.42198100407,"upper_bound":9506.351018278161},"point_estimate":9495.078266030594,"standard_error":5.933735436440781},"median_abs_dev":{"confidence_interval":{"confidence_level":0.95,"lower_bound":36.974072601308315,"upper_bound":68.75773892371069},"point_estimate":61.28896750694479,"standard_error":7.976284832123545},"slope":{"confidence_interval":{"confidence_level":0.95,"lower_bound":9519.522853254897,"upper_bound":9611.402559580287},"point_estimate":9560.531122425675,"standard_error":23.627669609069915},"std_dev":{"confidence_interval":{"confidence_level":0.95,"lower_bound":72.42981397427724,"upper_bound":319.8189136226436},"point_estimate":212.47415927625912,"standard_error":64.95253816083078}}