{"mean":{"confidence_interval":{"confidence_level":0.95,"lower_bound":11802.489855546923,"upper_bound":12250.265593860908},"point_estimate":12020.653737793267,"standard_error":114.42616903744282},"median":{"confidence_interval":{"confidence_level":0.95,"lower_bound":11671.078431372549,"upper_bound":12056.121447028425},"point_estimate":11857.811197916668,"standard_error":90.520009658668},"median_abs_dev":{"confidence_interval":{"confidence_level":0.95,"lower_bound":595.3211046587935,"upper_bound":1003.41044861898},"point_estimate":782.4932811457024,"standard_error":102.2440047724525},"slope":{"confidence_interval":{"confidence_level":0.95,"lower_bound":11916.635814115818,"upper_bound":12375.329373245495},"point_estimate":12135.635294813063,"standard_error":116.5999173142321},"std_dev":{"confidence_interval":{"confidence_level":0.95,"lower_bound":901.3572307108615,"upper_bound":1386.8045440561032},"point_estimate":1155.667071226954,"standard_error":124.59440172410982}}