{"mean":{"confidence_interval":{"confidence_level":0.95,"lower_bound":10671.215105727008,"upper_bound":10954.7194887882},"point_estimate":10802.583554554538,"standard_error":72.48310487080246},"median":{"confidence_interval":{"confidence_level":0.95,"lower_bound":10531.280117753624,"upper_bound":10578.123821025994},"point_estimate":10556.145510403574,"standard_error":12.491525241959318},"median_abs_dev":{"confidence_interval":{"confidence_level":0.95,"lower_bound":102.93904916449472,"upper_bound":194.13313063107307},"point_estimate":142.2616165780003,"standard_error":22.974130788041847},"slope":{"confidence_interval":{"confidence_level":0.95,"lower_bound":10655.605357475666,"upper_bound":11061.313287961126},"point_estimate":10823.669893812408,"standard_error":105.29798928604883},"std_dev":{"confidence_interval":{"confidence_level":0.95,"lower_bound":446.38287104891793,"upper_bound":951.3742179316805},"point_estimate":727.4136518638371,"standard_error":129.02775472717715}}