{"mean":{"confidence_interval":{"confidence_level":0.95,"lower_bound":146761.78363992824,"upper_bound":147373.80373016128},"point_estimate":147065.21614020565,"standard_error":156.2554197077793},"median":{"confidence_interval":{"confidence_level":0.95,"lower_bound":146099.84523809524,"upper_bound":146947.2018753105},"point_estimate":146520.95409482758,"standard_error":210.51320412891624},"median_abs_dev":{"confidence_interval":{"confidence_level":0.95,"lower_bound":868.2450753260104,"upper_bound":2075.5430807532243},"point_estimate":1460.0769031380162,"standard_error":319.7336159329936},"slope":{"confidence_interval":{"confidence_level":0.95,"lower_bound":145975.50072992453,"upper_bound":146298.835916782},"point_estimate":146125.15606250922,"standard_error":82.62287340152528},"std_dev":{"confidence_interval":{"confidence_level":0.95,"lower_bound":1393.78573990081,"upper_bound":1731.9084322117556},"point_estimate":1573.4740936403723,"standard_error":86.28896219354327}}