{"mean":{"confidence_interval":{"confidence_level":0.95,"lower_bound":107841.91796856264,"upper_bound":108189.17778900565},"point_estimate":108012.86963474705,"standard_error":88.38026106012038},"median":{"confidence_interval":{"confidence_level":0.95,"lower_bound":107906.87125929771,"upper_bound":108106.05555555556},"point_estimate":108009.29190476189,"standard_error":53.507618085387286},"median_abs_dev":{"confidence_interval":{"confidence_level":0.95,"lower_bound":392.7559354873559,"upper_bound":788.356799890909},"point_estimate":529.771910907171,"standard_error":102.61687598754344},"slope":{"confidence_interval":{"confidence_level":0.95,"lower_bound":107912.94756655242,"upper_bound":108296.80870965945},"point_estimate":108095.63509876361,"standard_error":98.04755016775961},"std_dev":{"confidence_interval":{"confidence_level":0.95,"lower_bound":715.8116800935798,"upper_bound":1047.4279440625298},"point_estimate":887.6819468585065,"standard_error":84.92631707184158}}