{"mean":{"confidence_interval":{"confidence_level":0.95,"lower_bound":195019.92203961624,"upper_bound":200762.17677333695},"point_estimate":197845.96316298062,"standard_error":1464.6135728286463},"median":{"confidence_interval":{"confidence_level":0.95,"lower_bound":191318.4592404451,"upper_bound":198987.28205128206},"point_estimate":194449.92425931085,"standard_error":2244.866234741269},"median_abs_dev":{"confidence_interval":{"confidence_level":0.95,"lower_bound":10873.28912215556,"upper_bound":17543.85615584929},"point_estimate":13828.907527832953,"standard_error":1666.0347797663408},"slope":{"confidence_interval":{"confidence_level":0.95,"lower_bound":191461.90262393415,"upper_bound":198182.85741136878},"point_estimate":194714.6234047584,"standard_error":1716.587490289825},"std_dev":{"confidence_interval":{"confidence_level":0.95,"lower_bound":12430.041840908216,"upper_bound":16623.087852111606},"point_estimate":14674.898864318266,"standard_error":1072.9471522220902}}