{"mean":{"confidence_interval":{"confidence_level":0.95,"lower_bound":169859.73636815394,"upper_bound":171517.62037855454},"point_estimate":170671.51965624056,"standard_error":423.0262625080454},"median":{"confidence_interval":{"confidence_level":0.95,"lower_bound":169037.6381097561,"upper_bound":170917.0253082414},"point_estimate":169910.58217296403,"standard_error":539.9946972766152},"median_abs_dev":{"confidence_interval":{"confidence_level":0.95,"lower_bound":3219.5497728123764,"upper_bound":5441.166018435843},"point_estimate":4441.964365168312,"standard_error":588.5092142111943},"slope":{"confidence_interval":{"confidence_level":0.95,"lower_bound":168549.65107550833,"upper_bound":169963.60783120024},"point_estimate":169272.54818309442,"standard_error":362.64466253449336},"std_dev":{"confidence_interval":{"confidence_level":0.95,"lower_bound":3667.7142390774256,"upper_bound":4686.504700303509},"point_estimate":4222.24239183229,"standard_error":260.9899271905584}}