{"mean":{"confidence_interval":{"confidence_level":0.95,"lower_bound":107913.29375021822,"upper_bound":108441.62175214874},"point_estimate":108173.95446219813,"standard_error":134.6544256222736},"median":{"confidence_interval":{"confidence_level":0.95,"lower_bound":107867.69545454545,"upper_bound":108454.9},"point_estimate":108177.35237716508,"standard_error":138.69182331380097},"median_abs_dev":{"confidence_interval":{"confidence_level":0.95,"lower_bound":1058.0645312156016,"upper_bound":1867.3552585144753},"point_estimate":1499.8679564964636,"standard_error":198.87587091892115},"slope":{"confidence_interval":{"confidence_level":0.95,"lower_bound":107734.73722619128,"upper_bound":108069.18063391537},"point_estimate":107908.17313088026,"standard_error":85.02269764499272},"std_dev":{"confidence_interval":{"confidence_level":0.95,"lower_bound":1150.6371657790073,"upper_bound":1541.673399887808},"point_estimate":1352.6612536995178,"standard_error":100.11146457303501}}