{"mean":{"confidence_interval":{"confidence_level":0.95,"lower_bound":107815.91590380584,"upper_bound":108180.69987440707},"point_estimate":107994.65530673509,"standard_error":92.9616064525031},"median":{"confidence_interval":{"confidence_level":0.95,"lower_bound":107867.38427236641,"upper_bound":108183.26190476191},"point_estimate":108027.27496246246,"standard_error":74.24132174621447},"median_abs_dev":{"confidence_interval":{"confidence_level":0.95,"lower_bound":474.6610243466974,"upper_bound":872.0210164556311},"point_estimate":659.938380565442,"standard_error":98.45754574508943},"slope":{"confidence_interval":{"confidence_level":0.95,"lower_bound":107751.37558307873,"upper_bound":108172.205779566},"point_estimate":107952.5050071425,"standard_error":107.66578798786428},"std_dev":{"confidence_interval":{"confidence_level":0.95,"lower_bound":751.598603334075,"upper_bound":1122.8435864796809},"point_estimate":939.8091937831423,"standard_error":95.32665898408017}}