{"mean":{"confidence_interval":{"confidence_level":0.95,"lower_bound":169663.94452145015,"upper_bound":172809.47483029906},"point_estimate":171183.78914875106,"standard_error":803.2215791518403},"median":{"confidence_interval":{"confidence_level":0.95,"lower_bound":168688.7196969697,"upper_bound":170797.35469483567},"point_estimate":169915.8560267857,"standard_error":557.8694675658212},"median_abs_dev":{"confidence_interval":{"confidence_level":0.95,"lower_bound":3463.2510278265795,"upper_bound":6994.232432119217},"point_estimate":5107.10977599735,"standard_error":841.6043385392969},"slope":{"confidence_interval":{"confidence_level":0.95,"lower_bound":169824.718411616,"upper_bound":173608.0011873901},"point_estimate":171652.22918797104,"standard_error":964.4204283650694},"std_dev":{"confidence_interval":{"confidence_level":0.95,"lower_bound":6023.087900520918,"upper_bound":9824.128842500702},"point_estimate":8010.58224945967,"standard_error":977.9459752617896}}