{"mean":{"confidence_interval":{"confidence_level":0.95,"lower_bound":108138.8669132342,"upper_bound":109540.2513143088},"point_estimate":108720.28800817301,"standard_error":364.2262241661824},"median":{"confidence_interval":{"confidence_level":0.95,"lower_bound":107661.64227642276,"upper_bound":108278.81800766283},"point_estimate":108050.76550039873,"standard_error":159.93793895229996},"median_abs_dev":{"confidence_interval":{"confidence_level":0.95,"lower_bound":1089.8716569313224,"upper_bound":1887.192642100284},"point_estimate":1585.955547350295,"standard_error":218.4826073542461},"slope":{"confidence_interval":{"confidence_level":0.95,"lower_bound":107680.76859867827,"upper_bound":108277.32736539173},"point_estimate":107965.61737599134,"standard_error":152.46461393594834},"std_dev":{"confidence_interval":{"confidence_level":0.95,"lower_bound":1350.0002517451342,"upper_bound":5853.6927422860435},"point_estimate":3666.703783083457,"standard_error":1385.8282759620108}}