{"mean":{"confidence_interval":{"confidence_level":0.95,"lower_bound":107613.12908519772,"upper_bound":108027.64297441386},"point_estimate":107813.68271692115,"standard_error":105.896483945464},"median":{"confidence_interval":{"confidence_level":0.95,"lower_bound":107541.47166945373,"upper_bound":107947.69444444444},"point_estimate":107737.04317460317,"standard_error":99.15913182033128},"median_abs_dev":{"confidence_interval":{"confidence_level":0.95,"lower_bound":724.051942135686,"upper_bound":1181.7941602146432},"point_estimate":946.178937881931,"standard_error":118.06012537073686},"slope":{"confidence_interval":{"confidence_level":0.95,"lower_bound":107418.05959900087,"upper_bound":107917.82964692479},"point_estimate":107658.02306438106,"standard_error":127.4123638335465},"std_dev":{"confidence_interval":{"confidence_level":0.95,"lower_bound":807.0441425685927,"upper_bound":1329.938938762485},"point_estimate":1066.120330680972,"standard_error":135.56221009448967}}