{"mean":{"confidence_interval":{"confidence_level":0.95,"lower_bound":123155.91869449925,"upper_bound":123915.72617576041},"point_estimate":123530.24538118135,"standard_error":193.2962078306297},"median":{"confidence_interval":{"confidence_level":0.95,"lower_bound":122811.69191919192,"upper_bound":123711.38644688645},"point_estimate":123475.45726495727,"standard_error":274.0562080065875},"median_abs_dev":{"confidence_interval":{"confidence_level":0.95,"lower_bound":1352.5080273395392,"upper_bound":2367.260428285226},"point_estimate":1920.3324761036574,"standard_error":268.1474319140213},"slope":{"confidence_interval":{"confidence_level":0.95,"lower_bound":122638.45522025395,"upper_bound":123340.25302831919},"point_estimate":122988.99318161666,"standard_error":178.67200597765617},"std_dev":{"confidence_interval":{"confidence_level":0.95,"lower_bound":1622.7235439811443,"upper_bound":2237.143636494181},"point_estimate":1941.456252365271,"standard_error":156.96889538383354}}