{"mean":{"confidence_interval":{"confidence_level":0.95,"lower_bound":146695.37154390145,"upper_bound":147280.13871464206},"point_estimate":146983.32653765634,"standard_error":149.48381385787422},"median":{"confidence_interval":{"confidence_level":0.95,"lower_bound":146037.05144457548,"upper_bound":146979.27536231885},"point_estimate":146400.24804343033,"standard_error":229.69530905154377},"median_abs_dev":{"confidence_interval":{"confidence_level":0.95,"lower_bound":788.9216309247776,"upper_bound":1963.4357569666154},"point_estimate":1316.429411275237,"standard_error":302.67844469730744},"slope":{"confidence_interval":{"confidence_level":0.95,"lower_bound":145972.55183741346,"upper_bound":146269.83224312685},"point_estimate":146112.85602556524,"standard_error":75.74389453966471},"std_dev":{"confidence_interval":{"confidence_level":0.95,"lower_bound":1347.5221801768637,"upper_bound":1638.8150110935596},"point_estimate":1506.5998529975082,"standard_error":74.2465320018096}}