{"mean":{"confidence_interval":{"confidence_level":0.95,"lower_bound":100936.50861939526,"upper_bound":101643.7503657264},"point_estimate":101277.54241574061,"standard_error":180.8482724931084},"median":{"confidence_interval":{"confidence_level":0.95,"lower_bound":100545.0,"upper_bound":101144.41304347826},"point_estimate":100852.91818133503,"standard_error":154.77678393571375},"median_abs_dev":{"confidence_interval":{"confidence_level":0.95,"lower_bound":773.4097487692302,"upper_bound":1366.99401193144},"point_estimate":1008.9591635962515,"standard_error":149.65786635491312},"slope":{"confidence_interval":{"confidence_level":0.95,"lower_bound":100806.72147091098,"upper_bound":101745.89996509138},"point_estimate":101246.24637702576,"standard_error":239.2260766459376},"std_dev":{"confidence_interval":{"confidence_level":0.95,"lower_bound":1413.6970448186826,"upper_bound":2154.4509784684064},"point_estimate":1816.3265227247816,"standard_error":189.33167818643966}}