{"mean":{"confidence_interval":{"confidence_level":0.95,"lower_bound":108001.48510950424,"upper_bound":108454.73903954338},"point_estimate":108219.92617228974,"standard_error":115.8214325248624},"median":{"confidence_interval":{"confidence_level":0.95,"lower_bound":107961.95880149813,"upper_bound":108233.45061728395},"point_estimate":108133.52197712418,"standard_error":65.14195174305405},"median_abs_dev":{"confidence_interval":{"confidence_level":0.95,"lower_bound":605.4622304024128,"upper_bound":1301.0381831840136},"point_estimate":969.3530820250878,"standard_error":181.58959379847104},"slope":{"confidence_interval":{"confidence_level":0.95,"lower_bound":107862.8655102917,"upper_bound":108370.18973335098},"point_estimate":108101.64594453476,"standard_error":129.05636805342044},"std_dev":{"confidence_interval":{"confidence_level":0.95,"lower_bound":900.0595539701549,"upper_bound":1422.8438339793267},"point_estimate":1163.8748044900594,"standard_error":134.63840335636633}}