{"mean":{"confidence_interval":{"confidence_level":0.95,"lower_bound":146989.83905734893,"upper_bound":147597.9565319393},"point_estimate":147290.45288604026,"standard_error":155.4333787416861},"median":{"confidence_interval":{"confidence_level":0.95,"lower_bound":146370.3150297619,"upper_bound":147464.14963235293},"point_estimate":146758.9358974359,"standard_error":255.3003602133429},"median_abs_dev":{"confidence_interval":{"confidence_level":0.95,"lower_bound":1042.9931112416923,"upper_bound":2107.8913216353762},"point_estimate":1620.4827339579567,"standard_error":259.1343174697875},"slope":{"confidence_interval":{"confidence_level":0.95,"lower_bound":146262.64833920216,"upper_bound":146643.10233582146},"point_estimate":146445.40556745973,"standard_error":97.11610737349142},"std_dev":{"confidence_interval":{"confidence_level":0.95,"lower_bound":1390.3272099170565,"upper_bound":1721.7510969241182},"point_estimate":1569.08445746971,"standard_error":84.66624376482696}}