{"mean":{"confidence_interval":{"confidence_level":0.95,"lower_bound":107842.72023158865,"upper_bound":108245.51348944927},"point_estimate":108040.76795544614,"standard_error":102.95058478275254},"median":{"confidence_interval":{"confidence_level":0.95,"lower_bound":107714.01851851853,"upper_bound":108057.94711378045},"point_estimate":107851.70286718113,"standard_error":93.9075430571337},"median_abs_dev":{"confidence_interval":{"confidence_level":0.95,"lower_bound":628.9726072199986,"upper_bound":1263.8788706757043},"point_estimate":951.4296414164379,"standard_error":159.01634534457193},"slope":{"confidence_interval":{"confidence_level":0.95,"lower_bound":107512.97530469268,"upper_bound":107853.01772262591},"point_estimate":107681.64367075513,"standard_error":86.89389525798622},"std_dev":{"confidence_interval":{"confidence_level":0.95,"lower_bound":854.3243849575864,"upper_bound":1199.4761691461035},"point_estimate":1030.5050956853636,"standard_error":88.69181251100866}}