{"mean":{"confidence_interval":{"confidence_level":0.95,"lower_bound":180622.04597886125,"upper_bound":184531.2768204321},"point_estimate":182406.50441549852,"standard_error":1000.991203246874},"median":{"confidence_interval":{"confidence_level":0.95,"lower_bound":178561.90966724395,"upper_bound":182131.82417582418},"point_estimate":180336.03201219512,"standard_error":833.9219956075938},"median_abs_dev":{"confidence_interval":{"confidence_level":0.95,"lower_bound":4591.537249750014,"upper_bound":7995.982734736188},"point_estimate":5683.476639107301,"standard_error":881.733294343629},"slope":{"confidence_interval":{"confidence_level":0.95,"lower_bound":178744.0535046751,"upper_bound":181865.73914654474},"point_estimate":180230.72679991132,"standard_error":798.1876396919802},"std_dev":{"confidence_interval":{"confidence_level":0.95,"lower_bound":6119.055634986677,"upper_bound":14248.834939265356},"point_estimate":10050.698206436808,"standard_error":2254.145424591454}}