{"mean":{"confidence_interval":{"confidence_level":0.95,"lower_bound":108348.15820075394,"upper_bound":110809.22850615435},"point_estimate":109257.74421086526,"standard_error":683.5653718175948},"median":{"confidence_interval":{"confidence_level":0.95,"lower_bound":108146.9305102764,"upper_bound":108583.2540634675},"point_estimate":108384.29388474295,"standard_error":113.75542300459823},"median_abs_dev":{"confidence_interval":{"confidence_level":0.95,"lower_bound":577.3531740356443,"upper_bound":950.7410378490528},"point_estimate":703.523030634968,"standard_error":98.51731128942728},"slope":{"confidence_interval":{"confidence_level":0.95,"lower_bound":108318.09288389249,"upper_bound":112120.44584078928},"point_estimate":109687.4046588838,"standard_error":1046.0781021829885},"std_dev":{"confidence_interval":{"confidence_level":0.95,"lower_bound":944.8710223583995,"upper_bound":11561.099149126721},"point_estimate":6860.493982756178,"standard_error":3498.489430522913}}