{"mean":{"confidence_interval":{"confidence_level":0.95,"lower_bound":107740.46622617447,"upper_bound":108285.12657019023},"point_estimate":108003.99066972813,"standard_error":138.85100932188175},"median":{"confidence_interval":{"confidence_level":0.95,"lower_bound":107280.4826054498,"upper_bound":108006.29943502825},"point_estimate":107676.16367623604,"standard_error":200.6140239381502},"median_abs_dev":{"confidence_interval":{"confidence_level":0.95,"lower_bound":817.6786984806491,"upper_bound":1600.7824836467908},"point_estimate":1309.6879020020217,"standard_error":214.44838764024658},"slope":{"confidence_interval":{"confidence_level":0.95,"lower_bound":107199.44515569095,"upper_bound":107628.06712309085},"point_estimate":107403.28383527906,"standard_error":109.3149051962218},"std_dev":{"confidence_interval":{"confidence_level":0.95,"lower_bound":1115.7655352807637,"upper_bound":1699.29834505953},"point_estimate":1397.6507365689858,"standard_error":151.62608730314324}}