{"mean":{"confidence_interval":{"confidence_level":0.95,"lower_bound":146879.44103160215,"upper_bound":147459.0953545697},"point_estimate":147163.34576462305,"standard_error":147.53232720503428},"median":{"confidence_interval":{"confidence_level":0.95,"lower_bound":146313.78873239437,"upper_bound":147145.0625},"point_estimate":146685.69383694488,"standard_error":223.18344126284225},"median_abs_dev":{"confidence_interval":{"confidence_level":0.95,"lower_bound":762.251484619116,"upper_bound":1984.1099320190485},"point_estimate":1239.417787718141,"standard_error":303.90463282164916},"slope":{"confidence_interval":{"confidence_level":0.95,"lower_bound":146208.74170979837,"upper_bound":146513.40549093328},"point_estimate":146357.1164888429,"standard_error":77.73984219682033},"std_dev":{"confidence_interval":{"confidence_level":0.95,"lower_bound":1294.0648520567634,"upper_bound":1649.2660683018487},"point_estimate":1477.5009261111088,"standard_error":90.67264997972904}}