{"mean":{"confidence_interval":{"confidence_level":0.95,"lower_bound":107981.05891392344,"upper_bound":108509.57836910624},"point_estimate":108237.74107037194,"standard_error":134.855038646466},"median":{"confidence_interval":{"confidence_level":0.95,"lower_bound":107867.75056089743,"upper_bound":108220.17708333333},"point_estimate":108015.16342940685,"standard_error":90.61805415653419},"median_abs_dev":{"confidence_interval":{"confidence_level":0.95,"lower_bound":821.5558725356703,"upper_bound":1481.7042326709206},"point_estimate":1113.2708603167903,"standard_error":175.57325739178782},"slope":{"confidence_interval":{"confidence_level":0.95,"lower_bound":107701.3500797276,"upper_bound":108373.46978284798},"point_estimate":108005.35378060194,"standard_error":172.909740170866},"std_dev":{"confidence_interval":{"confidence_level":0.95,"lower_bound":1062.6778134300994,"upper_bound":1647.2655003840382},"point_estimate":1361.1593888301607,"standard_error":150.43214057703295}}