{"mean":{"confidence_interval":{"confidence_level":0.95,"lower_bound":147181.71965144627,"upper_bound":147982.30359802584},"point_estimate":147573.01713837587,"standard_error":204.17386445653773},"median":{"confidence_interval":{"confidence_level":0.95,"lower_bound":146255.7245762712,"upper_bound":147825.24056603774},"point_estimate":146785.46929039952,"standard_error":360.54709334635635},"median_abs_dev":{"confidence_interval":{"confidence_level":0.95,"lower_bound":963.7726508977263,"upper_bound":2489.351642835233},"point_estimate":1747.4830290538603,"standard_error":373.6253213632518},"slope":{"confidence_interval":{"confidence_level":0.95,"lower_bound":146208.1982328988,"upper_bound":146657.4377463958},"point_estimate":146409.0566536131,"standard_error":114.57338408971171},"std_dev":{"confidence_interval":{"confidence_level":0.95,"lower_bound":1712.1067173807112,"upper_bound":2367.9336187878835},"point_estimate":2055.411046366119,"standard_error":168.07786754727866}}