{"mean":{"confidence_interval":{"confidence_level":0.95,"lower_bound":107858.9194076778,"upper_bound":108245.0089411893},"point_estimate":108049.65902938573,"standard_error":98.55246629515862},"median":{"confidence_interval":{"confidence_level":0.95,"lower_bound":107807.74187784275,"upper_bound":108122.5925925926},"point_estimate":107929.42513368983,"standard_error":85.41399722411633},"median_abs_dev":{"confidence_interval":{"confidence_level":0.95,"lower_bound":523.2635517384339,"upper_bound":1342.173849748889},"point_estimate":1084.9245524321502,"standard_error":223.2257784610538},"slope":{"confidence_interval":{"confidence_level":0.95,"lower_bound":107715.44843433055,"upper_bound":108145.12493631514},"point_estimate":107912.21143539727,"standard_error":109.90330196225743},"std_dev":{"confidence_interval":{"confidence_level":0.95,"lower_bound":846.0842301730808,"upper_bound":1128.1746933246313},"point_estimate":993.243462079615,"standard_error":72.27668824330776}}