{"mean":{"confidence_interval":{"confidence_level":0.95,"lower_bound":107797.4210219477,"upper_bound":108170.40822618533},"point_estimate":107978.13507691046,"standard_error":94.89576545846117},"median":{"confidence_interval":{"confidence_level":0.95,"lower_bound":107761.15151515152,"upper_bound":108113.67777777778},"point_estimate":107986.65086377587,"standard_error":96.52706846924295},"median_abs_dev":{"confidence_interval":{"confidence_level":0.95,"lower_bound":691.8690059913038,"upper_bound":1070.9892183946956},"point_estimate":915.3071567056924,"standard_error":96.1957516427067},"slope":{"confidence_interval":{"confidence_level":0.95,"lower_bound":107634.96205776402,"upper_bound":108213.68001388208},"point_estimate":107901.67405645041,"standard_error":148.69367941945262},"std_dev":{"confidence_interval":{"confidence_level":0.95,"lower_bound":736.6071262028404,"upper_bound":1174.8380840286493},"point_estimate":955.5057934864833,"standard_error":113.28945666064138}}