{"mean":{"confidence_interval":{"confidence_level":0.95,"lower_bound":306936.8004170278,"upper_bound":308678.7076917404},"point_estimate":307821.0952116003,"standard_error":443.6647193505984},"median":{"confidence_interval":{"confidence_level":0.95,"lower_bound":306519.21428571426,"upper_bound":309354.8076923077},"point_estimate":308233.81736909325,"standard_error":642.261091553622},"median_abs_dev":{"confidence_interval":{"confidence_level":0.95,"lower_bound":3967.7870995584503,"upper_bound":5950.0324011991115},"point_estimate":5119.005875786141,"standard_error":514.3878656245537},"slope":{"confidence_interval":{"confidence_level":0.95,"lower_bound":305767.6437233953,"upper_bound":307676.9323165375},"point_estimate":306701.2503901286,"standard_error":486.93561861513774},"std_dev":{"confidence_interval":{"confidence_level":0.95,"lower_bound":3749.863207123815,"upper_bound":5232.23997859972},"point_estimate":4461.362786032806,"standard_error":384.03057738395484}}