{"mean":{"confidence_interval":{"confidence_level":0.95,"lower_bound":157036.43925859343,"upper_bound":165173.63510163059},"point_estimate":160870.25744852636,"standard_error":2073.667960644566},"median":{"confidence_interval":{"confidence_level":0.95,"lower_bound":152058.0390625,"upper_bound":156043.61021305915},"point_estimate":153718.55011408083,"standard_error":1059.4458782282204},"median_abs_dev":{"confidence_interval":{"confidence_level":0.95,"lower_bound":6188.735311851459,"upper_bound":10549.835673830885},"point_estimate":8674.58906469796,"standard_error":1107.2829047086693},"slope":{"confidence_interval":{"confidence_level":0.95,"lower_bound":153198.21058197838,"upper_bound":157991.6270045884},"point_estimate":155434.67631963943,"standard_error":1224.0971571418495},"std_dev":{"confidence_interval":{"confidence_level":0.95,"lower_bound":14459.240813282095,"upper_bound":26391.63184812697},"point_estimate":20987.719287213615,"standard_error":3046.9531592701073}}