{"mean":{"confidence_interval":{"confidence_level":0.95,"lower_bound":107982.94731512385,"upper_bound":108334.09979098468},"point_estimate":108156.50711845234,"standard_error":89.350496522646},"median":{"confidence_interval":{"confidence_level":0.95,"lower_bound":107970.32234432234,"upper_bound":108292.48550724638},"point_estimate":108140.08373842592,"standard_error":83.3750217114004},"median_abs_dev":{"confidence_interval":{"confidence_level":0.95,"lower_bound":529.192051381731,"upper_bound":1009.184929621267},"point_estimate":691.9924306683765,"standard_error":124.02865674952622},"slope":{"confidence_interval":{"confidence_level":0.95,"lower_bound":107893.81089986222,"upper_bound":108187.25856361489},"point_estimate":108033.69892222057,"standard_error":75.20254559572517},"std_dev":{"confidence_interval":{"confidence_level":0.95,"lower_bound":765.0866063855108,"upper_bound":1018.1621772758782},"point_estimate":898.1748119327261,"standard_error":64.4982649767004}}