{"mean":{"confidence_interval":{"confidence_level":0.95,"lower_bound":107332.43075163849,"upper_bound":108128.4849576322},"point_estimate":107721.73652308248,"standard_error":202.58696689228236},"median":{"confidence_interval":{"confidence_level":0.95,"lower_bound":107581.18266335441,"upper_bound":107997.75},"point_estimate":107882.99206349207,"standard_error":94.03682665171301},"median_abs_dev":{"confidence_interval":{"confidence_level":0.95,"lower_bound":686.1783342280174,"upper_bound":1310.890149622626},"point_estimate":996.8898379020299,"standard_error":158.27255764911595},"slope":{"confidence_interval":{"confidence_level":0.95,"lower_bound":107694.32133142067,"upper_bound":108233.49297186607},"point_estimate":107955.55206344515,"standard_error":137.64049793600586},"std_dev":{"confidence_interval":{"confidence_level":0.95,"lower_bound":1380.408059248801,"upper_bound":2718.453207239242},"point_estimate":2043.947190708048,"standard_error":349.83458448819766}}