{"mean":{"confidence_interval":{"confidence_level":0.95,"lower_bound":185398.97957801138,"upper_bound":188231.13889172647},"point_estimate":186765.08039116394,"standard_error":722.6739794595333},"median":{"confidence_interval":{"confidence_level":0.95,"lower_bound":183900.46978021978,"upper_bound":187256.2279748284},"point_estimate":185808.8588888889,"standard_error":855.0442026971538},"median_abs_dev":{"confidence_interval":{"confidence_level":0.95,"lower_bound":4562.221943816924,"upper_bound":7401.553334079318},"point_estimate":5763.712385756952,"standard_error":706.0661181022763},"slope":{"confidence_interval":{"confidence_level":0.95,"lower_bound":183927.5135218472,"upper_bound":186720.35042521765},"point_estimate":185303.80991650658,"standard_error":710.2687142038744},"std_dev":{"confidence_interval":{"confidence_level":0.95,"lower_bound":5706.3522198658575,"upper_bound":8802.090512542796},"point_estimate":7284.93856199136,"standard_error":795.0924777738695}}