{"mean":{"confidence_interval":{"confidence_level":0.95,"lower_bound":107841.79102835801,"upper_bound":108274.10949264927},"point_estimate":108048.3840087682,"standard_error":110.0327545677566},"median":{"confidence_interval":{"confidence_level":0.95,"lower_bound":107796.45762711864,"upper_bound":108127.81060606061},"point_estimate":107940.70118011604,"standard_error":89.24346813973924},"median_abs_dev":{"confidence_interval":{"confidence_level":0.95,"lower_bound":503.3390139806055,"upper_bound":965.0442642705501},"point_estimate":686.8978757981106,"standard_error":116.96903945447835},"slope":{"confidence_interval":{"confidence_level":0.95,"lower_bound":107814.43052325366,"upper_bound":108329.8382777382},"point_estimate":108061.33291709768,"standard_error":131.57975367502002},"std_dev":{"confidence_interval":{"confidence_level":0.95,"lower_bound":797.6448958353055,"upper_bound":1450.3488912180096},"point_estimate":1104.150509309946,"standard_error":175.43585310991364}}