{"mean":{"confidence_interval":{"confidence_level":0.95,"lower_bound":115936.10783490005,"upper_bound":116918.64922826705},"point_estimate":116428.23716204157,"standard_error":250.78032764546128},"median":{"confidence_interval":{"confidence_level":0.95,"lower_bound":115540.6507936508,"upper_bound":117138.64542214913},"point_estimate":116511.3586352657,"standard_error":401.162221003746},"median_abs_dev":{"confidence_interval":{"confidence_level":0.95,"lower_bound":2128.771521366229,"upper_bound":3316.261238758046},"point_estimate":2754.0414697726615,"standard_error":310.7273987863138},"slope":{"confidence_interval":{"confidence_level":0.95,"lower_bound":117501.12647848084,"upper_bound":118413.12644601993},"point_estimate":117970.29118614846,"standard_error":232.52088472354757},"std_dev":{"confidence_interval":{"confidence_level":0.95,"lower_bound":2201.2088266289006,"upper_bound":2809.1010582756626},"point_estimate":2523.749588133364,"standard_error":155.49208500408122}}