{"mean":{"confidence_interval":{"confidence_level":0.95,"lower_bound":107721.50322909706,"upper_bound":108238.27218817189},"point_estimate":107966.68184027766,"standard_error":131.79384860701833},"median":{"confidence_interval":{"confidence_level":0.95,"lower_bound":107375.21621621621,"upper_bound":108322.5239117984},"point_estimate":107818.40402777778,"standard_error":264.5424092564333},"median_abs_dev":{"confidence_interval":{"confidence_level":0.95,"lower_bound":943.5166613348039,"upper_bound":1469.267493738517},"point_estimate":1271.5277534681613,"standard_error":120.33752265201275},"slope":{"confidence_interval":{"confidence_level":0.95,"lower_bound":107425.0200758561,"upper_bound":108012.65973634426},"point_estimate":107711.61416481946,"standard_error":150.23317156831192},"std_dev":{"confidence_interval":{"confidence_level":0.95,"lower_bound":972.9539889788633,"upper_bound":1730.3865917578805},"point_estimate":1323.0914079864588,"standard_error":208.25916807976952}}