{"mean":{"confidence_interval":{"confidence_level":0.95,"lower_bound":103247.1967468418,"upper_bound":104101.12583109134},"point_estimate":103668.4440619621,"standard_error":217.3286705213297},"median":{"confidence_interval":{"confidence_level":0.95,"lower_bound":102574.5579710145,"upper_bound":103770.25185185185},"point_estimate":103064.54846727423,"standard_error":268.2374495333959},"median_abs_dev":{"confidence_interval":{"confidence_level":0.95,"lower_bound":1455.7959241970527,"upper_bound":2698.4680664635057},"point_estimate":2165.411472500273,"standard_error":306.30361140233464},"slope":{"confidence_interval":{"confidence_level":0.95,"lower_bound":102798.83030773241,"upper_bound":103862.63212626208},"point_estimate":103288.90392739273,"standard_error":271.87419303417397},"std_dev":{"confidence_interval":{"confidence_level":0.95,"lower_bound":1874.186289503173,"upper_bound":2450.450017609429},"point_estimate":2180.919009650035,"standard_error":147.06187858398476}}