{"mean":{"confidence_interval":{"confidence_level":0.95,"lower_bound":107638.5963400311,"upper_bound":108154.22249199158},"point_estimate":107880.52985283788,"standard_error":131.05628311760887},"median":{"confidence_interval":{"confidence_level":0.95,"lower_bound":107829.17129629629,"upper_bound":108282.09449259157},"point_estimate":108002.0524428684,"standard_error":118.30926297568071},"median_abs_dev":{"confidence_interval":{"confidence_level":0.95,"lower_bound":616.6471866939384,"upper_bound":1325.4316871155104},"point_estimate":1066.2070749265258,"standard_error":196.91874064162303},"slope":{"confidence_interval":{"confidence_level":0.95,"lower_bound":107513.97475302864,"upper_bound":107932.82155551115},"point_estimate":107734.44291167923,"standard_error":106.76785003165358},"std_dev":{"confidence_interval":{"confidence_level":0.95,"lower_bound":909.9874635793291,"upper_bound":1807.1891046844157},"point_estimate":1317.0746440613839,"standard_error":261.35587391468727}}