{"mean":{"confidence_interval":{"confidence_level":0.95,"lower_bound":164927.15524995554,"upper_bound":166465.63090771702},"point_estimate":165689.86679597202,"standard_error":392.7302835471929},"median":{"confidence_interval":{"confidence_level":0.95,"lower_bound":164464.9642857143,"upper_bound":165839.0519791667},"point_estimate":165183.97394179893,"standard_error":366.0827067378601},"median_abs_dev":{"confidence_interval":{"confidence_level":0.95,"lower_bound":2651.656465298028,"upper_bound":4506.146806907235},"point_estimate":3690.848884012389,"standard_error":471.6305403688653},"slope":{"confidence_interval":{"confidence_level":0.95,"lower_bound":163506.81063216907,"upper_bound":165261.70748529426},"point_estimate":164394.37368257722,"standard_error":447.6378196099514},"std_dev":{"confidence_interval":{"confidence_level":0.95,"lower_bound":3367.1289843680343,"upper_bound":4463.2092883459345},"point_estimate":3948.322845120911,"standard_error":279.30452066631193}}