{"mean":{"confidence_interval":{"confidence_level":0.95,"lower_bound":8374318.762666668,"upper_bound":8407066.533708334},"point_estimate":8390485.448333334,"standard_error":8357.426609879467},"median":{"confidence_interval":{"confidence_level":0.95,"lower_bound":8363624.166666666,"upper_bound":8401824.166666666},"point_estimate":8383407.416666666,"standard_error":10072.171169942056},"median_abs_dev":{"confidence_interval":{"confidence_level":0.95,"lower_bound":57487.8139793886,"upper_bound":93230.70479482412},"point_estimate":73598.61014336439,"standard_error":9028.035769318003},"slope":null,"std_dev":{"confidence_interval":{"confidence_level":0.95,"lower_bound":71879.96247568057,"upper_bound":94607.49276354306},"point_estimate":84039.6625762517,"standard_error":5789.528865502666}}