{"mean":{"confidence_interval":{"confidence_level":0.95,"lower_bound":6387260.47625,"upper_bound":6414659.09153125},"point_estimate":6398019.28125,"standard_error":7252.012188428084},"median":{"confidence_interval":{"confidence_level":0.95,"lower_bound":6384739.3125,"upper_bound":6394788.9375},"point_estimate":6390078.375,"standard_error":2406.140918783354},"median_abs_dev":{"confidence_interval":{"confidence_level":0.95,"lower_bound":17753.949359804392,"upper_bound":29728.353372216225},"point_estimate":24674.911361932755,"standard_error":3097.002216344219},"slope":null,"std_dev":{"confidence_interval":{"confidence_level":0.95,"lower_bound":22735.79517249703,"upper_bound":120138.80265336217},"point_estimate":73113.03795909073,"standard_error":32346.849149909878}}