{"mean":{"confidence_interval":{"confidence_level":0.95,"lower_bound":9770739.088750001,"upper_bound":9781845.666416664},"point_estimate":9776261.1,"standard_error":2833.5386456727824},"median":{"confidence_interval":{"confidence_level":0.95,"lower_bound":9769278.5,"upper_bound":9782979.0},"point_estimate":9776108.25,"standard_error":3320.059934096833},"median_abs_dev":{"confidence_interval":{"confidence_level":0.95,"lower_bound":24334.34579297635,"upper_bound":37276.27910446382},"point_estimate":32254.33307737112,"standard_error":3218.249831644011},"slope":null,"std_dev":{"confidence_interval":{"confidence_level":0.95,"lower_bound":24876.788879530264,"upper_bound":31663.610060538354},"point_estimate":28485.819574758243,"standard_error":1728.9586022972692}}