{"mean":{"confidence_interval":{"confidence_level":0.95,"lower_bound":8204013.904964285,"upper_bound":8212456.461749997},"point_estimate":8208175.582857146,"standard_error":2151.352566691853},"median":{"confidence_interval":{"confidence_level":0.95,"lower_bound":8200938.857142857,"upper_bound":8211253.285714285},"point_estimate":8206557.0,"standard_error":2471.258141578813},"median_abs_dev":{"confidence_interval":{"confidence_level":0.95,"lower_bound":14844.744036452914,"upper_bound":28209.42969918182},"point_estimate":19742.93664949291,"standard_error":3417.2721368490247},"slope":null,"std_dev":{"confidence_interval":{"confidence_level":0.95,"lower_bound":18842.086079809895,"upper_bound":24563.692905168777},"point_estimate":21835.846377125657,"standard_error":1459.7445954490195}}