{"mean":{"confidence_interval":{"confidence_level":0.95,"lower_bound":6228076.26125,"upper_bound":6284619.81125},"point_estimate":6252248.8925,"standard_error":14585.151053736554},"median":{"confidence_interval":{"confidence_level":0.95,"lower_bound":6214792.25,"upper_bound":6231309.25},"point_estimate":6219501.5625,"standard_error":4543.969273116493},"median_abs_dev":{"confidence_interval":{"confidence_level":0.95,"lower_bound":34913.839442655444,"upper_bound":55980.125634279095},"point_estimate":46388.42193894088,"standard_error":5242.401889382705},"slope":null,"std_dev":{"confidence_interval":{"confidence_level":0.95,"lower_bound":48415.54284842565,"upper_bound":222491.24985846985},"point_estimate":146093.35659009533,"standard_error":46046.42704886887}}