{"mean":{"confidence_interval":{"confidence_level":0.95,"lower_bound":8474257.47229167,"upper_bound":8507005.120249996},"point_estimate":8490498.361666668,"standard_error":8360.019172774508},"median":{"confidence_interval":{"confidence_level":0.95,"lower_bound":8463273.333333334,"upper_bound":8499922.666666666},"point_estimate":8481548.0,"standard_error":8200.507019940927},"median_abs_dev":{"confidence_interval":{"confidence_level":0.95,"lower_bound":60278.62928233996,"upper_bound":98232.9971060143},"point_estimate":81516.92950278429,"standard_error":9643.884631732742},"slope":null,"std_dev":{"confidence_interval":{"confidence_level":0.95,"lower_bound":71004.82824263895,"upper_bound":96574.87817597271},"point_estimate":84574.14368582309,"standard_error":6542.823755428701}}