{"mean":{"confidence_interval":{"confidence_level":0.95,"lower_bound":6168190.42853125,"upper_bound":6183963.6175},"point_estimate":6175896.195,"standard_error":4035.6961832216107},"median":{"confidence_interval":{"confidence_level":0.95,"lower_bound":6165514.5,"upper_bound":6184092.375},"point_estimate":6172822.5625,"standard_error":5257.083947277752},"median_abs_dev":{"confidence_interval":{"confidence_level":0.95,"lower_bound":29057.68305818551,"upper_bound":45494.87746730447},"point_estimate":37776.647329330444,"standard_error":4114.112844062251},"slope":null,"std_dev":{"confidence_interval":{"confidence_level":0.95,"lower_bound":33080.15657676651,"upper_bound":48039.576508394246},"point_estimate":40668.532590863986,"standard_error":3832.6655370191907}}