{"mean":{"confidence_interval":{"confidence_level":0.95,"lower_bound":8485958.996583339,"upper_bound":8513115.913666667},"point_estimate":8499511.193333335,"standard_error":6924.4755519028795},"median":{"confidence_interval":{"confidence_level":0.95,"lower_bound":8487797.666666666,"upper_bound":8510481.166666666},"point_estimate":8501697.75,"standard_error":5050.762451509724},"median_abs_dev":{"confidence_interval":{"confidence_level":0.95,"lower_bound":40944.59282308817,"upper_bound":82111.32854223343},"point_estimate":63838.28386664483,"standard_error":11017.963684419225},"slope":null,"std_dev":{"confidence_interval":{"confidence_level":0.95,"lower_bound":57997.34396557361,"upper_bound":81307.05640752552},"point_estimate":69972.2454665462,"standard_error":5957.646352615259}}