{"mean":{"confidence_interval":{"confidence_level":0.95,"lower_bound":6272677.68790625,"upper_bound":6340726.506281249},"point_estimate":6299202.34375,"standard_error":18052.117725694738},"median":{"confidence_interval":{"confidence_level":0.95,"lower_bound":6262129.3125,"upper_bound":6281426.5},"point_estimate":6270426.0,"standard_error":5432.662845665382},"median_abs_dev":{"confidence_interval":{"confidence_level":0.95,"lower_bound":27979.62670326233,"upper_bound":44385.61469949782},"point_estimate":36238.44985663891,"standard_error":4187.886153838726},"slope":null,"std_dev":{"confidence_interval":{"confidence_level":0.95,"lower_bound":34436.252876392406,"upper_bound":300213.2953835468},"point_estimate":181903.56930895086,"standard_error":80879.22047583226}}