{"mean":{"confidence_interval":{"confidence_level":0.95,"lower_bound":10653571.76385,"upper_bound":10853864.929299997},"point_estimate":10750699.045999995,"standard_error":51110.24420217204},"median":{"confidence_interval":{"confidence_level":0.95,"lower_bound":10507168.0,"upper_bound":10692769.2},"point_estimate":10594478.8,"standard_error":45604.37348885789},"median_abs_dev":{"confidence_interval":{"confidence_level":0.95,"lower_bound":244036.98236797916,"upper_bound":489691.20702624484},"point_estimate":318865.000239016,"standard_error":61208.923340256995},"slope":null,"std_dev":{"confidence_interval":{"confidence_level":0.95,"lower_bound":412212.5208532814,"upper_bound":600090.1482380808},"point_estimate":510672.66318220564,"standard_error":47995.54867426453}}