{"mean":{"confidence_interval":{"confidence_level":0.95,"lower_bound":6300124.358031251,"upper_bound":6359219.60925},"point_estimate":6324397.86125,"standard_error":15280.8979580586},"median":{"confidence_interval":{"confidence_level":0.95,"lower_bound":6284380.6875,"upper_bound":6328983.0},"point_estimate":6301814.6875,"standard_error":11879.695353100939},"median_abs_dev":{"confidence_interval":{"confidence_level":0.95,"lower_bound":66551.90667534248,"upper_bound":99532.2179954499},"point_estimate":91608.27711112797,"standard_error":8478.185979137319},"slope":null,"std_dev":{"confidence_interval":{"confidence_level":0.95,"lower_bound":64981.84081298864,"upper_bound":245725.976763731},"point_estimate":153778.2233883499,"standard_error":60062.80561095661}}