{"mean":{"confidence_interval":{"confidence_level":0.95,"lower_bound":8193879.579500005,"upper_bound":8209953.162035718},"point_estimate":8201780.297142859,"standard_error":4113.199864294189},"median":{"confidence_interval":{"confidence_level":0.95,"lower_bound":8189147.785714285,"upper_bound":8210076.714285715},"point_estimate":8200019.428571429,"standard_error":5527.529751396347},"median_abs_dev":{"confidence_interval":{"confidence_level":0.95,"lower_bound":35339.35887260087,"upper_bound":54179.07443812876},"point_estimate":48142.668645297075,"standard_error":4780.651036599833},"slope":null,"std_dev":{"confidence_interval":{"confidence_level":0.95,"lower_bound":35084.30429619988,"upper_bound":47463.0289911029},"point_estimate":41374.23335274488,"standard_error":3164.2632059985162}}