{"mean":{"confidence_interval":{"confidence_level":0.95,"lower_bound":10021661.458300008,"upper_bound":10155229.134049999},"point_estimate":10085799.196000002,"standard_error":34088.105424944806},"median":{"confidence_interval":{"confidence_level":0.95,"lower_bound":9995519.8,"upper_bound":10093969.4},"point_estimate":10062539.6,"standard_error":24764.151936668655},"median_abs_dev":{"confidence_interval":{"confidence_level":0.95,"lower_bound":185145.53539601134,"upper_bound":315347.5318014622},"point_estimate":250142.93321907465,"standard_error":33783.843600900655},"slope":null,"std_dev":{"confidence_interval":{"confidence_level":0.95,"lower_bound":255900.8486083739,"upper_bound":426413.3601092069},"point_estimate":344257.12064753997,"standard_error":43770.615804877925}}