{"mean":{"confidence_interval":{"confidence_level":0.95,"lower_bound":6383219.4155625,"upper_bound":6399382.16375},"point_estimate":6391080.7575,"standard_error":4129.504232504221},"median":{"confidence_interval":{"confidence_level":0.95,"lower_bound":6374419.25,"upper_bound":6393953.375},"point_estimate":6384779.25,"standard_error":4926.071700132379},"median_abs_dev":{"confidence_interval":{"confidence_level":0.95,"lower_bound":27274.124556100003,"upper_bound":45587.16931566596},"point_estimate":35564.60816860199,"standard_error":4734.884147028473},"slope":null,"std_dev":{"confidence_interval":{"confidence_level":0.95,"lower_bound":33871.353505204606,"upper_bound":48846.32108404937},"point_estimate":41656.520589465035,"standard_error":3809.860029934569}}