{"mean":{"confidence_interval":{"confidence_level":0.95,"lower_bound":6370418.47171875,"upper_bound":6386146.07625},"point_estimate":6378146.03375,"standard_error":4005.2114763260633},"median":{"confidence_interval":{"confidence_level":0.95,"lower_bound":6361177.0,"upper_bound":6379739.0625},"point_estimate":6369064.5625,"standard_error":4979.418030089151},"median_abs_dev":{"confidence_interval":{"confidence_level":0.95,"lower_bound":23407.751696929336,"upper_bound":42435.069109126925},"point_estimate":29330.645929276943,"standard_error":5011.666070731027},"slope":null,"std_dev":{"confidence_interval":{"confidence_level":0.95,"lower_bound":33833.491557523754,"upper_bound":45431.72912394063},"point_estimate":40121.99233896616,"standard_error":2960.7310812965543}}