{"mean":{"confidence_interval":{"confidence_level":0.95,"lower_bound":6011134.244361114,"upper_bound":6053698.598888888},"point_estimate":6027462.1188888885,"standard_error":11504.290286230273},"median":{"confidence_interval":{"confidence_level":0.95,"lower_bound":6014998.777777778,"upper_bound":6028738.111111111},"point_estimate":6021979.722222222,"standard_error":3324.6843775467214},"median_abs_dev":{"confidence_interval":{"confidence_level":0.95,"lower_bound":25309.299417335555,"upper_bound":45917.19195147324},"point_estimate":36119.59475874924,"standard_error":5306.072585953743},"slope":null,"std_dev":{"confidence_interval":{"confidence_level":0.95,"lower_bound":32091.23268118924,"upper_bound":192901.7299770795},"point_estimate":115637.61061518191,"standard_error":55320.51190913296}}