{"mean":{"confidence_interval":{"confidence_level":0.95,"lower_bound":8141424.855035713,"upper_bound":8151225.609999997},"point_estimate":8146284.957142851,"standard_error":2507.2336587859154},"median":{"confidence_interval":{"confidence_level":0.95,"lower_bound":8135984.428571428,"upper_bound":8149877.571428571},"point_estimate":8142713.142857143,"standard_error":4004.9079124890077},"median_abs_dev":{"confidence_interval":{"confidence_level":0.95,"lower_bound":21201.603223597267,"upper_bound":32649.49892035582},"point_estimate":27396.7531136106,"standard_error":2942.340505663783},"slope":null,"std_dev":{"confidence_interval":{"confidence_level":0.95,"lower_bound":21242.87651717422,"upper_bound":28934.96892455967},"point_estimate":25129.716720202858,"standard_error":1968.2236747169743}}