{"mean":{"confidence_interval":{"confidence_level":0.95,"lower_bound":6358962.805,"upper_bound":6404326.3125},"point_estimate":6381227.545,"standard_error":11551.075579543029},"median":{"confidence_interval":{"confidence_level":0.95,"lower_bound":6345357.375,"upper_bound":6390001.0},"point_estimate":6362551.9375,"standard_error":10858.718470129466},"median_abs_dev":{"confidence_interval":{"confidence_level":0.95,"lower_bound":86578.97599822843,"upper_bound":140370.61959542334},"point_estimate":111444.6307964623,"standard_error":13484.105433059676},"slope":null,"std_dev":{"confidence_interval":{"confidence_level":0.95,"lower_bound":95885.03829850478,"upper_bound":133906.85872696296},"point_estimate":115701.84050748275,"standard_error":9733.560469906362}}