{"mean":{"confidence_interval":{"confidence_level":0.95,"lower_bound":6431347.24875,"upper_bound":6490669.5943125},"point_estimate":6456479.12,"standard_error":15319.424099709058},"median":{"confidence_interval":{"confidence_level":0.95,"lower_bound":6426303.75,"upper_bound":6441632.5625},"point_estimate":6431447.0,"standard_error":4040.0396704774726},"median_abs_dev":{"confidence_interval":{"confidence_level":0.95,"lower_bound":26698.938313499093,"upper_bound":55765.21813496947},"point_estimate":37087.701654061675,"standard_error":7798.367691795382},"slope":null,"std_dev":{"confidence_interval":{"confidence_level":0.95,"lower_bound":54851.61598698815,"upper_bound":240885.13397263628},"point_estimate":153959.20547472555,"standard_error":51655.83445821975}}