{"mean":{"confidence_interval":{"confidence_level":0.95,"lower_bound":17803192.442750003,"upper_bound":17827801.957333334},"point_estimate":17815495.71666667,"standard_error":6270.128240505718},"median":{"confidence_interval":{"confidence_level":0.95,"lower_bound":17799164.666666664,"upper_bound":17834955.0},"point_estimate":17809218.0,"standard_error":9350.97833271794},"median_abs_dev":{"confidence_interval":{"confidence_level":0.95,"lower_bound":47437.404662819565,"upper_bound":74748.03283795614},"point_estimate":62437.72109150794,"standard_error":6778.0364624927015},"slope":null,"std_dev":{"confidence_interval":{"confidence_level":0.95,"lower_bound":54255.82412851931,"upper_bound":70674.09488583806},"point_estimate":62931.586500206366,"standard_error":4187.4167698983665}}