{"mean":{"confidence_interval":{"confidence_level":0.95,"lower_bound":6329328.15375,"upper_bound":6354505.1176875},"point_estimate":6340957.21375,"standard_error":6445.31607958124},"median":{"confidence_interval":{"confidence_level":0.95,"lower_bound":6325913.4375,"upper_bound":6346567.875},"point_estimate":6337620.125,"standard_error":5080.182059396722},"median_abs_dev":{"confidence_interval":{"confidence_level":0.95,"lower_bound":38130.4327480495,"upper_bound":65306.02695308626},"point_estimate":50880.05122169852,"standard_error":7324.289422859359},"slope":null,"std_dev":{"confidence_interval":{"confidence_level":0.95,"lower_bound":42235.68540833913,"upper_bound":89894.91804225482},"point_estimate":64178.62160608742,"standard_error":13838.0860577598}}