{"mean":{"confidence_interval":{"confidence_level":0.95,"lower_bound":10366821.8603,"upper_bound":10632831.754400002},"point_estimate":10479810.992000002,"standard_error":68749.4707120809},"median":{"confidence_interval":{"confidence_level":0.95,"lower_bound":10288818.0,"upper_bound":10442262.6},"point_estimate":10379761.1,"standard_error":43068.03278637834},"median_abs_dev":{"confidence_interval":{"confidence_level":0.95,"lower_bound":198584.98539841184,"upper_bound":333506.41627907753},"point_estimate":264756.1798596377,"standard_error":34597.243201237034},"slope":null,"std_dev":{"confidence_interval":{"confidence_level":0.95,"lower_bound":261326.59396570348,"upper_bound":1080725.556699881},"point_estimate":691428.3178024106,"standard_error":237698.21683724094}}