{"mean":{"confidence_interval":{"confidence_level":0.95,"lower_bound":9771062.178791663,"upper_bound":9785642.90916667},"point_estimate":9777997.646666665,"standard_error":3734.332356917337},"median":{"confidence_interval":{"confidence_level":0.95,"lower_bound":9767862.5,"upper_bound":9783455.5},"point_estimate":9774720.916666666,"standard_error":3913.90500876644},"median_abs_dev":{"confidence_interval":{"confidence_level":0.95,"lower_bound":22369.83905285597,"upper_bound":33464.38175588892},"point_estimate":29540.928025543228,"standard_error":2880.0210804811145},"slope":null,"std_dev":{"confidence_interval":{"confidence_level":0.95,"lower_bound":25922.05264124277,"upper_bound":50484.7914172017},"point_estimate":37485.96118632211,"standard_error":6634.482796795852}}