{"mean":{"confidence_interval":{"confidence_level":0.95,"lower_bound":6336277.39125,"upper_bound":6357543.3125},"point_estimate":6346394.1625,"standard_error":5437.938721452933},"median":{"confidence_interval":{"confidence_level":0.95,"lower_bound":6325229.375,"upper_bound":6347036.625},"point_estimate":6338081.0625,"standard_error":4954.243513322264},"median_abs_dev":{"confidence_interval":{"confidence_level":0.95,"lower_bound":29310.167517140508,"upper_bound":46136.10195592046},"point_estimate":37813.249016180634,"standard_error":4214.163924872676},"slope":null,"std_dev":{"confidence_interval":{"confidence_level":0.95,"lower_bound":41071.79718374989,"upper_bound":66965.85667816017},"point_estimate":54923.232779960585,"standard_error":6613.186217306558}}