{"mean":{"confidence_interval":{"confidence_level":0.95,"lower_bound":6241875.724125001,"upper_bound":6261818.5725},"point_estimate":6251835.67875,"standard_error":5097.690801112212},"median":{"confidence_interval":{"confidence_level":0.95,"lower_bound":6237734.5,"upper_bound":6263717.4375},"point_estimate":6250629.25,"standard_error":7228.681140958923},"median_abs_dev":{"confidence_interval":{"confidence_level":0.95,"lower_bound":40649.08516614699,"upper_bound":64081.39937482774},"point_estimate":51422.497487068176,"standard_error":5897.772678172267},"slope":null,"std_dev":{"confidence_interval":{"confidence_level":0.95,"lower_bound":44130.102991135696,"upper_bound":57508.86575040588},"point_estimate":51177.5465587232,"standard_error":3418.4850209766473}}