{"mean":{"confidence_interval":{"confidence_level":0.95,"lower_bound":6358404.99,"upper_bound":6372525.29},"point_estimate":6365244.59,"standard_error":3589.242324410356},"median":{"confidence_interval":{"confidence_level":0.95,"lower_bound":6357607.9375,"upper_bound":6370352.75},"point_estimate":6361667.6875,"standard_error":3261.2917633743905},"median_abs_dev":{"confidence_interval":{"confidence_level":0.95,"lower_bound":23178.690000995994,"upper_bound":38517.113353684545},"point_estimate":30718.266842141747,"standard_error":3820.7747716193435},"slope":null,"std_dev":{"confidence_interval":{"confidence_level":0.95,"lower_bound":28286.39820251832,"upper_bound":44574.4442612632},"point_estimate":36014.40016659827,"standard_error":4254.249014242626}}