{"mean":{"confidence_interval":{"confidence_level":0.95,"lower_bound":8205024.747250002,"upper_bound":8223920.691821434},"point_estimate":8214394.917142854,"standard_error":4826.621098928841},"median":{"confidence_interval":{"confidence_level":0.95,"lower_bound":8202617.571428571,"upper_bound":8220267.857142857},"point_estimate":8212689.214285715,"standard_error":4926.616774802683},"median_abs_dev":{"confidence_interval":{"confidence_level":0.95,"lower_bound":30055.05486641631,"upper_bound":52696.68626444759},"point_estimate":40920.28877351985,"standard_error":5707.458936538674},"slope":null,"std_dev":{"confidence_interval":{"confidence_level":0.95,"lower_bound":40458.446617412024,"upper_bound":55988.17564928733},"point_estimate":48520.25889473587,"standard_error":3974.186501696687}}