{"mean":{"confidence_interval":{"confidence_level":0.95,"lower_bound":6175861.22959375,"upper_bound":6201545.13325},"point_estimate":6188416.8775,"standard_error":6556.159879330486},"median":{"confidence_interval":{"confidence_level":0.95,"lower_bound":6155936.125,"upper_bound":6185540.25},"point_estimate":6171313.625,"standard_error":7258.362520112413},"median_abs_dev":{"confidence_interval":{"confidence_level":0.95,"lower_bound":37836.1366532743,"upper_bound":73911.31518781185},"point_estimate":54584.97589342296,"standard_error":8795.616830212522},"slope":null,"std_dev":{"confidence_interval":{"confidence_level":0.95,"lower_bound":53950.45460607371,"upper_bound":77250.29171320464},"point_estimate":65713.7620685357,"standard_error":5991.7833813829475}}