{"mean":{"confidence_interval":{"confidence_level":0.95,"lower_bound":6096236.98375,"upper_bound":6145564.9848437505},"point_estimate":6117954.125,"standard_error":12640.846134455498},"median":{"confidence_interval":{"confidence_level":0.95,"lower_bound":6074518.0,"upper_bound":6125269.375},"point_estimate":6093620.625,"standard_error":12685.650000906677},"median_abs_dev":{"confidence_interval":{"confidence_level":0.95,"lower_bound":60480.83815843799,"upper_bound":97050.62362700701},"point_estimate":74012.03932352364,"standard_error":9321.213969488117},"slope":null,"std_dev":{"confidence_interval":{"confidence_level":0.95,"lower_bound":69174.25703966628,"upper_bound":189725.74202592956},"point_estimate":126772.93851074693,"standard_error":37013.73077068085}}