{"mean":{"confidence_interval":{"confidence_level":0.95,"lower_bound":6517540.37896875,"upper_bound":6562712.7403437495},"point_estimate":6536298.885,"standard_error":11708.351755892963},"median":{"confidence_interval":{"confidence_level":0.95,"lower_bound":6509672.75,"upper_bound":6513087.875},"point_estimate":6511695.3125,"standard_error":936.5591276718089},"median_abs_dev":{"confidence_interval":{"confidence_level":0.95,"lower_bound":4513.590294867754,"upper_bound":8570.817785337567},"point_estimate":6047.247305139899,"standard_error":996.7432947074916},"slope":null,"std_dev":{"confidence_interval":{"confidence_level":0.95,"lower_bound":22930.444918483976,"upper_bound":187585.1491372869},"point_estimate":117872.27463968567,"standard_error":43559.35258955469}}