{"mean":{"confidence_interval":{"confidence_level":0.95,"lower_bound":6520319.11375,"upper_bound":6530882.1775},"point_estimate":6525171.76625,"standard_error":2712.0791847482083},"median":{"confidence_interval":{"confidence_level":0.95,"lower_bound":6516216.6875,"upper_bound":6520727.6875},"point_estimate":6518999.4375,"standard_error":1037.688154867768},"median_abs_dev":{"confidence_interval":{"confidence_level":0.95,"lower_bound":6331.443187594414,"upper_bound":9683.694390580058},"point_estimate":7882.613410055637,"standard_error":803.6500761595224},"slope":null,"std_dev":{"confidence_interval":{"confidence_level":0.95,"lower_bound":15371.626061733421,"upper_bound":36163.14283167985},"point_estimate":27433.13136056087,"standard_error":5205.259649435041}}