{"mean":{"confidence_interval":{"confidence_level":0.95,"lower_bound":8978256.798,"upper_bound":8981008.40983333},"point_estimate":8979576.173333334,"standard_error":701.4294815953912},"median":{"confidence_interval":{"confidence_level":0.95,"lower_bound":8977381.5,"upper_bound":8980551.666666666},"point_estimate":8978743.333333332,"standard_error":772.8782535027518},"median_abs_dev":{"confidence_interval":{"confidence_level":0.95,"lower_bound":5312.897005677223,"upper_bound":7833.069860934751},"point_estimate":6844.7934284792445,"standard_error":642.1610342053855},"slope":null,"std_dev":{"confidence_interval":{"confidence_level":0.95,"lower_bound":5404.415348495972,"upper_bound":8827.332369098947},"point_estimate":7050.743335135479,"standard_error":894.9556401239033}}