{"mean":{"confidence_interval":{"confidence_level":0.95,"lower_bound":7482882.409928577,"upper_bound":7495599.75314286},"point_estimate":7489261.658571427,"standard_error":3251.0158320250184},"median":{"confidence_interval":{"confidence_level":0.95,"lower_bound":7484584.214285715,"upper_bound":7498341.428571428},"point_estimate":7491069.928571429,"standard_error":3251.3030554360375},"median_abs_dev":{"confidence_interval":{"confidence_level":0.95,"lower_bound":20005.039144839953,"upper_bound":38188.174722024276},"point_estimate":26750.76312507882,"standard_error":4705.088995990925},"slope":null,"std_dev":{"confidence_interval":{"confidence_level":0.95,"lower_bound":27799.454308520715,"upper_bound":37264.403475112915},"point_estimate":32750.837736918453,"standard_error":2410.6018171780006}}