{"mean":{"confidence_interval":{"confidence_level":0.95,"lower_bound":6508404.37590625,"upper_bound":6515307.3800312495},"point_estimate":6511360.73125,"standard_error":1779.672346254699},"median":{"confidence_interval":{"confidence_level":0.95,"lower_bound":6506596.375,"upper_bound":6509525.875},"point_estimate":6508247.1875,"standard_error":734.9386824987207},"median_abs_dev":{"confidence_interval":{"confidence_level":0.95,"lower_bound":5153.489709757271,"upper_bound":8269.20135319233},"point_estimate":7050.504174828529,"standard_error":834.0730053657874},"slope":null,"std_dev":{"confidence_interval":{"confidence_level":0.95,"lower_bound":7167.503202751871,"upper_bound":27613.914911136097},"point_estimate":17886.452435737887,"standard_error":5768.425819570087}}