{"mean":{"confidence_interval":{"confidence_level":0.95,"lower_bound":6517066.1305625,"upper_bound":6526590.395249999},"point_estimate":6521260.20625,"standard_error":2447.436620028582},"median":{"confidence_interval":{"confidence_level":0.95,"lower_bound":6513565.125,"upper_bound":6518482.375},"point_estimate":6516018.375,"standard_error":1246.8349122169504},"median_abs_dev":{"confidence_interval":{"confidence_level":0.95,"lower_bound":5172.8839706629515,"upper_bound":8321.83365225792},"point_estimate":5842.185196280479,"standard_error":878.8608984178685},"slope":null,"std_dev":{"confidence_interval":{"confidence_level":0.95,"lower_bound":10102.560257329813,"upper_bound":35643.19687857063},"point_estimate":24634.71837096294,"standard_error":6555.830764800798}}