{"mean":{"confidence_interval":{"confidence_level":0.95,"lower_bound":6513189.611593749,"upper_bound":6535431.77371875},"point_estimate":6521615.02,"standard_error":5977.891510058629},"median":{"confidence_interval":{"confidence_level":0.95,"lower_bound":6509433.125,"upper_bound":6514116.0},"point_estimate":6510928.0,"standard_error":1316.0358155708993},"median_abs_dev":{"confidence_interval":{"confidence_level":0.95,"lower_bound":6055.030955001712,"upper_bound":11439.370746910572},"point_estimate":7538.279566168785,"standard_error":1339.1994676442223},"slope":null,"std_dev":{"confidence_interval":{"confidence_level":0.95,"lower_bound":12126.101937616733,"upper_bound":99858.69891984943},"point_estimate":60009.04729417014,"standard_error":28333.20686864948}}