{"mean":{"confidence_interval":{"confidence_level":0.95,"lower_bound":4972840.810931819,"upper_bound":4985230.355477272},"point_estimate":4978976.080909092,"standard_error":3157.995109375988},"median":{"confidence_interval":{"confidence_level":0.95,"lower_bound":4967229.772727273,"upper_bound":4990497.818181818},"point_estimate":4982875.136363637,"standard_error":7214.165835925771},"median_abs_dev":{"confidence_interval":{"confidence_level":0.95,"lower_bound":27158.401099661434,"upper_bound":44626.05703500272},"point_estimate":39558.32815224443,"standard_error":4358.039347176437},"slope":null,"std_dev":{"confidence_interval":{"confidence_level":0.95,"lower_bound":27044.293817526348,"upper_bound":37089.842525379165},"point_estimate":31816.78944657496,"standard_error":2608.671648760543}}