{"mean":{"confidence_interval":{"confidence_level":0.95,"lower_bound":6515430.618937501,"upper_bound":6530429.39971875},"point_estimate":6521811.68625,"standard_error":3887.273772674062},"median":{"confidence_interval":{"confidence_level":0.95,"lower_bound":6511620.75,"upper_bound":6514920.625},"point_estimate":6513747.875,"standard_error":762.1813890609121},"median_abs_dev":{"confidence_interval":{"confidence_level":0.95,"lower_bound":4686.31319180131,"upper_bound":8719.91174519062},"point_estimate":6807.543104141951,"standard_error":1070.4177101614978},"slope":null,"std_dev":{"confidence_interval":{"confidence_level":0.95,"lower_bound":10916.421514241869,"upper_bound":60757.92227484003},"point_estimate":39039.329012966766,"standard_error":12906.48548995227}}