{"mean":{"confidence_interval":{"confidence_level":0.95,"lower_bound":9068038.933124997,"upper_bound":9077875.507125003},"point_estimate":9072844.638333328,"standard_error":2505.990633884451},"median":{"confidence_interval":{"confidence_level":0.95,"lower_bound":9065951.5,"upper_bound":9077601.833333334},"point_estimate":9072018.5,"standard_error":3248.8596388387455},"median_abs_dev":{"confidence_interval":{"confidence_level":0.95,"lower_bound":15950.798916815791,"upper_bound":27799.923231450815},"point_estimate":20855.857379734054,"standard_error":3047.4171685880515},"slope":null,"std_dev":{"confidence_interval":{"confidence_level":0.95,"lower_bound":19407.954217858896,"upper_bound":31659.525354288082},"point_estimate":25297.522268513825,"standard_error":3206.595576128773}}