{"mean":{"confidence_interval":{"confidence_level":0.95,"lower_bound":8802539.653625004,"upper_bound":8922514.62979167},"point_estimate":8860350.698333334,"standard_error":30730.5893492421},"median":{"confidence_interval":{"confidence_level":0.95,"lower_bound":8753270.833333332,"upper_bound":8860590.333333334},"point_estimate":8810978.083333332,"standard_error":28227.945328399906},"median_abs_dev":{"confidence_interval":{"confidence_level":0.95,"lower_bound":156094.05562877655,"upper_bound":296509.4929859047},"point_estimate":227155.1959171873,"standard_error":35646.32750704462},"slope":null,"std_dev":{"confidence_interval":{"confidence_level":0.95,"lower_bound":232819.88253597156,"upper_bound":383258.1510725161},"point_estimate":308544.18694666005,"standard_error":38870.9760121383}}