{"mean":{"confidence_interval":{"confidence_level":0.95,"lower_bound":4977202.6191818165,"upper_bound":4992164.0327727245},"point_estimate":4984207.9,"standard_error":3814.533667943641},"median":{"confidence_interval":{"confidence_level":0.95,"lower_bound":4969170.545454545,"upper_bound":4980125.090909091},"point_estimate":4975029.636363637,"standard_error":2686.1763987109694},"median_abs_dev":{"confidence_interval":{"confidence_level":0.95,"lower_bound":19401.84238282067,"upper_bound":33830.100981213705},"point_estimate":27906.574959105088,"standard_error":3809.2945766573866},"slope":null,"std_dev":{"confidence_interval":{"confidence_level":0.95,"lower_bound":26129.91477727621,"upper_bound":51788.48878746663},"point_estimate":38391.609445862516,"standard_error":6969.581005776352}}