{"mean":{"confidence_interval":{"confidence_level":0.95,"lower_bound":4978234.847977275,"upper_bound":4996121.764659092},"point_estimate":4986903.816363637,"standard_error":4545.629094007778},"median":{"confidence_interval":{"confidence_level":0.95,"lower_bound":4967126.772727273,"upper_bound":4988726.545454546},"point_estimate":4972091.681818182,"standard_error":6457.271659235913},"median_abs_dev":{"confidence_interval":{"confidence_level":0.95,"lower_bound":31424.582523920195,"upper_bound":51655.60263747556},"point_estimate":44678.55455225195,"standard_error":5274.982007208269},"slope":null,"std_dev":{"confidence_interval":{"confidence_level":0.95,"lower_bound":37392.04319076488,"upper_bound":52862.32137882716},"point_estimate":45609.987554160805,"standard_error":3969.9524459185395}}