{"mean":{"confidence_interval":{"confidence_level":0.95,"lower_bound":6516741.09815625,"upper_bound":6524364.25875},"point_estimate":6519951.735,"standard_error":1975.0607989344958},"median":{"confidence_interval":{"confidence_level":0.95,"lower_bound":6514874.625,"upper_bound":6518654.125},"point_estimate":6517497.5625,"standard_error":940.5843344152305},"median_abs_dev":{"confidence_interval":{"confidence_level":0.95,"lower_bound":6090.984004363418,"upper_bound":10049.52593408525},"point_estimate":7899.570647254586,"standard_error":1021.0762839946872},"slope":null,"std_dev":{"confidence_interval":{"confidence_level":0.95,"lower_bound":7265.3744242411085,"upper_bound":31228.530727969344},"point_estimate":19865.853525647653,"standard_error":6942.001370901796}}