{"mean":{"confidence_interval":{"confidence_level":0.95,"lower_bound":8254468.846178575,"upper_bound":8441936.26810714},"point_estimate":8346736.024285718,"standard_error":47526.902698226724},"median":{"confidence_interval":{"confidence_level":0.95,"lower_bound":8163650.0,"upper_bound":8428550.285714285},"point_estimate":8305557.357142857,"standard_error":71232.63003208768},"median_abs_dev":{"confidence_interval":{"confidence_level":0.95,"lower_bound":357328.8326561451,"upper_bound":595349.2448304372},"point_estimate":482194.8850393302,"standard_error":60089.801873797565},"slope":null,"std_dev":{"confidence_interval":{"confidence_level":0.95,"lower_bound":416065.9562607602,"upper_bound":535272.3686038272},"point_estimate":479408.9805604121,"standard_error":30544.910065905726}}