{"mean":{"confidence_interval":{"confidence_level":0.95,"lower_bound":7526874.61010714,"upper_bound":7554823.470249997},"point_estimate":7538655.3928571455,"standard_error":7219.530179115435},"median":{"confidence_interval":{"confidence_level":0.95,"lower_bound":7524445.142857143,"upper_bound":7538289.142857143},"point_estimate":7532289.0,"standard_error":3331.668795159232},"median_abs_dev":{"confidence_interval":{"confidence_level":0.95,"lower_bound":19803.72324841304,"upper_bound":35688.40526640415},"point_estimate":27353.969514369965,"standard_error":3906.945844597069},"slope":null,"std_dev":{"confidence_interval":{"confidence_level":0.95,"lower_bound":27761.063630639077,"upper_bound":114249.4541646409},"point_estimate":72376.38004505086,"standard_error":25752.694226326657}}