{"mean":{"confidence_interval":{"confidence_level":0.95,"lower_bound":4960561.448659092,"upper_bound":4970073.23447727},"point_estimate":4965103.621818181,"standard_error":2418.6569958260643},"median":{"confidence_interval":{"confidence_level":0.95,"lower_bound":4953530.818181818,"upper_bound":4967535.2272727275},"point_estimate":4960376.181818182,"standard_error":3881.6037302567333},"median_abs_dev":{"confidence_interval":{"confidence_level":0.95,"lower_bound":16038.901297070637,"upper_bound":25770.01361521789},"point_estimate":21773.800167982914,"standard_error":2425.7376536195216},"slope":null,"std_dev":{"confidence_interval":{"confidence_level":0.95,"lower_bound":17840.75834113716,"upper_bound":30702.002888376843},"point_estimate":24308.975300103346,"standard_error":3338.537480397725}}