{"mean":{"confidence_interval":{"confidence_level":0.95,"lower_bound":6516459.72428125,"upper_bound":6525868.5756250005},"point_estimate":6520553.7125,"standard_error":2424.2224071445503},"median":{"confidence_interval":{"confidence_level":0.95,"lower_bound":6514516.0,"upper_bound":6517279.25},"point_estimate":6515851.0,"standard_error":778.306676121554},"median_abs_dev":{"confidence_interval":{"confidence_level":0.95,"lower_bound":4743.390974225476,"upper_bound":7377.788119018078},"point_estimate":6155.106453225017,"standard_error":680.2964578733842},"slope":null,"std_dev":{"confidence_interval":{"confidence_level":0.95,"lower_bound":8295.169996443288,"upper_bound":35793.781711503725},"point_estimate":24251.18875005672,"standard_error":7102.8257231728985}}