{"mean":{"confidence_interval":{"confidence_level":0.95,"lower_bound":7541909.609535713,"upper_bound":7551109.951035717},"point_estimate":7546413.938571429,"standard_error":2340.458978997948},"median":{"confidence_interval":{"confidence_level":0.95,"lower_bound":7539437.571428572,"upper_bound":7552629.857142857},"point_estimate":7548301.928571429,"standard_error":3307.146234197381},"median_abs_dev":{"confidence_interval":{"confidence_level":0.95,"lower_bound":18361.084639026267,"upper_bound":29174.60228204727},"point_estimate":23551.52418187716,"standard_error":2764.811542502583},"slope":null,"std_dev":{"confidence_interval":{"confidence_level":0.95,"lower_bound":18936.88508777671,"upper_bound":29289.31850859161},"point_estimate":23710.618854372617,"standard_error":2740.4088914130107}}