{"mean":{"confidence_interval":{"confidence_level":0.95,"lower_bound":8978920.893166667,"upper_bound":8991125.234541666},"point_estimate":8983759.113333335,"standard_error":3243.3224296658937},"median":{"confidence_interval":{"confidence_level":0.95,"lower_bound":8978375.583333334,"upper_bound":8980200.583333332},"point_estimate":8978808.833333332,"standard_error":513.0986006372401},"median_abs_dev":{"confidence_interval":{"confidence_level":0.95,"lower_bound":2841.6499495497083,"upper_bound":4472.757020590849},"point_estimate":3817.5713822236394,"standard_error":416.50950538777823},"slope":null,"std_dev":{"confidence_interval":{"confidence_level":0.95,"lower_bound":3391.2032470399063,"upper_bound":52757.55977077173},"point_estimate":32502.797815374153,"standard_error":13712.138018308824}}