{"mean":{"confidence_interval":{"confidence_level":0.95,"lower_bound":6528232.68659375,"upper_bound":6538680.31496875},"point_estimate":6532758.685,"standard_error":2697.5699407204283},"median":{"confidence_interval":{"confidence_level":0.95,"lower_bound":6525649.3125,"upper_bound":6530708.25},"point_estimate":6527488.4375,"standard_error":1348.0481501724541},"median_abs_dev":{"confidence_interval":{"confidence_level":0.95,"lower_bound":7426.806580647826,"upper_bound":11745.620303973556},"point_estimate":10308.610279485583,"standard_error":1145.4017877249291},"slope":null,"std_dev":{"confidence_interval":{"confidence_level":0.95,"lower_bound":9691.96080261955,"upper_bound":40790.073056628105},"point_estimate":27144.035878271377,"standard_error":8353.788103921403}}