{"mean":{"confidence_interval":{"confidence_level":0.95,"lower_bound":6516096.690187501,"upper_bound":6525983.674968749},"point_estimate":6520688.5125,"standard_error":2531.9187313260154},"median":{"confidence_interval":{"confidence_level":0.95,"lower_bound":6511319.25,"upper_bound":6515207.125},"point_estimate":6512860.9375,"standard_error":1047.724780928689},"median_abs_dev":{"confidence_interval":{"confidence_level":0.95,"lower_bound":5249.886506795883,"upper_bound":9023.293397929518},"point_estimate":6770.385442301631,"standard_error":941.7304755710162},"slope":null,"std_dev":{"confidence_interval":{"confidence_level":0.95,"lower_bound":15875.349153571668,"upper_bound":32767.642021756907},"point_estimate":25409.900604885446,"standard_error":4307.869386717082}}