{"mean":{"confidence_interval":{"confidence_level":0.95,"lower_bound":6121187.094972223,"upper_bound":6182926.632777778},"point_estimate":6151426.25333333,"standard_error":15745.31962671371},"median":{"confidence_interval":{"confidence_level":0.95,"lower_bound":6057828.666666667,"upper_bound":6129006.555555556},"point_estimate":6089063.111111111,"standard_error":21074.639323942214},"median_abs_dev":{"confidence_interval":{"confidence_level":0.95,"lower_bound":82330.89130250167,"upper_bound":172382.06779127373},"point_estimate":126809.82331534219,"standard_error":24975.32338748592},"slope":null,"std_dev":{"confidence_interval":{"confidence_level":0.95,"lower_bound":135555.21305723643,"upper_bound":176948.69887231308},"point_estimate":158485.56677568785,"standard_error":10570.722897252943}}