{"mean":{"confidence_interval":{"confidence_level":0.95,"lower_bound":7500628.984714286,"upper_bound":7509278.834535709},"point_estimate":7505007.908571428,"standard_error":2211.506444883763},"median":{"confidence_interval":{"confidence_level":0.95,"lower_bound":7503011.071428571,"upper_bound":7511489.714285715},"point_estimate":7508318.285714285,"standard_error":2416.4015990763974},"median_abs_dev":{"confidence_interval":{"confidence_level":0.95,"lower_bound":14137.861549002291,"upper_bound":26792.911324329278},"point_estimate":20777.897331119275,"standard_error":3347.213179351766},"slope":null,"std_dev":{"confidence_interval":{"confidence_level":0.95,"lower_bound":19107.00606916279,"upper_bound":24944.636323501094},"point_estimate":22198.749226898366,"standard_error":1487.724599578698}}