{"mean":{"confidence_interval":{"confidence_level":0.95,"lower_bound":6532385.553343751,"upper_bound":6638952.1102812495},"point_estimate":6579381.53875,"standard_error":27036.994927894706},"median":{"confidence_interval":{"confidence_level":0.95,"lower_bound":6523505.5625,"upper_bound":6527913.875},"point_estimate":6525152.4375,"standard_error":1209.093979362318},"median_abs_dev":{"confidence_interval":{"confidence_level":0.95,"lower_bound":6156.848508194091,"upper_bound":11177.599189057946},"point_estimate":7646.138714253902,"standard_error":1242.3390289050872},"slope":null,"std_dev":{"confidence_interval":{"confidence_level":0.95,"lower_bound":27431.248900341274,"upper_bound":406886.8496408928},"point_estimate":272849.4598274221,"standard_error":86939.24214178257}}