{"mean":{"confidence_interval":{"confidence_level":0.95,"lower_bound":6514582.36959375,"upper_bound":6525126.14334375},"point_estimate":6519160.46125,"standard_error":2723.5268974565865},"median":{"confidence_interval":{"confidence_level":0.95,"lower_bound":6511194.0,"upper_bound":6514818.1875},"point_estimate":6512905.0625,"standard_error":897.8222057713574},"median_abs_dev":{"confidence_interval":{"confidence_level":0.95,"lower_bound":5448.369578272104,"upper_bound":9630.691441521049},"point_estimate":7669.026351347566,"standard_error":1124.775851061951},"slope":null,"std_dev":{"confidence_interval":{"confidence_level":0.95,"lower_bound":8922.659120262933,"upper_bound":41146.94928516884},"point_estimate":27453.649642625478,"standard_error":8310.509762110012}}