{"mean":{"confidence_interval":{"confidence_level":0.95,"lower_bound":6513753.45153125,"upper_bound":6523065.54515625},"point_estimate":6517818.27,"standard_error":2397.1452439901786},"median":{"confidence_interval":{"confidence_level":0.95,"lower_bound":6510858.1875,"upper_bound":6512972.1875},"point_estimate":6511643.5625,"standard_error":595.3539453861634},"median_abs_dev":{"confidence_interval":{"confidence_level":0.95,"lower_bound":2777.834059121087,"upper_bound":6139.075841009617},"point_estimate":4150.631288811564,"standard_error":836.3733365602402},"slope":null,"std_dev":{"confidence_interval":{"confidence_level":0.95,"lower_bound":8591.614325442311,"upper_bound":35578.97589105208},"point_estimate":24093.705625859642,"standard_error":6971.21066321757}}