{"mean":{"confidence_interval":{"confidence_level":0.95,"lower_bound":7531110.1580714295,"upper_bound":7539937.917535717},"point_estimate":7535598.272857142,"standard_error":2256.2234211875893},"median":{"confidence_interval":{"confidence_level":0.95,"lower_bound":7531710.857142857,"upper_bound":7540839.714285715},"point_estimate":7536925.214285715,"standard_error":2430.8793071273512},"median_abs_dev":{"confidence_interval":{"confidence_level":0.95,"lower_bound":14900.341535465861,"upper_bound":24114.1126268894},"point_estimate":19761.25734916785,"standard_error":2360.0452659689463},"slope":null,"std_dev":{"confidence_interval":{"confidence_level":0.95,"lower_bound":18364.34825356269,"upper_bound":26843.142206693818},"point_estimate":22692.017168190436,"standard_error":2173.7727175968244}}