{"mean":{"confidence_interval":{"confidence_level":0.95,"lower_bound":6520154.2085625,"upper_bound":6525322.693968751},"point_estimate":6522623.1775,"standard_error":1319.4376887589397},"median":{"confidence_interval":{"confidence_level":0.95,"lower_bound":6517058.625,"upper_bound":6521746.75},"point_estimate":6517826.3125,"standard_error":1223.2889291226647},"median_abs_dev":{"confidence_interval":{"confidence_level":0.95,"lower_bound":6504.258747026324,"upper_bound":10498.197751119733},"point_estimate":7870.752610266209,"standard_error":991.1052377658333},"slope":null,"std_dev":{"confidence_interval":{"confidence_level":0.95,"lower_bound":9817.564778499944,"upper_bound":16237.693256478859},"point_estimate":13250.343602167406,"standard_error":1639.8196144704532}}