{"mean":{"confidence_interval":{"confidence_level":0.95,"lower_bound":6531640.159375,"upper_bound":6547796.463812499},"point_estimate":6537703.285,"standard_error":4414.729372728694},"median":{"confidence_interval":{"confidence_level":0.95,"lower_bound":6529337.5,"upper_bound":6533661.25},"point_estimate":6531075.6875,"standard_error":1144.7999089142563},"median_abs_dev":{"confidence_interval":{"confidence_level":0.95,"lower_bound":5676.411986723542,"upper_bound":9043.303864449263},"point_estimate":7136.4949733018875,"standard_error":835.2566252681582},"slope":null,"std_dev":{"confidence_interval":{"confidence_level":0.95,"lower_bound":8529.82231271732,"upper_bound":74154.80814582529},"point_estimate":44239.96037557247,"standard_error":21783.459986382462}}