{"mean":{"confidence_interval":{"confidence_level":0.95,"lower_bound":6515767.7153125,"upper_bound":6533919.16265625},"point_estimate":6523586.9175,"standard_error":4686.985290484874},"median":{"confidence_interval":{"confidence_level":0.95,"lower_bound":6511829.0,"upper_bound":6514485.125},"point_estimate":6513055.0,"standard_error":769.7403581348966},"median_abs_dev":{"confidence_interval":{"confidence_level":0.95,"lower_bound":4663.147567212582,"upper_bound":9269.678347930312},"point_estimate":7067.646737024188,"standard_error":1305.2999531147784},"slope":null,"std_dev":{"confidence_interval":{"confidence_level":0.95,"lower_bound":18227.17070527498,"upper_bound":72293.94440819307},"point_estimate":47145.23455798615,"standard_error":14888.622433453836}}