{"mean":{"confidence_interval":{"confidence_level":0.95,"lower_bound":8552577.202541668,"upper_bound":8652772.573416667},"point_estimate":8603009.19,"standard_error":25652.502775830755},"median":{"confidence_interval":{"confidence_level":0.95,"lower_bound":8529945.916666666,"upper_bound":8700823.916666666},"point_estimate":8601380.5,"standard_error":44079.608119102915},"median_abs_dev":{"confidence_interval":{"confidence_level":0.95,"lower_bound":211225.02985000427,"upper_bound":328080.59457540466},"point_estimate":275867.5006523724,"standard_error":29982.51371948475},"slope":null,"std_dev":{"confidence_interval":{"confidence_level":0.95,"lower_bound":220962.8106887496,"upper_bound":290267.75460707856},"point_estimate":257364.92276310743,"standard_error":17660.293878866847}}