{"mean":{"confidence_interval":{"confidence_level":0.95,"lower_bound":6524797.37965625,"upper_bound":6527199.43265625},"point_estimate":6525985.27375,"standard_error":612.9174890817246},"median":{"confidence_interval":{"confidence_level":0.95,"lower_bound":6523709.0,"upper_bound":6526852.25},"point_estimate":6525470.625,"standard_error":741.5857220671187},"median_abs_dev":{"confidence_interval":{"confidence_level":0.95,"lower_bound":4791.4851274341345,"upper_bound":7793.008774146438},"point_estimate":6531.686846539378,"standard_error":792.2949508826119},"slope":null,"std_dev":{"confidence_interval":{"confidence_level":0.95,"lower_bound":5239.739985361509,"upper_bound":6964.19859925964},"point_estimate":6156.117427319278,"standard_error":442.1445271312226}}