{"mean":{"confidence_interval":{"confidence_level":0.95,"lower_bound":5723058.56241667,"upper_bound":5744490.355861113},"point_estimate":5732751.5444444455,"standard_error":5508.244720811936},"median":{"confidence_interval":{"confidence_level":0.95,"lower_bound":5716652.555555556,"upper_bound":5725558.777777778},"point_estimate":5722428.666666666,"standard_error":2392.1611701822835},"median_abs_dev":{"confidence_interval":{"confidence_level":0.95,"lower_bound":13087.816000977999,"upper_bound":20899.223428964844},"point_estimate":17470.875723163364,"standard_error":2031.4065207828457},"slope":null,"std_dev":{"confidence_interval":{"confidence_level":0.95,"lower_bound":27181.802907687288,"upper_bound":76307.60117840319},"point_estimate":55407.99466527068,"standard_error":12163.527991350325}}