{"mean":{"confidence_interval":{"confidence_level":0.95,"lower_bound":12947140.6869375,"upper_bound":12969745.4306875},"point_estimate":12957635.095,"standard_error":5783.082579346386},"median":{"confidence_interval":{"confidence_level":0.95,"lower_bound":12936313.75,"upper_bound":12948105.75},"point_estimate":12942485.625,"standard_error":2880.909092672377},"median_abs_dev":{"confidence_interval":{"confidence_level":0.95,"lower_bound":21076.2705758214,"upper_bound":38350.78416913748},"point_estimate":30134.21511501074,"standard_error":4613.970754683067},"slope":null,"std_dev":{"confidence_interval":{"confidence_level":0.95,"lower_bound":38905.991510334614,"upper_bound":74516.19944912243},"point_estimate":58110.04059523207,"standard_error":9089.000088064839}}