{"mean":{"confidence_interval":{"confidence_level":0.95,"lower_bound":5707409.150888887,"upper_bound":5728133.838249996},"point_estimate":5716954.777777774,"standard_error":5313.520318611403},"median":{"confidence_interval":{"confidence_level":0.95,"lower_bound":5698925.222222222,"upper_bound":5705796.388888889},"point_estimate":5702424.166666666,"standard_error":1807.2133419583083},"median_abs_dev":{"confidence_interval":{"confidence_level":0.95,"lower_bound":13882.077753543394,"upper_bound":21456.022085746285},"point_estimate":18419.574972987404,"standard_error":1958.1465187895249},"slope":null,"std_dev":{"confidence_interval":{"confidence_level":0.95,"lower_bound":32042.49927938008,"upper_bound":70199.6296805905},"point_estimate":53379.38479583383,"standard_error":9719.576711957181}}