{"mean":{"confidence_interval":{"confidence_level":0.95,"lower_bound":10223171.027999997,"upper_bound":10596454.193249999},"point_estimate":10403837.768000001,"standard_error":95132.93549008248},"median":{"confidence_interval":{"confidence_level":0.95,"lower_bound":9913033.6,"upper_bound":10344779.0},"point_estimate":10064724.3,"standard_error":106676.53147255014},"median_abs_dev":{"confidence_interval":{"confidence_level":0.95,"lower_bound":517987.87290787895,"upper_bound":966318.0396044235},"point_estimate":667350.4205721633,"standard_error":105580.77849587314},"slope":null,"std_dev":{"confidence_interval":{"confidence_level":0.95,"lower_bound":776147.2040320506,"upper_bound":1124435.5526758463},"point_estimate":959700.9560896171,"standard_error":89124.13492369057}}