{"mean":{"confidence_interval":{"confidence_level":0.95,"lower_bound":5708227.651194445,"upper_bound":5728771.809027779},"point_estimate":5717545.815555554,"standard_error":5273.132283985822},"median":{"confidence_interval":{"confidence_level":0.95,"lower_bound":5702169.333333333,"upper_bound":5709099.5},"point_estimate":5705114.722222222,"standard_error":1893.9569142866815},"median_abs_dev":{"confidence_interval":{"confidence_level":0.95,"lower_bound":11513.350426430956,"upper_bound":20567.28576819179},"point_estimate":15222.018663088327,"standard_error":2356.43637570539},"slope":null,"std_dev":{"confidence_interval":{"confidence_level":0.95,"lower_bound":27835.827451230092,"upper_bound":72044.12560840792},"point_estimate":52905.03367628753,"standard_error":11073.07440515438}}