{"mean":{"confidence_interval":{"confidence_level":0.95,"lower_bound":5676184.762972222,"upper_bound":5689013.54552778},"point_estimate":5681910.416666666,"standard_error":3290.869291645006},"median":{"confidence_interval":{"confidence_level":0.95,"lower_bound":5671987.055555556,"upper_bound":5680094.277777778},"point_estimate":5677540.388888889,"standard_error":1963.593638117577},"median_abs_dev":{"confidence_interval":{"confidence_level":0.95,"lower_bound":13253.620098034618,"upper_bound":23225.258054335605},"point_estimate":17560.07882157946,"standard_error":2604.843307464101},"slope":null,"std_dev":{"confidence_interval":{"confidence_level":0.95,"lower_bound":15403.416370450068,"upper_bound":48236.266911839324},"point_estimate":33155.65589229731,"standard_error":8868.846396539948}}