{"mean":{"confidence_interval":{"confidence_level":0.95,"lower_bound":5695744.2635,"upper_bound":5705435.847138888},"point_estimate":5699873.588888889,"standard_error":2495.7404498868136},"median":{"confidence_interval":{"confidence_level":0.95,"lower_bound":5694789.277777778,"upper_bound":5700320.5},"point_estimate":5697525.388888889,"standard_error":1621.200102494564},"median_abs_dev":{"confidence_interval":{"confidence_level":0.95,"lower_bound":9353.64086727309,"upper_bound":17132.01926251268},"point_estimate":12968.796169757383,"standard_error":1947.9676685918255},"slope":null,"std_dev":{"confidence_interval":{"confidence_level":0.95,"lower_bound":12023.591856142779,"upper_bound":38910.21264637321},"point_estimate":24989.702921076816,"standard_error":8642.188616999414}}