{"mean":{"confidence_interval":{"confidence_level":0.95,"lower_bound":5704181.422694445,"upper_bound":5719958.880250001},"point_estimate":5711670.886666668,"standard_error":4034.3818840867407},"median":{"confidence_interval":{"confidence_level":0.95,"lower_bound":5696780.777777778,"upper_bound":5710991.888888889},"point_estimate":5703882.444444444,"standard_error":4101.293606158694},"median_abs_dev":{"confidence_interval":{"confidence_level":0.95,"lower_bound":19768.08201571321,"upper_bound":34188.17882637167},"point_estimate":26912.07235554862,"standard_error":3666.1554277293835},"slope":null,"std_dev":{"confidence_interval":{"confidence_level":0.95,"lower_bound":29589.039539807512,"upper_bound":49888.572583769725},"point_estimate":40469.69205267078,"standard_error":5196.768879161519}}