{"mean":{"confidence_interval":{"confidence_level":0.95,"lower_bound":8734145.003541663,"upper_bound":8765700.745},"point_estimate":8749726.318333335,"standard_error":8075.900351517059},"median":{"confidence_interval":{"confidence_level":0.95,"lower_bound":8732863.5,"upper_bound":8753489.0},"point_estimate":8741646.833333332,"standard_error":5573.050160244294},"median_abs_dev":{"confidence_interval":{"confidence_level":0.95,"lower_bound":57315.955932437915,"upper_bound":93455.81289082719},"point_estimate":72274.03061687716,"standard_error":9444.769282139509},"slope":null,"std_dev":{"confidence_interval":{"confidence_level":0.95,"lower_bound":68804.80564294668,"upper_bound":91900.75528638913},"point_estimate":81183.78588015625,"standard_error":5874.294166097494}}