{"mean":{"confidence_interval":{"confidence_level":0.95,"lower_bound":7542007.154749997,"upper_bound":7574045.152428566},"point_estimate":7557268.887142858,"standard_error":8131.328867656589},"median":{"confidence_interval":{"confidence_level":0.95,"lower_bound":7526843.0,"upper_bound":7555400.714285715},"point_estimate":7534435.785714285,"standard_error":7172.090938680295},"median_abs_dev":{"confidence_interval":{"confidence_level":0.95,"lower_bound":49316.887824449135,"upper_bound":89664.8983031298},"point_estimate":68558.70568283937,"standard_error":9468.893953318497},"slope":null,"std_dev":{"confidence_interval":{"confidence_level":0.95,"lower_bound":64267.28626010356,"upper_bound":99126.12357566287},"point_estimate":81879.05148968866,"standard_error":8984.931643416032}}