{"mean":{"confidence_interval":{"confidence_level":0.95,"lower_bound":5732882.040972224,"upper_bound":5757243.588666669},"point_estimate":5744259.245555555,"standard_error":6227.5690873861595},"median":{"confidence_interval":{"confidence_level":0.95,"lower_bound":5726224.777777778,"upper_bound":5739989.111111111},"point_estimate":5732539.666666667,"standard_error":3492.612634934109},"median_abs_dev":{"confidence_interval":{"confidence_level":0.95,"lower_bound":28103.259067734238,"upper_bound":49156.26106063602},"point_estimate":38013.28675846243,"standard_error":5440.017170538871},"slope":null,"std_dev":{"confidence_interval":{"confidence_level":0.95,"lower_bound":40632.247831611974,"upper_bound":81539.18162276306},"point_estimate":62516.86196054842,"standard_error":10478.687961686779}}