{"mean":{"confidence_interval":{"confidence_level":0.95,"lower_bound":7209261.811071428,"upper_bound":7223218.442107141},"point_estimate":7216056.061428569,"standard_error":3551.623427556847},"median":{"confidence_interval":{"confidence_level":0.95,"lower_bound":7201082.357142857,"upper_bound":7216452.5},"point_estimate":7207882.785714285,"standard_error":4369.507833101626},"median_abs_dev":{"confidence_interval":{"confidence_level":0.95,"lower_bound":21635.475515894315,"upper_bound":38018.311125040054},"point_estimate":29822.18077055006,"standard_error":4346.463232188072},"slope":null,"std_dev":{"confidence_interval":{"confidence_level":0.95,"lower_bound":28618.17986089753,"upper_bound":42753.20590026429},"point_estimate":35727.91836603774,"standard_error":3638.166732419761}}