{"mean":{"confidence_interval":{"confidence_level":0.95,"lower_bound":5704045.313138889,"upper_bound":5773542.254944444},"point_estimate":5733551.798888889,"standard_error":17919.69907848165},"median":{"confidence_interval":{"confidence_level":0.95,"lower_bound":5690025.0,"upper_bound":5698029.666666667},"point_estimate":5694498.055555556,"standard_error":2310.8151865802665},"median_abs_dev":{"confidence_interval":{"confidence_level":0.95,"lower_bound":14314.832212527977,"upper_bound":25490.93644661223},"point_estimate":18799.202932913562,"standard_error":2902.439099126158},"slope":null,"std_dev":{"confidence_interval":{"confidence_level":0.95,"lower_bound":45765.58938647093,"upper_bound":275588.3780499061},"point_estimate":179419.3842293002,"standard_error":58539.079136189794}}