{"mean":{"confidence_interval":{"confidence_level":0.95,"lower_bound":7428093.418714286,"upper_bound":7509651.026678572},"point_estimate":7467898.335714284,"standard_error":20831.894298100127},"median":{"confidence_interval":{"confidence_level":0.95,"lower_bound":7367973.285714285,"upper_bound":7479416.785714285},"point_estimate":7426909.5,"standard_error":29178.577970294067},"median_abs_dev":{"confidence_interval":{"confidence_level":0.95,"lower_bound":150728.93668652562,"upper_bound":245882.74308720793},"point_estimate":198659.60677308685,"standard_error":23944.293290379388},"slope":null,"std_dev":{"confidence_interval":{"confidence_level":0.95,"lower_bound":173203.19509129974,"upper_bound":241099.2021236132},"point_estimate":208954.296120119,"standard_error":17341.098894713727}}