{"mean":{"confidence_interval":{"confidence_level":0.95,"lower_bound":7274427.433678569,"upper_bound":7294134.772178571},"point_estimate":7283947.844285713,"standard_error":4982.165960635413},"median":{"confidence_interval":{"confidence_level":0.95,"lower_bound":7267090.571428571,"upper_bound":7291247.142857143},"point_estimate":7277312.071428571,"standard_error":5590.63241758782},"median_abs_dev":{"confidence_interval":{"confidence_level":0.95,"lower_bound":32438.016624111267,"upper_bound":50982.165294885635},"point_estimate":42593.82644380822,"standard_error":4739.751369783457},"slope":null,"std_dev":{"confidence_interval":{"confidence_level":0.95,"lower_bound":38825.074982627644,"upper_bound":60926.98113673271},"point_estimate":50170.69294338002,"standard_error":5693.756723839464}}