{"mean":{"confidence_interval":{"confidence_level":0.95,"lower_bound":13127935.3725625,"upper_bound":13158171.623875},"point_estimate":13142518.38,"standard_error":7719.886697546705},"median":{"confidence_interval":{"confidence_level":0.95,"lower_bound":13121526.940625,"upper_bound":13148954.25},"point_estimate":13139904.375,"standard_error":7824.990587418392},"median_abs_dev":{"confidence_interval":{"confidence_level":0.95,"lower_bound":51835.95755472779,"upper_bound":87622.95571938157},"point_estimate":71443.71285662055,"standard_error":9288.55626833523},"slope":null,"std_dev":{"confidence_interval":{"confidence_level":0.95,"lower_bound":59603.4413819782,"upper_bound":95904.30439470378},"point_estimate":77623.87660059496,"standard_error":9424.060156252537}}