{"mean":{"confidence_interval":{"confidence_level":0.95,"lower_bound":7478756.906392857,"upper_bound":7500577.322285715},"point_estimate":7489520.827142855,"standard_error":5591.536723602459},"median":{"confidence_interval":{"confidence_level":0.95,"lower_bound":7471037.714285715,"upper_bound":7498702.571428572},"point_estimate":7486976.142857143,"standard_error":7423.207353949018},"median_abs_dev":{"confidence_interval":{"confidence_level":0.95,"lower_bound":40026.17508939295,"upper_bound":67398.56061343555},"point_estimate":54422.114933814024,"standard_error":7011.971014488858},"slope":null,"std_dev":{"confidence_interval":{"confidence_level":0.95,"lower_bound":47691.50442672471,"upper_bound":63920.91624513739},"point_estimate":56264.01428671302,"standard_error":4138.275771734376}}