{"mean":{"confidence_interval":{"confidence_level":0.95,"lower_bound":9498933.801050004,"upper_bound":9634385.643149996},"point_estimate":9565479.05,"standard_error":34600.66375735669},"median":{"confidence_interval":{"confidence_level":0.95,"lower_bound":9460751.0,"upper_bound":9577386.4},"point_estimate":9518561.4,"standard_error":28227.967791363506},"median_abs_dev":{"confidence_interval":{"confidence_level":0.95,"lower_bound":239645.97343893375,"upper_bound":385701.0518324359},"point_estimate":316557.0368599889,"standard_error":35995.198249088935},"slope":null,"std_dev":{"confidence_interval":{"confidence_level":0.95,"lower_bound":292268.6829757213,"upper_bound":401826.63176472706},"point_estimate":349881.62822327844,"standard_error":28032.770554727504}}