{"mean":{"confidence_interval":{"confidence_level":0.95,"lower_bound":7163278.013464287,"upper_bound":7180008.222321431},"point_estimate":7171476.564285717,"standard_error":4288.78669991933},"median":{"confidence_interval":{"confidence_level":0.95,"lower_bound":7151645.857142857,"upper_bound":7173660.714285715},"point_estimate":7162481.785714285,"standard_error":5847.58975215396},"median_abs_dev":{"confidence_interval":{"confidence_level":0.95,"lower_bound":26560.566728455186,"upper_bound":47360.337704185295},"point_estimate":35645.515767165496,"standard_error":5612.320072306337},"slope":null,"std_dev":{"confidence_interval":{"confidence_level":0.95,"lower_bound":35902.57706430823,"upper_bound":49157.55930208128},"point_estimate":42951.63867913053,"standard_error":3375.268591593409}}