{"mean":{"confidence_interval":{"confidence_level":0.95,"lower_bound":5819530.6457222225,"upper_bound":5851166.881138888},"point_estimate":5834489.535555559,"standard_error":8094.005471004352},"median":{"confidence_interval":{"confidence_level":0.95,"lower_bound":5809267.444444444,"upper_bound":5827237.0},"point_estimate":5819220.611111111,"standard_error":5356.534252367867},"median_abs_dev":{"confidence_interval":{"confidence_level":0.95,"lower_bound":27311.55068178987,"upper_bound":53078.39692433691},"point_estimate":34278.78215809701,"standard_error":6212.275423221619},"slope":null,"std_dev":{"confidence_interval":{"confidence_level":0.95,"lower_bound":58290.5736775249,"upper_bound":100450.35594448903},"point_estimate":81369.12397536224,"standard_error":10734.06528073977}}