{"mean":{"confidence_interval":{"confidence_level":0.95,"lower_bound":7080541.116464287,"upper_bound":7099155.225392858},"point_estimate":7089653.875714285,"standard_error":4755.646074640437},"median":{"confidence_interval":{"confidence_level":0.95,"lower_bound":7075551.714285715,"upper_bound":7093937.857142857},"point_estimate":7082594.5,"standard_error":4080.4986991272385},"median_abs_dev":{"confidence_interval":{"confidence_level":0.95,"lower_bound":32639.014820542016,"upper_bound":50747.91449904442},"point_estimate":41831.1346573493,"standard_error":4754.426989564627},"slope":null,"std_dev":{"confidence_interval":{"confidence_level":0.95,"lower_bound":39538.938415374156,"upper_bound":55619.96337867934},"point_estimate":47837.19234668297,"standard_error":4106.658234469355}}