{"mean":{"confidence_interval":{"confidence_level":0.95,"lower_bound":7506065.441714282,"upper_bound":7532891.816035711},"point_estimate":7519082.722857142,"standard_error":6843.681527138171},"median":{"confidence_interval":{"confidence_level":0.95,"lower_bound":7486591.714285715,"upper_bound":7513434.428571428},"point_estimate":7497091.571428571,"standard_error":7452.345725480339},"median_abs_dev":{"confidence_interval":{"confidence_level":0.95,"lower_bound":33961.75874705884,"upper_bound":63581.829371197084},"point_estimate":43090.39153499184,"standard_error":8011.506069471627},"slope":null,"std_dev":{"confidence_interval":{"confidence_level":0.95,"lower_bound":55926.19107827409,"upper_bound":79593.67091874653},"point_estimate":68585.99959457213,"standard_error":6049.9780223350745}}