{"mean":{"confidence_interval":{"confidence_level":0.95,"lower_bound":5688469.2322222255,"upper_bound":5699550.7730277805},"point_estimate":5693590.011111111,"standard_error":2838.6760532593116},"median":{"confidence_interval":{"confidence_level":0.95,"lower_bound":5683748.111111111,"upper_bound":5688972.111111111},"point_estimate":5686202.666666667,"standard_error":1251.4379842345145},"median_abs_dev":{"confidence_interval":{"confidence_level":0.95,"lower_bound":8723.206411799869,"upper_bound":16357.434906264249},"point_estimate":12865.920204917667,"standard_error":1870.6837312419607},"slope":null,"std_dev":{"confidence_interval":{"confidence_level":0.95,"lower_bound":17660.20031477057,"upper_bound":37893.37808122504},"point_estimate":28509.270503169624,"standard_error":5153.120794071017}}