{"mean":{"confidence_interval":{"confidence_level":0.95,"lower_bound":7634593.943285714,"upper_bound":7661773.892035714},"point_estimate":7648020.727142856,"standard_error":6949.936242140772},"median":{"confidence_interval":{"confidence_level":0.95,"lower_bound":7618192.857142856,"upper_bound":7655707.0},"point_estimate":7635457.071428571,"standard_error":10131.086707959412},"median_abs_dev":{"confidence_interval":{"confidence_level":0.95,"lower_bound":51000.64219705768,"upper_bound":90798.7642879991},"point_estimate":66727.48291534958,"standard_error":10333.637077225176},"slope":null,"std_dev":{"confidence_interval":{"confidence_level":0.95,"lower_bound":61378.51252728398,"upper_bound":77294.44026901266},"point_estimate":69896.40420960376,"standard_error":4052.4928971529976}}