{"mean":{"confidence_interval":{"confidence_level":0.95,"lower_bound":5784954.941416665,"upper_bound":5801077.067999996},"point_estimate":5792456.910000001,"standard_error":4124.902560905138},"median":{"confidence_interval":{"confidence_level":0.95,"lower_bound":5776057.833333333,"upper_bound":5788095.333333333},"point_estimate":5782939.055555556,"standard_error":2958.9796321171775},"median_abs_dev":{"confidence_interval":{"confidence_level":0.95,"lower_bound":15251.240296736609,"upper_bound":24860.318725308396},"point_estimate":19226.35645866325,"standard_error":2368.0836025878225},"slope":null,"std_dev":{"confidence_interval":{"confidence_level":0.95,"lower_bound":26518.49994137099,"upper_bound":54593.88688208533},"point_estimate":41552.3395351323,"standard_error":7192.172672142368}}