{"mean":{"confidence_interval":{"confidence_level":0.95,"lower_bound":-0.003759761137061793,"upper_bound":0.01801768947279525},"point_estimate":0.003572056131259771,"standard_error":0.006028330484249096},"median":{"confidence_interval":{"confidence_level":0.95,"lower_bound":-0.003851317247589921,"upper_bound":-0.0021874631221879826},"point_estimate":-0.0029428032128865356,"standard_error":0.00043360473962896276}}