{"mean":{"confidence_interval":{"confidence_level":0.95,"lower_bound":-0.21627578626342456,"upper_bound":-0.203618511005387},"point_estimate":-0.20992653204298162,"standard_error":0.0032346635935393236},"median":{"confidence_interval":{"confidence_level":0.95,"lower_bound":-0.20944111732540138,"upper_bound":-0.19664009041138764},"point_estimate":-0.2039408051122742,"standard_error":0.0031620200699738646}}