{"mean":{"confidence_interval":{"confidence_level":0.95,"lower_bound":-0.11172425744848408,"upper_bound":-0.10690331227939429},"point_estimate":-0.10932940796229862,"standard_error":0.0012285473052979225},"median":{"confidence_interval":{"confidence_level":0.95,"lower_bound":-0.11116534017077506,"upper_bound":-0.10642799660709834},"point_estimate":-0.10811741050644652,"standard_error":0.0012168067787212372}}