{"mean":{"confidence_interval":{"confidence_level":0.95,"lower_bound":-0.0014575888591346808,"upper_bound":0.0016719515503653799},"point_estimate":-0.000043300014032188194,"standard_error":0.0007934107013154519},"median":{"confidence_interval":{"confidence_level":0.95,"lower_bound":-0.0016399792368825988,"upper_bound":-0.00029411746297602903},"point_estimate":-0.0010765858805010797,"standard_error":0.00034475024101795495}}