{"mean":{"confidence_interval":{"confidence_level":0.95,"lower_bound":0.16752921085666206,"upper_bound":0.17488007534960823},"point_estimate":0.17098822181996298,"standard_error":0.0017632061717544729},"median":{"confidence_interval":{"confidence_level":0.95,"lower_bound":0.16865212229923043,"upper_bound":0.1746500355502747},"point_estimate":0.1704515408086822,"standard_error":0.001867760327963503}}