{"mean":{"confidence_interval":{"confidence_level":0.95,"lower_bound":-0.0010370144315987259,"upper_bound":0.002831697189763126},"point_estimate":0.00111285084190893,"standard_error":0.0009931559096894589},"median":{"confidence_interval":{"confidence_level":0.95,"lower_bound":0.0009122002379727798,"upper_bound":0.0026800802800588386},"point_estimate":0.0019131257782341038,"standard_error":0.00045746295286774446}}