{"mean":{"confidence_interval":{"confidence_level":0.95,"lower_bound":0.002291397103856863,"upper_bound":0.0060765677187705645},"point_estimate":0.004334788211119545,"standard_error":0.0009654247497317542},"median":{"confidence_interval":{"confidence_level":0.95,"lower_bound":0.0038285518171945476,"upper_bound":0.00578890052822012},"point_estimate":0.004988782768191369,"standard_error":0.0004816856818668948}}