{"mean":{"confidence_interval":{"confidence_level":0.95,"lower_bound":-0.003389637135362228,"upper_bound":0.0005324631124118287},"point_estimate":-0.0012644625834493661,"standard_error":0.0010003535585076913},"median":{"confidence_interval":{"confidence_level":0.95,"lower_bound":-0.0006155595867158858,"upper_bound":0.0009172668145598362},"point_estimate":0.000022838709825778736,"standard_error":0.00037216746553584486}}