{"mean":{"confidence_interval":{"confidence_level":0.95,"lower_bound":-0.002373528875919467,"upper_bound":-0.000060278929468787846},"point_estimate":-0.001177543935517722,"standard_error":0.0005869795526714242},"median":{"confidence_interval":{"confidence_level":0.95,"lower_bound":-0.0021912348978080365,"upper_bound":-0.0003644713930892607},"point_estimate":-0.0012843044971470041,"standard_error":0.0004853093002846864}}