{"mean":{"confidence_interval":{"confidence_level":0.95,"lower_bound":0.00012676917162934853,"upper_bound":0.0018957610234433043},"point_estimate":0.0010701486907029878,"standard_error":0.00044841723728681666},"median":{"confidence_interval":{"confidence_level":0.95,"lower_bound":0.0004362254781844488,"upper_bound":0.0017008778515299472},"point_estimate":0.0011396966332586356,"standard_error":0.0003355876503745761}}