{"mean":{"confidence_interval":{"confidence_level":0.95,"lower_bound":0.23350235152098095,"upper_bound":0.25381359118959335},"point_estimate":0.24248887781037842,"standard_error":0.0053561167339812995},"median":{"confidence_interval":{"confidence_level":0.95,"lower_bound":0.218990082560937,"upper_bound":0.2311973154841458},"point_estimate":0.22374886471629418,"standard_error":0.003019004586190393}}