{"mean":{"confidence_interval":{"confidence_level":0.95,"lower_bound":0.2202889622514211,"upper_bound":0.22149861328512002},"point_estimate":0.2208829143144948,"standard_error":0.0003083050752548983},"median":{"confidence_interval":{"confidence_level":0.95,"lower_bound":0.21993307416412855,"upper_bound":0.2212227715967945},"point_estimate":0.2205177430340639,"standard_error":0.00033127527784896786}}