{"mean":{"confidence_interval":{"confidence_level":0.95,"lower_bound":0.12571675661128617,"upper_bound":0.1569832541883735},"point_estimate":0.139406794310188,"standard_error":0.008035158899555802},"median":{"confidence_interval":{"confidence_level":0.95,"lower_bound":0.11126602111649664,"upper_bound":0.14459096957597506},"point_estimate":0.12665385328046952,"standard_error":0.009021728358846706}}