{"mean":{"confidence_interval":{"confidence_level":0.95,"lower_bound":0.0016653034720116036,"upper_bound":0.005176382755524578},"point_estimate":0.003420021166351761,"standard_error":0.0008898016035306914},"median":{"confidence_interval":{"confidence_level":0.95,"lower_bound":0.0032293080792100692,"upper_bound":0.004397661116362084},"point_estimate":0.003686336563397674,"standard_error":0.00030414173781168996}}