{"mean":{"confidence_interval":{"confidence_level":0.95,"lower_bound":-0.07116219907174004,"upper_bound":-0.03147686267080785},"point_estimate":-0.05123163657978369,"standard_error":0.010130956224473383},"median":{"confidence_interval":{"confidence_level":0.95,"lower_bound":-0.08034648931493671,"upper_bound":-0.0380662940192914},"point_estimate":-0.06299011305979807,"standard_error":0.010716937466176501}}