{"mean":{"confidence_interval":{"confidence_level":0.95,"lower_bound":-0.14093984753033126,"upper_bound":-0.12901862373503584},"point_estimate":-0.13521738734326982,"standard_error":0.0030350941414788533},"median":{"confidence_interval":{"confidence_level":0.95,"lower_bound":-0.14818538223885558,"upper_bound":-0.1381248759484084},"point_estimate":-0.14219034760228022,"standard_error":0.002455433149478887}}