{"mean":{"confidence_interval":{"confidence_level":0.95,"lower_bound":-0.001577297632421759,"upper_bound":0.0018779829262988378},"point_estimate":0.00002373542190658995,"standard_error":0.0008827129822936382},"median":{"confidence_interval":{"confidence_level":0.95,"lower_bound":-0.0033791771358980816,"upper_bound":-0.0003691338397384669},"point_estimate":-0.0020127477426479246,"standard_error":0.0007811872134015395}}