{"mean":{"confidence_interval":{"confidence_level":0.95,"lower_bound":-0.0006908454444675525,"upper_bound":0.0017126274846670673},"point_estimate":0.0005405454594042958,"standard_error":0.0006111431418465892},"median":{"confidence_interval":{"confidence_level":0.95,"lower_bound":-0.00009311685754009869,"upper_bound":0.001554106897359686},"point_estimate":0.0008466023852697901,"standard_error":0.0004205692384533377}}