{"mean":{"confidence_interval":{"confidence_level":0.95,"lower_bound":-0.01121097059402737,"upper_bound":0.0007813492487589055},"point_estimate":-0.003938865667621472,"standard_error":0.0031890008170824347},"median":{"confidence_interval":{"confidence_level":0.95,"lower_bound":-0.0011166231779966562,"upper_bound":0.0005560824455590474},"point_estimate":-0.0003457953686767379,"standard_error":0.00043605322253145186}}