{"mean":{"confidence_interval":{"confidence_level":0.95,"lower_bound":-0.006617831067322361,"upper_bound":-0.003167127232729039},"point_estimate":-0.004785113068207281,"standard_error":0.000878014775113875},"median":{"confidence_interval":{"confidence_level":0.95,"lower_bound":-0.00503488558878884,"upper_bound":-0.0034875960457289024},"point_estimate":-0.004199672506483898,"standard_error":0.0003956999632856959}}