{"mean":{"confidence_interval":{"confidence_level":0.95,"lower_bound":-0.2728707578489171,"upper_bound":-0.2618636826623634},"point_estimate":-0.2671831926455486,"standard_error":0.002811887620106078},"median":{"confidence_interval":{"confidence_level":0.95,"lower_bound":-0.26899691022025074,"upper_bound":-0.26100655084065005},"point_estimate":-0.2654294773460125,"standard_error":0.0018636696521865232}}