{"mean":{"confidence_interval":{"confidence_level":0.95,"lower_bound":-0.21170078743542453,"upper_bound":-0.18893203777111922},"point_estimate":-0.20164266486535043,"standard_error":0.005982519922496336},"median":{"confidence_interval":{"confidence_level":0.95,"lower_bound":-0.22116396551504558,"upper_bound":-0.20431624711543395},"point_estimate":-0.21486779185963067,"standard_error":0.0043373883053637865}}