{"mean":{"confidence_interval":{"confidence_level":0.95,"lower_bound":-0.003077627358727708,"upper_bound":-0.0005992913478275273},"point_estimate":-0.0018083493525563599,"standard_error":0.000633383297812585},"median":{"confidence_interval":{"confidence_level":0.95,"lower_bound":-0.003408047294821026,"upper_bound":-0.001973028032343893},"point_estimate":-0.0024111779752219453,"standard_error":0.00036996218204943265}}