{"mean":{"confidence_interval":{"confidence_level":0.95,"lower_bound":-0.0016759051487106843,"upper_bound":0.0011483451976263641},"point_estimate":-0.00015730806041625023,"standard_error":0.0007187451193117131},"median":{"confidence_interval":{"confidence_level":0.95,"lower_bound":-0.0003580962432470358,"upper_bound":0.0013826836855101998},"point_estimate":0.0007582101529466367,"standard_error":0.0004489744162633221}}