{"mean":{"confidence_interval":{"confidence_level":0.95,"lower_bound":-0.004312081789624616,"upper_bound":0.0005513166961080612},"point_estimate":-0.0019289052822246688,"standard_error":0.0012396189035396613},"median":{"confidence_interval":{"confidence_level":0.95,"lower_bound":-0.003934610023385243,"upper_bound":-0.0022181149287606727},"point_estimate":-0.0032792147058093857,"standard_error":0.00043918800900439936}}