{"mean":{"confidence_interval":{"confidence_level":0.95,"lower_bound":-0.3044080565723415,"upper_bound":-0.300521062352941},"point_estimate":-0.30253244841241445,"standard_error":0.0009893202805848027},"median":{"confidence_interval":{"confidence_level":0.95,"lower_bound":-0.30760830741909706,"upper_bound":-0.3029704516389268},"point_estimate":-0.3057721389941793,"standard_error":0.0011277732079735074}}