{"mean":{"confidence_interval":{"confidence_level":0.95,"lower_bound":0.001497887756268618,"upper_bound":0.00394181663614736},"point_estimate":0.0026478494409987174,"standard_error":0.0006157795936865076},"median":{"confidence_interval":{"confidence_level":0.95,"lower_bound":0.0013810200457819999,"upper_bound":0.0025278614306758693},"point_estimate":0.002006516326016561,"standard_error":0.0002909621922882847}}