{"mean":{"confidence_interval":{"confidence_level":0.95,"lower_bound":-0.0001974755343689425,"upper_bound":0.002351292553239123},"point_estimate":0.0009639865322035313,"standard_error":0.0006387771751601874},"median":{"confidence_interval":{"confidence_level":0.95,"lower_bound":-0.0010665858785506854,"upper_bound":0.0005995209439195737},"point_estimate":-0.0003224409135768047,"standard_error":0.0004367864239289752}}