{"mean":{"confidence_interval":{"confidence_level":0.95,"lower_bound":-0.2409695985715317,"upper_bound":-0.2001749717370853},"point_estimate":-0.2182020783071391,"standard_error":0.010475115863232519},"median":{"confidence_interval":{"confidence_level":0.95,"lower_bound":-0.21715036425023349,"upper_bound":-0.19143293655036198},"point_estimate":-0.2013172612653974,"standard_error":0.007562029529808863}}