{"mean":{"confidence_interval":{"confidence_level":0.95,"lower_bound":-0.0011497868293254524,"upper_bound":0.00297401176119384},"point_estimate":0.0009580526965045078,"standard_error":0.001035692120490011},"median":{"confidence_interval":{"confidence_level":0.95,"lower_bound":0.0001503547248951076,"upper_bound":0.0017163744339050435},"point_estimate":0.0010019665048339732,"standard_error":0.0003864086692125257}}