{"mean":{"confidence_interval":{"confidence_level":0.95,"lower_bound":-0.001986598668357514,"upper_bound":0.0010439079920822204},"point_estimate":-0.0005071210357600053,"standard_error":0.0007805932636451992},"median":{"confidence_interval":{"confidence_level":0.95,"lower_bound":-0.0014353592583021824,"upper_bound":0.00023090739469580062},"point_estimate":-0.0003979028175187249,"standard_error":0.0004275085573217712}}