{"mean":{"confidence_interval":{"confidence_level":0.95,"lower_bound":0.06952001117272848,"upper_bound":0.08258700849585798},"point_estimate":0.07614806579078781,"standard_error":0.003331665439407666},"median":{"confidence_interval":{"confidence_level":0.95,"lower_bound":0.07976224867934878,"upper_bound":0.09048267799091203},"point_estimate":0.08616087456508481,"standard_error":0.002643414407658311}}