{"mean":{"confidence_interval":{"confidence_level":0.95,"lower_bound":-0.013938914515655364,"upper_bound":0.002713428051174163},"point_estimate":-0.005642398382234348,"standard_error":0.004218094558652295},"median":{"confidence_interval":{"confidence_level":0.95,"lower_bound":-0.024205645902126705,"upper_bound":-0.008471688337978067},"point_estimate":-0.015558472460076911,"standard_error":0.003944548014579269}}