{"mean":{"confidence_interval":{"confidence_level":0.95,"lower_bound":0.15874409066821593,"upper_bound":0.19008052261730565},"point_estimate":0.17494180717518315,"standard_error":0.007913132968079285},"median":{"confidence_interval":{"confidence_level":0.95,"lower_bound":0.15330766137918284,"upper_bound":0.1687905111268455},"point_estimate":0.15723042827043243,"standard_error":0.00369878601399779}}