{"mean":{"confidence_interval":{"confidence_level":0.95,"lower_bound":0.32277804154580836,"upper_bound":0.37377434280741634},"point_estimate":0.3458423143547791,"standard_error":0.013840635007607358},"median":{"confidence_interval":{"confidence_level":0.95,"lower_bound":0.2906256959013198,"upper_bound":0.3213527483204961},"point_estimate":0.30558298459097677,"standard_error":0.007923512089278164}}