{"mean":{"confidence_interval":{"confidence_level":0.95,"lower_bound":-0.0032952789769396915,"upper_bound":-0.0017191072728497659},"point_estimate":-0.002454201631015396,"standard_error":0.0004034350757671367},"median":{"confidence_interval":{"confidence_level":0.95,"lower_bound":-0.0025745667850192167,"upper_bound":-0.001461713212354998},"point_estimate":-0.0019181630361205793,"standard_error":0.00028755665420978553}}