{"mean":{"confidence_interval":{"confidence_level":0.95,"lower_bound":0.005637064099976641,"upper_bound":0.007560221081340811},"point_estimate":0.006567699066485577,"standard_error":0.0004847279343174987},"median":{"confidence_interval":{"confidence_level":0.95,"lower_bound":0.00601381902082499,"upper_bound":0.007136362331198409},"point_estimate":0.006572260268195906,"standard_error":0.0002864534657124441}}