{"mean":{"confidence_interval":{"confidence_level":0.95,"lower_bound":-0.17827248224790349,"upper_bound":-0.17648044661783557},"point_estimate":-0.17728492124520945,"standard_error":0.000459752161474972},"median":{"confidence_interval":{"confidence_level":0.95,"lower_bound":-0.17739371036835305,"upper_bound":-0.1767370479867677},"point_estimate":-0.17707623848204568,"standard_error":0.00016229414761860612}}