{"mean":{"confidence_interval":{"confidence_level":0.95,"lower_bound":-0.35475153782222885,"upper_bound":-0.3378500275958427},"point_estimate":-0.345092479554291,"standard_error":0.0043717723240321435},"median":{"confidence_interval":{"confidence_level":0.95,"lower_bound":-0.3418801784477926,"upper_bound":-0.33479826088488285},"point_estimate":-0.33890043954236904,"standard_error":0.0015853050067000192}}