{"mean":{"confidence_interval":{"confidence_level":0.95,"lower_bound":-0.0724394314396067,"upper_bound":-0.03076846648709941},"point_estimate":-0.050222141490991135,"standard_error":0.010670585262513877},"median":{"confidence_interval":{"confidence_level":0.95,"lower_bound":-0.033995802102718686,"upper_bound":-0.015831537323304445},"point_estimate":-0.026449467831006768,"standard_error":0.00450801382206437}}