{"mean":{"confidence_interval":{"confidence_level":0.95,"lower_bound":0.16646491735139954,"upper_bound":0.17835906215375738},"point_estimate":0.17247913864305509,"standard_error":0.0028550685414820832},"median":{"confidence_interval":{"confidence_level":0.95,"lower_bound":0.17038176181959086,"upper_bound":0.1837070941793797},"point_estimate":0.17745627977416722,"standard_error":0.00332624000670532}}