{"mean":{"confidence_interval":{"confidence_level":0.95,"lower_bound":0.00031574430914250176,"upper_bound":0.0031201224901388045},"point_estimate":0.001695930750084118,"standard_error":0.0007160987987867206},"median":{"confidence_interval":{"confidence_level":0.95,"lower_bound":0.0011227578905066427,"upper_bound":0.002599087914690832},"point_estimate":0.00193413916341445,"standard_error":0.00037189674438000645}}