{"mean":{"confidence_interval":{"confidence_level":0.95,"lower_bound":-0.004165253776338556,"upper_bound":-0.0007728669405511846},"point_estimate":-0.00257512094831136,"standard_error":0.0008510289210367109},"median":{"confidence_interval":{"confidence_level":0.95,"lower_bound":-0.004617380224370415,"upper_bound":-0.0029782519933088114},"point_estimate":-0.0038892941248117596,"standard_error":0.0004090314041884826}}