{"mean":{"confidence_interval":{"confidence_level":0.95,"lower_bound":0.04862764668572846,"upper_bound":0.09676256648952496},"point_estimate":0.07040737992506707,"standard_error":0.012299040317221333},"median":{"confidence_interval":{"confidence_level":0.95,"lower_bound":0.03565748122139675,"upper_bound":0.058531395671388875},"point_estimate":0.04619672245415951,"standard_error":0.005630310688040568}}