{"mean":{"confidence_interval":{"confidence_level":0.95,"lower_bound":-0.0026169331114821413,"upper_bound":0.0017426590733382683},"point_estimate":-0.000376894529483085,"standard_error":0.001100014993151559},"median":{"confidence_interval":{"confidence_level":0.95,"lower_bound":-0.0012112739973797685,"upper_bound":0.0007177855830663823},"point_estimate":-0.0001968864556762817,"standard_error":0.0005020416931767771}}