{"mean":{"confidence_interval":{"confidence_level":0.95,"lower_bound":-0.002268595196461634,"upper_bound":0.00013054293700834793},"point_estimate":-0.0010605040435529567,"standard_error":0.0006095077813364917},"median":{"confidence_interval":{"confidence_level":0.95,"lower_bound":-0.0016355210801373143,"upper_bound":-0.00015416281693314549},"point_estimate":-0.0010230791256956584,"standard_error":0.0003938156233921249}}