{"mean":{"confidence_interval":{"confidence_level":0.95,"lower_bound":-0.011244422339457397,"upper_bound":-0.001487057097841491},"point_estimate":-0.0057119568018279,"standard_error":0.0025174383080532495},"median":{"confidence_interval":{"confidence_level":0.95,"lower_bound":-0.0047618708982034574,"upper_bound":-0.0018533809248212352},"point_estimate":-0.0029826491567173097,"standard_error":0.0007564185236395068}}