{"mean":{"confidence_interval":{"confidence_level":0.95,"lower_bound":0.2842489612869896,"upper_bound":0.28886529839415287},"point_estimate":0.28645219430689695,"standard_error":0.0011511620396714467},"median":{"confidence_interval":{"confidence_level":0.95,"lower_bound":0.2858644430666224,"upper_bound":0.28808869551926225},"point_estimate":0.286919571689368,"standard_error":0.0005787051615469943}}