{"mean":{"confidence_interval":{"confidence_level":0.95,"lower_bound":-0.004356909347426385,"upper_bound":-0.0018411799138770785},"point_estimate":-0.0031188363719600876,"standard_error":0.000648027867922054},"median":{"confidence_interval":{"confidence_level":0.95,"lower_bound":-0.004538770913709911,"upper_bound":-0.0029742144276705407},"point_estimate":-0.003917459698303705,"standard_error":0.00044709797216144}}