{"mean":{"confidence_interval":{"confidence_level":0.95,"lower_bound":-0.002234112567452953,"upper_bound":0.0007297486896441868},"point_estimate":-0.0006563786506710301,"standard_error":0.0007573350317792258},"median":{"confidence_interval":{"confidence_level":0.95,"lower_bound":0.00042519820288114537,"upper_bound":0.0022081063047145744},"point_estimate":0.0013714207938779754,"standard_error":0.0004714443753342512}}