{"mean":{"confidence_interval":{"confidence_level":0.95,"lower_bound":0.13526296233959023,"upper_bound":0.18093084576169835},"point_estimate":0.15979662208082956,"standard_error":0.011672423125802814},"median":{"confidence_interval":{"confidence_level":0.95,"lower_bound":0.16740105108966152,"upper_bound":0.2055202714087665},"point_estimate":0.18374163849985048,"standard_error":0.009792516083146567}}