{"mean":{"confidence_interval":{"confidence_level":0.95,"lower_bound":-0.11916867988001822,"upper_bound":-0.11755994810280823},"point_estimate":-0.11838114918097642,"standard_error":0.0004078087380663507},"median":{"confidence_interval":{"confidence_level":0.95,"lower_bound":-0.11813231734632101,"upper_bound":-0.11700489411983317},"point_estimate":-0.11761102155367853,"standard_error":0.0002864514395080575}}