{"mean":{"confidence_interval":{"confidence_level":0.95,"lower_bound":-0.0046103251793900195,"upper_bound":-0.0012117380098958857},"point_estimate":-0.0029125673014033238,"standard_error":0.0008667044241902844},"median":{"confidence_interval":{"confidence_level":0.95,"lower_bound":-0.004581863781519277,"upper_bound":-0.0030033454285641747},"point_estimate":-0.003830398190165063,"standard_error":0.0004022341007255483}}