{"mean":{"confidence_interval":{"confidence_level":0.95,"lower_bound":-0.013271754794216429,"upper_bound":0.0057388498852656115},"point_estimate":-0.004289490848386812,"standard_error":0.004869153263969124},"median":{"confidence_interval":{"confidence_level":0.95,"lower_bound":-0.022099357583920565,"upper_bound":-0.0014752637319253026},"point_estimate":-0.012184664124813116,"standard_error":0.005066947301986804}}