{"mean":{"confidence_interval":{"confidence_level":0.95,"lower_bound":0.26986298573623274,"upper_bound":0.29915446958839786},"point_estimate":0.28336763149583377,"standard_error":0.00760895495030377},"median":{"confidence_interval":{"confidence_level":0.95,"lower_bound":0.2575252769579599,"upper_bound":0.2798358504561651},"point_estimate":0.26479056917257204,"standard_error":0.005269945977484368}}