{"mean":{"confidence_interval":{"confidence_level":0.95,"lower_bound":0.5082300013153758,"upper_bound":0.5651467575665444},"point_estimate":0.5330291104669171,"standard_error":0.015250971284913142},"median":{"confidence_interval":{"confidence_level":0.95,"lower_bound":0.4908038093149132,"upper_bound":0.5108939373551165},"point_estimate":0.5002627378834101,"standard_error":0.0050421066158049055}}