{"mean":{"confidence_interval":{"confidence_level":0.95,"lower_bound":0.20696893773981337,"upper_bound":0.2082299869094396},"point_estimate":0.20759100723610735,"standard_error":0.0003214795298468896},"median":{"confidence_interval":{"confidence_level":0.95,"lower_bound":0.20697725237693354,"upper_bound":0.20812106791885432},"point_estimate":0.20759393292449668,"standard_error":0.00030452351605448453}}