{"mean":{"confidence_interval":{"confidence_level":0.95,"lower_bound":0.23370288332905348,"upper_bound":0.26236743123124856},"point_estimate":0.2486125533371748,"standard_error":0.007418493111816675},"median":{"confidence_interval":{"confidence_level":0.95,"lower_bound":0.22437901392614873,"upper_bound":0.25783938407053864},"point_estimate":0.24002039077351567,"standard_error":0.00801955155944978}}