{"mean":{"confidence_interval":{"confidence_level":0.95,"lower_bound":-0.0726195649293319,"upper_bound":-0.030530465387713607},"point_estimate":-0.051750732294253865,"standard_error":0.01075293092184489},"median":{"confidence_interval":{"confidence_level":0.95,"lower_bound":-0.07413107847137346,"upper_bound":0.010610430798895676},"point_estimate":-0.03422574887415464,"standard_error":0.022966735846077942}}