{"mean":{"confidence_interval":{"confidence_level":0.95,"lower_bound":-0.00469509001132884,"upper_bound":0.0010961987423212527},"point_estimate":-0.0013546707102048972,"standard_error":0.0015001866271379689},"median":{"confidence_interval":{"confidence_level":0.95,"lower_bound":0.00018314259654794718,"upper_bound":0.0006703266717334783},"point_estimate":0.0004300860390771266,"standard_error":0.0001254776779721218}}