{"mean":{"confidence_interval":{"confidence_level":0.95,"lower_bound":-0.2592101970986939,"upper_bound":-0.24956216974409923},"point_estimate":-0.2541069963364647,"standard_error":0.002460108988172201},"median":{"confidence_interval":{"confidence_level":0.95,"lower_bound":-0.2650080752438333,"upper_bound":-0.2590066522599088},"point_estimate":-0.26237958008112405,"standard_error":0.0014146094083447305}}