{"mean":{"confidence_interval":{"confidence_level":0.95,"lower_bound":-0.00042919120828598074,"upper_bound":0.0058962368143322605},"point_estimate":0.0018813907142252173,"standard_error":0.001760185731478024},"median":{"confidence_interval":{"confidence_level":0.95,"lower_bound":-0.00026149471084169207,"upper_bound":0.00015700222682871122},"point_estimate":-0.00006577629050263933,"standard_error":0.00010884143900414175}}