{"mean":{"confidence_interval":{"confidence_level":0.95,"lower_bound":-0.014390757625238115,"upper_bound":0.024531059777034448},"point_estimate":0.005950887406050986,"standard_error":0.009934737752221248},"median":{"confidence_interval":{"confidence_level":0.95,"lower_bound":0.029791151948736605,"upper_bound":0.04916415629118709},"point_estimate":0.03679673612894274,"standard_error":0.004805281263670448}}