{"mean":{"confidence_interval":{"confidence_level":0.95,"lower_bound":0.022110135170748224,"upper_bound":0.05212890387889857},"point_estimate":0.037142117721364665,"standard_error":0.007673230221888052},"median":{"confidence_interval":{"confidence_level":0.95,"lower_bound":0.039943623881056434,"upper_bound":0.05870916728494757},"point_estimate":0.05212935530692753,"standard_error":0.00513286255809264}}