{"mean":{"confidence_interval":{"confidence_level":0.95,"lower_bound":-0.007000270005080791,"upper_bound":0.0007909385737662698},"point_estimate":-0.0022239277614173325,"standard_error":0.0021244187391921514},"median":{"confidence_interval":{"confidence_level":0.95,"lower_bound":0.00010217877878959669,"upper_bound":0.0005717580418409529},"point_estimate":0.0003101332811314972,"standard_error":0.00012368320989513044}}