{"mean":{"confidence_interval":{"confidence_level":0.95,"lower_bound":-0.005304331210629565,"upper_bound":0.004203465923936505},"point_estimate":-0.000497881147178969,"standard_error":0.0024277130611401205},"median":{"confidence_interval":{"confidence_level":0.95,"lower_bound":0.00016543363936216693,"upper_bound":0.0006099231129641502},"point_estimate":0.00032494150122497345,"standard_error":0.00011727746161537571}}