{"mean":{"confidence_interval":{"confidence_level":0.95,"lower_bound":-0.002674362559173681,"upper_bound":0.0003641394301017342},"point_estimate":-0.000958455924819801,"standard_error":0.0007721048142756161},"median":{"confidence_interval":{"confidence_level":0.95,"lower_bound":-0.0008963204255824087,"upper_bound":-0.000044239592557837604},"point_estimate":-0.00043488044764472544,"standard_error":0.00021603153382329348}}