{"mean":{"confidence_interval":{"confidence_level":0.95,"lower_bound":-0.2558444741138712,"upper_bound":-0.23724805219088455},"point_estimate":-0.24605347602063776,"standard_error":0.004731062214960772},"median":{"confidence_interval":{"confidence_level":0.95,"lower_bound":-0.2475525918877327,"upper_bound":-0.2401843941839914},"point_estimate":-0.2444314748752483,"standard_error":0.002279258195332832}}