{"mean":{"confidence_interval":{"confidence_level":0.95,"lower_bound":-0.00029355816537848193,"upper_bound":0.0013265015928349386},"point_estimate":0.00041256011085466504,"standard_error":0.00040182122773748877},"median":{"confidence_interval":{"confidence_level":0.95,"lower_bound":-0.00035087085705098886,"upper_bound":0.00013716932802609882},"point_estimate":-0.00010878454567198048,"standard_error":0.00012478045582702113}}