{"mean":{"confidence_interval":{"confidence_level":0.95,"lower_bound":-0.13045170135396092,"upper_bound":-0.10179952239984598},"point_estimate":-0.11721876714169077,"standard_error":0.00744814973871193},"median":{"confidence_interval":{"confidence_level":0.95,"lower_bound":-0.1553078238559148,"upper_bound":-0.12117180743559641},"point_estimate":-0.1397059163552442,"standard_error":0.008482605523999088}}