{"mean":{"confidence_interval":{"confidence_level":0.95,"lower_bound":-0.000934171317700258,"upper_bound":0.0008173856931813325},"point_estimate":-0.000012555536458069838,"standard_error":0.0004447158767392362},"median":{"confidence_interval":{"confidence_level":0.95,"lower_bound":-0.00019908669898335545,"upper_bound":0.0004251238445405203},"point_estimate":0.0001059610152578383,"standard_error":0.00015529026739961703}}