{"mean":{"confidence_interval":{"confidence_level":0.95,"lower_bound":-0.12775386677709458,"upper_bound":-0.1195133285180523},"point_estimate":-0.12369701961258839,"standard_error":0.002097900901899252},"median":{"confidence_interval":{"confidence_level":0.95,"lower_bound":-0.1263674503831338,"upper_bound":-0.11734646093652146},"point_estimate":-0.12058340058473349,"standard_error":0.0021066410633010096}}