{"mean":{"confidence_interval":{"confidence_level":0.95,"lower_bound":0.3241785805170608,"upper_bound":0.34257972096266487},"point_estimate":0.3335409450846907,"standard_error":0.004696519796858075},"median":{"confidence_interval":{"confidence_level":0.95,"lower_bound":0.3340949083134801,"upper_bound":0.3503472733606347},"point_estimate":0.34006835840374805,"standard_error":0.004772902109909883}}