{"mean":{"confidence_interval":{"confidence_level":0.95,"lower_bound":-0.0044196367440609355,"upper_bound":0.0030319052595992883},"point_estimate":-0.00008308999557005148,"standard_error":0.0019223505687268616},"median":{"confidence_interval":{"confidence_level":0.95,"lower_bound":-0.00014058449272780216,"upper_bound":0.0005151901902957778},"point_estimate":0.00017348869255995325,"standard_error":0.00018886478281071782}}