{"mean":{"confidence_interval":{"confidence_level":0.95,"lower_bound":-0.0015256496934698462,"upper_bound":0.0030406253250633425},"point_estimate":0.0007098231542690403,"standard_error":0.0011802158494003006},"median":{"confidence_interval":{"confidence_level":0.95,"lower_bound":-0.00007812098996273775,"upper_bound":0.00013154074057020182},"point_estimate":0.000044285040269764764,"standard_error":0.00005463604176870062}}