{"mean":{"confidence_interval":{"confidence_level":0.95,"lower_bound":-0.00039239492063827255,"upper_bound":0.0015037463155776407},"point_estimate":0.00045989634617993325,"standard_error":0.00047989110751462657},"median":{"confidence_interval":{"confidence_level":0.95,"lower_bound":-0.0005422035863960062,"upper_bound":-0.00016157238033365218},"point_estimate":-0.00031450277498379364,"standard_error":0.00009852094392347344}}