{"mean":{"confidence_interval":{"confidence_level":0.95,"lower_bound":0.15955266686818764,"upper_bound":0.18593472962045965},"point_estimate":0.17256097374101786,"standard_error":0.006714815112650366},"median":{"confidence_interval":{"confidence_level":0.95,"lower_bound":0.16477435335141966,"upper_bound":0.19964718321573405},"point_estimate":0.1865688215951926,"standard_error":0.009764183729658963}}