{"mean":{"confidence_interval":{"confidence_level":0.95,"lower_bound":-0.21742145009767952,"upper_bound":-0.18703907288868707},"point_estimate":-0.2026064939714166,"standard_error":0.007722164301707374},"median":{"confidence_interval":{"confidence_level":0.95,"lower_bound":-0.24625743689297575,"upper_bound":-0.22212764923652795},"point_estimate":-0.2374451666036368,"standard_error":0.006134243416840495}}