{"mean":{"confidence_interval":{"confidence_level":0.95,"lower_bound":0.00020601421948507337,"upper_bound":0.009349900031230223},"point_estimate":0.003683152952844937,"standard_error":0.002716745951848061},"median":{"confidence_interval":{"confidence_level":0.95,"lower_bound":-0.0001597497962479988,"upper_bound":0.000267491417205612},"point_estimate":0.00010738231038098789,"standard_error":0.00011923704932187395}}