{"mean":{"confidence_interval":{"confidence_level":0.95,"lower_bound":-0.003288624844834295,"upper_bound":0.003035100436846107},"point_estimate":-0.0003534593848728562,"standard_error":0.0015983431202394082},"median":{"confidence_interval":{"confidence_level":0.95,"lower_bound":-0.00045584066602244455,"upper_bound":0.00008553367321024736},"point_estimate":-0.00019929337880186804,"standard_error":0.0001375963271122138}}