{"mean":{"confidence_interval":{"confidence_level":0.95,"lower_bound":0.28861943621138975,"upper_bound":0.3026404596090967},"point_estimate":0.2963207857790704,"standard_error":0.0033630785591504315},"median":{"confidence_interval":{"confidence_level":0.95,"lower_bound":0.29915249904150976,"upper_bound":0.3160759911292054},"point_estimate":0.30724289391925064,"standard_error":0.004449649413462404}}