{"mean":{"confidence_interval":{"confidence_level":0.95,"lower_bound":-0.00577703074016502,"upper_bound":-0.002161338373960838},"point_estimate":-0.0037596276240636772,"standard_error":0.0009287182628436306},"median":{"confidence_interval":{"confidence_level":0.95,"lower_bound":-0.0031794462908765198,"upper_bound":-0.001748636897771938},"point_estimate":-0.0024068886162790237,"standard_error":0.00041197874195166804}}