{"mean":{"confidence_interval":{"confidence_level":0.95,"lower_bound":-0.0009357243483134961,"upper_bound":0.00018969981503365554},"point_estimate":-0.00030918039645588813,"standard_error":0.0002875220559483005},"median":{"confidence_interval":{"confidence_level":0.95,"lower_bound":-0.0004953650486926333,"upper_bound":0.000022597227600007486},"point_estimate":-0.00020609178571318054,"standard_error":0.00013494319596376185}}