{"mean":{"confidence_interval":{"confidence_level":0.95,"lower_bound":-0.002030431663108683,"upper_bound":0.00398893057502381},"point_estimate":0.0005653791861250923,"standard_error":0.0015443327546716837},"median":{"confidence_interval":{"confidence_level":0.95,"lower_bound":-0.0002730910365578154,"upper_bound":0.0002628824212094205},"point_estimate":-0.00001826186632414295,"standard_error":0.00014712656747157087}}