{"mean":{"confidence_interval":{"confidence_level":0.95,"lower_bound":-0.0010140127091530303,"upper_bound":0.007729128560439438},"point_estimate":0.002617653830609745,"standard_error":0.0023720386025073543},"median":{"confidence_interval":{"confidence_level":0.95,"lower_bound":0.00018072491990728246,"upper_bound":0.0006124079948232932},"point_estimate":0.00043337600296400325,"standard_error":0.00011350489163418348}}