{"mean":{"confidence_interval":{"confidence_level":0.95,"lower_bound":0.5223455517929252,"upper_bound":0.5473038413506827},"point_estimate":0.5350202334008312,"standard_error":0.006340827386560821},"median":{"confidence_interval":{"confidence_level":0.95,"lower_bound":0.5331886957341867,"upper_bound":0.5605352223882749},"point_estimate":0.5473064621574402,"standard_error":0.007135209696528829}}