{"mean":{"confidence_interval":{"confidence_level":0.95,"lower_bound":-0.0020512067439240915,"upper_bound":0.00021365840164579974},"point_estimate":-0.0007731914551196706,"standard_error":0.0005824027123456218},"median":{"confidence_interval":{"confidence_level":0.95,"lower_bound":-0.000729560416631414,"upper_bound":-0.00024092472080528005},"point_estimate":-0.00042752120689426576,"standard_error":0.00013276795646039144}}