{"mean":{"confidence_interval":{"confidence_level":0.95,"lower_bound":0.004315081756614487,"upper_bound":0.01062007229509399},"point_estimate":0.007589696308960114,"standard_error":0.001609457280306637},"median":{"confidence_interval":{"confidence_level":0.95,"lower_bound":0.0052450223585392,"upper_bound":0.010118970001298466},"point_estimate":0.006961596088810307,"standard_error":0.0012246841657936659}}