{"mean":{"confidence_interval":{"confidence_level":0.95,"lower_bound":-0.22179975813173536,"upper_bound":-0.19941809628408436},"point_estimate":-0.21049743163034773,"standard_error":0.005712425015942143},"median":{"confidence_interval":{"confidence_level":0.95,"lower_bound":-0.20739757477096754,"upper_bound":-0.19159687843346362},"point_estimate":-0.19810844341885647,"standard_error":0.00422042362687476}}