{"mean":{"confidence_interval":{"confidence_level":0.95,"lower_bound":0.0001209523103775536,"upper_bound":0.0025624929821409957},"point_estimate":0.0011468623588617444,"standard_error":0.000618214354774871},"median":{"confidence_interval":{"confidence_level":0.95,"lower_bound":-0.00023812892613667936,"upper_bound":0.00024084378371291848},"point_estimate":0.00003234327020340544,"standard_error":0.0001323424241932995}}