{"mean":{"confidence_interval":{"confidence_level":0.95,"lower_bound":-0.016499312961935606,"upper_bound":0.010750739282183543},"point_estimate":-0.0026554232788555954,"standard_error":0.007083918490755729},"median":{"confidence_interval":{"confidence_level":0.95,"lower_bound":-0.028334510204883756,"upper_bound":-0.0112893333203042},"point_estimate":-0.024389918880631134,"standard_error":0.005349112388856019}}