{"mean":{"confidence_interval":{"confidence_level":0.95,"lower_bound":-0.1662624009583436,"upper_bound":-0.16287251430790306},"point_estimate":-0.16450816848659944,"standard_error":0.0008467365058498001},"median":{"confidence_interval":{"confidence_level":0.95,"lower_bound":-0.16522975419455843,"upper_bound":-0.16392273457051643},"point_estimate":-0.16452449657642942,"standard_error":0.00030948227051510503}}