{"mean":{"confidence_interval":{"confidence_level":0.95,"lower_bound":-0.0007085703711822595,"upper_bound":0.0024651442078782036},"point_estimate":0.0007739614714918908,"standard_error":0.0007910710968129063},"median":{"confidence_interval":{"confidence_level":0.95,"lower_bound":-0.00024782863834793556,"upper_bound":0.00012216346371585196},"point_estimate":-0.00007234939132805263,"standard_error":0.00008959487215252323}}