{"mean":{"confidence_interval":{"confidence_level":0.95,"lower_bound":0.11896106346177071,"upper_bound":0.1407349616317735},"point_estimate":0.13019355772275842,"standard_error":0.0056093697990617876},"median":{"confidence_interval":{"confidence_level":0.95,"lower_bound":0.11603035858463384,"upper_bound":0.13522150996880591},"point_estimate":0.12262855880096013,"standard_error":0.0041418812836804845}}