{"mean":{"confidence_interval":{"confidence_level":0.95,"lower_bound":0.008522795723342913,"upper_bound":0.05489010058642936},"point_estimate":0.0308067328996231,"standard_error":0.011989774919169945},"median":{"confidence_interval":{"confidence_level":0.95,"lower_bound":0.011959561123554119,"upper_bound":0.05879798139907},"point_estimate":0.03807630268089457,"standard_error":0.011464481332154181}}