{"mean":{"confidence_interval":{"confidence_level":0.95,"lower_bound":-0.006999402756181349,"upper_bound":0.0014673323418252782},"point_estimate":-0.0019768068914859382,"standard_error":0.0022281007065175075},"median":{"confidence_interval":{"confidence_level":0.95,"lower_bound":-0.0006466994714432461,"upper_bound":0.00018520377178510294},"point_estimate":-0.0002665493811930819,"standard_error":0.0002060843178255795}}