{"mean":{"confidence_interval":{"confidence_level":0.95,"lower_bound":0.19212103379285414,"upper_bound":0.19898036393350801},"point_estimate":0.1957438980536801,"standard_error":0.001744927170303096},"median":{"confidence_interval":{"confidence_level":0.95,"lower_bound":0.1991741645239344,"upper_bound":0.1994392459633835},"point_estimate":0.19930690974745358,"standard_error":0.00006651998134186226}}