{"mean":{"confidence_interval":{"confidence_level":0.95,"lower_bound":-0.0014731708821748013,"upper_bound":0.0006671162207635612},"point_estimate":-0.0003659202924877203,"standard_error":0.0005479723163662328},"median":{"confidence_interval":{"confidence_level":0.95,"lower_bound":0.00012650675704972691,"upper_bound":0.0006841286805119636},"point_estimate":0.0003125644489232471,"standard_error":0.000147738389243032}}