{"mean":{"confidence_interval":{"confidence_level":0.95,"lower_bound":0.08787781370169102,"upper_bound":0.11431780305995147},"point_estimate":0.10166795712381327,"standard_error":0.006742849181536062},"median":{"confidence_interval":{"confidence_level":0.95,"lower_bound":0.11298739202599295,"upper_bound":0.13368528463574592},"point_estimate":0.12289914358301979,"standard_error":0.005277019996973476}}