{"mean":{"confidence_interval":{"confidence_level":0.95,"lower_bound":0.16019991062546438,"upper_bound":0.1770431203791422},"point_estimate":0.16816589611307675,"standard_error":0.004213241889978671},"median":{"confidence_interval":{"confidence_level":0.95,"lower_bound":0.15614988437316768,"upper_bound":0.16802252957276131},"point_estimate":0.16073284513230957,"standard_error":0.00331267489931853}}