{"mean":{"confidence_interval":{"confidence_level":0.95,"lower_bound":-0.000841908825839812,"upper_bound":0.0020386417007008093},"point_estimate":0.0004731296618640801,"standard_error":0.0007375987950001448},"median":{"confidence_interval":{"confidence_level":0.95,"lower_bound":-0.00037391704094813516,"upper_bound":0.00008934495441170753},"point_estimate":-0.00017300482274973383,"standard_error":0.00011728980092697891}}