{"mean":{"confidence_interval":{"confidence_level":0.95,"lower_bound":-0.07503413999933398,"upper_bound":-0.0627601181616158},"point_estimate":-0.0686487569990204,"standard_error":0.003142161372687362},"median":{"confidence_interval":{"confidence_level":0.95,"lower_bound":-0.06562910342753858,"upper_bound":-0.05476999337374833},"point_estimate":-0.058631397651074724,"standard_error":0.00274841859770549}}