{"mean":{"confidence_interval":{"confidence_level":0.95,"lower_bound":-0.002318128262934051,"upper_bound":0.0006661241335695949},"point_estimate":-0.0007970192460466929,"standard_error":0.0007597360184644175},"median":{"confidence_interval":{"confidence_level":0.95,"lower_bound":-0.00048051834262718973,"upper_bound":-0.00003559535243589402},"point_estimate":-0.00023482728294088595,"standard_error":0.00011151278832140646}}