{"mean":{"confidence_interval":{"confidence_level":0.95,"lower_bound":-0.001995126948326317,"upper_bound":0.0007314460942100531},"point_estimate":-0.000633085008476586,"standard_error":0.0006912149967841485},"median":{"confidence_interval":{"confidence_level":0.95,"lower_bound":-0.000281610118257003,"upper_bound":0.00015934622704105728},"point_estimate":-0.000037867986546147314,"standard_error":0.00010874217293041834}}