{"mean":{"confidence_interval":{"confidence_level":0.95,"lower_bound":-0.0009024223890234603,"upper_bound":0.0008785989425691975},"point_estimate":0.00012868352847061892,"standard_error":0.000462598730284338},"median":{"confidence_interval":{"confidence_level":0.95,"lower_bound":0.0002809716628253689,"upper_bound":0.0006538096793440307},"point_estimate":0.0004668609191662565,"standard_error":0.00009131019786738523}}