{"mean":{"confidence_interval":{"confidence_level":0.95,"lower_bound":167557394.73450002,"upper_bound":167822949.4035},"point_estimate":167689841.97,"standard_error":67603.58239131111},"median":{"confidence_interval":{"confidence_level":0.95,"lower_bound":167539025.0,"upper_bound":167902997.0},"point_estimate":167637260.5,"standard_error":106409.10332094243},"median_abs_dev":{"confidence_interval":{"confidence_level":0.95,"lower_bound":579491.9909119606,"upper_bound":875398.9305585623},"point_estimate":768149.1310626268,"standard_error":76181.18673207072},"slope":null,"std_dev":{"confidence_interval":{"confidence_level":0.95,"lower_bound":584151.4871059258,"upper_bound":763589.5471286578},"point_estimate":676935.4610427502,"standard_error":45888.28867860781}}