{"mean":{"confidence_interval":{"confidence_level":0.95,"lower_bound":106944028.59175,"upper_bound":107148331.62574999},"point_estimate":107043445.36,"standard_error":52206.76837392905},"median":{"confidence_interval":{"confidence_level":0.95,"lower_bound":106735131.5,"upper_bound":106905567.0},"point_estimate":106805883.0,"standard_error":40677.869531278724},"median_abs_dev":{"confidence_interval":{"confidence_level":0.95,"lower_bound":184578.50762307644,"upper_bound":394646.615293622},"point_estimate":271896.23307287693,"standard_error":54819.896350373005},"slope":null,"std_dev":{"confidence_interval":{"confidence_level":0.95,"lower_bound":443446.78590906295,"upper_bound":587865.0868263853},"point_estimate":524661.8965307878,"standard_error":36840.699547029195}}