{"mean":{"confidence_interval":{"confidence_level":0.95,"lower_bound":107105044.517,"upper_bound":108874877.05725001},"point_estimate":107732817.77,"standard_error":529804.0810499934},"median":{"confidence_interval":{"confidence_level":0.95,"lower_bound":106894320.0,"upper_bound":107098372.0},"point_estimate":107014510.0,"standard_error":58929.41766740969},"median_abs_dev":{"confidence_interval":{"confidence_level":0.95,"lower_bound":269312.802618742,"upper_bound":505486.10437832767},"point_estimate":353961.1068159342,"standard_error":62045.18201698456},"slope":null,"std_dev":{"confidence_interval":{"confidence_level":0.95,"lower_bound":536830.1180000736,"upper_bound":9116689.842753174},"point_estimate":5341873.323407022,"standard_error":3040772.63384737}}