{"mean":{"confidence_interval":{"confidence_level":0.95,"lower_bound":167972329.634,"upper_bound":168199981.70425},"point_estimate":168085435.38,"standard_error":58166.9934430294},"median":{"confidence_interval":{"confidence_level":0.95,"lower_bound":167950172.5,"upper_bound":168223857.0},"point_estimate":168083574.0,"standard_error":63355.6915094099},"median_abs_dev":{"confidence_interval":{"confidence_level":0.95,"lower_bound":434346.93608880043,"upper_bound":770914.9213135242},"point_estimate":592925.0879734755,"standard_error":87382.87899153084},"slope":null,"std_dev":{"confidence_interval":{"confidence_level":0.95,"lower_bound":503625.63093913696,"upper_bound":656270.5525628761},"point_estimate":583546.2900841243,"standard_error":38881.37488251676}}