{"mean":{"confidence_interval":{"confidence_level":0.95,"lower_bound":107159218.67725,"upper_bound":111132957.5},"point_estimate":108521689.36,"standard_error":1257517.8546369898},"median":{"confidence_interval":{"confidence_level":0.95,"lower_bound":106937382.5,"upper_bound":107135384.5},"point_estimate":107036686.5,"standard_error":58283.60767366994},"median_abs_dev":{"confidence_interval":{"confidence_level":0.95,"lower_bound":261927.97214984894,"upper_bound":480686.33956611156},"point_estimate":364351.16743147373,"standard_error":60570.08836505334},"slope":null,"std_dev":{"confidence_interval":{"confidence_level":0.95,"lower_bound":548730.5206857367,"upper_bound":21681012.003277414},"point_estimate":12651677.622165622,"standard_error":7622232.792057947}}