{"mean":{"confidence_interval":{"confidence_level":0.95,"lower_bound":106795511.4775,"upper_bound":106975102.41875},"point_estimate":106875527.05,"standard_error":46249.094642292825},"median":{"confidence_interval":{"confidence_level":0.95,"lower_bound":106730838.0,"upper_bound":106800073.0},"point_estimate":106762683.5,"standard_error":19453.397242026764},"median_abs_dev":{"confidence_interval":{"confidence_level":0.95,"lower_bound":87583.11084508896,"upper_bound":155210.4260444641},"point_estimate":118671.00839316845,"standard_error":16975.289500121664},"slope":null,"std_dev":{"confidence_interval":{"confidence_level":0.95,"lower_bound":194335.69112621516,"upper_bound":663648.9021510291},"point_estimate":462904.6725694109,"standard_error":117415.06107101757}}