{"mean":{"confidence_interval":{"confidence_level":0.95,"lower_bound":179027425.94525,"upper_bound":179121188.57250002},"point_estimate":179074768.12,"standard_error":24107.38519307622},"median":{"confidence_interval":{"confidence_level":0.95,"lower_bound":179035439.0,"upper_bound":179145519.0},"point_estimate":179082479.0,"standard_error":24325.207692357417},"median_abs_dev":{"confidence_interval":{"confidence_level":0.95,"lower_bound":166068.9882516861,"upper_bound":269987.38560676575},"point_estimate":213275.7127135992,"standard_error":25940.846886830157},"slope":null,"std_dev":{"confidence_interval":{"confidence_level":0.95,"lower_bound":202457.65579303843,"upper_bound":277535.39688188967},"point_estimate":241758.97871040186,"standard_error":19152.27980652777}}