{"mean":{"confidence_interval":{"confidence_level":0.95,"lower_bound":106819321.418,"upper_bound":114750312.1395},"point_estimate":109514947.31,"standard_error":2544483.886184895},"median":{"confidence_interval":{"confidence_level":0.95,"lower_bound":106649242.5,"upper_bound":106734702.0},"point_estimate":106688420.5,"standard_error":22206.274359831772},"median_abs_dev":{"confidence_interval":{"confidence_level":0.95,"lower_bound":93964.2211318016,"upper_bound":178564.37789484824},"point_estimate":138815.09423553944,"standard_error":22141.374397732685},"slope":null,"std_dev":{"confidence_interval":{"confidence_level":0.95,"lower_bound":678969.5711841967,"upper_bound":43929094.249765724},"point_estimate":25625437.144385833,"standard_error":15661293.844598848}}