{"mean":{"confidence_interval":{"confidence_level":0.95,"lower_bound":304125503.22125,"upper_bound":304601142.67125},"point_estimate":304367744.57,"standard_error":121101.63289541751},"median":{"confidence_interval":{"confidence_level":0.95,"lower_bound":304372608.0,"upper_bound":304864817.5},"point_estimate":304629214.0,"standard_error":131916.70910233955},"median_abs_dev":{"confidence_interval":{"confidence_level":0.95,"lower_bound":844950.0335991383,"upper_bound":1387294.740870595},"point_estimate":1144292.1573847532,"standard_error":138279.8793116993},"slope":null,"std_dev":{"confidence_interval":{"confidence_level":0.95,"lower_bound":1019011.2104602555,"upper_bound":1391807.1477551064},"point_estimate":1215616.0489228303,"standard_error":95060.49153900488}}