{"mean":{"confidence_interval":{"confidence_level":0.95,"lower_bound":106861784.19025,"upper_bound":107081032.588},"point_estimate":106963335.6,"standard_error":56416.26214279838},"median":{"confidence_interval":{"confidence_level":0.95,"lower_bound":106744651.0,"upper_bound":106887613.5},"point_estimate":106808719.5,"standard_error":36393.28131012455},"median_abs_dev":{"confidence_interval":{"confidence_level":0.95,"lower_bound":180918.70958805096,"upper_bound":309292.5935089588},"point_estimate":240768.30532550812,"standard_error":34395.17820206061},"slope":null,"std_dev":{"confidence_interval":{"confidence_level":0.95,"lower_bound":333438.0190681157,"upper_bound":754859.6143162244},"point_estimate":567480.6516023701,"standard_error":110364.4534091386}}