{"mean":{"confidence_interval":{"confidence_level":0.95,"lower_bound":106956932.55575,"upper_bound":107259906.64425},"point_estimate":107097968.8,"standard_error":77472.57691949025},"median":{"confidence_interval":{"confidence_level":0.95,"lower_bound":106719635.5,"upper_bound":106868984.0},"point_estimate":106783240.0,"standard_error":40329.2417129229},"median_abs_dev":{"confidence_interval":{"confidence_level":0.95,"lower_bound":165116.4177685976,"upper_bound":384645.7371711731},"point_estimate":253845.5783933401,"standard_error":56428.17795219304},"slope":null,"std_dev":{"confidence_interval":{"confidence_level":0.95,"lower_bound":525525.3663007373,"upper_bound":1009489.150818887},"point_estimate":779913.2293761916,"standard_error":124401.15097341189}}