{"mean":{"confidence_interval":{"confidence_level":0.95,"lower_bound":106722617.155,"upper_bound":106987772.38325},"point_estimate":106832717.33,"standard_error":68300.97839549257},"median":{"confidence_interval":{"confidence_level":0.95,"lower_bound":106629725.5,"upper_bound":106716122.0},"point_estimate":106651171.0,"standard_error":21017.094915907262},"median_abs_dev":{"confidence_interval":{"confidence_level":0.95,"lower_bound":78797.42725856607,"upper_bound":174828.1888961792},"point_estimate":116727.31982767582,"standard_error":25289.51164819729},"slope":null,"std_dev":{"confidence_interval":{"confidence_level":0.95,"lower_bound":221765.21955302983,"upper_bound":1088027.3473335656},"point_estimate":685640.558201224,"standard_error":248096.74391942375}}