{"mean":{"confidence_interval":{"confidence_level":0.95,"lower_bound":106983325.652,"upper_bound":108537543.49175},"point_estimate":107604198.72,"standard_error":409582.5326882897},"median":{"confidence_interval":{"confidence_level":0.95,"lower_bound":106705848.0,"upper_bound":107271255.0},"point_estimate":107013879.0,"standard_error":154613.48830180668},"median_abs_dev":{"confidence_interval":{"confidence_level":0.95,"lower_bound":587674.4601666927,"upper_bound":988443.4720516205},"point_estimate":701982.1768373251,"standard_error":104134.42734988562},"slope":null,"std_dev":{"confidence_interval":{"confidence_level":0.95,"lower_bound":1169470.90670434,"upper_bound":6735430.056455136},"point_estimate":4124151.6083854274,"standard_error":1744879.6178814594}}