{"mean":{"confidence_interval":{"confidence_level":0.95,"lower_bound":106773246.83,"upper_bound":106958488.9945},"point_estimate":106851369.19,"standard_error":47868.45381100395},"median":{"confidence_interval":{"confidence_level":0.95,"lower_bound":106708511.0,"upper_bound":106815070.0},"point_estimate":106776663.5,"standard_error":26553.46618123591},"median_abs_dev":{"confidence_interval":{"confidence_level":0.95,"lower_bound":149497.06025339666,"upper_bound":226763.20266164833},"point_estimate":182063.2767677307,"standard_error":19732.09773750334},"slope":null,"std_dev":{"confidence_interval":{"confidence_level":0.95,"lower_bound":193865.7977951435,"upper_bound":754453.3310407379},"point_estimate":480733.56300267455,"standard_error":169702.87299256455}}