{"mean":{"confidence_interval":{"confidence_level":0.95,"lower_bound":140388297.04250002,"upper_bound":140820016.743},"point_estimate":140600732.48,"standard_error":110119.51822582632},"median":{"confidence_interval":{"confidence_level":0.95,"lower_bound":140206684.0,"upper_bound":140798254.5},"point_estimate":140475104.0,"standard_error":151344.65499952115},"median_abs_dev":{"confidence_interval":{"confidence_level":0.95,"lower_bound":856277.0973980427,"upper_bound":1383388.089939952},"point_estimate":1095227.7351558208,"standard_error":132203.4894861213},"slope":null,"std_dev":{"confidence_interval":{"confidence_level":0.95,"lower_bound":937045.6979961977,"upper_bound":1260380.7573180336},"point_estimate":1104973.1813578694,"standard_error":82483.61648184994}}