{"mean":{"confidence_interval":{"confidence_level":0.95,"lower_bound":171221549.749,"upper_bound":173636750.1515},"point_estimate":172421194.38,"standard_error":616336.169595965},"median":{"confidence_interval":{"confidence_level":0.95,"lower_bound":170752413.0,"upper_bound":173633616.0},"point_estimate":172203439.0,"standard_error":742322.2941389813},"median_abs_dev":{"confidence_interval":{"confidence_level":0.95,"lower_bound":4599474.364675508,"upper_bound":7168152.930539846},"point_estimate":6453192.073532939,"standard_error":663852.5155587604},"slope":null,"std_dev":{"confidence_interval":{"confidence_level":0.95,"lower_bound":5261960.757384541,"upper_bound":7008753.136107355},"point_estimate":6181618.122961852,"standard_error":447542.3477061001}}