{"mean":{"confidence_interval":{"confidence_level":0.95,"lower_bound":107392862.788,"upper_bound":109436413.70025},"point_estimate":108157984.73,"standard_error":567106.0713437791},"median":{"confidence_interval":{"confidence_level":0.95,"lower_bound":106955681.0,"upper_bound":107747116.5},"point_estimate":107205059.0,"standard_error":211258.58745049135},"median_abs_dev":{"confidence_interval":{"confidence_level":0.95,"lower_bound":544621.2395310402,"upper_bound":1124488.3282363415},"point_estimate":888499.1839259863,"standard_error":147473.5103790241},"slope":null,"std_dev":{"confidence_interval":{"confidence_level":0.95,"lower_bound":891863.3656546291,"upper_bound":9616675.734857813},"point_estimate":5719032.102680695,"standard_error":2874109.927745487}}