{"mean":{"confidence_interval":{"confidence_level":0.95,"lower_bound":107664793.23725,"upper_bound":110045475.53525},"point_estimate":108524468.86,"standard_error":694351.743847296},"median":{"confidence_interval":{"confidence_level":0.95,"lower_bound":107340540.0,"upper_bound":108241911.0},"point_estimate":107549039.0,"standard_error":261689.0632791717},"median_abs_dev":{"confidence_interval":{"confidence_level":0.95,"lower_bound":882649.5857298374,"upper_bound":1292671.5040504932},"point_estimate":1137488.5061055422,"standard_error":111402.42425286032},"slope":null,"std_dev":{"confidence_interval":{"confidence_level":0.95,"lower_bound":963421.9809424139,"upper_bound":11902179.282252453},"point_estimate":6998190.87321444,"standard_error":3840340.5455648475}}