{"mean":{"confidence_interval":{"confidence_level":0.95,"lower_bound":169529512.12925,"upper_bound":170770159.87675002},"point_estimate":170136508.13,"standard_error":315440.84853395476},"median":{"confidence_interval":{"confidence_level":0.95,"lower_bound":168661113.0,"upper_bound":170559349.0},"point_estimate":169759812.0,"standard_error":481296.8457361431},"median_abs_dev":{"confidence_interval":{"confidence_level":0.95,"lower_bound":2409279.813426733,"upper_bound":3897721.2310016155},"point_estimate":3225838.0575299263,"standard_error":369391.8428566522},"slope":null,"std_dev":{"confidence_interval":{"confidence_level":0.95,"lower_bound":2724087.852819754,"upper_bound":3580143.3107223026},"point_estimate":3179100.4798744204,"standard_error":218475.22821411627}}