{"mean":{"confidence_interval":{"confidence_level":0.95,"lower_bound":139616189.92975,"upper_bound":140125310.967},"point_estimate":139856860.54,"standard_error":129968.30104022216},"median":{"confidence_interval":{"confidence_level":0.95,"lower_bound":139319984.0,"upper_bound":139877783.0},"point_estimate":139611527.5,"standard_error":164676.98851320543},"median_abs_dev":{"confidence_interval":{"confidence_level":0.95,"lower_bound":751825.7053524256,"upper_bound":1257401.9332766533},"point_estimate":1026912.4935686588,"standard_error":140491.5835191175},"slope":null,"std_dev":{"confidence_interval":{"confidence_level":0.95,"lower_bound":910513.3389599397,"upper_bound":1716494.6471581722},"point_estimate":1303821.708639802,"standard_error":212585.70017469776}}