{"mean":{"confidence_interval":{"confidence_level":0.95,"lower_bound":107626633.778,"upper_bound":108091559.49525},"point_estimate":107851854.92,"standard_error":119161.36681458227},"median":{"confidence_interval":{"confidence_level":0.95,"lower_bound":107128750.0,"upper_bound":108005752.0},"point_estimate":107459778.0,"standard_error":257402.00959074814},"median_abs_dev":{"confidence_interval":{"confidence_level":0.95,"lower_bound":598742.0689702034,"upper_bound":1495273.2382535934},"point_estimate":1036192.8281039,"standard_error":235506.75277751227},"slope":null,"std_dev":{"confidence_interval":{"confidence_level":0.95,"lower_bound":989991.9870665657,"upper_bound":1396158.6768774455},"point_estimate":1197757.9473325554,"standard_error":103654.36654760034}}