{"mean":{"confidence_interval":{"confidence_level":0.95,"lower_bound":305928841.1555,"upper_bound":306278336.2},"point_estimate":306104491.25,"standard_error":88967.13382300829},"median":{"confidence_interval":{"confidence_level":0.95,"lower_bound":305856765.0,"upper_bound":306453776.0},"point_estimate":306110272.5,"standard_error":144648.87834187728},"median_abs_dev":{"confidence_interval":{"confidence_level":0.95,"lower_bound":784310.2120757103,"upper_bound":1144810.326075554},"point_estimate":935661.430388689,"standard_error":90937.10169408045},"slope":null,"std_dev":{"confidence_interval":{"confidence_level":0.95,"lower_bound":774470.7670598524,"upper_bound":1007277.4508116586},"point_estimate":894587.5207749944,"standard_error":59517.73427882844}}