{"mean":{"confidence_interval":{"confidence_level":0.95,"lower_bound":107393844.5765,"upper_bound":107862074.746},"point_estimate":107617532.38,"standard_error":119354.20800523287},"median":{"confidence_interval":{"confidence_level":0.95,"lower_bound":106928336.0,"upper_bound":107384085.0},"point_estimate":107098281.5,"standard_error":134609.5544638266},"median_abs_dev":{"confidence_interval":{"confidence_level":0.95,"lower_bound":350076.6948848963,"upper_bound":862776.0743826628},"point_estimate":543687.9428476095,"standard_error":135021.15635281327},"slope":null,"std_dev":{"confidence_interval":{"confidence_level":0.95,"lower_bound":932243.348848675,"upper_bound":1435117.8325453787},"point_estimate":1202044.3281513974,"standard_error":127910.58687307771}}