{"mean":{"confidence_interval":{"confidence_level":0.95,"lower_bound":222818388.21350002,"upper_bound":223286798.22525},"point_estimate":223040594.72,"standard_error":120064.43659000791},"median":{"confidence_interval":{"confidence_level":0.95,"lower_bound":222656187.0,"upper_bound":223096680.0},"point_estimate":222983964.0,"standard_error":119438.84648783763},"median_abs_dev":{"confidence_interval":{"confidence_level":0.95,"lower_bound":568130.0860136751,"upper_bound":956681.9922704981},"point_estimate":768433.0489575863,"standard_error":96596.56476063257},"slope":null,"std_dev":{"confidence_interval":{"confidence_level":0.95,"lower_bound":812164.5215426297,"upper_bound":1557124.0838776096},"point_estimate":1210914.952996538,"standard_error":191494.7345859579}}