{"mean":{"confidence_interval":{"confidence_level":0.95,"lower_bound":255881543.533,"upper_bound":256126519.8065},"point_estimate":256003546.75,"standard_error":62411.1989827046},"median":{"confidence_interval":{"confidence_level":0.95,"lower_bound":255849447.0,"upper_bound":256117804.5},"point_estimate":255982937.0,"standard_error":66408.57560382085},"median_abs_dev":{"confidence_interval":{"confidence_level":0.95,"lower_bound":571474.8315542936,"upper_bound":877841.5140151978},"point_estimate":734910.7222527266,"standard_error":76817.92626104907},"slope":null,"std_dev":{"confidence_interval":{"confidence_level":0.95,"lower_bound":555511.2464201483,"upper_bound":694209.3645850153},"point_estimate":629295.0923031546,"standard_error":35493.38911455888}}