{"mean":{"confidence_interval":{"confidence_level":0.95,"lower_bound":139970609.871,"upper_bound":140797920.37575},"point_estimate":140348991.18,"standard_error":212412.0412528228},"median":{"confidence_interval":{"confidence_level":0.95,"lower_bound":139631660.0,"upper_bound":140141000.5},"point_estimate":139931301.0,"standard_error":138040.21623600356},"median_abs_dev":{"confidence_interval":{"confidence_level":0.95,"lower_bound":771137.311309576,"upper_bound":1281252.5190532207},"point_estimate":1024244.5549160242,"standard_error":134675.53640308423},"slope":null,"std_dev":{"confidence_interval":{"confidence_level":0.95,"lower_bound":1113970.3024616665,"upper_bound":2905444.406241413},"point_estimate":2133475.5110144033,"standard_error":444089.5983508784}}