{"mean":{"confidence_interval":{"confidence_level":0.95,"lower_bound":106727168.5545,"upper_bound":106788219.96374999},"point_estimate":106756948.7,"standard_error":15634.337991460707},"median":{"confidence_interval":{"confidence_level":0.95,"lower_bound":106685691.0,"upper_bound":106768352.0},"point_estimate":106708922.5,"standard_error":20773.054940363272},"median_abs_dev":{"confidence_interval":{"confidence_level":0.95,"lower_bound":102911.50811545552,"upper_bound":179774.14240837097},"point_estimate":131739.38586115837,"standard_error":20242.519948982477},"slope":null,"std_dev":{"confidence_interval":{"confidence_level":0.95,"lower_bound":131022.39387362957,"upper_bound":181819.03634841347},"point_estimate":157637.39210743856,"standard_error":13000.502034892543}}