{"mean":{"confidence_interval":{"confidence_level":0.95,"lower_bound":107942436.0945,"upper_bound":109054670.378},"point_estimate":108430250.02,"standard_error":285441.4616549852},"median":{"confidence_interval":{"confidence_level":0.95,"lower_bound":107317397.0,"upper_bound":108005999.0},"point_estimate":107442141.0,"standard_error":178482.15979622852},"median_abs_dev":{"confidence_interval":{"confidence_level":0.95,"lower_bound":796689.9218559265,"upper_bound":1565185.4438699028},"point_estimate":1049322.7334707975,"standard_error":197596.33843371083},"slope":null,"std_dev":{"confidence_interval":{"confidence_level":0.95,"lower_bound":1382775.477592144,"upper_bound":4263599.846864212},"point_estimate":2863135.718563414,"standard_error":774783.1699022345}}