{"mean":{"confidence_interval":{"confidence_level":0.95,"lower_bound":222688638.64325,"upper_bound":223177768.50725},"point_estimate":222921661.49,"standard_error":124849.62113255089},"median":{"confidence_interval":{"confidence_level":0.95,"lower_bound":222397157.5,"upper_bound":222786501.0},"point_estimate":222525264.5,"standard_error":89780.42869197189},"median_abs_dev":{"confidence_interval":{"confidence_level":0.95,"lower_bound":418975.20983420394,"upper_bound":965026.546767354},"point_estimate":640250.4204332829,"standard_error":133325.20000571272},"slope":null,"std_dev":{"confidence_interval":{"confidence_level":0.95,"lower_bound":906959.943400465,"upper_bound":1565254.3583356016},"point_estimate":1257080.1297220595,"standard_error":168419.46744272398}}