{"mean":{"confidence_interval":{"confidence_level":0.95,"lower_bound":-0.051002308109454386,"upper_bound":-0.0333593398060069},"point_estimate":-0.041932975939632744,"standard_error":0.004498464779656978},"median":{"confidence_interval":{"confidence_level":0.95,"lower_bound":-0.03918154587047151,"upper_bound":-0.019173071958668575},"point_estimate":-0.027423686907906974,"standard_error":0.006079599935961542}}