{"mean":{"confidence_interval":{"confidence_level":0.95,"lower_bound":-0.11462970050677551,"upper_bound":-0.1078259171634175},"point_estimate":-0.11107630867903995,"standard_error":0.0017480935636010047},"median":{"confidence_interval":{"confidence_level":0.95,"lower_bound":-0.11019643422808245,"upper_bound":-0.10477576417435641},"point_estimate":-0.10730708386388399,"standard_error":0.0013460236991962682}}