{"mean":{"confidence_interval":{"confidence_level":0.95,"lower_bound":0.04547043683566053,"upper_bound":0.05788201943130708},"point_estimate":0.05145152028471145,"standard_error":0.00316414226195036},"median":{"confidence_interval":{"confidence_level":0.95,"lower_bound":0.04813244533844818,"upper_bound":0.05858567555097682},"point_estimate":0.05319244800721257,"standard_error":0.0027802582628125884}}