{"mean":{"confidence_interval":{"confidence_level":0.95,"lower_bound":0.3803751336257859,"upper_bound":0.39909699553644995},"point_estimate":0.38960675210845164,"standard_error":0.005110440620465374},"median":{"confidence_interval":{"confidence_level":0.95,"lower_bound":0.37316471901918935,"upper_bound":0.4044256157767607},"point_estimate":0.38937589964037955,"standard_error":0.009305049127977779}}