{"mean":{"confidence_interval":{"confidence_level":0.95,"lower_bound":0.07415671545133339,"upper_bound":0.08301093644965833},"point_estimate":0.0783661679888854,"standard_error":0.0021950890064142965},"median":{"confidence_interval":{"confidence_level":0.95,"lower_bound":0.07099649959663754,"upper_bound":0.07974805234018989},"point_estimate":0.07383248683977728,"standard_error":0.0022928890702400887}}