{"mean":{"confidence_interval":{"confidence_level":0.95,"lower_bound":0.16160703479086624,"upper_bound":0.164394656660094},"point_estimate":0.16311810063647636,"standard_error":0.0007190227556413545},"median":{"confidence_interval":{"confidence_level":0.95,"lower_bound":0.16097494251614242,"upper_bound":0.1654181630345587},"point_estimate":0.16367461485178647,"standard_error":0.001108521733820703}}