{"mean":{"confidence_interval":{"confidence_level":0.95,"lower_bound":-0.02056301464957825,"upper_bound":-0.008737338642113448},"point_estimate":-0.014778531841448617,"standard_error":0.0030018837353251037},"median":{"confidence_interval":{"confidence_level":0.95,"lower_bound":-0.02295158254095911,"upper_bound":-0.011509416745794976},"point_estimate":-0.018483658619096288,"standard_error":0.0029053609978001572}}