{"mean":{"confidence_interval":{"confidence_level":0.95,"lower_bound":0.0010664927225047204,"upper_bound":0.01010911971753048},"point_estimate":0.005389045072515142,"standard_error":0.002298402290139432},"median":{"confidence_interval":{"confidence_level":0.95,"lower_bound":-0.0017957050786920892,"upper_bound":0.008070842586156202},"point_estimate":0.0024924297387651784,"standard_error":0.0024808082446719126}}