{"mean":{"confidence_interval":{"confidence_level":0.95,"lower_bound":-0.05581904773856343,"upper_bound":-0.05173838829885618},"point_estimate":-0.05380530969958508,"standard_error":0.0010382302522904286},"median":{"confidence_interval":{"confidence_level":0.95,"lower_bound":-0.055435542016930905,"upper_bound":-0.0514967479358491},"point_estimate":-0.05335472998857449,"standard_error":0.0010139374328286413}}