{"mean":{"confidence_interval":{"confidence_level":0.95,"lower_bound":-0.05904378421503477,"upper_bound":-0.053661034499717646},"point_estimate":-0.056287557194822146,"standard_error":0.001376364374965065},"median":{"confidence_interval":{"confidence_level":0.95,"lower_bound":-0.05880553108517128,"upper_bound":-0.05204945062439692},"point_estimate":-0.05624722791744308,"standard_error":0.0017737287809459928}}