{"mean":{"confidence_interval":{"confidence_level":0.95,"lower_bound":0.023674288396871062,"upper_bound":0.036544322391369066},"point_estimate":0.029008726262158113,"standard_error":0.0032882720057061895},"median":{"confidence_interval":{"confidence_level":0.95,"lower_bound":0.017053245309283316,"upper_bound":0.024582757029720126},"point_estimate":0.02016176834458272,"standard_error":0.0018197205995782}}