{"mean":{"confidence_interval":{"confidence_level":0.95,"lower_bound":-0.004708728786236324,"upper_bound":0.001456642293912772},"point_estimate":-0.0015557539235209195,"standard_error":0.001576377075733148},"median":{"confidence_interval":{"confidence_level":0.95,"lower_bound":-0.003999827024087521,"upper_bound":0.0027853951689198546},"point_estimate":0.00033003489734784175,"standard_error":0.0018847747764006613}}