{"mean":{"confidence_interval":{"confidence_level":0.95,"lower_bound":0.04085483753113284,"upper_bound":0.046254766120867985},"point_estimate":0.04364773980636927,"standard_error":0.001374058388953093},"median":{"confidence_interval":{"confidence_level":0.95,"lower_bound":0.04023024748982196,"upper_bound":0.04665694597323822},"point_estimate":0.04402317742213424,"standard_error":0.0016567023800043257}}