{"mean":{"confidence_interval":{"confidence_level":0.95,"lower_bound":-0.03552679996333223,"upper_bound":-0.022961982239535716},"point_estimate":-0.02920417393842234,"standard_error":0.0032102011308335204},"median":{"confidence_interval":{"confidence_level":0.95,"lower_bound":-0.03398329968140931,"upper_bound":-0.01576979684963221},"point_estimate":-0.028019572275360227,"standard_error":0.0046131910372182085}}