{"mean":{"confidence_interval":{"confidence_level":0.95,"lower_bound":-0.037339731847192546,"upper_bound":-0.015224494795149705},"point_estimate":-0.027311041926069257,"standard_error":0.005936185586553523},"median":{"confidence_interval":{"confidence_level":0.95,"lower_bound":-0.023506585007594172,"upper_bound":-0.013485856516411654},"point_estimate":-0.018602091070532567,"standard_error":0.002789591696586889}}