{"mean":{"confidence_interval":{"confidence_level":0.95,"lower_bound":0.028052634453817317,"upper_bound":0.033202958216502765},"point_estimate":0.03058333416803083,"standard_error":0.0013064928155433796},"median":{"confidence_interval":{"confidence_level":0.95,"lower_bound":0.02502459277617608,"upper_bound":0.033169910419316787},"point_estimate":0.028292371251609882,"standard_error":0.0018807758234114732}}