{"mean":{"confidence_interval":{"confidence_level":0.95,"lower_bound":-0.06427243707987458,"upper_bound":-0.05685748684592326},"point_estimate":-0.06052910937792244,"standard_error":0.0018876622235292928},"median":{"confidence_interval":{"confidence_level":0.95,"lower_bound":-0.06281022265629577,"upper_bound":-0.05576859911102994},"point_estimate":-0.05858202750191599,"standard_error":0.0018477576529297383}}