{"mean":{"confidence_interval":{"confidence_level":0.95,"lower_bound":0.2804565380356635,"upper_bound":0.30346939587391963},"point_estimate":0.29152567994397915,"standard_error":0.005901108499440609},"median":{"confidence_interval":{"confidence_level":0.95,"lower_bound":0.27734805472245294,"upper_bound":0.30479741929824833},"point_estimate":0.29277788918633996,"standard_error":0.006829935677048307}}