{"mean":{"confidence_interval":{"confidence_level":0.95,"lower_bound":-0.17721789109521485,"upper_bound":-0.1707758527797949},"point_estimate":-0.17415024894651965,"standard_error":0.0016445191791809284},"median":{"confidence_interval":{"confidence_level":0.95,"lower_bound":-0.17778289311642004,"upper_bound":-0.1712642351362038},"point_estimate":-0.1745238860596765,"standard_error":0.001663600679450962}}