{"mean":{"confidence_interval":{"confidence_level":0.95,"lower_bound":-0.036618485488479235,"upper_bound":-0.028454666883258217},"point_estimate":-0.03250230015581801,"standard_error":0.002084039729404866},"median":{"confidence_interval":{"confidence_level":0.95,"lower_bound":-0.03689257566988169,"upper_bound":-0.024618126127527253},"point_estimate":-0.029444237381587524,"standard_error":0.003018177357955043}}