{"mean":{"confidence_interval":{"confidence_level":0.95,"lower_bound":0.010647669939866418,"upper_bound":0.016962789647685383},"point_estimate":0.013707572918876698,"standard_error":0.0016114516708209947},"median":{"confidence_interval":{"confidence_level":0.95,"lower_bound":0.010454705061934577,"upper_bound":0.01772229189022867},"point_estimate":0.0140598935292775,"standard_error":0.0018660250241030528}}