{"mean":{"confidence_interval":{"confidence_level":0.95,"lower_bound":0.13167691582920193,"upper_bound":0.13945489356438567},"point_estimate":0.135552266424539,"standard_error":0.0019876982600690626},"median":{"confidence_interval":{"confidence_level":0.95,"lower_bound":0.13238961268837524,"upper_bound":0.1407013910486714},"point_estimate":0.13629536715012724,"standard_error":0.002091277961101592}}