{"mean":{"confidence_interval":{"confidence_level":0.95,"lower_bound":-0.09444876294171618,"upper_bound":-0.07604207737634011},"point_estimate":-0.08521103610243164,"standard_error":0.004698867393500617},"median":{"confidence_interval":{"confidence_level":0.95,"lower_bound":-0.09160700546235279,"upper_bound":-0.06397370819800621},"point_estimate":-0.07820633034658175,"standard_error":0.006676370883063074}}