{"mean":{"confidence_interval":{"confidence_level":0.95,"lower_bound":-0.31778903465982444,"upper_bound":-0.3096777992227825},"point_estimate":-0.313746733674537,"standard_error":0.002065745791559206},"median":{"confidence_interval":{"confidence_level":0.95,"lower_bound":-0.3175041027361626,"upper_bound":-0.30891868243280995},"point_estimate":-0.31379449236739454,"standard_error":0.0020222517213942916}}