{"mean":{"confidence_interval":{"confidence_level":0.95,"lower_bound":0.012999775851563866,"upper_bound":0.02369330188861391},"point_estimate":0.018172884597267736,"standard_error":0.0027529663082298365},"median":{"confidence_interval":{"confidence_level":0.95,"lower_bound":0.005784997774254341,"upper_bound":0.02114595054056778},"point_estimate":0.01152377955275763,"standard_error":0.004011776403642726}}