{"mean":{"confidence_interval":{"confidence_level":0.95,"lower_bound":0.009566564002579048,"upper_bound":0.015346785458150691},"point_estimate":0.012466405683983606,"standard_error":0.001478919726136281},"median":{"confidence_interval":{"confidence_level":0.95,"lower_bound":0.008618032430295575,"upper_bound":0.016894074491246913},"point_estimate":0.011534717569808395,"standard_error":0.0021309833191823528}}