{"mean":{"confidence_interval":{"confidence_level":0.95,"lower_bound":-0.05273129719077154,"upper_bound":-0.04945070028011309},"point_estimate":-0.05109104311592716,"standard_error":0.0008360802848953886},"median":{"confidence_interval":{"confidence_level":0.95,"lower_bound":-0.05388272429661045,"upper_bound":-0.049709276225375354},"point_estimate":-0.05215427660113248,"standard_error":0.0010873502048327854}}