{"mean":{"confidence_interval":{"confidence_level":0.95,"lower_bound":0.16797426066708998,"upper_bound":0.18719170683051883},"point_estimate":0.17803632649858447,"standard_error":0.004587087686006232},"median":{"confidence_interval":{"confidence_level":0.95,"lower_bound":0.16714873876109482,"upper_bound":0.18356813142217754},"point_estimate":0.17664633159188647,"standard_error":0.003974362536919782}}