{"mean":{"confidence_interval":{"confidence_level":0.95,"lower_bound":-0.03091147335934119,"upper_bound":-0.02119155858045512},"point_estimate":-0.026321127203666417,"standard_error":0.002494380010894754},"median":{"confidence_interval":{"confidence_level":0.95,"lower_bound":-0.03367994048187006,"upper_bound":-0.02460984475021777},"point_estimate":-0.029221623501741845,"standard_error":0.0023042368493086745}}