{"mean":{"confidence_interval":{"confidence_level":0.95,"lower_bound":0.07098393072804793,"upper_bound":0.08894775178015685},"point_estimate":0.08163425324062401,"standard_error":0.004731530309422624},"median":{"confidence_interval":{"confidence_level":0.95,"lower_bound":0.08437486028838381,"upper_bound":0.09350462898150136},"point_estimate":0.08894566178648833,"standard_error":0.0022507194018198578}}