{"mean":{"confidence_interval":{"confidence_level":0.95,"lower_bound":-0.2866184837421092,"upper_bound":-0.28059646346796585},"point_estimate":-0.28360125938705993,"standard_error":0.0015368328681018533},"median":{"confidence_interval":{"confidence_level":0.95,"lower_bound":-0.2872719315952177,"upper_bound":-0.28095256800262736},"point_estimate":-0.28365913365323103,"standard_error":0.0016369077759148456}}