{"mean":{"confidence_interval":{"confidence_level":0.95,"lower_bound":0.024231610386759646,"upper_bound":0.03129346665277083},"point_estimate":0.027902016235344718,"standard_error":0.001851343016655897},"median":{"confidence_interval":{"confidence_level":0.95,"lower_bound":0.02360464682604202,"upper_bound":0.032519589659157466},"point_estimate":0.026717127747485137,"standard_error":0.002237596687597923}}