{"mean":{"confidence_interval":{"confidence_level":0.95,"lower_bound":0.056241144347706426,"upper_bound":0.0637940503967308},"point_estimate":0.06012611631051357,"standard_error":0.0019631359179510016},"median":{"confidence_interval":{"confidence_level":0.95,"lower_bound":0.05298574702406289,"upper_bound":0.06312566763433258},"point_estimate":0.059513799014445645,"standard_error":0.0029028562099216782}}