{"mean":{"confidence_interval":{"confidence_level":0.95,"lower_bound":0.15178270401359517,"upper_bound":0.15838748179460352},"point_estimate":0.1546368282328412,"standard_error":0.001658949356320825},"median":{"confidence_interval":{"confidence_level":0.95,"lower_bound":0.1514351580629283,"upper_bound":0.15978345183984244},"point_estimate":0.15531544305303213,"standard_error":0.001968365046509959}}