{"mean":{"confidence_interval":{"confidence_level":0.95,"lower_bound":-0.2526698492245863,"upper_bound":-0.24031735631213655},"point_estimate":-0.24660152015645997,"standard_error":0.0031398543903811663},"median":{"confidence_interval":{"confidence_level":0.95,"lower_bound":-0.2599352992018432,"upper_bound":-0.2427338123462951},"point_estimate":-0.2523367540678271,"standard_error":0.004256873014423763}}