{"mean":{"confidence_interval":{"confidence_level":0.95,"lower_bound":-0.0139984213978092,"upper_bound":-0.008258335059790897},"point_estimate":-0.011187552816091073,"standard_error":0.001446698396595729},"median":{"confidence_interval":{"confidence_level":0.95,"lower_bound":-0.014874901883767278,"upper_bound":-0.008488912883634276},"point_estimate":-0.011763301477565657,"standard_error":0.0016585644873928435}}