{"mean":{"confidence_interval":{"confidence_level":0.95,"lower_bound":-0.05659804003247263,"upper_bound":-0.05235503535930802},"point_estimate":-0.054559180571860044,"standard_error":0.0010796385458503703},"median":{"confidence_interval":{"confidence_level":0.95,"lower_bound":-0.05678355270618929,"upper_bound":-0.05213464894164754},"point_estimate":-0.05474617101156598,"standard_error":0.0011674119111021182}}