{"mean":{"confidence_interval":{"confidence_level":0.95,"lower_bound":-0.09235521700705106,"upper_bound":-0.08840426312426103},"point_estimate":-0.09038905166760924,"standard_error":0.0009835770067152354},"median":{"confidence_interval":{"confidence_level":0.95,"lower_bound":-0.09346791877811589,"upper_bound":-0.0904951983826863},"point_estimate":-0.09193833340346702,"standard_error":0.0007662107032884027}}