{"mean":{"confidence_interval":{"confidence_level":0.95,"lower_bound":-0.029400439837396337,"upper_bound":-0.024005812704013568},"point_estimate":-0.02678597443918207,"standard_error":0.0013802895119698689},"median":{"confidence_interval":{"confidence_level":0.95,"lower_bound":-0.031063045627914766,"upper_bound":-0.025608906327389547},"point_estimate":-0.02755907712419592,"standard_error":0.0013890244083315524}}