{"mean":{"confidence_interval":{"confidence_level":0.95,"lower_bound":0.06463000359219472,"upper_bound":0.0726459920835634},"point_estimate":0.06824476461044049,"standard_error":0.0020452678655659864},"median":{"confidence_interval":{"confidence_level":0.95,"lower_bound":0.061886725617116056,"upper_bound":0.07128846971017655},"point_estimate":0.06582139359667805,"standard_error":0.0025832682859635403}}