{"mean":{"confidence_interval":{"confidence_level":0.95,"lower_bound":-0.013132976364372027,"upper_bound":0.059334172138775114},"point_estimate":0.014500816905515634,"standard_error":0.020845285600062574},"median":{"confidence_interval":{"confidence_level":0.95,"lower_bound":-0.02053474848177117,"upper_bound":-0.012359502760761809},"point_estimate":-0.017054996406867473,"standard_error":0.0020941816503226725}}