{"mean":{"confidence_interval":{"confidence_level":0.95,"lower_bound":-0.07810984042776459,"upper_bound":-0.060635630022370934},"point_estimate":-0.06928218663722963,"standard_error":0.0044607289228937},"median":{"confidence_interval":{"confidence_level":0.95,"lower_bound":-0.0706604066541503,"upper_bound":-0.04993236890645458},"point_estimate":-0.05673663266475171,"standard_error":0.005365557270174774}}