{"mean":{"confidence_interval":{"confidence_level":0.95,"lower_bound":-0.5117611652034627,"upper_bound":-0.5083308138852026},"point_estimate":-0.5102378220196429,"standard_error":0.0008538622109931713},"median":{"confidence_interval":{"confidence_level":0.95,"lower_bound":-0.5132278149843628,"upper_bound":-0.5099573220766608},"point_estimate":-0.5119557823780456,"standard_error":0.0007373067260389213}}