{"mean":{"confidence_interval":{"confidence_level":0.95,"lower_bound":0.05615216490091226,"upper_bound":0.06496942978208864},"point_estimate":0.060677049524193505,"standard_error":0.00220515972665342},"median":{"confidence_interval":{"confidence_level":0.95,"lower_bound":0.04899066115371675,"upper_bound":0.06462625485859963},"point_estimate":0.05794897640701713,"standard_error":0.0036789660536627783}}