{"mean":{"confidence_interval":{"confidence_level":0.95,"lower_bound":0.3706863750247313,"upper_bound":0.389335496093659},"point_estimate":0.37981082125473353,"standard_error":0.004878056567624948},"median":{"confidence_interval":{"confidence_level":0.95,"lower_bound":0.365663489568792,"upper_bound":0.3817280093047517},"point_estimate":0.3748927140393976,"standard_error":0.004379863500406415}}