{"mean":{"confidence_interval":{"confidence_level":0.95,"lower_bound":-0.2399044542522149,"upper_bound":-0.23449719184206078},"point_estimate":-0.2372046383574219,"standard_error":0.0013814182768221459},"median":{"confidence_interval":{"confidence_level":0.95,"lower_bound":-0.2400643852188561,"upper_bound":-0.23335659606357062},"point_estimate":-0.23649711739802382,"standard_error":0.0016412523945099925}}