{"mean":{"confidence_interval":{"confidence_level":0.95,"lower_bound":-0.24676705614233296,"upper_bound":-0.23105271334613045},"point_estimate":-0.23879006610986986,"standard_error":0.004005347759522751},"median":{"confidence_interval":{"confidence_level":0.95,"lower_bound":-0.2480432010416349,"upper_bound":-0.2262736680045181},"point_estimate":-0.240589223290136,"standard_error":0.00565663806181928}}