{"mean":{"confidence_interval":{"confidence_level":0.95,"lower_bound":-0.035350519036889065,"upper_bound":-0.029613835414159014},"point_estimate":-0.03242903082045567,"standard_error":0.0014552966132909994},"median":{"confidence_interval":{"confidence_level":0.95,"lower_bound":-0.03385370461186199,"upper_bound":-0.03039328835605659},"point_estimate":-0.03248647945279337,"standard_error":0.0008501187699138657}}