{"mean":{"confidence_interval":{"confidence_level":0.95,"lower_bound":162640.376511728,"upper_bound":170692.8618369142},"point_estimate":166921.69598245303,"standard_error":2050.626795823096},"median":{"confidence_interval":{"confidence_level":0.95,"lower_bound":172943.56213369966,"upper_bound":175448.85106837607},"point_estimate":174206.6674265451,"standard_error":565.0351845172976},"median_abs_dev":{"confidence_interval":{"confidence_level":0.95,"lower_bound":4575.094502959347,"upper_bound":10746.556246814445},"point_estimate":6963.3326620181415,"standard_error":1725.5929160641158},"slope":{"confidence_interval":{"confidence_level":0.95,"lower_bound":175570.11321308842,"upper_bound":179037.22768541126},"point_estimate":177211.9633530368,"standard_error":885.9800991116131},"std_dev":{"confidence_interval":{"confidence_level":0.95,"lower_bound":14123.67555849108,"upper_bound":27500.065148421516},"point_estimate":20676.92198767259,"standard_error":3517.5088153127035}}