{"mean":{"confidence_interval":{"confidence_level":0.95,"lower_bound":77856.28382246663,"upper_bound":79536.79159676557},"point_estimate":78774.88669645503,"standard_error":429.0377796167494},"median":{"confidence_interval":{"confidence_level":0.95,"lower_bound":78372.38553142633,"upper_bound":78897.57156834839},"point_estimate":78620.30304758801,"standard_error":132.14143900995057},"median_abs_dev":{"confidence_interval":{"confidence_level":0.95,"lower_bound":819.16854881087,"upper_bound":1973.3360031201355},"point_estimate":1209.400433286651,"standard_error":302.7321368915821},"slope":{"confidence_interval":{"confidence_level":0.95,"lower_bound":79593.60178036611,"upper_bound":80662.8679541033},"point_estimate":80107.80348796763,"standard_error":273.0776196972433},"std_dev":{"confidence_interval":{"confidence_level":0.95,"lower_bound":2513.0693670157984,"upper_bound":6297.275368873107},"point_estimate":4307.064502627724,"standard_error":1113.6399578356668}}