{"mean":{"confidence_interval":{"confidence_level":0.95,"lower_bound":97234.00431559628,"upper_bound":99598.03072539106},"point_estimate":98611.76301475517,"standard_error":613.5154684509658},"median":{"confidence_interval":{"confidence_level":0.95,"lower_bound":100000.85538984825,"upper_bound":100350.7},"point_estimate":100205.02348111657,"standard_error":91.80944458132863},"median_abs_dev":{"confidence_interval":{"confidence_level":0.95,"lower_bound":401.7499230191125,"upper_bound":872.7921903381772},"point_estimate":664.4749007989484,"standard_error":115.59045960519671},"slope":{"confidence_interval":{"confidence_level":0.95,"lower_bound":100391.02536553839,"upper_bound":100560.05840519277},"point_estimate":100479.24776680952,"standard_error":43.08672658452425},"std_dev":{"confidence_interval":{"confidence_level":0.95,"lower_bound":2006.6005072676942,"upper_bound":9731.6948306714},"point_estimate":6159.222833734205,"standard_error":2188.0277790562172}}