{"mean":{"confidence_interval":{"confidence_level":0.95,"lower_bound":78426.77936488713,"upper_bound":80195.50666914255},"point_estimate":79382.4371462504,"standard_error":452.6507987401505},"median":{"confidence_interval":{"confidence_level":0.95,"lower_bound":79163.8315018315,"upper_bound":79626.75897435898},"point_estimate":79297.89344778855,"standard_error":127.17406776121106},"median_abs_dev":{"confidence_interval":{"confidence_level":0.95,"lower_bound":766.6340553701438,"upper_bound":2009.066691408271},"point_estimate":1207.5617260139304,"standard_error":332.2864278932868},"slope":{"confidence_interval":{"confidence_level":0.95,"lower_bound":80108.66083357758,"upper_bound":81265.98217789229},"point_estimate":80662.19249161656,"standard_error":295.392571589392},"std_dev":{"confidence_interval":{"confidence_level":0.95,"lower_bound":2701.1717520485954,"upper_bound":6496.882664957546},"point_estimate":4538.2786289129335,"standard_error":1046.9253878564427}}