{"mean":{"confidence_interval":{"confidence_level":0.95,"lower_bound":90579.58828202628,"upper_bound":92469.52164924523},"point_estimate":91666.97807798044,"standard_error":490.15893101678944},"median":{"confidence_interval":{"confidence_level":0.95,"lower_bound":92550.59595959596,"upper_bound":92891.96438612933},"point_estimate":92734.26988636365,"standard_error":89.19293963363302},"median_abs_dev":{"confidence_interval":{"confidence_level":0.95,"lower_bound":582.6946883698315,"upper_bound":1135.8879755899482},"point_estimate":859.6926146237817,"standard_error":133.45706016042644},"slope":{"confidence_interval":{"confidence_level":0.95,"lower_bound":92980.20866021252,"upper_bound":93245.89567806522},"point_estimate":93112.10081679809,"standard_error":67.86807181739299},"std_dev":{"confidence_interval":{"confidence_level":0.95,"lower_bound":1693.259526855567,"upper_bound":7756.555056569956},"point_estimate":4949.230321368753,"standard_error":1709.776506492769}}