{"mean":{"confidence_interval":{"confidence_level":0.95,"lower_bound":160608.14069330416,"upper_bound":168329.39726072745},"point_estimate":164646.36647411354,"standard_error":1971.217717854533},"median":{"confidence_interval":{"confidence_level":0.95,"lower_bound":165298.87205089314,"upper_bound":171691.46527777778},"point_estimate":168664.4942845881,"standard_error":1715.450918415773},"median_abs_dev":{"confidence_interval":{"confidence_level":0.95,"lower_bound":10141.091658646394,"upper_bound":18294.312939204177},"point_estimate":14369.92841534431,"standard_error":2052.0959433613925},"slope":{"confidence_interval":{"confidence_level":0.95,"lower_bound":171831.18434468957,"upper_bound":176282.63033003782},"point_estimate":174053.1940278804,"standard_error":1132.5768790149175},"std_dev":{"confidence_interval":{"confidence_level":0.95,"lower_bound":14302.278403358381,"upper_bound":25808.720428371653},"point_estimate":19672.735436062983,"standard_error":3102.397416647478}}