{"mean":{"confidence_interval":{"confidence_level":0.95,"lower_bound":97299.87644086943,"upper_bound":99690.39470515783},"point_estimate":98685.94903723616,"standard_error":620.0231774707333},"median":{"confidence_interval":{"confidence_level":0.95,"lower_bound":100209.79307065217,"upper_bound":100491.08717948718},"point_estimate":100361.52453488372,"standard_error":81.03286474735204},"median_abs_dev":{"confidence_interval":{"confidence_level":0.95,"lower_bound":523.1173425211285,"upper_bound":1060.654897458356},"point_estimate":791.5848479956962,"standard_error":146.59197593020897},"slope":{"confidence_interval":{"confidence_level":0.95,"lower_bound":100488.24452165222,"upper_bound":100657.35247917633},"point_estimate":100576.60070489139,"standard_error":43.13448575048833},"std_dev":{"confidence_interval":{"confidence_level":0.95,"lower_bound":2126.174803123695,"upper_bound":9775.883133630905},"point_estimate":6228.825949483548,"standard_error":2141.905339132139}}