{"mean":{"confidence_interval":{"confidence_level":0.95,"lower_bound":155628.23525461572,"upper_bound":162658.95980876344},"point_estimate":159417.8244908332,"standard_error":1792.703606228361},"median":{"confidence_interval":{"confidence_level":0.95,"lower_bound":158237.00835346215,"upper_bound":161883.06666666668},"point_estimate":159356.01029014844,"standard_error":1011.8202240263726},"median_abs_dev":{"confidence_interval":{"confidence_level":0.95,"lower_bound":6525.269166670555,"upper_bound":11721.019195235855},"point_estimate":9080.803784511834,"standard_error":1244.1878627489575},"slope":{"confidence_interval":{"confidence_level":0.95,"lower_bound":159151.7400722868,"upper_bound":164574.96970255263},"point_estimate":161674.82608689228,"standard_error":1387.8842706936111},"std_dev":{"confidence_interval":{"confidence_level":0.95,"lower_bound":10709.75346980758,"upper_bound":24999.363440333487},"point_estimate":18090.162621752606,"standard_error":3735.906229228882}}