{"mean":{"confidence_interval":{"confidence_level":0.95,"lower_bound":95749.39790601532,"upper_bound":98050.39092904332},"point_estimate":97079.34992432014,"standard_error":596.8887530858254},"median":{"confidence_interval":{"confidence_level":0.95,"lower_bound":98363.5447368421,"upper_bound":98730.01758814103},"point_estimate":98559.05496920494,"standard_error":85.57045742939025},"median_abs_dev":{"confidence_interval":{"confidence_level":0.95,"lower_bound":574.5106285550546,"upper_bound":1263.0731802668756},"point_estimate":856.298099362881,"standard_error":179.28665739540833},"slope":{"confidence_interval":{"confidence_level":0.95,"lower_bound":98835.4546710669,"upper_bound":99078.26020134108},"point_estimate":98960.16623880596,"standard_error":61.917825323857556},"std_dev":{"confidence_interval":{"confidence_level":0.95,"lower_bound":2039.3059051797238,"upper_bound":9412.97277837945},"point_estimate":5983.307981648382,"standard_error":2075.3674335441156}}