{"mean":{"confidence_interval":{"confidence_level":0.95,"lower_bound":79890.45895363009,"upper_bound":81860.66325343595},"point_estimate":80948.1227848996,"standard_error":503.88492694218735},"median":{"confidence_interval":{"confidence_level":0.95,"lower_bound":80092.74632352941,"upper_bound":81030.4484929078},"point_estimate":80582.49545387345,"standard_error":238.8713221437862},"median_abs_dev":{"confidence_interval":{"confidence_level":0.95,"lower_bound":1135.9613699754943,"upper_bound":2606.3145356231366},"point_estimate":1653.6235690967515,"standard_error":399.6176576251259},"slope":{"confidence_interval":{"confidence_level":0.95,"lower_bound":81336.76159963722,"upper_bound":82562.59677348651},"point_estimate":81922.65915348998,"standard_error":314.8839551262526},"std_dev":{"confidence_interval":{"confidence_level":0.95,"lower_bound":3052.791140934533,"upper_bound":7174.697090836348},"point_estimate":5075.386193223005,"standard_error":1118.044521836792}}