{"mean":{"confidence_interval":{"confidence_level":0.95,"lower_bound":76028.15151096723,"upper_bound":77996.70749351112},"point_estimate":77065.81033422131,"standard_error":502.4845360174675},"median":{"confidence_interval":{"confidence_level":0.95,"lower_bound":77011.39128205128,"upper_bound":78314.09250243427},"point_estimate":77514.30435957486,"standard_error":352.11099475470496},"median_abs_dev":{"confidence_interval":{"confidence_level":0.95,"lower_bound":2002.0684930033349,"upper_bound":4373.712041669275},"point_estimate":3131.451886534789,"standard_error":616.9271911592721},"slope":{"confidence_interval":{"confidence_level":0.95,"lower_bound":77927.48665912256,"upper_bound":79381.45924920657},"point_estimate":78646.98062111378,"standard_error":371.0288533406753},"std_dev":{"confidence_interval":{"confidence_level":0.95,"lower_bound":3487.234805524276,"upper_bound":6756.868089081593},"point_estimate":5038.070596670917,"standard_error":879.7081103426636}}