{"mean":{"confidence_interval":{"confidence_level":0.95,"lower_bound":95790.57660539624,"upper_bound":97801.93017311192},"point_estimate":96950.98723624101,"standard_error":520.9106173262982},"median":{"confidence_interval":{"confidence_level":0.95,"lower_bound":98097.16121512896,"upper_bound":98434.335651289},"point_estimate":98326.34542207792,"standard_error":79.76665509698431},"median_abs_dev":{"confidence_interval":{"confidence_level":0.95,"lower_bound":429.7166870872061,"upper_bound":900.7712174288974},"point_estimate":633.0146589265648,"standard_error":120.19962102035089},"slope":{"confidence_interval":{"confidence_level":0.95,"lower_bound":98517.8830841399,"upper_bound":98694.06200492401},"point_estimate":98609.27774520735,"standard_error":44.84845000454689},"std_dev":{"confidence_interval":{"confidence_level":0.95,"lower_bound":1804.1556554303072,"upper_bound":8185.596492954651},"point_estimate":5249.173586538489,"standard_error":1779.3147135532672}}