{"mean":{"confidence_interval":{"confidence_level":0.95,"lower_bound":192684.80893001455,"upper_bound":203453.1642651562},"point_estimate":197969.92457348458,"standard_error":2725.785663232835},"median":{"confidence_interval":{"confidence_level":0.95,"lower_bound":195480.0197530864,"upper_bound":201191.41772151898},"point_estimate":197698.27627765064,"standard_error":1521.2537175658017},"median_abs_dev":{"confidence_interval":{"confidence_level":0.95,"lower_bound":8642.032004073251,"upper_bound":16647.571321880743},"point_estimate":12593.96699851734,"standard_error":1973.0485850699688},"slope":{"confidence_interval":{"confidence_level":0.95,"lower_bound":197817.82840998485,"upper_bound":203009.57154678402},"point_estimate":200389.03626836117,"standard_error":1322.9804666565692},"std_dev":{"confidence_interval":{"confidence_level":0.95,"lower_bound":14102.842682973125,"upper_bound":38744.32692907672},"point_estimate":27392.561714473417,"standard_error":6278.732598888862}}