{"mean":{"confidence_interval":{"confidence_level":0.95,"lower_bound":78174.81280588603,"upper_bound":79927.1965082637},"point_estimate":79130.32810621278,"standard_error":448.55630467016186},"median":{"confidence_interval":{"confidence_level":0.95,"lower_bound":78875.55594405594,"upper_bound":79379.79288118219},"point_estimate":79204.22221459591,"standard_error":125.6585192808897},"median_abs_dev":{"confidence_interval":{"confidence_level":0.95,"lower_bound":735.3657854061753,"upper_bound":1429.743286856846},"point_estimate":1109.966878025384,"standard_error":180.25567974803053},"slope":{"confidence_interval":{"confidence_level":0.95,"lower_bound":79953.67235140756,"upper_bound":81010.46499859488},"point_estimate":80450.33684782484,"standard_error":271.1258363584957},"std_dev":{"confidence_interval":{"confidence_level":0.95,"lower_bound":2525.3147755775626,"upper_bound":6543.488919952788},"point_estimate":4503.858307272721,"standard_error":1113.0672416266991}}