{"mean":{"confidence_interval":{"confidence_level":0.95,"lower_bound":77792.23150429764,"upper_bound":79469.61786317929},"point_estimate":78712.20983035238,"standard_error":427.9471817932004},"median":{"confidence_interval":{"confidence_level":0.95,"lower_bound":78492.30884041332,"upper_bound":78827.51282051283},"point_estimate":78603.40252913753,"standard_error":76.8878793676021},"median_abs_dev":{"confidence_interval":{"confidence_level":0.95,"lower_bound":641.0216566750528,"upper_bound":1718.7747914997317},"point_estimate":947.243596048819,"standard_error":294.27829332718204},"slope":{"confidence_interval":{"confidence_level":0.95,"lower_bound":79499.41969759714,"upper_bound":80691.56898298411},"point_estimate":80074.63525525457,"standard_error":304.809145741664},"std_dev":{"confidence_interval":{"confidence_level":0.95,"lower_bound":2386.604213695003,"upper_bound":6312.015701160538},"point_estimate":4307.706637702293,"standard_error":1092.658986861763}}