{"mean":{"confidence_interval":{"confidence_level":0.95,"lower_bound":96028.76808842995,"upper_bound":98111.90146852299},"point_estimate":97233.2309169054,"standard_error":541.4566507147424},"median":{"confidence_interval":{"confidence_level":0.95,"lower_bound":98411.90909090909,"upper_bound":98731.78237946265},"point_estimate":98592.62335399791,"standard_error":75.47643253221003},"median_abs_dev":{"confidence_interval":{"confidence_level":0.95,"lower_bound":496.1203822528584,"upper_bound":1010.5764460094529},"point_estimate":683.8485748002286,"standard_error":124.49738772597114},"slope":{"confidence_interval":{"confidence_level":0.95,"lower_bound":98797.84367358906,"upper_bound":98986.49017594548},"point_estimate":98895.55314803122,"standard_error":48.207079243669256},"std_dev":{"confidence_interval":{"confidence_level":0.95,"lower_bound":1811.1432001156002,"upper_bound":8543.048171833261},"point_estimate":5438.596764145465,"standard_error":1888.4808409903987}}