{"mean":{"confidence_interval":{"confidence_level":0.95,"lower_bound":79520.64281054575,"upper_bound":81137.95639448239},"point_estimate":80390.82181581928,"standard_error":414.0556731654898},"median":{"confidence_interval":{"confidence_level":0.95,"lower_bound":80086.61749209695,"upper_bound":80647.81862348178},"point_estimate":80336.09576923077,"standard_error":144.9832016471079},"median_abs_dev":{"confidence_interval":{"confidence_level":0.95,"lower_bound":1294.1575006197645,"upper_bound":2613.352913138176},"point_estimate":1723.33657417389,"standard_error":337.483773629745},"slope":{"confidence_interval":{"confidence_level":0.95,"lower_bound":81130.88483517662,"upper_bound":82181.90434030155},"point_estimate":81639.73154357685,"standard_error":268.2719202360302},"std_dev":{"confidence_interval":{"confidence_level":0.95,"lower_bound":2448.517898239084,"upper_bound":5930.137004388547},"point_estimate":4173.707102133582,"standard_error":933.9934835845355}}