{"mean":{"confidence_interval":{"confidence_level":0.95,"lower_bound":78284.6879059085,"upper_bound":79944.82825870499},"point_estimate":79197.42737859921,"standard_error":424.71194240496243},"median":{"confidence_interval":{"confidence_level":0.95,"lower_bound":78907.88362919132,"upper_bound":79379.74999420412},"point_estimate":79095.71783704101,"standard_error":123.29637483210624},"median_abs_dev":{"confidence_interval":{"confidence_level":0.95,"lower_bound":707.724936433387,"upper_bound":1919.3599702767763},"point_estimate":1126.2398026750814,"standard_error":289.7098861380416},"slope":{"confidence_interval":{"confidence_level":0.95,"lower_bound":79782.15366073874,"upper_bound":80640.40623099379},"point_estimate":80181.67681576883,"standard_error":219.16932770710946},"std_dev":{"confidence_interval":{"confidence_level":0.95,"lower_bound":2250.663367413041,"upper_bound":6317.242850765156},"point_estimate":4279.157802200471,"standard_error":1132.1183505274864}}