{"mean":{"confidence_interval":{"confidence_level":0.95,"lower_bound":223061.62643375603,"upper_bound":223565.14152733533},"point_estimate":223289.6793968682,"standard_error":128.1498113619575},"median":{"confidence_interval":{"confidence_level":0.95,"lower_bound":223012.84939759035,"upper_bound":223363.00574788585},"point_estimate":223175.5957627119,"standard_error":97.17516398189619},"median_abs_dev":{"confidence_interval":{"confidence_level":0.95,"lower_bound":558.9277020867532,"upper_bound":926.4467173449966},"point_estimate":737.4019844084993,"standard_error":91.5858889264892},"slope":{"confidence_interval":{"confidence_level":0.95,"lower_bound":223223.23171151534,"upper_bound":223571.22885413538},"point_estimate":223391.62636397223,"standard_error":88.59988174825938},"std_dev":{"confidence_interval":{"confidence_level":0.95,"lower_bound":711.4575523855209,"upper_bound":1888.0456626037037},"point_estimate":1286.3623419040955,"standard_error":327.43114998378786}}