{"mean":{"confidence_interval":{"confidence_level":0.95,"lower_bound":598927.9863022618,"upper_bound":610715.7271041423},"point_estimate":604321.9472049192,"standard_error":3022.88471738839},"median":{"confidence_interval":{"confidence_level":0.95,"lower_bound":590584.3333333334,"upper_bound":601197.6832611833},"point_estimate":595967.4166666667,"standard_error":2709.8348439007987},"median_abs_dev":{"confidence_interval":{"confidence_level":0.95,"lower_bound":9959.764642712249,"upper_bound":19352.625503925377},"point_estimate":14183.755030964046,"standard_error":2320.841196960389},"slope":{"confidence_interval":{"confidence_level":0.95,"lower_bound":598509.1750913588,"upper_bound":610284.7554491112},"point_estimate":603908.1613994384,"standard_error":3000.5325507080943},"std_dev":{"confidence_interval":{"confidence_level":0.95,"lower_bound":18684.417808650913,"upper_bound":42107.65063508678},"point_estimate":30347.95812681757,"standard_error":6334.219184436275}}