{"mean":{"confidence_interval":{"confidence_level":0.95,"lower_bound":217758.3913531847,"upper_bound":218216.76963084677},"point_estimate":217979.32397549268,"standard_error":116.66206165895044},"median":{"confidence_interval":{"confidence_level":0.95,"lower_bound":217667.325,"upper_bound":217985.77777777778},"point_estimate":217847.21548027446,"standard_error":85.95655256242897},"median_abs_dev":{"confidence_interval":{"confidence_level":0.95,"lower_bound":578.3145727097015,"upper_bound":906.1882254119284},"point_estimate":786.2768843765898,"standard_error":84.06761387667922},"slope":{"confidence_interval":{"confidence_level":0.95,"lower_bound":217851.86314349188,"upper_bound":218272.62160629264},"point_estimate":218054.04369513816,"standard_error":107.31683639703574},"std_dev":{"confidence_interval":{"confidence_level":0.95,"lower_bound":826.6918479371628,"upper_bound":1481.6245193686434},"point_estimate":1165.6164393449044,"standard_error":167.86590319394182}}