{"mean":{"confidence_interval":{"confidence_level":0.95,"lower_bound":219193.14293962,"upper_bound":219783.60514151736},"point_estimate":219481.37178664535,"standard_error":151.5405268188232},"median":{"confidence_interval":{"confidence_level":0.95,"lower_bound":218826.83333333334,"upper_bound":219247.72727272726},"point_estimate":219032.59269362432,"standard_error":85.91381697380122},"median_abs_dev":{"confidence_interval":{"confidence_level":0.95,"lower_bound":595.7222632720416,"upper_bound":1195.5538302140412},"point_estimate":910.8800034648561,"standard_error":159.61882197505935},"slope":{"confidence_interval":{"confidence_level":0.95,"lower_bound":219219.81276056255,"upper_bound":219913.43527524194},"point_estimate":219549.76386951382,"standard_error":177.45342180376966},"std_dev":{"confidence_interval":{"confidence_level":0.95,"lower_bound":1252.289332079046,"upper_bound":1749.7706872576637},"point_estimate":1526.4689457103004,"standard_error":127.47200348062104}}