{"mean":{"confidence_interval":{"confidence_level":0.95,"lower_bound":218310.9606990748,"upper_bound":218791.4013330696},"point_estimate":218544.81633482384,"standard_error":122.72241176914753},"median":{"confidence_interval":{"confidence_level":0.95,"lower_bound":218105.58851304947,"upper_bound":218375.25939930856},"point_estimate":218225.5052083333,"standard_error":67.43971434309225},"median_abs_dev":{"confidence_interval":{"confidence_level":0.95,"lower_bound":525.7469629562974,"upper_bound":1033.369306790566},"point_estimate":735.7723573418253,"standard_error":129.1337540514878},"slope":{"confidence_interval":{"confidence_level":0.95,"lower_bound":218461.50588381512,"upper_bound":219020.3130195583},"point_estimate":218728.56632628935,"standard_error":142.7788500597422},"std_dev":{"confidence_interval":{"confidence_level":0.95,"lower_bound":968.9556460787679,"upper_bound":1455.876842109952},"point_estimate":1228.2074322010135,"standard_error":124.7285412665515}}