{"mean":{"confidence_interval":{"confidence_level":0.95,"lower_bound":336160.0643110167,"upper_bound":336626.55071051937},"point_estimate":336379.85474911035,"standard_error":119.62422633077807},"median":{"confidence_interval":{"confidence_level":0.95,"lower_bound":336014.4818878439,"upper_bound":336376.38666666666},"point_estimate":336196.32745098043,"standard_error":89.2703800722808},"median_abs_dev":{"confidence_interval":{"confidence_level":0.95,"lower_bound":575.9965068710126,"upper_bound":963.9793611085132},"point_estimate":797.2555484634394,"standard_error":99.47025741271368},"slope":{"confidence_interval":{"confidence_level":0.95,"lower_bound":336218.400984382,"upper_bound":336627.8256019776},"point_estimate":336419.1072331412,"standard_error":104.99126915251075},"std_dev":{"confidence_interval":{"confidence_level":0.95,"lower_bound":794.1218850899526,"upper_bound":1646.096286666085},"point_estimate":1201.4931616905747,"standard_error":233.30759473875656}}