{"mean":{"confidence_interval":{"confidence_level":0.95,"lower_bound":221833.94665239984,"upper_bound":222401.71073888763},"point_estimate":222118.2573364855,"standard_error":144.4472961187304},"median":{"confidence_interval":{"confidence_level":0.95,"lower_bound":222129.9700897308,"upper_bound":222602.48655543296},"point_estimate":222404.9237012987,"standard_error":144.39338726300124},"median_abs_dev":{"confidence_interval":{"confidence_level":0.95,"lower_bound":680.9905212574461,"upper_bound":1658.488809434089},"point_estimate":1237.1267902226816,"standard_error":267.61229838877387},"slope":{"confidence_interval":{"confidence_level":0.95,"lower_bound":222526.36520683172,"upper_bound":222935.9254697269},"point_estimate":222735.18346091325,"standard_error":104.32173313488181},"std_dev":{"confidence_interval":{"confidence_level":0.95,"lower_bound":1188.9308006588108,"upper_bound":1705.1071379449409},"point_estimate":1454.4881175771552,"standard_error":132.49880783215846}}