{"mean":{"confidence_interval":{"confidence_level":0.95,"lower_bound":330613.8359271391,"upper_bound":335880.5146789188},"point_estimate":333106.84184530965,"standard_error":1349.4693179489273},"median":{"confidence_interval":{"confidence_level":0.95,"lower_bound":327614.908045977,"upper_bound":332048.27536231885},"point_estimate":329027.2980095318,"standard_error":1065.6790136003776},"median_abs_dev":{"confidence_interval":{"confidence_level":0.95,"lower_bound":5891.943654950414,"upper_bound":10919.943813187496},"point_estimate":8614.941103445384,"standard_error":1294.4921192567647},"slope":{"confidence_interval":{"confidence_level":0.95,"lower_bound":328737.51855318004,"upper_bound":332891.9037298738},"point_estimate":330717.6017132161,"standard_error":1063.3306150349101},"std_dev":{"confidence_interval":{"confidence_level":0.95,"lower_bound":9579.371251850731,"upper_bound":17185.927952992246},"point_estimate":13588.870225685276,"standard_error":1950.3025612448016}}