{"mean":{"confidence_interval":{"confidence_level":0.95,"lower_bound":221533.26766120348,"upper_bound":222344.26236183886},"point_estimate":221874.45042801957,"standard_error":210.02754173906786},"median":{"confidence_interval":{"confidence_level":0.95,"lower_bound":221434.3324133993,"upper_bound":221712.04807692306},"point_estimate":221559.30989787902,"standard_error":71.20078310909967},"median_abs_dev":{"confidence_interval":{"confidence_level":0.95,"lower_bound":466.2747297679527,"upper_bound":933.6172850664741},"point_estimate":618.6652516295325,"standard_error":121.27639797578576},"slope":{"confidence_interval":{"confidence_level":0.95,"lower_bound":221494.51660811334,"upper_bound":221997.8368707955},"point_estimate":221730.48980271906,"standard_error":128.84134509208235},"std_dev":{"confidence_interval":{"confidence_level":0.95,"lower_bound":877.4201228122655,"upper_bound":3362.316747710829},"point_estimate":2117.234168708735,"standard_error":781.4513013982689}}