{"mean":{"confidence_interval":{"confidence_level":0.95,"lower_bound":273556.50394554675,"upper_bound":273865.270650983},"point_estimate":273706.3206243057,"standard_error":78.29919796212495},"median":{"confidence_interval":{"confidence_level":0.95,"lower_bound":273552.1224489796,"upper_bound":273785.8554216867},"point_estimate":273670.16389073955,"standard_error":61.848072928104685},"median_abs_dev":{"confidence_interval":{"confidence_level":0.95,"lower_bound":366.2724497777757,"upper_bound":643.7101549653603},"point_estimate":458.34303630722576,"standard_error":71.00493198152624},"slope":{"confidence_interval":{"confidence_level":0.95,"lower_bound":273725.9225109703,"upper_bound":273928.59794078895},"point_estimate":273827.10621939803,"standard_error":51.60923265559903},"std_dev":{"confidence_interval":{"confidence_level":0.95,"lower_bound":570.642728007138,"upper_bound":1023.169897335943},"point_estimate":787.6765217053264,"standard_error":119.35581326217657}}