{"mean":{"confidence_interval":{"confidence_level":0.95,"lower_bound":218162.05556940028,"upper_bound":219034.29871755707},"point_estimate":218568.57369557713,"standard_error":222.74050919506544},"median":{"confidence_interval":{"confidence_level":0.95,"lower_bound":217862.6314102564,"upper_bound":218145.88775510204},"point_estimate":217995.68088235293,"standard_error":70.00305526618052},"median_abs_dev":{"confidence_interval":{"confidence_level":0.95,"lower_bound":528.5754847770969,"upper_bound":900.243501749224},"point_estimate":683.2593535585613,"standard_error":96.08442414864237},"slope":{"confidence_interval":{"confidence_level":0.95,"lower_bound":218278.9556786325,"upper_bound":219023.34238425584},"point_estimate":218623.7310972366,"standard_error":190.9851524659625},"std_dev":{"confidence_interval":{"confidence_level":0.95,"lower_bound":1442.3420577846293,"upper_bound":3044.5912510215016},"point_estimate":2239.9267014392503,"standard_error":423.94584838023593}}