{"mean":{"confidence_interval":{"confidence_level":0.95,"lower_bound":273510.19927416934,"upper_bound":273833.9485165062},"point_estimate":273675.6014062999,"standard_error":82.44372491841526},"median":{"confidence_interval":{"confidence_level":0.95,"lower_bound":273613.56470588234,"upper_bound":273902.2986815416},"point_estimate":273722.72955974843,"standard_error":84.09860094869236},"median_abs_dev":{"confidence_interval":{"confidence_level":0.95,"lower_bound":465.4504586148135,"upper_bound":873.6859828213616},"point_estimate":726.241927976212,"standard_error":104.27288729006504},"slope":{"confidence_interval":{"confidence_level":0.95,"lower_bound":273748.5733578294,"upper_bound":273964.54305738554},"point_estimate":273856.921923058,"standard_error":54.98421619922474},"std_dev":{"confidence_interval":{"confidence_level":0.95,"lower_bound":637.8108214252641,"upper_bound":1025.201325232893},"point_estimate":823.156805390382,"standard_error":100.93378552105882}}