{"mean":{"confidence_interval":{"confidence_level":0.95,"lower_bound":294366.12551075954,"upper_bound":305397.2461664103},"point_estimate":299686.9275348069,"standard_error":2815.8390791493384},"median":{"confidence_interval":{"confidence_level":0.95,"lower_bound":290267.13333333336,"upper_bound":298626.5559116809},"point_estimate":294317.4759143622,"standard_error":2124.659861636708},"median_abs_dev":{"confidence_interval":{"confidence_level":0.95,"lower_bound":16136.13171668431,"upper_bound":27074.06294682253},"point_estimate":21419.531019323804,"standard_error":2725.1559972165737},"slope":{"confidence_interval":{"confidence_level":0.95,"lower_bound":281611.67306425766,"upper_bound":291456.4646303379},"point_estimate":286221.0180464017,"standard_error":2516.377916949918},"std_dev":{"confidence_interval":{"confidence_level":0.95,"lower_bound":22334.74356650191,"upper_bound":33794.599401966756},"point_estimate":28392.12619974137,"standard_error":2935.0425145193194}}