{"mean":{"confidence_interval":{"confidence_level":0.95,"lower_bound":219284.74538039885,"upper_bound":220090.7823784961},"point_estimate":219681.27471586547,"standard_error":205.39241571223818},"median":{"confidence_interval":{"confidence_level":0.95,"lower_bound":218301.51875,"upper_bound":219543.25},"point_estimate":218537.2297100444,"standard_error":358.500088403035},"median_abs_dev":{"confidence_interval":{"confidence_level":0.95,"lower_bound":910.0231246130078,"upper_bound":2741.1976238340226},"point_estimate":1282.62504518823,"standard_error":463.2056528710309},"slope":{"confidence_interval":{"confidence_level":0.95,"lower_bound":219170.52360623702,"upper_bound":220280.12039781365},"point_estimate":219732.84077434608,"standard_error":283.7199641000689},"std_dev":{"confidence_interval":{"confidence_level":0.95,"lower_bound":1862.2167398019462,"upper_bound":2219.4884256755836},"point_estimate":2060.7317146115424,"standard_error":90.83840059208686}}