{"mean":{"confidence_interval":{"confidence_level":0.95,"lower_bound":271603.44693336566,"upper_bound":271931.67564627895},"point_estimate":271767.1358745322,"standard_error":83.22254545032608},"median":{"confidence_interval":{"confidence_level":0.95,"lower_bound":271556.76729559747,"upper_bound":271888.5720720721},"point_estimate":271694.109962406,"standard_error":78.45893716890336},"median_abs_dev":{"confidence_interval":{"confidence_level":0.95,"lower_bound":553.1745235125416,"upper_bound":1026.7542327699723},"point_estimate":754.6255059899281,"standard_error":122.69268291442764},"slope":{"confidence_interval":{"confidence_level":0.95,"lower_bound":271718.3704017016,"upper_bound":272005.26954011363},"point_estimate":271861.08035663265,"standard_error":73.01598592900345},"std_dev":{"confidence_interval":{"confidence_level":0.95,"lower_bound":716.1211339671061,"upper_bound":951.2805287295986},"point_estimate":840.9462874603346,"standard_error":59.763846441346224}}