{"mean":{"confidence_interval":{"confidence_level":0.95,"lower_bound":309085.4271806092,"upper_bound":309695.19666056486},"point_estimate":309379.2112597686,"standard_error":155.25840626165845},"median":{"confidence_interval":{"confidence_level":0.95,"lower_bound":308955.683127572,"upper_bound":309367.06529209623},"point_estimate":309196.9503732982,"standard_error":91.33059322029897},"median_abs_dev":{"confidence_interval":{"confidence_level":0.95,"lower_bound":728.325433864111,"upper_bound":1420.6516466624487},"point_estimate":970.9655564067801,"standard_error":169.69447999663996},"slope":{"confidence_interval":{"confidence_level":0.95,"lower_bound":309256.01054093667,"upper_bound":310219.7875945245},"point_estimate":309689.95712920546,"standard_error":247.84925697826597},"std_dev":{"confidence_interval":{"confidence_level":0.95,"lower_bound":1165.1768805252889,"upper_bound":1926.2541880055408},"point_estimate":1563.5213181294553,"standard_error":195.04525007412823}}