{"mean":{"confidence_interval":{"confidence_level":0.95,"lower_bound":218884.66140334326,"upper_bound":219317.27226142844},"point_estimate":219090.95346910125,"standard_error":110.31612856242323},"median":{"confidence_interval":{"confidence_level":0.95,"lower_bound":218773.3112244898,"upper_bound":219094.91},"point_estimate":218909.05169753084,"standard_error":83.48218483626057},"median_abs_dev":{"confidence_interval":{"confidence_level":0.95,"lower_bound":430.14682262255127,"upper_bound":693.7513000143199},"point_estimate":524.0405062680769,"standard_error":67.97983011402341},"slope":{"confidence_interval":{"confidence_level":0.95,"lower_bound":218971.4766378778,"upper_bound":219394.52831359077},"point_estimate":219167.85284912074,"standard_error":108.06773184775254},"std_dev":{"confidence_interval":{"confidence_level":0.95,"lower_bound":792.0524382469797,"upper_bound":1391.0744814685522},"point_estimate":1107.4608281077792,"standard_error":153.09134074118958}}