{"mean":{"confidence_interval":{"confidence_level":0.95,"lower_bound":218205.44738327825,"upper_bound":218648.0811953633},"point_estimate":218421.0728097937,"standard_error":113.19934393597961},"median":{"confidence_interval":{"confidence_level":0.95,"lower_bound":217817.01363636364,"upper_bound":218523.68181818182},"point_estimate":218163.2247767857,"standard_error":178.5540466184162},"median_abs_dev":{"confidence_interval":{"confidence_level":0.95,"lower_bound":752.3225110005291,"upper_bound":1293.679672032612},"point_estimate":973.9231493500475,"standard_error":139.61032983517293},"slope":{"confidence_interval":{"confidence_level":0.95,"lower_bound":218370.52439970608,"upper_bound":218869.65768519448},"point_estimate":218612.25550761048,"standard_error":127.53617614509527},"std_dev":{"confidence_interval":{"confidence_level":0.95,"lower_bound":933.3115471710072,"upper_bound":1335.5604656940939},"point_estimate":1141.6218736940762,"standard_error":103.12581978585683}}