{"mean":{"confidence_interval":{"confidence_level":0.95,"lower_bound":335120.2707158952,"upper_bound":335604.4483260829},"point_estimate":335350.3606849155,"standard_error":123.90268735033973},"median":{"confidence_interval":{"confidence_level":0.95,"lower_bound":335019.16161616164,"upper_bound":335364.849372205},"point_estimate":335200.1231962482,"standard_error":81.35682381902544},"median_abs_dev":{"confidence_interval":{"confidence_level":0.95,"lower_bound":629.6565717654036,"upper_bound":1052.3122523790398},"point_estimate":827.7410703172934,"standard_error":108.15029866319516},"slope":{"confidence_interval":{"confidence_level":0.95,"lower_bound":335109.61472911143,"upper_bound":335388.515801846},"point_estimate":335246.4735471159,"standard_error":70.8724980615503},"std_dev":{"confidence_interval":{"confidence_level":0.95,"lower_bound":861.780940145993,"upper_bound":1641.0249565120619},"point_estimate":1247.0668992262993,"standard_error":203.99754399411114}}