{"mean":{"confidence_interval":{"confidence_level":0.95,"lower_bound":223288.10451138823,"upper_bound":224334.36370942523},"point_estimate":223725.04879163622,"standard_error":270.9112826306266},"median":{"confidence_interval":{"confidence_level":0.95,"lower_bound":223004.65027537371,"upper_bound":223431.34764256133},"point_estimate":223127.47952438187,"standard_error":123.29874626872306},"median_abs_dev":{"confidence_interval":{"confidence_level":0.95,"lower_bound":651.7502443450102,"upper_bound":1145.0577458476255},"point_estimate":845.0658058304098,"standard_error":131.2042405733777},"slope":{"confidence_interval":{"confidence_level":0.95,"lower_bound":223358.88052418586,"upper_bound":223881.60468765677},"point_estimate":223608.72944584012,"standard_error":133.04560867105695},"std_dev":{"confidence_interval":{"confidence_level":0.95,"lower_bound":1124.3325235842524,"upper_bound":4305.401120976059},"point_estimate":2722.5346880009915,"standard_error":1000.7728251663632}}