{"mean":{"confidence_interval":{"confidence_level":0.95,"lower_bound":222265.16760969925,"upper_bound":222838.5204415255},"point_estimate":222533.97260195418,"standard_error":146.34953036198243},"median":{"confidence_interval":{"confidence_level":0.95,"lower_bound":222102.375,"upper_bound":222460.0451807229},"point_estimate":222299.44796296296,"standard_error":112.02793328570341},"median_abs_dev":{"confidence_interval":{"confidence_level":0.95,"lower_bound":509.6658931403987,"upper_bound":909.6396664118105},"point_estimate":686.9665679812697,"standard_error":100.17631761024217},"slope":{"confidence_interval":{"confidence_level":0.95,"lower_bound":222353.12140067018,"upper_bound":222847.73000513922},"point_estimate":222579.5998788237,"standard_error":126.30919886410983},"std_dev":{"confidence_interval":{"confidence_level":0.95,"lower_bound":948.3441354693472,"upper_bound":1948.835697238534},"point_estimate":1464.1934775772677,"standard_error":258.5990647059091}}