{"mean":{"confidence_interval":{"confidence_level":0.95,"lower_bound":334133.67844639503,"upper_bound":337136.1530816936},"point_estimate":335710.5622681235,"standard_error":765.118000064708},"median":{"confidence_interval":{"confidence_level":0.95,"lower_bound":334954.08736299165,"upper_bound":337577.55555555556},"point_estimate":335932.72045011516,"standard_error":665.4950773919654},"median_abs_dev":{"confidence_interval":{"confidence_level":0.95,"lower_bound":4464.850803455107,"upper_bound":7052.732864687433},"point_estimate":5571.107162409121,"standard_error":687.226625507537},"slope":{"confidence_interval":{"confidence_level":0.95,"lower_bound":334392.5988420045,"upper_bound":336552.6391587614},"point_estimate":335475.3912664401,"standard_error":549.854523299885},"std_dev":{"confidence_interval":{"confidence_level":0.95,"lower_bound":5487.944796595573,"upper_bound":10151.816563422975},"point_estimate":7692.900974588546,"standard_error":1244.1901844091992}}