{"mean":{"confidence_interval":{"confidence_level":0.95,"lower_bound":356598.727359369,"upper_bound":356940.3012284226},"point_estimate":356765.440549789,"standard_error":87.47752360070137},"median":{"confidence_interval":{"confidence_level":0.95,"lower_bound":356518.78538995725,"upper_bound":356950.134502924},"point_estimate":356663.74242424243,"standard_error":106.68927216454755},"median_abs_dev":{"confidence_interval":{"confidence_level":0.95,"lower_bound":581.7755632613633,"upper_bound":861.4668113119068},"point_estimate":775.8230043754003,"standard_error":76.11697979862825},"slope":{"confidence_interval":{"confidence_level":0.95,"lower_bound":356752.5345080147,"upper_bound":357048.30636484653},"point_estimate":356894.2854805182,"standard_error":75.0760448208216},"std_dev":{"confidence_interval":{"confidence_level":0.95,"lower_bound":689.480833779475,"upper_bound":1076.4497340412609},"point_estimate":882.2685494389461,"standard_error":99.81136160348485}}