{"mean":{"confidence_interval":{"confidence_level":0.95,"lower_bound":219599.30379752917,"upper_bound":220367.977205885},"point_estimate":219979.46942586,"standard_error":196.1803389196128},"median":{"confidence_interval":{"confidence_level":0.95,"lower_bound":218675.09259259258,"upper_bound":221115.82640306122},"point_estimate":220526.14360119047,"standard_error":725.5792008440445},"median_abs_dev":{"confidence_interval":{"confidence_level":0.95,"lower_bound":1348.2365197098466,"upper_bound":2934.899125685814},"point_estimate":2612.9802762745167,"standard_error":398.00783582666116},"slope":{"confidence_interval":{"confidence_level":0.95,"lower_bound":219352.63953129097,"upper_bound":220402.18866687434},"point_estimate":219868.64421309295,"standard_error":267.2627804093886},"std_dev":{"confidence_interval":{"confidence_level":0.95,"lower_bound":1749.4778518946812,"upper_bound":2195.5236180595975},"point_estimate":1964.828681302139,"standard_error":115.10570104629193}}