{"mean":{"confidence_interval":{"confidence_level":0.95,"lower_bound":602342.4198273337,"upper_bound":606138.7754821158},"point_estimate":604283.8040179336,"standard_error":970.834004106729},"median":{"confidence_interval":{"confidence_level":0.95,"lower_bound":604027.4342105263,"upper_bound":608180.5294117647},"point_estimate":605871.7767780939,"standard_error":1104.0248469959977},"median_abs_dev":{"confidence_interval":{"confidence_level":0.95,"lower_bound":7140.2388091784405,"upper_bound":11580.9965871711},"point_estimate":9987.837951277765,"standard_error":1170.6442380432982},"slope":{"confidence_interval":{"confidence_level":0.95,"lower_bound":597686.7579745731,"upper_bound":603230.4146113443},"point_estimate":600437.0511201419,"standard_error":1413.847945035372},"std_dev":{"confidence_interval":{"confidence_level":0.95,"lower_bound":8249.279436981278,"upper_bound":11129.312607770444},"point_estimate":9775.491051236888,"standard_error":733.1476018164182}}