{"mean":{"confidence_interval":{"confidence_level":0.95,"lower_bound":225221.45653597696,"upper_bound":226070.2657019601},"point_estimate":225644.1284580225,"standard_error":216.36326984555595},"median":{"confidence_interval":{"confidence_level":0.95,"lower_bound":225814.48571428572,"upper_bound":226383.0489130435},"point_estimate":226095.96200980392,"standard_error":139.5883446744434},"median_abs_dev":{"confidence_interval":{"confidence_level":0.95,"lower_bound":912.4972042703182,"upper_bound":1812.5931052017695},"point_estimate":1453.701992573959,"standard_error":231.1805455204462},"slope":{"confidence_interval":{"confidence_level":0.95,"lower_bound":224351.25243520606,"upper_bound":225607.89838818225},"point_estimate":224965.38076547952,"standard_error":321.13602600213943},"std_dev":{"confidence_interval":{"confidence_level":0.95,"lower_bound":1756.949811782983,"upper_bound":2620.7596922814687},"point_estimate":2186.6966141507187,"standard_error":220.62135939965145}}