{"mean":{"confidence_interval":{"confidence_level":0.95,"lower_bound":700284.6913849035,"upper_bound":715113.0312119402},"point_estimate":707337.2781924043,"standard_error":3787.5182596641557},"median":{"confidence_interval":{"confidence_level":0.95,"lower_bound":689562.8617424243,"upper_bound":700588.1477272727},"point_estimate":693886.9003682488,"standard_error":2660.636055754686},"median_abs_dev":{"confidence_interval":{"confidence_level":0.95,"lower_bound":12844.3045630027,"upper_bound":27365.022804365843},"point_estimate":20011.7962065378,"standard_error":3527.212001369915},"slope":{"confidence_interval":{"confidence_level":0.95,"lower_bound":702986.5350793636,"upper_bound":719889.7078344459},"point_estimate":710912.6995596276,"standard_error":4329.275137366175},"std_dev":{"confidence_interval":{"confidence_level":0.95,"lower_bound":28641.29727590381,"upper_bound":46266.65746439998},"point_estimate":38017.634773833735,"standard_error":4509.543635781548}}