{"mean":{"confidence_interval":{"confidence_level":0.95,"lower_bound":326075.71063131763,"upper_bound":326524.53881043126},"point_estimate":326290.55961087195,"standard_error":115.1669986649307},"median":{"confidence_interval":{"confidence_level":0.95,"lower_bound":325991.3035714286,"upper_bound":326241.5625678119},"point_estimate":326127.8277401031,"standard_error":63.23082447699722},"median_abs_dev":{"confidence_interval":{"confidence_level":0.95,"lower_bound":535.2324085898472,"upper_bound":918.75398751381},"point_estimate":722.8315591355367,"standard_error":95.64941382377718},"slope":{"confidence_interval":{"confidence_level":0.95,"lower_bound":326102.5897140859,"upper_bound":326391.3708122337},"point_estimate":326243.67994384514,"standard_error":74.02593951778657},"std_dev":{"confidence_interval":{"confidence_level":0.95,"lower_bound":819.9465698469932,"upper_bound":1488.6085821011739},"point_estimate":1155.7868522459687,"standard_error":174.18117939049282}}