{"mean":{"confidence_interval":{"confidence_level":0.95,"lower_bound":0.599476738189265,"upper_bound":0.6169456532950698},"point_estimate":0.6085361018441455,"standard_error":0.004486234177796516},"median":{"confidence_interval":{"confidence_level":0.95,"lower_bound":0.6053131051907292,"upper_bound":0.6243428125834766},"point_estimate":0.608577588841954,"standard_error":0.003808221279809164}}