{"mean":{"confidence_interval":{"confidence_level":0.95,"lower_bound":-0.005813625305479175,"upper_bound":-0.0001546146356199846},"point_estimate":-0.0030642423876778846,"standard_error":0.001437984303653533},"median":{"confidence_interval":{"confidence_level":0.95,"lower_bound":-0.005590064431869881,"upper_bound":-0.0012426670623828517},"point_estimate":-0.003428270798301658,"standard_error":0.001127686425916547}}