{"mean":{"confidence_interval":{"confidence_level":0.95,"lower_bound":-0.16832782727087825,"upper_bound":-0.14485198578878955},"point_estimate":-0.15657848590576628,"standard_error":0.006063878793708153},"median":{"confidence_interval":{"confidence_level":0.95,"lower_bound":-0.1780397670665427,"upper_bound":-0.15752914268172857},"point_estimate":-0.16895389180674225,"standard_error":0.005279765257029383}}