{"mean":{"confidence_interval":{"confidence_level":0.95,"lower_bound":0.3455077216101374,"upper_bound":0.3574070023638516},"point_estimate":0.3519584330117542,"standard_error":0.0030316730204504056},"median":{"confidence_interval":{"confidence_level":0.95,"lower_bound":0.34143985160790735,"upper_bound":0.35391810750556973},"point_estimate":0.3443512224719347,"standard_error":0.00283165836371359}}