{"mean":{"confidence_interval":{"confidence_level":0.95,"lower_bound":-0.23265277131633544,"upper_bound":-0.21282217043665796},"point_estimate":-0.22237415746577838,"standard_error":0.005060178904126354},"median":{"confidence_interval":{"confidence_level":0.95,"lower_bound":-0.22467171799297436,"upper_bound":-0.2046786438514048},"point_estimate":-0.21357452996521153,"standard_error":0.00460922431007982}}