{"mean":{"confidence_interval":{"confidence_level":0.95,"lower_bound":-0.011102593745560595,"upper_bound":-0.004109429035412982},"point_estimate":-0.007478760185003375,"standard_error":0.001790306802043456},"median":{"confidence_interval":{"confidence_level":0.95,"lower_bound":-0.013660065304442304,"upper_bound":-0.004946441891834019},"point_estimate":-0.009877393546108393,"standard_error":0.002170580984243828}}