{"mean":{"confidence_interval":{"confidence_level":0.95,"lower_bound":-0.10398302937794364,"upper_bound":-0.08956469335131281},"point_estimate":-0.09643223192801986,"standard_error":0.0036836946841587405},"median":{"confidence_interval":{"confidence_level":0.95,"lower_bound":-0.09161322212369305,"upper_bound":-0.07849859608983722},"point_estimate":-0.08229630576758595,"standard_error":0.0027987433170853526}}