{"mean":{"confidence_interval":{"confidence_level":0.95,"lower_bound":0.16066957866404408,"upper_bound":0.19277404180293112},"point_estimate":0.17672371668472664,"standard_error":0.00821897252065165},"median":{"confidence_interval":{"confidence_level":0.95,"lower_bound":0.18109075932702634,"upper_bound":0.20784364456449786},"point_estimate":0.19385792590042672,"standard_error":0.0064487202834678774}}