{"mean":{"confidence_interval":{"confidence_level":0.95,"lower_bound":0.0004295351910012681,"upper_bound":0.006587684851821582},"point_estimate":0.003463270898697468,"standard_error":0.0015612549760356887},"median":{"confidence_interval":{"confidence_level":0.95,"lower_bound":0.00041611452232528153,"upper_bound":0.0049889346805713775},"point_estimate":0.0018269377765043338,"standard_error":0.001251828330373101}}