{"mean":{"confidence_interval":{"confidence_level":0.95,"lower_bound":-0.006467501108019245,"upper_bound":-0.0006946855749044925},"point_estimate":-0.003491915657303002,"standard_error":0.0014689914536519235},"median":{"confidence_interval":{"confidence_level":0.95,"lower_bound":-0.006038798985267758,"upper_bound":0.0025181734377639486},"point_estimate":-0.0009641020345135809,"standard_error":0.0022725357690705833}}