{"mean":{"confidence_interval":{"confidence_level":0.95,"lower_bound":-0.009641004478011972,"upper_bound":-0.0033219492731215716},"point_estimate":-0.0066002012295707235,"standard_error":0.0016226327140132523},"median":{"confidence_interval":{"confidence_level":0.95,"lower_bound":-0.012557129676905254,"upper_bound":-0.004616908935301867},"point_estimate":-0.007366741835877821,"standard_error":0.002310548860947175}}