{"mean":{"confidence_interval":{"confidence_level":0.95,"lower_bound":0.14591443893420708,"upper_bound":0.15491709430635137},"point_estimate":0.15050737967531846,"standard_error":0.0023108042789974016},"median":{"confidence_interval":{"confidence_level":0.95,"lower_bound":0.14602668915404338,"upper_bound":0.16156502492061575},"point_estimate":0.15824660015821612,"standard_error":0.004371750703698357}}