{"mean":{"confidence_interval":{"confidence_level":0.95,"lower_bound":0.12781565210213117,"upper_bound":0.12972123345152875},"point_estimate":0.12896737536758351,"standard_error":0.00048275961787239895},"median":{"confidence_interval":{"confidence_level":0.95,"lower_bound":0.128798937175566,"upper_bound":0.12982990727184074},"point_estimate":0.12923559938847973,"standard_error":0.0002591748802769335}}