{"mean":{"confidence_interval":{"confidence_level":0.95,"lower_bound":0.18700205131560743,"upper_bound":0.19736078038076843},"point_estimate":0.19236062944055687,"standard_error":0.0026322789393766486},"median":{"confidence_interval":{"confidence_level":0.95,"lower_bound":0.18693625134100023,"upper_bound":0.20148928491900953},"point_estimate":0.19612235878709772,"standard_error":0.003361037568225257}}