{"mean":{"confidence_interval":{"confidence_level":0.95,"lower_bound":-0.03159416002111732,"upper_bound":-0.019893631935504915},"point_estimate":-0.025402504276562654,"standard_error":0.002940910916984483},"median":{"confidence_interval":{"confidence_level":0.95,"lower_bound":-0.03494093172076773,"upper_bound":-0.018459499911765764},"point_estimate":-0.025482695934625377,"standard_error":0.0042025519644992146}}