{"mean":{"confidence_interval":{"confidence_level":0.95,"lower_bound":-0.0043724231925048145,"upper_bound":0.0007901576383236679},"point_estimate":-0.0018571016732690238,"standard_error":0.001313832350603137},"median":{"confidence_interval":{"confidence_level":0.95,"lower_bound":-0.004272984174410688,"upper_bound":0.0008075543501704363},"point_estimate":-0.0023483740533203346,"standard_error":0.0013580292349439993}}