{"mean":{"confidence_interval":{"confidence_level":0.95,"lower_bound":-0.005660775750373045,"upper_bound":0.0005549545031822422},"point_estimate":-0.002559691894940319,"standard_error":0.001591066962950103},"median":{"confidence_interval":{"confidence_level":0.95,"lower_bound":-0.006458953257990285,"upper_bound":-0.0007911848565671509},"point_estimate":-0.00394844382079429,"standard_error":0.001444464304000945}}