{"mean":{"confidence_interval":{"confidence_level":0.95,"lower_bound":-0.24775359707428168,"upper_bound":-0.23409410304908365},"point_estimate":-0.24077815271952074,"standard_error":0.0034881257176093317},"median":{"confidence_interval":{"confidence_level":0.95,"lower_bound":-0.2457771769927548,"upper_bound":-0.23262510646027112},"point_estimate":-0.2401859429266342,"standard_error":0.003285899080245049}}