{"mean":{"confidence_interval":{"confidence_level":0.95,"lower_bound":0.0066552748114870105,"upper_bound":0.01274718624484471},"point_estimate":0.009625234859466758,"standard_error":0.001558361075036842},"median":{"confidence_interval":{"confidence_level":0.95,"lower_bound":0.005884762205985883,"upper_bound":0.012752776711593805},"point_estimate":0.010356947627879531,"standard_error":0.0015730977768357024}}