{"mean":{"confidence_interval":{"confidence_level":0.95,"lower_bound":-0.006198816936073863,"upper_bound":0.0014194555474877724},"point_estimate":-0.0022675621924542755,"standard_error":0.0019379861276046253},"median":{"confidence_interval":{"confidence_level":0.95,"lower_bound":-0.003248585346350752,"upper_bound":0.0010286816209228444},"point_estimate":-0.000750946407774622,"standard_error":0.0011100881261463553}}