{"mean":{"confidence_interval":{"confidence_level":0.95,"lower_bound":0.17412833933870928,"upper_bound":0.19763541294563305},"point_estimate":0.18535950288236713,"standard_error":0.005938266595927639},"median":{"confidence_interval":{"confidence_level":0.95,"lower_bound":0.17047816495526422,"upper_bound":0.19623394821796003},"point_estimate":0.18119329837556353,"standard_error":0.006451624119926473}}