{"mean":{"confidence_interval":{"confidence_level":0.95,"lower_bound":-0.01618133243367053,"upper_bound":-0.007893990420581799},"point_estimate":-0.011756366539994123,"standard_error":0.002116870790224734},"median":{"confidence_interval":{"confidence_level":0.95,"lower_bound":-0.014166772766123548,"upper_bound":-0.00825230422291412},"point_estimate":-0.012119782266523549,"standard_error":0.0015370784044484932}}