{"mean":{"confidence_interval":{"confidence_level":0.95,"lower_bound":-0.0017642320797307805,"upper_bound":0.008293178885886049},"point_estimate":0.0028387595315850778,"standard_error":0.0025813339364423224},"median":{"confidence_interval":{"confidence_level":0.95,"lower_bound":-0.0034712144252326826,"upper_bound":0.004273581161703399},"point_estimate":-0.0001785256585407069,"standard_error":0.001869252505347767}}