{"mean":{"confidence_interval":{"confidence_level":0.95,"lower_bound":-0.007540494574778613,"upper_bound":0.015326907779815045},"point_estimate":0.0012502825302300735,"standard_error":0.005795532501368994},"median":{"confidence_interval":{"confidence_level":0.95,"lower_bound":-0.008598026613269472,"upper_bound":-0.004893675020840038},"point_estimate":-0.006878080640917661,"standard_error":0.0009537050401496564}}