{"mean":{"confidence_interval":{"confidence_level":0.95,"lower_bound":-0.06314321172121695,"upper_bound":-0.05718497443883773},"point_estimate":-0.06034465590962734,"standard_error":0.001521312977140201},"median":{"confidence_interval":{"confidence_level":0.95,"lower_bound":-0.06800614102099434,"upper_bound":-0.061264627608465516},"point_estimate":-0.06352299199254086,"standard_error":0.0015221948326682617}}