{"mean":{"confidence_interval":{"confidence_level":0.95,"lower_bound":-0.0045867095255868765,"upper_bound":0.0019903766489228905},"point_estimate":-0.0012790354098468626,"standard_error":0.001672389916675066},"median":{"confidence_interval":{"confidence_level":0.95,"lower_bound":-0.006150999226897769,"upper_bound":0.0006664184895774469},"point_estimate":-0.0020990907241894563,"standard_error":0.0020253345766071415}}