{"mean":{"confidence_interval":{"confidence_level":0.95,"lower_bound":-0.11343321942835183,"upper_bound":-0.10394349636428943},"point_estimate":-0.10870141172687409,"standard_error":0.0024217310151363755},"median":{"confidence_interval":{"confidence_level":0.95,"lower_bound":-0.11469612539993819,"upper_bound":-0.10678285177832514},"point_estimate":-0.11123871635849725,"standard_error":0.0020845532882909426}}