{"mean":{"confidence_interval":{"confidence_level":0.95,"lower_bound":-0.0010310224423437898,"upper_bound":0.007098258733253925},"point_estimate":0.0030183935603751433,"standard_error":0.00203877743266603},"median":{"confidence_interval":{"confidence_level":0.95,"lower_bound":-0.0003431329667799021,"upper_bound":0.0065508396997076},"point_estimate":0.0031716600751618973,"standard_error":0.0017588187881339968}}