{"mean":{"confidence_interval":{"confidence_level":0.95,"lower_bound":-0.09614059298157616,"upper_bound":-0.07886821624819684},"point_estimate":-0.0877493054262628,"standard_error":0.004413195797172893},"median":{"confidence_interval":{"confidence_level":0.95,"lower_bound":-0.08784869296173936,"upper_bound":-0.06679259127403081},"point_estimate":-0.07750658777068709,"standard_error":0.005503343716790598}}