{"mean":{"confidence_interval":{"confidence_level":0.95,"lower_bound":-0.08207771411320884,"upper_bound":-0.06216014111677797},"point_estimate":-0.07206715167188837,"standard_error":0.005082916345687483},"median":{"confidence_interval":{"confidence_level":0.95,"lower_bound":-0.0790849343140988,"upper_bound":-0.056407882032077805},"point_estimate":-0.06811044091494678,"standard_error":0.0056268999530089256}}