{"mean":{"confidence_interval":{"confidence_level":0.95,"lower_bound":-0.05827558522188402,"upper_bound":-0.03775819210449362},"point_estimate":-0.04769644053073019,"standard_error":0.005229680148052175},"median":{"confidence_interval":{"confidence_level":0.95,"lower_bound":-0.03716729344254057,"upper_bound":-0.022125090178912066},"point_estimate":-0.02946748196618798,"standard_error":0.003721179816608868}}