{"mean":{"confidence_interval":{"confidence_level":0.95,"lower_bound":-0.0058818873817055965,"upper_bound":0.0014965166178154687},"point_estimate":-0.002044952868737626,"standard_error":0.0018774451182769101},"median":{"confidence_interval":{"confidence_level":0.95,"lower_bound":-0.002150990526277763,"upper_bound":0.003131478878921401},"point_estimate":0.0009330707607815292,"standard_error":0.0013270004796638991}}