{"mean":{"confidence_interval":{"confidence_level":0.95,"lower_bound":-0.005952978370464792,"upper_bound":0.0006018820273942731},"point_estimate":-0.002817057080197083,"standard_error":0.0016764109901449193},"median":{"confidence_interval":{"confidence_level":0.95,"lower_bound":-0.003547994727308712,"upper_bound":0.0052416387550355825},"point_estimate":0.0007981353973749439,"standard_error":0.002314453191059068}}