{"mean":{"confidence_interval":{"confidence_level":0.95,"lower_bound":0.11358763830500355,"upper_bound":0.11491079605697756},"point_estimate":0.11426885984516288,"standard_error":0.00033607494271057823},"median":{"confidence_interval":{"confidence_level":0.95,"lower_bound":0.11378069812614999,"upper_bound":0.11501569590364924},"point_estimate":0.11449140494630905,"standard_error":0.0003183074535014203}}