{"mean":{"confidence_interval":{"confidence_level":0.95,"lower_bound":-0.2631052235349388,"upper_bound":-0.25839430429457244},"point_estimate":-0.26076411902938446,"standard_error":0.0012054978632089451},"median":{"confidence_interval":{"confidence_level":0.95,"lower_bound":-0.2616654430494875,"upper_bound":-0.25428496092672426},"point_estimate":-0.25583829073448894,"standard_error":0.0016086384458771743}}