{"mean":{"confidence_interval":{"confidence_level":0.95,"lower_bound":0.001061154845398399,"upper_bound":0.007797624907999401},"point_estimate":0.004344298945603953,"standard_error":0.0017187780187079666},"median":{"confidence_interval":{"confidence_level":0.95,"lower_bound":-0.0002631446724294939,"upper_bound":0.006555450825621589},"point_estimate":0.004216890509276983,"standard_error":0.0019804183120210885}}