{"mean":{"confidence_interval":{"confidence_level":0.95,"lower_bound":-0.00314089179056394,"upper_bound":0.006280687065021278},"point_estimate":0.0013601447775262177,"standard_error":0.002425834105970955},"median":{"confidence_interval":{"confidence_level":0.95,"lower_bound":-0.0022709941228217234,"upper_bound":0.005901740134283351},"point_estimate":0.0017602187482508302,"standard_error":0.002227290460965884}}