{"mean":{"confidence_interval":{"confidence_level":0.95,"lower_bound":-0.004214837892485147,"upper_bound":0.0019114202687413899},"point_estimate":-0.0011490329019619994,"standard_error":0.0015707597348382522},"median":{"confidence_interval":{"confidence_level":0.95,"lower_bound":-0.004672733919320507,"upper_bound":0.001392143165911408},"point_estimate":-0.0022918590446809883,"standard_error":0.0015020566786613048}}