{"mean":{"confidence_interval":{"confidence_level":0.95,"lower_bound":-0.008856112366740254,"upper_bound":-0.0005935519368859221},"point_estimate":-0.004819115781377836,"standard_error":0.0021108267604640642},"median":{"confidence_interval":{"confidence_level":0.95,"lower_bound":-0.006250858060070197,"upper_bound":0.0009301286897296368},"point_estimate":-0.0016982368576055062,"standard_error":0.0018122168486768703}}