{"mean":{"confidence_interval":{"confidence_level":0.95,"lower_bound":-0.08317311722429953,"upper_bound":-0.07503940626943631},"point_estimate":-0.07913577811027739,"standard_error":0.002072370953352902},"median":{"confidence_interval":{"confidence_level":0.95,"lower_bound":-0.08344256153152174,"upper_bound":-0.07688345261363583},"point_estimate":-0.07995877722112987,"standard_error":0.0016238626497829642}}