{"mean":{"confidence_interval":{"confidence_level":0.95,"lower_bound":-0.004266659556722421,"upper_bound":0.002490165315101372},"point_estimate":-0.0008292258291908716,"standard_error":0.001720423572226608},"median":{"confidence_interval":{"confidence_level":0.95,"lower_bound":-0.00017384637253980983,"upper_bound":0.008559369970138064},"point_estimate":0.004263189557958569,"standard_error":0.002286867957756965}}