{"mean":{"confidence_interval":{"confidence_level":0.95,"lower_bound":-0.010200329793633056,"upper_bound":-0.0035422114226346686},"point_estimate":-0.006849500036818945,"standard_error":0.001691479231389827},"median":{"confidence_interval":{"confidence_level":0.95,"lower_bound":-0.014747084428917812,"upper_bound":-0.004877502569354673},"point_estimate":-0.009311336988208851,"standard_error":0.0024841603828760377}}