{"mean":{"confidence_interval":{"confidence_level":0.95,"lower_bound":-0.009899009034718914,"upper_bound":-0.0036265725689317505},"point_estimate":-0.006669645602615959,"standard_error":0.0016075624793285082},"median":{"confidence_interval":{"confidence_level":0.95,"lower_bound":-0.0076342240554339025,"upper_bound":-0.0019518350522086392},"point_estimate":-0.00477197947965724,"standard_error":0.001509809429481184}}