{"mean":{"confidence_interval":{"confidence_level":0.95,"lower_bound":-0.14534902109907213,"upper_bound":-0.13231536257588794},"point_estimate":-0.1390221831184335,"standard_error":0.0033196148058357903},"median":{"confidence_interval":{"confidence_level":0.95,"lower_bound":-0.15362255613216014,"upper_bound":-0.1355640868104553},"point_estimate":-0.14502164043244048,"standard_error":0.004162330884893911}}