{"mean":{"confidence_interval":{"confidence_level":0.95,"lower_bound":-0.014985117248877411,"upper_bound":-0.007115980325879108},"point_estimate":-0.011352500286286205,"standard_error":0.0020145308183750544},"median":{"confidence_interval":{"confidence_level":0.95,"lower_bound":-0.01512768058487457,"upper_bound":-0.002206743429605793},"point_estimate":-0.011352847861485271,"standard_error":0.0029662263208189853}}