{"mean":{"confidence_interval":{"confidence_level":0.95,"lower_bound":-0.20389376173969387,"upper_bound":-0.1859812606809093},"point_estimate":-0.19444034938193933,"standard_error":0.004575248590846406},"median":{"confidence_interval":{"confidence_level":0.95,"lower_bound":-0.1976893106530625,"upper_bound":-0.17881238602936778},"point_estimate":-0.1898197234088116,"standard_error":0.004613483796141789}}