{"mean":{"confidence_interval":{"confidence_level":0.95,"lower_bound":0.0023406413190550372,"upper_bound":0.00926785945127993},"point_estimate":0.005792625139999563,"standard_error":0.0017788976440854711},"median":{"confidence_interval":{"confidence_level":0.95,"lower_bound":0.0010869597736076209,"upper_bound":0.004835073284201075},"point_estimate":0.0033452372631124216,"standard_error":0.0009877504499759132}}