{"mean":{"confidence_interval":{"confidence_level":0.95,"lower_bound":-0.00660683105733884,"upper_bound":0.0045572037912353066},"point_estimate":-0.00036396909978231307,"standard_error":0.002863536357752209},"median":{"confidence_interval":{"confidence_level":0.95,"lower_bound":-0.0008958802286993528,"upper_bound":0.0045971543367875345},"point_estimate":0.0021195971852492335,"standard_error":0.0014491667570567513}}