{"mean":{"confidence_interval":{"confidence_level":0.95,"lower_bound":-0.006353945053233603,"upper_bound":0.006656214716170984},"point_estimate":-0.0009344608161770962,"standard_error":0.0033981358168323843},"median":{"confidence_interval":{"confidence_level":0.95,"lower_bound":-0.009062938094841932,"upper_bound":-0.0021865160171889997},"point_estimate":-0.00548983906585454,"standard_error":0.001984581349923739}}