{"mean":{"confidence_interval":{"confidence_level":0.95,"lower_bound":-0.011556039669935871,"upper_bound":0.0026005925462992087},"point_estimate":-0.0038196202892334385,"standard_error":0.003638170902296225},"median":{"confidence_interval":{"confidence_level":0.95,"lower_bound":-0.0018864212011941994,"upper_bound":0.004396784268132059},"point_estimate":0.000471522993684248,"standard_error":0.001625677573956548}}