{"mean":{"confidence_interval":{"confidence_level":0.95,"lower_bound":0.0759494195824528,"upper_bound":0.08692454758135808},"point_estimate":0.08121180739867051,"standard_error":0.0027403817783726134},"median":{"confidence_interval":{"confidence_level":0.95,"lower_bound":0.07641858680240499,"upper_bound":0.09288550613292032},"point_estimate":0.08557608298019526,"standard_error":0.004231828909402703}}