{"mean":{"confidence_interval":{"confidence_level":0.95,"lower_bound":0.002956600111618263,"upper_bound":0.00976116843433098},"point_estimate":0.006218160557639685,"standard_error":0.0017291589966640867},"median":{"confidence_interval":{"confidence_level":0.95,"lower_bound":0.0046828185018525925,"upper_bound":0.015496410251575332},"point_estimate":0.010585938606498813,"standard_error":0.0026554714713214003}}