{"mean":{"confidence_interval":{"confidence_level":0.95,"lower_bound":0.05657726674523467,"upper_bound":0.07864446628982737},"point_estimate":0.067511105269211,"standard_error":0.005635757561933531},"median":{"confidence_interval":{"confidence_level":0.95,"lower_bound":0.052728885084917465,"upper_bound":0.07428099128344012},"point_estimate":0.06596249298159429,"standard_error":0.005400272623428694}}