{"mean":{"confidence_interval":{"confidence_level":0.95,"lower_bound":-0.004235704213584484,"upper_bound":0.006731172753727748},"point_estimate":0.0020559603671221893,"standard_error":0.002815690666947098},"median":{"confidence_interval":{"confidence_level":0.95,"lower_bound":-0.0024809074377691864,"upper_bound":0.008461273567998528},"point_estimate":0.0017032740818960779,"standard_error":0.0029274993243308457}}