{"mean":{"confidence_interval":{"confidence_level":0.95,"lower_bound":-0.028351263546700454,"upper_bound":-0.014110454232710862},"point_estimate":-0.021091916912586606,"standard_error":0.0036383312098902366},"median":{"confidence_interval":{"confidence_level":0.95,"lower_bound":-0.02184020252596186,"upper_bound":-0.0056407018113927565},"point_estimate":-0.013735032450816864,"standard_error":0.004143237090947767}}