{"mean":{"confidence_interval":{"confidence_level":0.95,"lower_bound":-0.004595358569453478,"upper_bound":0.0018975977436303867},"point_estimate":-0.0013127512845509948,"standard_error":0.001656021377642128},"median":{"confidence_interval":{"confidence_level":0.95,"lower_bound":-0.010726688163027354,"upper_bound":0.003552733145680387},"point_estimate":-0.000026295932105790953,"standard_error":0.003056047442221249}}