{"mean":{"confidence_interval":{"confidence_level":0.95,"lower_bound":0.015565145121621757,"upper_bound":0.023983521761365263},"point_estimate":0.019244033110151992,"standard_error":0.0021113809635955384},"median":{"confidence_interval":{"confidence_level":0.95,"lower_bound":0.013249239245890942,"upper_bound":0.01991460993448224},"point_estimate":0.01579318877216096,"standard_error":0.0017967516699163714}}