{"mean":{"confidence_interval":{"confidence_level":0.95,"lower_bound":35719.17297117076,"upper_bound":35859.087342018895},"point_estimate":35781.495457467994,"standard_error":35.80334222875144},"median":{"confidence_interval":{"confidence_level":0.95,"lower_bound":35707.96875,"upper_bound":35731.113327655956},"point_estimate":35719.677184012704,"standard_error":5.5757259382652276},"median_abs_dev":{"confidence_interval":{"confidence_level":0.95,"lower_bound":57.24992407451759,"upper_bound":122.39323682577785},"point_estimate":82.85188825015979,"standard_error":18.350904365759394},"slope":{"confidence_interval":{"confidence_level":0.95,"lower_bound":35711.89166416946,"upper_bound":35768.03697686587},"point_estimate":35737.80322420302,"standard_error":14.382602753946246},"std_dev":{"confidence_interval":{"confidence_level":0.95,"lower_bound":168.30631852024754,"upper_bound":523.0706883590107},"point_estimate":359.36626479957664,"standard_error":93.07283593644881}}