{"mean":{"confidence_interval":{"confidence_level":0.95,"lower_bound":35544.954842313964,"upper_bound":35733.34059622696},"point_estimate":35622.74155285909,"standard_error":49.06529349631313},"median":{"confidence_interval":{"confidence_level":0.95,"lower_bound":35535.84152334152,"upper_bound":35597.757253384916},"point_estimate":35562.07632018003,"standard_error":15.372758181831633},"median_abs_dev":{"confidence_interval":{"confidence_level":0.95,"lower_bound":89.53140411933735,"upper_bound":138.0642839620872},"point_estimate":111.82925930495357,"standard_error":12.454610297318853},"slope":{"confidence_interval":{"confidence_level":0.95,"lower_bound":35548.927460041195,"upper_bound":35645.25057948898},"point_estimate":35590.49452127302,"standard_error":24.655655999270376},"std_dev":{"confidence_interval":{"confidence_level":0.95,"lower_bound":134.412091465459,"upper_bound":787.5679618336915},"point_estimate":492.80178195375913,"standard_error":184.921999312806}}