{"mean":{"confidence_interval":{"confidence_level":0.95,"lower_bound":35669.51239949067,"upper_bound":36455.31641121064},"point_estimate":35987.42192260195,"standard_error":205.10139659017776},"median":{"confidence_interval":{"confidence_level":0.95,"lower_bound":35635.457102272725,"upper_bound":35680.5},"point_estimate":35660.79909963454,"standard_error":10.58540951248245},"median_abs_dev":{"confidence_interval":{"confidence_level":0.95,"lower_bound":89.3764774272259,"upper_bound":161.22715966354298},"point_estimate":128.87555688433375,"standard_error":17.36548117641529},"slope":{"confidence_interval":{"confidence_level":0.95,"lower_bound":35644.490207860516,"upper_bound":35808.49772734393},"point_estimate":35712.1746018781,"standard_error":42.88605577196987},"std_dev":{"confidence_interval":{"confidence_level":0.95,"lower_bound":275.48828733700066,"upper_bound":3352.777540265087},"point_estimate":2059.972986144002,"standard_error":837.8170505930141}}