{"mean":{"confidence_interval":{"confidence_level":0.95,"lower_bound":35540.728884797696,"upper_bound":35692.3886417153},"point_estimate":35608.99189803947,"standard_error":38.91706461217319},"median":{"confidence_interval":{"confidence_level":0.95,"lower_bound":35529.12048192771,"upper_bound":35570.61363636363},"point_estimate":35542.57143954761,"standard_error":12.271984278083197},"median_abs_dev":{"confidence_interval":{"confidence_level":0.95,"lower_bound":77.0533817089527,"upper_bound":137.39991723992298},"point_estimate":104.31759958423132,"standard_error":15.141193989955813},"slope":{"confidence_interval":{"confidence_level":0.95,"lower_bound":35540.759534444485,"upper_bound":35771.3232574682},"point_estimate":35637.37090586671,"standard_error":60.29768706417718},"std_dev":{"confidence_interval":{"confidence_level":0.95,"lower_bound":199.1050373352894,"upper_bound":546.598837887699},"point_estimate":390.9374243433856,"standard_error":90.36855934187626}}