{"mean":{"confidence_interval":{"confidence_level":0.95,"lower_bound":35688.70981704823,"upper_bound":35839.96868170307},"point_estimate":35755.09943132178,"standard_error":39.13049029511102},"median":{"confidence_interval":{"confidence_level":0.95,"lower_bound":35677.814039307596,"upper_bound":35727.67958271237},"point_estimate":35694.99311294766,"standard_error":15.578609140904964},"median_abs_dev":{"confidence_interval":{"confidence_level":0.95,"lower_bound":78.29438123876326,"upper_bound":129.5301112087684},"point_estimate":102.38619044916335,"standard_error":13.045840968970253},"slope":{"confidence_interval":{"confidence_level":0.95,"lower_bound":35700.24893190448,"upper_bound":36012.301479228816},"point_estimate":35830.87467469135,"standard_error":81.5037394031845},"std_dev":{"confidence_interval":{"confidence_level":0.95,"lower_bound":118.41127071687215,"upper_bound":577.153440769958},"point_estimate":393.04834850637724,"standard_error":112.3961200836663}}