{"mean":{"confidence_interval":{"confidence_level":0.95,"lower_bound":35660.28725482678,"upper_bound":36052.35264567318},"point_estimate":35804.38616153335,"standard_error":110.72650722489847},"median":{"confidence_interval":{"confidence_level":0.95,"lower_bound":35636.67942583732,"upper_bound":35723.30065876153},"point_estimate":35688.48456316411,"standard_error":19.08221867013267},"median_abs_dev":{"confidence_interval":{"confidence_level":0.95,"lower_bound":95.04951494476283,"upper_bound":150.31316294689063},"point_estimate":116.63821962586617,"standard_error":13.481439250582149},"slope":{"confidence_interval":{"confidence_level":0.95,"lower_bound":35704.67455071335,"upper_bound":36084.555263892515},"point_estimate":35848.4391767535,"standard_error":101.87420538406421},"std_dev":{"confidence_interval":{"confidence_level":0.95,"lower_bound":157.96564935967376,"upper_bound":1882.5178690864018},"point_estimate":1113.7989915036678,"standard_error":582.2268407732048}}