{"mean":{"confidence_interval":{"confidence_level":0.95,"lower_bound":50037.45116014096,"upper_bound":50106.15753717277},"point_estimate":50070.95684208287,"standard_error":17.553799570117942},"median":{"confidence_interval":{"confidence_level":0.95,"lower_bound":50019.255656039706,"upper_bound":50084.64752311181},"point_estimate":50048.48940140319,"standard_error":15.340728783006645},"median_abs_dev":{"confidence_interval":{"confidence_level":0.95,"lower_bound":87.25824092117878,"upper_bound":140.0238026710094},"point_estimate":103.18417558747075,"standard_error":13.331181682513163},"slope":{"confidence_interval":{"confidence_level":0.95,"lower_bound":50022.414172069824,"upper_bound":50063.63183302776},"point_estimate":50042.9072633532,"standard_error":10.54022542429338},"std_dev":{"confidence_interval":{"confidence_level":0.95,"lower_bound":136.1824894200418,"upper_bound":211.13196152784585},"point_estimate":176.13898094945455,"standard_error":19.177403980003113}}