{"mean":{"confidence_interval":{"confidence_level":0.95,"lower_bound":35614.28263602772,"upper_bound":35733.41754342169},"point_estimate":35669.642895121906,"standard_error":30.47896874311785},"median":{"confidence_interval":{"confidence_level":0.95,"lower_bound":35618.98086124402,"upper_bound":35662.11757575758},"point_estimate":35636.21960514234,"standard_error":10.799584724972107},"median_abs_dev":{"confidence_interval":{"confidence_level":0.95,"lower_bound":69.0691960151619,"upper_bound":125.95101489678967},"point_estimate":91.35537730373655,"standard_error":14.209565349503489},"slope":{"confidence_interval":{"confidence_level":0.95,"lower_bound":35659.88117615842,"upper_bound":35846.92503380843},"point_estimate":35744.41557746819,"standard_error":48.26695227354236},"std_dev":{"confidence_interval":{"confidence_level":0.95,"lower_bound":175.26648134043222,"upper_bound":417.734875022368},"point_estimate":306.01295939871324,"standard_error":62.169260502842974}}