{"mean":{"confidence_interval":{"confidence_level":0.95,"lower_bound":35545.755204771565,"upper_bound":35789.86452051182},"point_estimate":35645.30197554844,"standard_error":63.94634275305532},"median":{"confidence_interval":{"confidence_level":0.95,"lower_bound":35527.4977827051,"upper_bound":35586.08107517482},"point_estimate":35561.76249121368,"standard_error":14.468248697259995},"median_abs_dev":{"confidence_interval":{"confidence_level":0.95,"lower_bound":92.1619908402848,"upper_bound":148.45027757838432},"point_estimate":110.32740664933087,"standard_error":14.35260155481025},"slope":{"confidence_interval":{"confidence_level":0.95,"lower_bound":35576.10685935084,"upper_bound":35714.67346208651},"point_estimate":35638.33673764391,"standard_error":35.639879509104965},"std_dev":{"confidence_interval":{"confidence_level":0.95,"lower_bound":166.44448226162652,"upper_bound":1037.1194654617163},"point_estimate":641.9575039599553,"standard_error":253.03471080942484}}