{"mean":{"confidence_interval":{"confidence_level":0.95,"lower_bound":35568.331713159096,"upper_bound":35699.69294878893},"point_estimate":35625.78373498085,"standard_error":33.900592495465226},"median":{"confidence_interval":{"confidence_level":0.95,"lower_bound":35555.51435406699,"upper_bound":35617.38997113997},"point_estimate":35594.16314935065,"standard_error":14.014627643068271},"median_abs_dev":{"confidence_interval":{"confidence_level":0.95,"lower_bound":93.28134646489158,"upper_bound":142.8940615112898},"point_estimate":117.3887364211101,"standard_error":12.72454735296041},"slope":{"confidence_interval":{"confidence_level":0.95,"lower_bound":35608.02389124685,"upper_bound":35753.72271660181},"point_estimate":35671.34046455392,"standard_error":37.56362493968286},"std_dev":{"confidence_interval":{"confidence_level":0.95,"lower_bound":142.0918420542629,"upper_bound":520.1718857185249},"point_estimate":341.66930101763216,"standard_error":102.17517258139006}}