{"mean":{"confidence_interval":{"confidence_level":0.95,"lower_bound":35643.003760446125,"upper_bound":35929.23087020266},"point_estimate":35770.80486710528,"standard_error":73.57658174007797},"median":{"confidence_interval":{"confidence_level":0.95,"lower_bound":35582.50852272727,"upper_bound":35632.25410733844},"point_estimate":35600.93469782022,"standard_error":9.874696534500993},"median_abs_dev":{"confidence_interval":{"confidence_level":0.95,"lower_bound":81.48095311876382,"upper_bound":161.12260285797717},"point_estimate":105.91517336123145,"standard_error":21.472985534052103},"slope":{"confidence_interval":{"confidence_level":0.95,"lower_bound":35670.752647307185,"upper_bound":36065.76115361439},"point_estimate":35842.58393863267,"standard_error":101.426196373079},"std_dev":{"confidence_interval":{"confidence_level":0.95,"lower_bound":360.2199202638433,"upper_bound":1044.194889284821},"point_estimate":737.5636635363819,"standard_error":175.03827074314015}}