{"mean":{"confidence_interval":{"confidence_level":0.95,"lower_bound":35516.90596527779,"upper_bound":35592.810610185785},"point_estimate":35553.79790633686,"standard_error":19.32553773247408},"median":{"confidence_interval":{"confidence_level":0.95,"lower_bound":35522.58473095737,"upper_bound":35576.44696969697},"point_estimate":35550.71189336979,"standard_error":13.599510832065869},"median_abs_dev":{"confidence_interval":{"confidence_level":0.95,"lower_bound":76.22699890201955,"upper_bound":128.448142574957},"point_estimate":94.31641813485625,"standard_error":13.274495676340099},"slope":{"confidence_interval":{"confidence_level":0.95,"lower_bound":35539.166569822984,"upper_bound":35613.2493261431},"point_estimate":35573.16126979862,"standard_error":19.01545866087152},"std_dev":{"confidence_interval":{"confidence_level":0.95,"lower_bound":138.89571273126094,"upper_bound":250.17970034333496},"point_estimate":193.57814717234592,"standard_error":28.997166671417336}}