{"mean":{"confidence_interval":{"confidence_level":0.95,"lower_bound":35857.27474067137,"upper_bound":36093.1076554922},"point_estimate":35946.50057676441,"standard_error":64.231880650241},"median":{"confidence_interval":{"confidence_level":0.95,"lower_bound":35831.79494449007,"upper_bound":35916.86787878788},"point_estimate":35878.91851941162,"standard_error":22.21988871875334},"median_abs_dev":{"confidence_interval":{"confidence_level":0.95,"lower_bound":127.20083417221592,"upper_bound":200.73533533152548},"point_estimate":160.22679724765842,"standard_error":19.98676310126139},"slope":{"confidence_interval":{"confidence_level":0.95,"lower_bound":35853.89995954153,"upper_bound":35937.72478666129},"point_estimate":35890.783049021324,"standard_error":21.475445849539007},"std_dev":{"confidence_interval":{"confidence_level":0.95,"lower_bound":153.01807379383564,"upper_bound":1078.3943689250912},"point_estimate":643.9706434876148,"standard_error":314.4979160138457}}