{"mean":{"confidence_interval":{"confidence_level":0.95,"lower_bound":35641.48201993839,"upper_bound":35735.964008092895},"point_estimate":35685.302272641246,"standard_error":24.040241069870177},"median":{"confidence_interval":{"confidence_level":0.95,"lower_bound":35654.44460227273,"upper_bound":35681.83801652893},"point_estimate":35668.81423338567,"standard_error":6.5142544920600995},"median_abs_dev":{"confidence_interval":{"confidence_level":0.95,"lower_bound":55.34874111502165,"upper_bound":103.36136657406216},"point_estimate":73.77250116409766,"standard_error":12.280669819251758},"slope":{"confidence_interval":{"confidence_level":0.95,"lower_bound":35654.02630315213,"upper_bound":35813.861587008876},"point_estimate":35722.67569971923,"standard_error":41.57953555729},"std_dev":{"confidence_interval":{"confidence_level":0.95,"lower_bound":139.15611112864806,"upper_bound":338.09513707611035},"point_estimate":242.3706481717612,"standard_error":51.92676633397957}}