{"mean":{"confidence_interval":{"confidence_level":0.95,"lower_bound":35582.8499536727,"upper_bound":35672.51759500089},"point_estimate":35623.65348210172,"standard_error":22.876880446217132},"median":{"confidence_interval":{"confidence_level":0.95,"lower_bound":35602.77855477855,"upper_bound":35649.2972972973},"point_estimate":35623.689630681816,"standard_error":10.742960123027963},"median_abs_dev":{"confidence_interval":{"confidence_level":0.95,"lower_bound":70.30444147911376,"upper_bound":115.06783173829776},"point_estimate":90.45527848228923,"standard_error":11.139797309545754},"slope":{"confidence_interval":{"confidence_level":0.95,"lower_bound":35620.596220983265,"upper_bound":35711.42256796095},"point_estimate":35656.86218815912,"standard_error":23.83407904663378},"std_dev":{"confidence_interval":{"confidence_level":0.95,"lower_bound":123.23179589032057,"upper_bound":341.6086215451539},"point_estimate":230.47436097435863,"standard_error":62.04075420028465}}