{"mean":{"confidence_interval":{"confidence_level":0.95,"lower_bound":35667.568790135636,"upper_bound":35915.28734015933},"point_estimate":35774.474391324526,"standard_error":63.99589618289155},"median":{"confidence_interval":{"confidence_level":0.95,"lower_bound":35626.96363636364,"upper_bound":35706.778337035685},"point_estimate":35664.111025022954,"standard_error":22.661812411699454},"median_abs_dev":{"confidence_interval":{"confidence_level":0.95,"lower_bound":105.90598931937716,"upper_bound":173.54251731878503},"point_estimate":134.39609787973004,"standard_error":17.51491245077297},"slope":{"confidence_interval":{"confidence_level":0.95,"lower_bound":35686.35148864397,"upper_bound":36112.57321649661},"point_estimate":35848.33164286578,"standard_error":113.97045459154185},"std_dev":{"confidence_interval":{"confidence_level":0.95,"lower_bound":268.04199106575015,"upper_bound":989.5465466847793},"point_estimate":645.0859890262874,"standard_error":203.55860212557832}}