{"mean":{"confidence_interval":{"confidence_level":0.95,"lower_bound":35877.35245948361,"upper_bound":36110.77165115155},"point_estimate":35971.988793125514,"standard_error":61.334394548267454},"median":{"confidence_interval":{"confidence_level":0.95,"lower_bound":35877.28329809725,"upper_bound":35916.84090909091},"point_estimate":35903.713509316774,"standard_error":9.530806784038944},"median_abs_dev":{"confidence_interval":{"confidence_level":0.95,"lower_bound":60.001531871820504,"upper_bound":129.37575003127992},"point_estimate":84.56121875181066,"standard_error":18.100355250164743},"slope":{"confidence_interval":{"confidence_level":0.95,"lower_bound":35909.3768992437,"upper_bound":36148.056594961716},"point_estimate":36003.61774413262,"standard_error":62.70405740163352},"std_dev":{"confidence_interval":{"confidence_level":0.95,"lower_bound":192.68720188901125,"upper_bound":998.5185365405212},"point_estimate":616.9002479586055,"standard_error":251.17316014545915}}