{"mean":{"confidence_interval":{"confidence_level":0.95,"lower_bound":54444.462565151196,"upper_bound":54542.05126135292},"point_estimate":54492.13486747394,"standard_error":24.82975115028736},"median":{"confidence_interval":{"confidence_level":0.95,"lower_bound":54446.776578858495,"upper_bound":54511.91071428572},"point_estimate":54477.65625,"standard_error":17.213646131207035},"median_abs_dev":{"confidence_interval":{"confidence_level":0.95,"lower_bound":107.53167608927184,"upper_bound":184.913988485411},"point_estimate":139.2893333757806,"standard_error":19.798860437682876},"slope":{"confidence_interval":{"confidence_level":0.95,"lower_bound":54435.99820539898,"upper_bound":54563.94785729571},"point_estimate":54492.994041250604,"standard_error":32.81219010316732},"std_dev":{"confidence_interval":{"confidence_level":0.95,"lower_bound":188.32668875870195,"upper_bound":304.951056359577},"point_estimate":249.6759750099767,"standard_error":29.847799048791664}}