{"mean":{"confidence_interval":{"confidence_level":0.95,"lower_bound":35676.92775919631,"upper_bound":36084.52116693786},"point_estimate":35836.00115747122,"standard_error":107.89198429540717},"median":{"confidence_interval":{"confidence_level":0.95,"lower_bound":35649.622077922075,"upper_bound":35700.504288164666},"point_estimate":35669.45926616916,"standard_error":13.059001523092224},"median_abs_dev":{"confidence_interval":{"confidence_level":0.95,"lower_bound":82.46313779743336,"upper_bound":135.52611292160057},"point_estimate":108.42486382061871,"standard_error":13.636765023641388},"slope":{"confidence_interval":{"confidence_level":0.95,"lower_bound":35667.79066585132,"upper_bound":36558.02419749821},"point_estimate":36019.8967395247,"standard_error":236.04338623599077},"std_dev":{"confidence_interval":{"confidence_level":0.95,"lower_bound":182.0431156828636,"upper_bound":1786.815660185977},"point_estimate":1083.9904377073517,"standard_error":476.8609680475686}}