{"mean":{"confidence_interval":{"confidence_level":0.95,"lower_bound":35700.17274378893,"upper_bound":36136.90238873772},"point_estimate":35868.615409184946,"standard_error":116.41157683877908},"median":{"confidence_interval":{"confidence_level":0.95,"lower_bound":35669.66561227951,"upper_bound":35719.53769401331},"point_estimate":35688.50886840432,"standard_error":13.913606919827128},"median_abs_dev":{"confidence_interval":{"confidence_level":0.95,"lower_bound":66.07409853949125,"upper_bound":117.31760684921989},"point_estimate":91.25394254234415,"standard_error":13.74496097213372},"slope":{"confidence_interval":{"confidence_level":0.95,"lower_bound":35697.58590951053,"upper_bound":36004.848030062065},"point_estimate":35827.65480446552,"standard_error":79.55045790180222},"std_dev":{"confidence_interval":{"confidence_level":0.95,"lower_bound":260.3977101523546,"upper_bound":1928.9355828720688},"point_estimate":1167.152481342395,"standard_error":529.5363116931421}}