{"mean":{"confidence_interval":{"confidence_level":0.95,"lower_bound":35442.92294215804,"upper_bound":35607.29608053382},"point_estimate":35514.0221982073,"standard_error":42.655653116254655},"median":{"confidence_interval":{"confidence_level":0.95,"lower_bound":35454.38550057537,"upper_bound":35488.4921630094},"point_estimate":35470.681443556445,"standard_error":8.629088529812309},"median_abs_dev":{"confidence_interval":{"confidence_level":0.95,"lower_bound":63.91848555823389,"upper_bound":104.18182170411929},"point_estimate":85.35012032990664,"standard_error":10.39587951694043},"slope":{"confidence_interval":{"confidence_level":0.95,"lower_bound":35500.70451281266,"upper_bound":35692.3699548895},"point_estimate":35585.07881510539,"standard_error":49.388702745939234},"std_dev":{"confidence_interval":{"confidence_level":0.95,"lower_bound":151.9856586678569,"upper_bound":661.4854553355023},"point_estimate":428.76744709350595,"standard_error":135.70046699856454}}