{"mean":{"confidence_interval":{"confidence_level":0.95,"lower_bound":50071.49795637095,"upper_bound":50158.607465815454},"point_estimate":50113.036749035076,"standard_error":22.16321489327653},"median":{"confidence_interval":{"confidence_level":0.95,"lower_bound":50057.13773148148,"upper_bound":50105.631944444445},"point_estimate":50074.987563574265,"standard_error":11.108274187239216},"median_abs_dev":{"confidence_interval":{"confidence_level":0.95,"lower_bound":84.29608737697075,"upper_bound":135.39582304873312},"point_estimate":115.58151612352684,"standard_error":13.800453288878018},"slope":{"confidence_interval":{"confidence_level":0.95,"lower_bound":50057.71679425788,"upper_bound":50136.69758596401},"point_estimate":50091.65065990181,"standard_error":20.37928367574149},"std_dev":{"confidence_interval":{"confidence_level":0.95,"lower_bound":155.69013513441064,"upper_bound":285.62055216552255},"point_estimate":222.88662144493995,"standard_error":33.459454519653484}}