{"mean":{"confidence_interval":{"confidence_level":0.95,"lower_bound":20970.41950381208,"upper_bound":20984.8428628687},"point_estimate":20977.395425744155,"standard_error":3.686062747896144},"median":{"confidence_interval":{"confidence_level":0.95,"lower_bound":20967.82293643264,"upper_bound":20979.189182398535},"point_estimate":20971.756453804348,"standard_error":3.1886568460012312},"median_abs_dev":{"confidence_interval":{"confidence_level":0.95,"lower_bound":22.76191093112316,"upper_bound":40.37291794415581},"point_estimate":32.52980895122856,"standard_error":4.472644077055705},"slope":{"confidence_interval":{"confidence_level":0.95,"lower_bound":20969.275739533583,"upper_bound":20980.583763416616},"point_estimate":20974.78224545589,"standard_error":2.871300644185382},"std_dev":{"confidence_interval":{"confidence_level":0.95,"lower_bound":28.958996554738277,"upper_bound":46.234094860298896},"point_estimate":37.07859102181138,"standard_error":4.540336452028675}}