{"mean":{"confidence_interval":{"confidence_level":0.95,"lower_bound":19665.901656186514,"upper_bound":19709.05119849331},"point_estimate":19685.080643803565,"standard_error":11.036639327887707},"median":{"confidence_interval":{"confidence_level":0.95,"lower_bound":19659.96603773585,"upper_bound":19683.315384615384},"point_estimate":19670.482851869685,"standard_error":7.062738040189111},"median_abs_dev":{"confidence_interval":{"confidence_level":0.95,"lower_bound":34.835773950507864,"upper_bound":57.38459737952502},"point_estimate":46.771417556612185,"standard_error":5.739399096418866},"slope":{"confidence_interval":{"confidence_level":0.95,"lower_bound":19658.403170337137,"upper_bound":19676.20650710466},"point_estimate":19666.649927885326,"standard_error":4.532164577547414},"std_dev":{"confidence_interval":{"confidence_level":0.95,"lower_bound":57.93237849765062,"upper_bound":164.65620110436004},"point_estimate":111.07260359234586,"standard_error":30.423104662606985}}