{"mean":{"confidence_interval":{"confidence_level":0.95,"lower_bound":19550.70176780857,"upper_bound":19592.877772299602},"point_estimate":19569.710528100313,"standard_error":10.821608538924878},"median":{"confidence_interval":{"confidence_level":0.95,"lower_bound":19533.143333333333,"upper_bound":19564.067415730337},"point_estimate":19546.90417574437,"standard_error":8.315264472571098},"median_abs_dev":{"confidence_interval":{"confidence_level":0.95,"lower_bound":42.84585560296887,"upper_bound":71.3828441173161},"point_estimate":56.76528396737232,"standard_error":7.023478870602212},"slope":{"confidence_interval":{"confidence_level":0.95,"lower_bound":19551.631659483213,"upper_bound":19597.25731927087},"point_estimate":19572.328016255356,"standard_error":11.675797418004805},"std_dev":{"confidence_interval":{"confidence_level":0.95,"lower_bound":63.80970501989593,"upper_bound":157.61641058578843},"point_estimate":108.90533440465664,"standard_error":27.54946610710067}}