{"mean":{"confidence_interval":{"confidence_level":0.95,"lower_bound":19632.603585807115,"upper_bound":19655.941778528017},"point_estimate":19643.8307037143,"standard_error":5.9474436574625695},"median":{"confidence_interval":{"confidence_level":0.95,"lower_bound":19626.81818181818,"upper_bound":19645.678947368422},"point_estimate":19634.044712127397,"standard_error":4.576311518762796},"median_abs_dev":{"confidence_interval":{"confidence_level":0.95,"lower_bound":34.0777288624819,"upper_bound":54.60501567921302},"point_estimate":47.31694390548883,"standard_error":5.30477178020255},"slope":{"confidence_interval":{"confidence_level":0.95,"lower_bound":19628.20509049762,"upper_bound":19659.59970478123},"point_estimate":19642.59744022462,"standard_error":8.068895208829463},"std_dev":{"confidence_interval":{"confidence_level":0.95,"lower_bound":46.359280307350055,"upper_bound":71.41248546850507},"point_estimate":59.67533846864068,"standard_error":6.392704831849456}}