{"mean":{"confidence_interval":{"confidence_level":0.95,"lower_bound":20959.963467778423,"upper_bound":20981.636784114144},"point_estimate":20970.36921678327,"standard_error":5.56434906518545},"median":{"confidence_interval":{"confidence_level":0.95,"lower_bound":20950.60119047619,"upper_bound":20974.418367346938},"point_estimate":20958.921347091607,"standard_error":5.945590452498897},"median_abs_dev":{"confidence_interval":{"confidence_level":0.95,"lower_bound":31.793491719896203,"upper_bound":49.529182841610144},"point_estimate":39.49347346794708,"standard_error":4.398189466193155},"slope":{"confidence_interval":{"confidence_level":0.95,"lower_bound":20962.902707234567,"upper_bound":20980.394758580987},"point_estimate":20971.41302866854,"standard_error":4.477412554031211},"std_dev":{"confidence_interval":{"confidence_level":0.95,"lower_bound":41.35315061451737,"upper_bound":70.06324219212911},"point_estimate":56.191697100574615,"standard_error":7.373729056579886}}