{"mean":{"confidence_interval":{"confidence_level":0.95,"lower_bound":24857.021251801274,"upper_bound":24975.129515131175},"point_estimate":24916.785865320904,"standard_error":30.243977305848023},"median":{"confidence_interval":{"confidence_level":0.95,"lower_bound":24921.317460317463,"upper_bound":25034.397849462366},"point_estimate":24987.115555986053,"standard_error":27.597943094157017},"median_abs_dev":{"confidence_interval":{"confidence_level":0.95,"lower_bound":167.70158312719886,"upper_bound":308.3990419094387},"point_estimate":237.02596348702713,"standard_error":34.890110287698555},"slope":{"confidence_interval":{"confidence_level":0.95,"lower_bound":24849.779898264227,"upper_bound":24960.602288072823},"point_estimate":24905.35962802677,"standard_error":28.11003951606634},"std_dev":{"confidence_interval":{"confidence_level":0.95,"lower_bound":240.31489687210478,"upper_bound":364.6815610897571},"point_estimate":304.00001093899584,"standard_error":31.77111937526919}}