{"mean":{"confidence_interval":{"confidence_level":0.95,"lower_bound":19572.153976398506,"upper_bound":19618.199628709306},"point_estimate":19592.883189398282,"standard_error":11.770816885218988},"median":{"confidence_interval":{"confidence_level":0.95,"lower_bound":19555.488506771206,"upper_bound":19576.221626794257},"point_estimate":19563.291640826872,"standard_error":5.4088219611328325},"median_abs_dev":{"confidence_interval":{"confidence_level":0.95,"lower_bound":33.32053959308139,"upper_bound":69.12876744918366},"point_estimate":46.993785311970775,"standard_error":8.700352106495611},"slope":{"confidence_interval":{"confidence_level":0.95,"lower_bound":19572.74851345213,"upper_bound":19616.51586317293},"point_estimate":19593.078043150585,"standard_error":11.245570342387303},"std_dev":{"confidence_interval":{"confidence_level":0.95,"lower_bound":67.51115978898527,"upper_bound":171.08668060233498},"point_estimate":118.42607140607161,"standard_error":29.428158934230197}}