{"mean":{"confidence_interval":{"confidence_level":0.95,"lower_bound":172133.2521675972,"upper_bound":174120.8455420806},"point_estimate":173073.57231985536,"standard_error":506.36138467462115},"median":{"confidence_interval":{"confidence_level":0.95,"lower_bound":171740.22916666666,"upper_bound":173093.11853978672},"point_estimate":172664.38709677418,"standard_error":419.99540874306234},"median_abs_dev":{"confidence_interval":{"confidence_level":0.95,"lower_bound":2117.1417600559416,"upper_bound":4039.782685007462},"point_estimate":3011.774346083677,"standard_error":470.4620612069585},"slope":{"confidence_interval":{"confidence_level":0.95,"lower_bound":171479.1820941011,"upper_bound":173634.588721702},"point_estimate":172444.55579823654,"standard_error":549.7237697802292},"std_dev":{"confidence_interval":{"confidence_level":0.95,"lower_bound":3431.7704381220888,"upper_bound":6644.213142164214},"point_estimate":5091.08021134272,"standard_error":828.1634731324149}}