{"mean":{"confidence_interval":{"confidence_level":0.95,"lower_bound":19593.15424179818,"upper_bound":19824.097542685737},"point_estimate":19678.083097617033,"standard_error":64.7697644433941},"median":{"confidence_interval":{"confidence_level":0.95,"lower_bound":19575.427272727273,"upper_bound":19602.925595238095},"point_estimate":19587.711606060606,"standard_error":6.179674662885315},"median_abs_dev":{"confidence_interval":{"confidence_level":0.95,"lower_bound":42.74414629996626,"upper_bound":70.33675390405062},"point_estimate":55.76988024119291,"standard_error":6.970362204540114},"slope":{"confidence_interval":{"confidence_level":0.95,"lower_bound":19587.210766744018,"upper_bound":19688.05471715633},"point_estimate":19625.00780552682,"standard_error":26.708830119979854},"std_dev":{"confidence_interval":{"confidence_level":0.95,"lower_bound":73.10370784051646,"upper_bound":1104.0424493916387},"point_estimate":653.3643409010218,"standard_error":338.82280110163526}}