{"mean":{"confidence_interval":{"confidence_level":0.95,"lower_bound":20963.900477414772,"upper_bound":20982.481831600944},"point_estimate":20972.76390453795,"standard_error":4.727681611171057},"median":{"confidence_interval":{"confidence_level":0.95,"lower_bound":20958.903125,"upper_bound":20976.46875},"point_estimate":20968.736283225575,"standard_error":5.02952236820914},"median_abs_dev":{"confidence_interval":{"confidence_level":0.95,"lower_bound":26.869569660400426,"upper_bound":42.55993107329864},"point_estimate":35.5187435346174,"standard_error":4.109601884176228},"slope":{"confidence_interval":{"confidence_level":0.95,"lower_bound":20971.99305299636,"upper_bound":20990.075991735943},"point_estimate":20980.564647184867,"standard_error":4.618121944348302},"std_dev":{"confidence_interval":{"confidence_level":0.95,"lower_bound":33.36850896448062,"upper_bound":62.63096065293607},"point_estimate":47.509330406321055,"standard_error":7.844248831866719}}