{"mean":{"confidence_interval":{"confidence_level":0.95,"lower_bound":19558.46755012396,"upper_bound":19596.607916620786},"point_estimate":19576.58479950439,"standard_error":9.778028699016874},"median":{"confidence_interval":{"confidence_level":0.95,"lower_bound":19545.522053872053,"upper_bound":19570.66119047619},"point_estimate":19554.78319327731,"standard_error":6.281729740880028},"median_abs_dev":{"confidence_interval":{"confidence_level":0.95,"lower_bound":46.70724225237976,"upper_bound":77.15414265046748},"point_estimate":59.681060043391376,"standard_error":7.465713050313071},"slope":{"confidence_interval":{"confidence_level":0.95,"lower_bound":19564.983233301504,"upper_bound":19596.580937868694},"point_estimate":19580.2701672824,"standard_error":8.06699960882795},"std_dev":{"confidence_interval":{"confidence_level":0.95,"lower_bound":69.56372728585353,"upper_bound":122.83295342159062},"point_estimate":98.25759924189437,"standard_error":13.617509007633009}}