{"mean":{"confidence_interval":{"confidence_level":0.95,"lower_bound":17190.823018598756,"upper_bound":17206.254701107115},"point_estimate":17198.038157234463,"standard_error":3.923326829683665},"median":{"confidence_interval":{"confidence_level":0.95,"lower_bound":17189.277901785714,"upper_bound":17201.023351648353},"point_estimate":17194.565465918895,"standard_error":2.9876389335812865},"median_abs_dev":{"confidence_interval":{"confidence_level":0.95,"lower_bound":18.591904734923073,"upper_bound":28.792679822161183},"point_estimate":24.15357802657942,"standard_error":2.5841917684549904},"slope":{"confidence_interval":{"confidence_level":0.95,"lower_bound":17192.06564104693,"upper_bound":17203.90850851624},"point_estimate":17197.65000073888,"standard_error":3.038670807482795},"std_dev":{"confidence_interval":{"confidence_level":0.95,"lower_bound":22.724197014735847,"upper_bound":56.98966769673251},"point_estimate":39.45353483993723,"standard_error":9.416209097098378}}