{"mean":{"confidence_interval":{"confidence_level":0.95,"lower_bound":19582.854086407307,"upper_bound":19604.284743831897},"point_estimate":19593.487577584936,"standard_error":5.466448790692635},"median":{"confidence_interval":{"confidence_level":0.95,"lower_bound":19578.431034482757,"upper_bound":19600.867741935486},"point_estimate":19591.166161616162,"standard_error":5.499807702183947},"median_abs_dev":{"confidence_interval":{"confidence_level":0.95,"lower_bound":35.50329499208513,"upper_bound":63.43169095912457},"point_estimate":47.599146710503284,"standard_error":7.144445323636567},"slope":{"confidence_interval":{"confidence_level":0.95,"lower_bound":19580.826512349267,"upper_bound":19605.96965010988},"point_estimate":19592.631048913845,"standard_error":6.435384541842141},"std_dev":{"confidence_interval":{"confidence_level":0.95,"lower_bound":46.46753058138383,"upper_bound":62.11651266097903},"point_estimate":54.76768579804125,"standard_error":4.003906006976258}}