{"mean":{"confidence_interval":{"confidence_level":0.95,"lower_bound":25174.24347400478,"upper_bound":25200.70892735481},"point_estimate":25186.341184507244,"standard_error":6.747959552472518},"median":{"confidence_interval":{"confidence_level":0.95,"lower_bound":25169.57453416149,"upper_bound":25193.810084033612},"point_estimate":25182.96472052655,"standard_error":6.821832287128532},"median_abs_dev":{"confidence_interval":{"confidence_level":0.95,"lower_bound":30.430537074206196,"upper_bound":47.605718779202576},"point_estimate":36.99929472049086,"standard_error":4.377347097320778},"slope":{"confidence_interval":{"confidence_level":0.95,"lower_bound":25179.339117296062,"upper_bound":25194.294552247313},"point_estimate":25186.951781122676,"standard_error":3.817796689249966},"std_dev":{"confidence_interval":{"confidence_level":0.95,"lower_bound":39.31682595108486,"upper_bound":98.62219483036695},"point_estimate":67.7289477800431,"standard_error":16.971075511787372}}