{"mean":{"confidence_interval":{"confidence_level":0.95,"lower_bound":19428.220514824374,"upper_bound":19543.452839605525},"point_estimate":19488.610569226435,"standard_error":29.41116291433848},"median":{"confidence_interval":{"confidence_level":0.95,"lower_bound":19548.937765293384,"upper_bound":19578.17785714286},"point_estimate":19567.310003419974,"standard_error":8.299972333548045},"median_abs_dev":{"confidence_interval":{"confidence_level":0.95,"lower_bound":52.1929745279347,"upper_bound":98.13156648003782},"point_estimate":71.67805296154901,"standard_error":11.639082970953677},"slope":{"confidence_interval":{"confidence_level":0.95,"lower_bound":19232.201289250457,"upper_bound":19434.506796914837},"point_estimate":19334.68888370031,"standard_error":51.64629594157709},"std_dev":{"confidence_interval":{"confidence_level":0.95,"lower_bound":208.85051688264562,"upper_bound":368.14050266944423},"point_estimate":295.49997891026953,"standard_error":40.6963504105037}}