{"mean":{"confidence_interval":{"confidence_level":0.95,"lower_bound":19584.85024338667,"upper_bound":19629.771435006758},"point_estimate":19605.035600543477,"standard_error":11.49449133453408},"median":{"confidence_interval":{"confidence_level":0.95,"lower_bound":19576.893333333333,"upper_bound":19593.890909090907},"point_estimate":19586.630068421837,"standard_error":4.106413329694954},"median_abs_dev":{"confidence_interval":{"confidence_level":0.95,"lower_bound":28.966723886143196,"upper_bound":72.3013340933279},"point_estimate":44.44702978119887,"standard_error":11.247149198528723},"slope":{"confidence_interval":{"confidence_level":0.95,"lower_bound":19587.43228459793,"upper_bound":19610.08122100158},"point_estimate":19597.84262538791,"standard_error":5.79349058260499},"std_dev":{"confidence_interval":{"confidence_level":0.95,"lower_bound":61.12536096234852,"upper_bound":167.82870845195424},"point_estimate":115.58794364640268,"standard_error":28.513311398489236}}