{"mean":{"confidence_interval":{"confidence_level":0.95,"lower_bound":23255.923855516663,"upper_bound":23856.628570684898},"point_estimate":23550.205965165518,"standard_error":152.73137778483843},"median":{"confidence_interval":{"confidence_level":0.95,"lower_bound":23315.920746734577,"upper_bound":23819.430402930404},"point_estimate":23556.251904761906,"standard_error":141.40501102392105},"median_abs_dev":{"confidence_interval":{"confidence_level":0.95,"lower_bound":943.7715387844407,"upper_bound":1834.2417275738485},"point_estimate":1398.668413583304,"standard_error":234.95782982143044},"slope":{"confidence_interval":{"confidence_level":0.95,"lower_bound":23483.541020733075,"upper_bound":24064.488042475386},"point_estimate":23770.707977791382,"standard_error":147.94380038114681},"std_dev":{"confidence_interval":{"confidence_level":0.95,"lower_bound":1235.5700255167867,"upper_bound":1843.7166320376068},"point_estimate":1531.867403213278,"standard_error":157.20078535513426}}