{"mean":{"confidence_interval":{"confidence_level":0.95,"lower_bound":19582.882529008668,"upper_bound":19876.702458228876},"point_estimate":19686.1635336365,"standard_error":89.60254495037098},"median":{"confidence_interval":{"confidence_level":0.95,"lower_bound":19569.90392473118,"upper_bound":19588.254166666666},"point_estimate":19576.698319400908,"standard_error":5.059250658689607},"median_abs_dev":{"confidence_interval":{"confidence_level":0.95,"lower_bound":34.812917061683606,"upper_bound":64.79038943186231},"point_estimate":46.96855643300346,"standard_error":7.649997892906706},"slope":{"confidence_interval":{"confidence_level":0.95,"lower_bound":19580.68512012304,"upper_bound":20406.95839565069},"point_estimate":19843.70497473031,"standard_error":247.50686358017003},"std_dev":{"confidence_interval":{"confidence_level":0.95,"lower_bound":75.28830797999086,"upper_bound":1533.6350313402886},"point_estimate":897.3206824625739,"standard_error":519.5581934253098}}