{"mean":{"confidence_interval":{"confidence_level":0.95,"lower_bound":24193.213853586145,"upper_bound":24811.13501048402},"point_estimate":24476.216803933494,"standard_error":158.14265500577156},"median":{"confidence_interval":{"confidence_level":0.95,"lower_bound":24046.079365079364,"upper_bound":24404.410338088725},"point_estimate":24210.130208333336,"standard_error":102.51414428429553},"median_abs_dev":{"confidence_interval":{"confidence_level":0.95,"lower_bound":536.1308515460966,"upper_bound":1045.8465290515608},"point_estimate":712.5743037717035,"standard_error":133.77272073969266},"slope":{"confidence_interval":{"confidence_level":0.95,"lower_bound":24449.047625165884,"upper_bound":25390.26384504992},"point_estimate":24861.07222191729,"standard_error":242.81026835922157},"std_dev":{"confidence_interval":{"confidence_level":0.95,"lower_bound":870.2941079855214,"upper_bound":2236.0944129214845},"point_estimate":1590.15449151301,"standard_error":358.2885415665588}}