{"mean":{"confidence_interval":{"confidence_level":0.95,"lower_bound":19571.846716066106,"upper_bound":19599.320964020022},"point_estimate":19584.92406183333,"standard_error":7.036938706658816},"median":{"confidence_interval":{"confidence_level":0.95,"lower_bound":19573.416666666668,"upper_bound":19590.74160125589},"point_estimate":19585.350149925038,"standard_error":4.378380147020556},"median_abs_dev":{"confidence_interval":{"confidence_level":0.95,"lower_bound":29.032795955151613,"upper_bound":57.07128632943763},"point_estimate":39.24098574426909,"standard_error":7.784662440288045},"slope":{"confidence_interval":{"confidence_level":0.95,"lower_bound":19586.514272592463,"upper_bound":19611.465566772902},"point_estimate":19598.156020393086,"standard_error":6.389977073992873},"std_dev":{"confidence_interval":{"confidence_level":0.95,"lower_bound":49.124530849700065,"upper_bound":91.24313986942273},"point_estimate":70.78374949718444,"standard_error":10.89675273354429}}