{"mean":{"confidence_interval":{"confidence_level":0.95,"lower_bound":25777.475160842627,"upper_bound":26202.25278602008},"point_estimate":25983.993365048296,"standard_error":108.30722785806927},"median":{"confidence_interval":{"confidence_level":0.95,"lower_bound":25748.98063973064,"upper_bound":26032.746493442737},"point_estimate":25832.30454033579,"standard_error":78.85913281796948},"median_abs_dev":{"confidence_interval":{"confidence_level":0.95,"lower_bound":576.4755851064203,"upper_bound":1010.9135376082531},"point_estimate":781.7209303192626,"standard_error":112.6580333630517},"slope":{"confidence_interval":{"confidence_level":0.95,"lower_bound":25755.397237494544,"upper_bound":26232.80544285738},"point_estimate":25983.622572779666,"standard_error":122.51757848058571},"std_dev":{"confidence_interval":{"confidence_level":0.95,"lower_bound":834.4215464764495,"upper_bound":1327.0466619572649},"point_estimate":1091.6102794403625,"standard_error":126.27932040380975}}