{"mean":{"confidence_interval":{"confidence_level":0.95,"lower_bound":134714.1495179652,"upper_bound":135023.1056598903},"point_estimate":134861.8936109678,"standard_error":78.76147441855628},"median":{"confidence_interval":{"confidence_level":0.95,"lower_bound":134584.475,"upper_bound":134751.97855201864},"point_estimate":134685.5474783294,"standard_error":42.46907024232945},"median_abs_dev":{"confidence_interval":{"confidence_level":0.95,"lower_bound":308.26318443110057,"upper_bound":544.7761061218362},"point_estimate":395.5625622978159,"standard_error":59.00051508548292},"slope":{"confidence_interval":{"confidence_level":0.95,"lower_bound":134816.50819236235,"upper_bound":135309.80473004963},"point_estimate":135054.33320673858,"standard_error":125.55707734464882},"std_dev":{"confidence_interval":{"confidence_level":0.95,"lower_bound":594.3302931480495,"upper_bound":959.0679422220833},"point_estimate":792.0449890784436,"standard_error":92.92426644491519}}