{"mean":{"confidence_interval":{"confidence_level":0.95,"lower_bound":25184.32170918162,"upper_bound":25207.382124331525},"point_estimate":25195.145001275032,"standard_error":5.912766364229542},"median":{"confidence_interval":{"confidence_level":0.95,"lower_bound":25177.062268089052,"upper_bound":25197.24623636689},"point_estimate":25184.763701855165,"standard_error":5.323576341117752},"median_abs_dev":{"confidence_interval":{"confidence_level":0.95,"lower_bound":28.281147394947606,"upper_bound":50.7131811760737},"point_estimate":40.439386704473776,"standard_error":5.775723168876618},"slope":{"confidence_interval":{"confidence_level":0.95,"lower_bound":25185.946321615844,"upper_bound":25200.659590472213},"point_estimate":25193.104122949608,"standard_error":3.762351765607234},"std_dev":{"confidence_interval":{"confidence_level":0.95,"lower_bound":39.612553290491405,"upper_bound":77.23644989277257},"point_estimate":59.20254719572783,"standard_error":9.680877733349543}}