{"mean":{"confidence_interval":{"confidence_level":0.95,"lower_bound":19680.697385159103,"upper_bound":20287.819256101604},"point_estimate":19931.805350774222,"standard_error":157.87654229250313},"median":{"confidence_interval":{"confidence_level":0.95,"lower_bound":19475.321259469696,"upper_bound":19783.0546875},"point_estimate":19607.478125,"standard_error":76.9073998938842},"median_abs_dev":{"confidence_interval":{"confidence_level":0.95,"lower_bound":467.1052365153109,"upper_bound":812.3893001032155},"point_estimate":668.8499655115197,"standard_error":87.04041020282487},"slope":{"confidence_interval":{"confidence_level":0.95,"lower_bound":19632.803802823884,"upper_bound":20057.20681551693},"point_estimate":19826.835841953598,"standard_error":108.46323292711398},"std_dev":{"confidence_interval":{"confidence_level":0.95,"lower_bound":655.2441331054484,"upper_bound":2512.822559710866},"point_estimate":1582.7179417579596,"standard_error":603.9675847493679}}