{"mean":{"confidence_interval":{"confidence_level":0.95,"lower_bound":20960.14818839668,"upper_bound":20979.99227042661},"point_estimate":20969.432862712063,"standard_error":5.074621504620325},"median":{"confidence_interval":{"confidence_level":0.95,"lower_bound":20952.548828125,"upper_bound":20971.57244318182},"point_estimate":20963.53050595238,"standard_error":4.856868169740382},"median_abs_dev":{"confidence_interval":{"confidence_level":0.95,"lower_bound":28.282029889459867,"upper_bound":45.19308085196923},"point_estimate":37.06780729646041,"standard_error":4.363552959947169},"slope":{"confidence_interval":{"confidence_level":0.95,"lower_bound":20966.52726511982,"upper_bound":20979.854757169272},"point_estimate":20973.02932651101,"standard_error":3.4053948834636314},"std_dev":{"confidence_interval":{"confidence_level":0.95,"lower_bound":34.37523839190871,"upper_bound":69.083075171619},"point_estimate":50.974261803908504,"standard_error":9.349517210583707}}