{"mean":{"confidence_interval":{"confidence_level":0.95,"lower_bound":17345.601290633942,"upper_bound":17382.11085634858},"point_estimate":17361.395642335836,"standard_error":9.433154828174711},"median":{"confidence_interval":{"confidence_level":0.95,"lower_bound":17334.030898876405,"upper_bound":17348.797794117647},"point_estimate":17341.13409090909,"standard_error":3.825533055909843},"median_abs_dev":{"confidence_interval":{"confidence_level":0.95,"lower_bound":17.649713261215044,"upper_bound":32.102501361883085},"point_estimate":23.573957331476834,"standard_error":3.7507160768325507},"slope":{"confidence_interval":{"confidence_level":0.95,"lower_bound":17342.074112239687,"upper_bound":17370.942669681917},"point_estimate":17353.927898625683,"standard_error":7.465390604131861},"std_dev":{"confidence_interval":{"confidence_level":0.95,"lower_bound":36.78446365741443,"upper_bound":145.38705208417338},"point_estimate":94.64773422484002,"standard_error":29.382670254462724}}