{"mean":{"confidence_interval":{"confidence_level":0.95,"lower_bound":19547.334559070063,"upper_bound":19583.18928224812},"point_estimate":19563.817364791412,"standard_error":9.13768326082686},"median":{"confidence_interval":{"confidence_level":0.95,"lower_bound":19533.342226027395,"upper_bound":19561.475531914894},"point_estimate":19543.41008739076,"standard_error":7.150048780827008},"median_abs_dev":{"confidence_interval":{"confidence_level":0.95,"lower_bound":36.09157063486805,"upper_bound":65.08137587806574},"point_estimate":46.88487685449762,"standard_error":7.48622546070329},"slope":{"confidence_interval":{"confidence_level":0.95,"lower_bound":19542.390326418237,"upper_bound":19567.62440767767},"point_estimate":19553.982578986255,"standard_error":6.443875013612022},"std_dev":{"confidence_interval":{"confidence_level":0.95,"lower_bound":56.15731683175357,"upper_bound":128.2677706233264},"point_estimate":91.86439629298832,"standard_error":19.187098231590294}}