{"mean":{"confidence_interval":{"confidence_level":0.95,"lower_bound":22936.43596549235,"upper_bound":23263.22095377141},"point_estimate":23093.35034435856,"standard_error":83.3422542756517},"median":{"confidence_interval":{"confidence_level":0.95,"lower_bound":22774.363636363636,"upper_bound":23115.455357142855},"point_estimate":22931.880816326528,"standard_error":88.76952331640923},"median_abs_dev":{"confidence_interval":{"confidence_level":0.95,"lower_bound":392.91617402434366,"upper_bound":738.5041037493936},"point_estimate":554.6928521284198,"standard_error":92.71067759027356},"slope":{"confidence_interval":{"confidence_level":0.95,"lower_bound":23014.526219453463,"upper_bound":23328.537717783332},"point_estimate":23166.94296016382,"standard_error":79.89856139259985},"std_dev":{"confidence_interval":{"confidence_level":0.95,"lower_bound":621.3552573479583,"upper_bound":1045.1762422441973},"point_estimate":838.1652214745268,"standard_error":109.27177919247085}}