{"mean":{"confidence_interval":{"confidence_level":0.95,"lower_bound":19539.711512449234,"upper_bound":19633.99534102264},"point_estimate":19581.27194566205,"standard_error":24.318952877503115},"median":{"confidence_interval":{"confidence_level":0.95,"lower_bound":19527.82925925926,"upper_bound":19541.924242424244},"point_estimate":19535.84088652482,"standard_error":4.165230998377355},"median_abs_dev":{"confidence_interval":{"confidence_level":0.95,"lower_bound":34.8058158095638,"upper_bound":71.05249178856616},"point_estimate":53.25349696153792,"standard_error":9.014862105642969},"slope":{"confidence_interval":{"confidence_level":0.95,"lower_bound":19530.80526746328,"upper_bound":19681.748447589736},"point_estimate":19597.723329097087,"standard_error":38.46598816221239},"std_dev":{"confidence_interval":{"confidence_level":0.95,"lower_bound":97.73348838834724,"upper_bound":349.4403459890029},"point_estimate":244.46030293419915,"standard_error":62.64606997021635}}