{"mean":{"confidence_interval":{"confidence_level":0.95,"lower_bound":19559.366517923794,"upper_bound":19612.88937071547},"point_estimate":19582.47438526269,"standard_error":13.791978378784497},"median":{"confidence_interval":{"confidence_level":0.95,"lower_bound":19548.15081967213,"upper_bound":19577.436734693878},"point_estimate":19556.18776088253,"standard_error":7.774277781662327},"median_abs_dev":{"confidence_interval":{"confidence_level":0.95,"lower_bound":35.48165324824004,"upper_bound":63.87670982981541},"point_estimate":48.20052685983175,"standard_error":7.239877852469717},"slope":{"confidence_interval":{"confidence_level":0.95,"lower_bound":19569.2515273803,"upper_bound":19601.116599760313},"point_estimate":19583.941637062213,"standard_error":8.151206008101054},"std_dev":{"confidence_interval":{"confidence_level":0.95,"lower_bound":56.75673095352337,"upper_bound":212.93992700756544},"point_estimate":138.77904259478683,"standard_error":43.97812044613913}}