{"mean":{"confidence_interval":{"confidence_level":0.95,"lower_bound":19588.6822256656,"upper_bound":19610.143073374096},"point_estimate":19599.275798621158,"standard_error":5.460473342002274},"median":{"confidence_interval":{"confidence_level":0.95,"lower_bound":19583.51875,"upper_bound":19603.77023809524},"point_estimate":19597.78627873563,"standard_error":4.671483925688606},"median_abs_dev":{"confidence_interval":{"confidence_level":0.95,"lower_bound":40.0162153341937,"upper_bound":66.10135850900798},"point_estimate":50.05223481238837,"standard_error":6.2133349430588884},"slope":{"confidence_interval":{"confidence_level":0.95,"lower_bound":19587.00759524553,"upper_bound":19606.731764136526},"point_estimate":19596.63850362051,"standard_error":5.040842905412971},"std_dev":{"confidence_interval":{"confidence_level":0.95,"lower_bound":45.21306308106777,"upper_bound":64.49357038225459},"point_estimate":54.97783248148686,"standard_error":4.943879677915276}}