{"mean":{"confidence_interval":{"confidence_level":0.95,"lower_bound":24748.759274849614,"upper_bound":25387.52967867812},"point_estimate":25044.19886214703,"standard_error":162.14751124834513},"median":{"confidence_interval":{"confidence_level":0.95,"lower_bound":24515.715584415586,"upper_bound":24970.030497592295},"point_estimate":24748.892542159334,"standard_error":113.98670579952483},"median_abs_dev":{"confidence_interval":{"confidence_level":0.95,"lower_bound":760.3556361730851,"upper_bound":1320.9138421740931},"point_estimate":1003.8570828190005,"standard_error":145.93901295336198},"slope":{"confidence_interval":{"confidence_level":0.95,"lower_bound":24562.758172848622,"upper_bound":25540.248866104674},"point_estimate":25008.510196119827,"standard_error":250.91147127928048},"std_dev":{"confidence_interval":{"confidence_level":0.95,"lower_bound":1034.5311281563004,"upper_bound":2232.0804364248106},"point_estimate":1633.2503416404968,"standard_error":314.2593878096368}}