{"mean":{"confidence_interval":{"confidence_level":0.95,"lower_bound":19586.35710210349,"upper_bound":19650.000156434966},"point_estimate":19613.356995805018,"standard_error":16.494876455531866},"median":{"confidence_interval":{"confidence_level":0.95,"lower_bound":19568.642168674698,"upper_bound":19601.332558139533},"point_estimate":19584.621790235084,"standard_error":8.417250052974213},"median_abs_dev":{"confidence_interval":{"confidence_level":0.95,"lower_bound":44.24741934702711,"upper_bound":71.40099612266326},"point_estimate":58.59340325722408,"standard_error":6.847835708128666},"slope":{"confidence_interval":{"confidence_level":0.95,"lower_bound":19584.27049495878,"upper_bound":19616.275646569797},"point_estimate":19599.303015516478,"standard_error":8.150545704543681},"std_dev":{"confidence_interval":{"confidence_level":0.95,"lower_bound":70.75916344703032,"upper_bound":259.05044287928763},"point_estimate":165.66552642830317,"standard_error":58.470942621468225}}