{"mean":{"confidence_interval":{"confidence_level":0.95,"lower_bound":20925.340257549684,"upper_bound":20941.775203532696},"point_estimate":20933.300605417277,"standard_error":4.197201228884409},"median":{"confidence_interval":{"confidence_level":0.95,"lower_bound":20917.168421052633,"upper_bound":20941.596875000003},"point_estimate":20925.049253856472,"standard_error":6.657673949888736},"median_abs_dev":{"confidence_interval":{"confidence_level":0.95,"lower_bound":31.770474628269202,"upper_bound":50.03688737637422},"point_estimate":42.13364110937368,"standard_error":4.638436468446355},"slope":{"confidence_interval":{"confidence_level":0.95,"lower_bound":20929.55539977758,"upper_bound":20950.849194532286},"point_estimate":20939.090462538792,"standard_error":5.474458623320615},"std_dev":{"confidence_interval":{"confidence_level":0.95,"lower_bound":33.8683538814885,"upper_bound":50.45046205510779},"point_estimate":42.213931929824774,"standard_error":4.269435703269816}}