{"mean":{"confidence_interval":{"confidence_level":0.95,"lower_bound":19660.41492250722,"upper_bound":19696.31753474907},"point_estimate":19677.169724249197,"standard_error":9.16438090378856},"median":{"confidence_interval":{"confidence_level":0.95,"lower_bound":19650.992845394736,"upper_bound":19668.668421052633},"point_estimate":19658.709821428572,"standard_error":5.023010727885093},"median_abs_dev":{"confidence_interval":{"confidence_level":0.95,"lower_bound":35.63451747419535,"upper_bound":55.433862864758645},"point_estimate":45.25273315674872,"standard_error":5.095929175508862},"slope":{"confidence_interval":{"confidence_level":0.95,"lower_bound":19658.310210443604,"upper_bound":19686.83011985885},"point_estimate":19671.64053879119,"standard_error":7.285970193363259},"std_dev":{"confidence_interval":{"confidence_level":0.95,"lower_bound":58.37554506914703,"upper_bound":120.35107830283494},"point_estimate":91.80351032645223,"standard_error":15.826431941954262}}