{"mean":{"confidence_interval":{"confidence_level":0.95,"lower_bound":19551.454573049185,"upper_bound":19592.67944120847},"point_estimate":19571.002034737823,"standard_error":10.535011677172095},"median":{"confidence_interval":{"confidence_level":0.95,"lower_bound":19538.699209770115,"upper_bound":19566.10714285714},"point_estimate":19548.116984126984,"standard_error":7.75518629662809},"median_abs_dev":{"confidence_interval":{"confidence_level":0.95,"lower_bound":43.985398832863545,"upper_bound":82.64414686933239},"point_estimate":57.83351014256726,"standard_error":9.338632183197364},"slope":{"confidence_interval":{"confidence_level":0.95,"lower_bound":19551.76061991485,"upper_bound":19585.760946266902},"point_estimate":19567.463873208217,"standard_error":8.671309263472544},"std_dev":{"confidence_interval":{"confidence_level":0.95,"lower_bound":76.10390528887494,"upper_bound":133.5639763372436},"point_estimate":106.04596665921274,"standard_error":14.7701488985341}}