{"mean":{"confidence_interval":{"confidence_level":0.95,"lower_bound":11647.296925375813,"upper_bound":11754.744600776909},"point_estimate":11700.376019547139,"standard_error":27.407365094597914},"median":{"confidence_interval":{"confidence_level":0.95,"lower_bound":11526.269956458636,"upper_bound":11754.272727272728},"point_estimate":11715.93285937532,"standard_error":72.0786241226866},"median_abs_dev":{"confidence_interval":{"confidence_level":0.95,"lower_bound":185.5884152507874,"upper_bound":405.102229524017},"point_estimate":358.7092912427487,"standard_error":62.43347365715875},"slope":{"confidence_interval":{"confidence_level":0.95,"lower_bound":11607.679878355864,"upper_bound":11690.028975709236},"point_estimate":11649.714139204965,"standard_error":20.967538826097503},"std_dev":{"confidence_interval":{"confidence_level":0.95,"lower_bound":243.1811118224205,"upper_bound":302.73237156666187},"point_estimate":275.02500723717503,"standard_error":15.216050376981821}}