{"mean":{"confidence_interval":{"confidence_level":0.95,"lower_bound":14716.958491472878,"upper_bound":14817.307454173506},"point_estimate":14765.618388739906,"standard_error":25.564578601025392},"median":{"confidence_interval":{"confidence_level":0.95,"lower_bound":14651.81090909091,"upper_bound":14668.934375},"point_estimate":14660.854913728432,"standard_error":4.250376949708846},"median_abs_dev":{"confidence_interval":{"confidence_level":0.95,"lower_bound":37.397253797605586,"upper_bound":74.00023680311709},"point_estimate":53.323076375841836,"standard_error":8.795662718258225},"slope":{"confidence_interval":{"confidence_level":0.95,"lower_bound":14651.692505080337,"upper_bound":14670.305908154522},"point_estimate":14660.892689227132,"standard_error":4.727975257738816},"std_dev":{"confidence_interval":{"confidence_level":0.95,"lower_bound":212.72341748629438,"upper_bound":290.1437543926567},"point_estimate":256.3141030478303,"standard_error":19.831619885833167}}