{"mean":{"confidence_interval":{"confidence_level":0.95,"lower_bound":11638.817932271293,"upper_bound":11730.596144034875},"point_estimate":11684.581923034091,"standard_error":23.420491996166223},"median":{"confidence_interval":{"confidence_level":0.95,"lower_bound":11537.719457013574,"upper_bound":11756.60064935065},"point_estimate":11700.614841083854,"standard_error":69.58883775752096},"median_abs_dev":{"confidence_interval":{"confidence_level":0.95,"lower_bound":182.05994208492788,"upper_bound":346.06757579080494},"point_estimate":296.4094931262801,"standard_error":44.492696469831365},"slope":{"confidence_interval":{"confidence_level":0.95,"lower_bound":11609.264527997952,"upper_bound":11679.344578630536},"point_estimate":11646.252348614884,"standard_error":17.880484949668347},"std_dev":{"confidence_interval":{"confidence_level":0.95,"lower_bound":209.94295047180236,"upper_bound":256.21197926764046},"point_estimate":234.6614664119245,"standard_error":11.810103375621932}}