{"mean":{"confidence_interval":{"confidence_level":0.95,"lower_bound":11565.406052450486,"upper_bound":11701.833849036013},"point_estimate":11631.346944584959,"standard_error":34.82261602198163},"median":{"confidence_interval":{"confidence_level":0.95,"lower_bound":11406.20234483826,"upper_bound":11681.242165242165},"point_estimate":11648.616779951371,"standard_error":76.0513966161797},"median_abs_dev":{"confidence_interval":{"confidence_level":0.95,"lower_bound":239.40037487420747,"upper_bound":481.5121411650435},"point_estimate":442.008502598906,"standard_error":69.86807564602071},"slope":{"confidence_interval":{"confidence_level":0.95,"lower_bound":11523.215505057495,"upper_bound":11722.930020914442},"point_estimate":11606.758662513783,"standard_error":52.84109435982044},"std_dev":{"confidence_interval":{"confidence_level":0.95,"lower_bound":280.3682415119129,"upper_bound":432.2958517733208},"point_estimate":350.7511548793301,"standard_error":40.624875437725684}}