{"mean":{"confidence_interval":{"confidence_level":0.95,"lower_bound":14656.962843420222,"upper_bound":14742.978071371143},"point_estimate":14698.716433725553,"standard_error":21.9423631397992},"median":{"confidence_interval":{"confidence_level":0.95,"lower_bound":14598.336645493044,"upper_bound":14622.901735092864},"point_estimate":14614.469116541353,"standard_error":6.129017084470727},"median_abs_dev":{"confidence_interval":{"confidence_level":0.95,"lower_bound":36.693013227808414,"upper_bound":79.24752800927085},"point_estimate":52.44636545715082,"standard_error":10.523437228610575},"slope":{"confidence_interval":{"confidence_level":0.95,"lower_bound":14601.964381350921,"upper_bound":14623.204030693943},"point_estimate":14612.079126348455,"standard_error":5.440142123697945},"std_dev":{"confidence_interval":{"confidence_level":0.95,"lower_bound":181.77679461081306,"upper_bound":250.61833692559907},"point_estimate":220.24948224470762,"standard_error":17.55045763361159}}