{"mean":{"confidence_interval":{"confidence_level":0.95,"lower_bound":11616.755935781457,"upper_bound":11717.034379551165},"point_estimate":11666.602682906867,"standard_error":25.555493956401957},"median":{"confidence_interval":{"confidence_level":0.95,"lower_bound":11514.375488917862,"upper_bound":11728.11396011396},"point_estimate":11691.7642706379,"standard_error":54.69120172750995},"median_abs_dev":{"confidence_interval":{"confidence_level":0.95,"lower_bound":225.3370868910555,"upper_bound":411.46441277311857},"point_estimate":366.97747754353355,"standard_error":48.99730775959044},"slope":{"confidence_interval":{"confidence_level":0.95,"lower_bound":11572.666322467274,"upper_bound":11650.999417639377},"point_estimate":11614.184631753646,"standard_error":19.946469446142967},"std_dev":{"confidence_interval":{"confidence_level":0.95,"lower_bound":229.87001409281197,"upper_bound":278.6057045639915},"point_estimate":256.17697314059626,"standard_error":12.39435805925474}}