{"mean":{"confidence_interval":{"confidence_level":0.95,"lower_bound":11715.324423098327,"upper_bound":11887.548657279543},"point_estimate":11796.022448707117,"standard_error":43.87050512232021},"median":{"confidence_interval":{"confidence_level":0.95,"lower_bound":11561.385856079405,"upper_bound":11767.172984467456},"point_estimate":11738.358060742676,"standard_error":52.18711498624333},"median_abs_dev":{"confidence_interval":{"confidence_level":0.95,"lower_bound":229.4930982615874,"upper_bound":460.49187268155447},"point_estimate":380.93459393177665,"standard_error":56.869504036069664},"slope":{"confidence_interval":{"confidence_level":0.95,"lower_bound":11643.79167516068,"upper_bound":11754.945148583447},"point_estimate":11695.779448681951,"standard_error":28.157386639455723},"std_dev":{"confidence_interval":{"confidence_level":0.95,"lower_bound":309.43696462687114,"upper_bound":594.3081954967719},"point_estimate":440.4723742894455,"standard_error":81.10802768201629}}