{"mean":{"confidence_interval":{"confidence_level":0.95,"lower_bound":14649.855631682545,"upper_bound":14934.307063461096},"point_estimate":14759.034435462456,"standard_error":76.4982260641688},"median":{"confidence_interval":{"confidence_level":0.95,"lower_bound":14562.467272727272,"upper_bound":14592.176498335182},"point_estimate":14577.286428571428,"standard_error":8.716079249535003},"median_abs_dev":{"confidence_interval":{"confidence_level":0.95,"lower_bound":35.57476052433475,"upper_bound":75.71382462145068},"point_estimate":50.3364844856584,"standard_error":10.566838859542537},"slope":{"confidence_interval":{"confidence_level":0.95,"lower_bound":14559.730603763779,"upper_bound":14626.889712959884},"point_estimate":14582.625131372839,"standard_error":18.226745486324976},"std_dev":{"confidence_interval":{"confidence_level":0.95,"lower_bound":218.61070247246295,"upper_bound":1273.3420251270422},"point_estimate":768.7388770001346,"standard_error":359.3229408570306}}