{"mean":{"confidence_interval":{"confidence_level":0.95,"lower_bound":11598.514584984014,"upper_bound":11730.131231326268},"point_estimate":11660.103597174879,"standard_error":33.5072667353586},"median":{"confidence_interval":{"confidence_level":0.95,"lower_bound":11457.524940859777,"upper_bound":11729.609958634042},"point_estimate":11692.256868131868,"standard_error":75.01643319856184},"median_abs_dev":{"confidence_interval":{"confidence_level":0.95,"lower_bound":244.53250570063864,"upper_bound":419.11960129880526},"point_estimate":377.23111846197787,"standard_error":47.47186697634081},"slope":{"confidence_interval":{"confidence_level":0.95,"lower_bound":11575.382546998617,"upper_bound":11796.332066759875},"point_estimate":11666.409242363961,"standard_error":58.75505717569808},"std_dev":{"confidence_interval":{"confidence_level":0.95,"lower_bound":239.2701265986355,"upper_bound":457.90355499851495},"point_estimate":337.1015551649486,"standard_error":64.36540175801791}}