{"mean":{"confidence_interval":{"confidence_level":0.95,"lower_bound":11639.443615997914,"upper_bound":11734.35035510247},"point_estimate":11686.730075259184,"standard_error":24.20345422519676},"median":{"confidence_interval":{"confidence_level":0.95,"lower_bound":11525.78947368421,"upper_bound":11805.105882352942},"point_estimate":11741.53481767275,"standard_error":90.69707620667748},"median_abs_dev":{"confidence_interval":{"confidence_level":0.95,"lower_bound":203.02508809599036,"upper_bound":379.38095044412864},"point_estimate":333.9661966173342,"standard_error":43.14642279396125},"slope":{"confidence_interval":{"confidence_level":0.95,"lower_bound":11632.946730328078,"upper_bound":11724.571910900537},"point_estimate":11681.795483966307,"standard_error":23.443244134323184},"std_dev":{"confidence_interval":{"confidence_level":0.95,"lower_bound":218.83545368868417,"upper_bound":267.4329711645624},"point_estimate":244.31124995515458,"standard_error":12.398795608791415}}