{"mean":{"confidence_interval":{"confidence_level":0.95,"lower_bound":14699.209633031362,"upper_bound":14810.748806629861},"point_estimate":14753.30894476514,"standard_error":28.643409433704885},"median":{"confidence_interval":{"confidence_level":0.95,"lower_bound":14608.85846153846,"upper_bound":14647.467857142858},"point_estimate":14624.334868421054,"standard_error":10.890359475080123},"median_abs_dev":{"confidence_interval":{"confidence_level":0.95,"lower_bound":43.96614694349457,"upper_bound":90.68326635758312},"point_estimate":53.65326620189559,"standard_error":13.00537012192619},"slope":{"confidence_interval":{"confidence_level":0.95,"lower_bound":14613.51070815585,"upper_bound":14633.659210909056},"point_estimate":14623.01799231565,"standard_error":5.155073045248855},"std_dev":{"confidence_interval":{"confidence_level":0.95,"lower_bound":238.38117201179242,"upper_bound":325.38423410205144},"point_estimate":287.6194131269541,"standard_error":22.26159030096793}}