{"mean":{"confidence_interval":{"confidence_level":0.95,"lower_bound":11606.849211654033,"upper_bound":11721.42972585373},"point_estimate":11663.197679462484,"standard_error":29.228213219220677},"median":{"confidence_interval":{"confidence_level":0.95,"lower_bound":11466.145367599602,"upper_bound":11755.473526473526},"point_estimate":11694.37137561234,"standard_error":99.82434568453208},"median_abs_dev":{"confidence_interval":{"confidence_level":0.95,"lower_bound":158.02808808297385,"upper_bound":427.93812097907033},"point_estimate":371.3070173072259,"standard_error":63.04062783007299},"slope":{"confidence_interval":{"confidence_level":0.95,"lower_bound":11580.374727240021,"upper_bound":11681.819036216439},"point_estimate":11632.487549988064,"standard_error":25.882524597520526},"std_dev":{"confidence_interval":{"confidence_level":0.95,"lower_bound":254.77311899574397,"upper_bound":330.8849625732001},"point_estimate":293.70705846983026,"standard_error":19.508539221661252}}