{"mean":{"confidence_interval":{"confidence_level":0.95,"lower_bound":11680.470456902858,"upper_bound":11825.885614769217},"point_estimate":11747.335534318785,"standard_error":36.99498633879852},"median":{"confidence_interval":{"confidence_level":0.95,"lower_bound":11590.078077478078,"upper_bound":11760.536130536131},"point_estimate":11719.903655959424,"standard_error":41.038065026456636},"median_abs_dev":{"confidence_interval":{"confidence_level":0.95,"lower_bound":221.10588024618255,"upper_bound":381.51451435659226},"point_estimate":332.9178063068612,"standard_error":39.90258319949461},"slope":{"confidence_interval":{"confidence_level":0.95,"lower_bound":11638.717310760869,"upper_bound":11879.741153235524},"point_estimate":11732.633108410726,"standard_error":65.52959897555442},"std_dev":{"confidence_interval":{"confidence_level":0.95,"lower_bound":245.2760064195547,"upper_bound":521.7090092999431},"point_estimate":371.52513119186455,"standard_error":82.53261298646352}}