{"mean":{"confidence_interval":{"confidence_level":0.95,"lower_bound":17580.92905566888,"upper_bound":17703.68707645166},"point_estimate":17640.32926075871,"standard_error":31.3462164765248},"median":{"confidence_interval":{"confidence_level":0.95,"lower_bound":17481.841954022988,"upper_bound":17517.060483870966},"point_estimate":17497.142503248862,"standard_error":8.01199609293613},"median_abs_dev":{"confidence_interval":{"confidence_level":0.95,"lower_bound":47.617511444534145,"upper_bound":93.68612625171295},"point_estimate":67.09720703971445,"standard_error":12.066821549485057},"slope":{"confidence_interval":{"confidence_level":0.95,"lower_bound":17484.374970554607,"upper_bound":17507.4974337659},"point_estimate":17495.20416247968,"standard_error":5.907556443630566},"std_dev":{"confidence_interval":{"confidence_level":0.95,"lower_bound":263.99198287174534,"upper_bound":355.8087008894283},"point_estimate":315.05606376493574,"standard_error":23.482240223386906}}