{"mean":{"confidence_interval":{"confidence_level":0.95,"lower_bound":14770.123863016006,"upper_bound":14859.785554304339},"point_estimate":14813.492262427764,"standard_error":22.93351076816892},"median":{"confidence_interval":{"confidence_level":0.95,"lower_bound":14693.357585139318,"upper_bound":14718.472459893048},"point_estimate":14707.69292524377,"standard_error":6.8088399019037595},"median_abs_dev":{"confidence_interval":{"confidence_level":0.95,"lower_bound":41.38216535759124,"upper_bound":83.89075857820843},"point_estimate":58.4279718227366,"standard_error":10.493721957340265},"slope":{"confidence_interval":{"confidence_level":0.95,"lower_bound":14692.4740238384,"upper_bound":14757.61749319581},"point_estimate":14717.29602866854,"standard_error":17.414107532961104},"std_dev":{"confidence_interval":{"confidence_level":0.95,"lower_bound":188.91834700079687,"upper_bound":264.0631161978242},"point_estimate":231.014771454004,"standard_error":19.18592443910201}}