{"mean":{"confidence_interval":{"confidence_level":0.95,"lower_bound":11645.130289137776,"upper_bound":11753.907629496764},"point_estimate":11699.058914231513,"standard_error":27.801935693928346},"median":{"confidence_interval":{"confidence_level":0.95,"lower_bound":11510.439102564103,"upper_bound":11753.475524475525},"point_estimate":11724.476249885425,"standard_error":76.12791345971752},"median_abs_dev":{"confidence_interval":{"confidence_level":0.95,"lower_bound":233.30426333347125,"upper_bound":432.05499327785634},"point_estimate":382.6597467263856,"standard_error":59.75706215922781},"slope":{"confidence_interval":{"confidence_level":0.95,"lower_bound":11606.12241445007,"upper_bound":11705.883703374082},"point_estimate":11655.27439588046,"standard_error":25.368862241278887},"std_dev":{"confidence_interval":{"confidence_level":0.95,"lower_bound":247.6656880395231,"upper_bound":307.4537275245832},"point_estimate":279.6248036146471,"standard_error":15.26920689027806}}