{"mean":{"confidence_interval":{"confidence_level":0.95,"lower_bound":18317.485962396586,"upper_bound":18465.92678477452},"point_estimate":18389.085417415485,"standard_error":37.972858090739045},"median":{"confidence_interval":{"confidence_level":0.95,"lower_bound":18191.842857142856,"upper_bound":18220.837209302324},"point_estimate":18207.855444481163,"standard_error":7.205398370473626},"median_abs_dev":{"confidence_interval":{"confidence_level":0.95,"lower_bound":50.80416516621092,"upper_bound":104.54006156293087},"point_estimate":78.73292210321765,"standard_error":13.89089124454366},"slope":{"confidence_interval":{"confidence_level":0.95,"lower_bound":18186.94502301598,"upper_bound":18268.737912559307},"point_estimate":18216.71324442146,"standard_error":21.998051546669174},"std_dev":{"confidence_interval":{"confidence_level":0.95,"lower_bound":308.6316002410985,"upper_bound":448.0146357926277},"point_estimate":381.343789493944,"standard_error":35.65280250094797}}