{"mean":{"confidence_interval":{"confidence_level":0.95,"lower_bound":11580.681408462415,"upper_bound":11684.46178596607},"point_estimate":11632.211288736125,"standard_error":26.485876382471204},"median":{"confidence_interval":{"confidence_level":0.95,"lower_bound":11461.700419527078,"upper_bound":11719.358974358975},"point_estimate":11685.431520979022,"standard_error":85.71026270316375},"median_abs_dev":{"confidence_interval":{"confidence_level":0.95,"lower_bound":198.7177284152197,"upper_bound":412.94140758379524},"point_estimate":381.8285632803595,"standard_error":53.1547029547427},"slope":{"confidence_interval":{"confidence_level":0.95,"lower_bound":11564.215798208064,"upper_bound":11650.767757052832},"point_estimate":11609.531146627865,"standard_error":22.07464281034208},"std_dev":{"confidence_interval":{"confidence_level":0.95,"lower_bound":238.7139754935392,"upper_bound":288.5909202345868},"point_estimate":265.58973935136396,"standard_error":12.742362161884046}}