{"mean":{"confidence_interval":{"confidence_level":0.95,"lower_bound":11686.677856381462,"upper_bound":11787.408594157632},"point_estimate":11736.740127575218,"standard_error":25.62298757880151},"median":{"confidence_interval":{"confidence_level":0.95,"lower_bound":11564.52097902098,"upper_bound":11845.99559154296},"point_estimate":11756.518086080585,"standard_error":95.29128090318784},"median_abs_dev":{"confidence_interval":{"confidence_level":0.95,"lower_bound":162.0593711849031,"upper_bound":385.6541975595318},"point_estimate":332.14482198786675,"standard_error":53.95460472917753},"slope":{"confidence_interval":{"confidence_level":0.95,"lower_bound":11679.214754013587,"upper_bound":11768.632388311706},"point_estimate":11727.168379806983,"standard_error":22.782855277561712},"std_dev":{"confidence_interval":{"confidence_level":0.95,"lower_bound":228.72374014727518,"upper_bound":283.6627473626322},"point_estimate":257.4289138373028,"standard_error":14.0231487457258}}