{"mean":{"confidence_interval":{"confidence_level":0.95,"lower_bound":2458440.2736309525,"upper_bound":2462333.3971071444},"point_estimate":2460035.2552380953,"standard_error":1021.3865450418349},"median":{"confidence_interval":{"confidence_level":0.95,"lower_bound":2457890.6666666665,"upper_bound":2458895.4285714286},"point_estimate":2458400.166666667,"standard_error":230.50013189908867},"median_abs_dev":{"confidence_interval":{"confidence_level":0.95,"lower_bound":1274.3299773760875,"upper_bound":2079.205263086514},"point_estimate":1588.5705717972676,"standard_error":203.22877094833092},"slope":null,"std_dev":{"confidence_interval":{"confidence_level":0.95,"lower_bound":1806.107711265797,"upper_bound":16374.42102354726},"point_estimate":10253.780369935352,"standard_error":3969.719549499443}}