{"mean":{"confidence_interval":{"confidence_level":0.95,"lower_bound":2703045.893171054,"upper_bound":2706282.0294473683},"point_estimate":2704608.70263158,"standard_error":825.7042153494843},"median":{"confidence_interval":{"confidence_level":0.95,"lower_bound":2701090.7105263155,"upper_bound":2703289.789473684},"point_estimate":2702245.052631579,"standard_error":553.5090441886574},"median_abs_dev":{"confidence_interval":{"confidence_level":0.95,"lower_bound":4229.310528467435,"upper_bound":7840.878220796414},"point_estimate":6282.829514773178,"standard_error":935.0942242872112},"slope":null,"std_dev":{"confidence_interval":{"confidence_level":0.95,"lower_bound":6483.857247000472,"upper_bound":9929.493239432271},"point_estimate":8256.73729013632,"standard_error":886.038019293359}}