{"mean":{"confidence_interval":{"confidence_level":0.95,"lower_bound":2018070.5532499996,"upper_bound":2024987.6640000003},"point_estimate":2021225.2248000004,"standard_error":1777.253630687178},"median":{"confidence_interval":{"confidence_level":0.95,"lower_bound":2015325.3399999999,"upper_bound":2016517.12},"point_estimate":2015956.04,"standard_error":311.8348409241124},"median_abs_dev":{"confidence_interval":{"confidence_level":0.95,"lower_bound":1894.169726371558,"upper_bound":3432.426503062269},"point_estimate":2552.7406346798634,"standard_error":414.9383044711794},"slope":null,"std_dev":{"confidence_interval":{"confidence_level":0.95,"lower_bound":10108.356400469876,"upper_bound":23685.182765490816},"point_estimate":17772.582344620252,"standard_error":3453.068849175171}}