{"mean":{"confidence_interval":{"confidence_level":0.95,"lower_bound":2460967.1790476195,"upper_bound":2463197.6112142857},"point_estimate":2461810.75,"standard_error":605.0965532376671},"median":{"confidence_interval":{"confidence_level":0.95,"lower_bound":2460666.333333333,"upper_bound":2461367.7857142854},"point_estimate":2460984.4285714286,"standard_error":200.619230010775},"median_abs_dev":{"confidence_interval":{"confidence_level":0.95,"lower_bound":991.9299823899934,"upper_bound":1736.7599691664457},"point_estimate":1332.9279763360773,"standard_error":198.28452301051675},"slope":null,"std_dev":{"confidence_interval":{"confidence_level":0.95,"lower_bound":1473.9375077363748,"upper_bound":10150.137726177289},"point_estimate":6076.255828165742,"standard_error":2948.952356583612}}