{"mean":{"confidence_interval":{"confidence_level":0.95,"lower_bound":2014650.9299600003,"upper_bound":2019314.4915999994},"point_estimate":2016628.3332,"standard_error":1218.1772060609424},"median":{"confidence_interval":{"confidence_level":0.95,"lower_bound":2013356.08,"upper_bound":2015370.32},"point_estimate":2014246.4,"standard_error":620.6647028530612},"median_abs_dev":{"confidence_interval":{"confidence_level":0.95,"lower_bound":2179.2737013101923,"upper_bound":3769.124957084642},"point_estimate":2844.783177495044,"standard_error":424.6294623468245},"slope":null,"std_dev":{"confidence_interval":{"confidence_level":0.95,"lower_bound":2964.3955724950083,"upper_bound":18744.836970058343},"point_estimate":12275.867321285114,"standard_error":4266.59075182438}}