{"mean":{"confidence_interval":{"confidence_level":0.95,"lower_bound":2026436.5048000002,"upper_bound":2050971.123599999},"point_estimate":2036863.4683999997,"standard_error":6386.235633675417},"median":{"confidence_interval":{"confidence_level":0.95,"lower_bound":2022907.72,"upper_bound":2024320.0},"point_estimate":2023463.96,"standard_error":344.3288335116753},"median_abs_dev":{"confidence_interval":{"confidence_level":0.95,"lower_bound":2514.7341843546137,"upper_bound":4122.517486810477},"point_estimate":3345.0717126130644,"standard_error":407.70614273888907},"slope":null,"std_dev":{"confidence_interval":{"confidence_level":0.95,"lower_bound":15723.979643223534,"upper_bound":97544.27986529999},"point_estimate":63903.386498396045,"standard_error":21619.6209611832}}