{"mean":{"confidence_interval":{"confidence_level":0.95,"lower_bound":2034298.5364899994,"upper_bound":2036610.2791999988},"point_estimate":2035394.6755999995,"standard_error":591.8308423729624},"median":{"confidence_interval":{"confidence_level":0.95,"lower_bound":2033452.62,"upper_bound":2035474.84},"point_estimate":2034860.8599999999,"standard_error":465.7458414618951},"median_abs_dev":{"confidence_interval":{"confidence_level":0.95,"lower_bound":3396.1917597054744,"upper_bound":5333.683057308224},"point_estimate":4249.428044557502,"standard_error":486.8676968932512},"slope":null,"std_dev":{"confidence_interval":{"confidence_level":0.95,"lower_bound":3975.524053412622,"upper_bound":7643.197679563228},"point_estimate":5915.5020151829085,"standard_error":936.6287375122645}}