{"mean":{"confidence_interval":{"confidence_level":0.95,"lower_bound":2005006.0304000005,"upper_bound":2006465.8608299997},"point_estimate":2005690.6164000004,"standard_error":370.14888699045895},"median":{"confidence_interval":{"confidence_level":0.95,"lower_bound":2004336.8599999999,"upper_bound":2005334.98},"point_estimate":2005129.38,"standard_error":283.263187945372},"median_abs_dev":{"confidence_interval":{"confidence_level":0.95,"lower_bound":1669.2593103647578,"upper_bound":3076.8604817748646},"point_estimate":2366.79294598086,"standard_error":360.87910541234186},"slope":null,"std_dev":{"confidence_interval":{"confidence_level":0.95,"lower_bound":2520.022912957256,"upper_bound":4760.469468188185},"point_estimate":3709.4343670840326,"standard_error":576.1640082354971}}