{"mean":{"confidence_interval":{"confidence_level":0.95,"lower_bound":2473074.4518875005,"upper_bound":2474263.3659875},"point_estimate":2473665.2920000004,"standard_error":303.2190344314666},"median":{"confidence_interval":{"confidence_level":0.95,"lower_bound":2473227.575,"upper_bound":2474522.5},"point_estimate":2473971.275,"standard_error":394.3847758849464},"median_abs_dev":{"confidence_interval":{"confidence_level":0.95,"lower_bound":1845.8369672298431,"upper_bound":3328.436940908432},"point_estimate":2542.621889859576,"standard_error":401.1834599353454},"slope":null,"std_dev":{"confidence_interval":{"confidence_level":0.95,"lower_bound":2502.4825453960043,"upper_bound":3655.1434826176865},"point_estimate":3067.630837237708,"standard_error":296.7875261276268}}