{"mean":{"confidence_interval":{"confidence_level":0.95,"lower_bound":2020806.6377400006,"upper_bound":2024888.1147999996},"point_estimate":2022573.6151999992,"standard_error":1052.22012396849},"median":{"confidence_interval":{"confidence_level":0.95,"lower_bound":2019618.32,"upper_bound":2021102.64},"point_estimate":2020445.02,"standard_error":373.86535920220985},"median_abs_dev":{"confidence_interval":{"confidence_level":0.95,"lower_bound":1854.6436110734112,"upper_bound":3335.2865527866475},"point_estimate":2486.2015478609887,"standard_error":385.6739118094247},"slope":null,"std_dev":{"confidence_interval":{"confidence_level":0.95,"lower_bound":3343.2432765021713,"upper_bound":15887.86783878249},"point_estimate":10632.797731430037,"standard_error":3320.824246523196}}