{"mean":{"confidence_interval":{"confidence_level":0.95,"lower_bound":2953081.015088235,"upper_bound":2978164.996191176},"point_estimate":2962353.555294116,"standard_error":7104.2635149115295},"median":{"confidence_interval":{"confidence_level":0.95,"lower_bound":2951465.9411764704,"upper_bound":2958298.411764706},"point_estimate":2954560.0882352944,"standard_error":2137.372487913524},"median_abs_dev":{"confidence_interval":{"confidence_level":0.95,"lower_bound":9985.83409330412,"upper_bound":17630.119557591268},"point_estimate":13975.859469526442,"standard_error":1964.9096672442518},"slope":null,"std_dev":{"confidence_interval":{"confidence_level":0.95,"lower_bound":12940.43388369523,"upper_bound":120625.14282374397},"point_estimate":71330.24101778914,"standard_error":37410.00769155571}}