{"mean":{"confidence_interval":{"confidence_level":0.95,"lower_bound":2015480.2236000004,"upper_bound":2017788.52854},"point_estimate":2016467.3116,"standard_error":595.4079637468168},"median":{"confidence_interval":{"confidence_level":0.95,"lower_bound":2014726.54,"upper_bound":2016154.2},"point_estimate":2015273.12,"standard_error":369.19030990464853},"median_abs_dev":{"confidence_interval":{"confidence_level":0.95,"lower_bound":2044.208843707762,"upper_bound":3471.715402364579},"point_estimate":2693.9138041734973,"standard_error":373.48615691374863},"slope":null,"std_dev":{"confidence_interval":{"confidence_level":0.95,"lower_bound":2638.3589426008916,"upper_bound":9298.348456142277},"point_estimate":5988.098606736659,"standard_error":1988.1384838099455}}