{"mean":{"confidence_interval":{"confidence_level":0.95,"lower_bound":2489137.8732857145,"upper_bound":2498128.9595595235},"point_estimate":2492859.8547619055,"standard_error":2338.958577251009},"median":{"confidence_interval":{"confidence_level":0.95,"lower_bound":2486074.904761905,"upper_bound":2490870.3333333335},"point_estimate":2488825.023809524,"standard_error":1173.0175848788583},"median_abs_dev":{"confidence_interval":{"confidence_level":0.95,"lower_bound":7293.262270519073,"upper_bound":12845.901869439116},"point_estimate":9280.687535234876,"standard_error":1478.8930322293522},"slope":null,"std_dev":{"confidence_interval":{"confidence_level":0.95,"lower_bound":9691.598542315916,"upper_bound":37392.79591529078},"point_estimate":23508.645688457334,"standard_error":9010.158502333938}}