{"mean":{"confidence_interval":{"confidence_level":0.95,"lower_bound":4845390.004931816,"upper_bound":4848304.576636365},"point_estimate":4846823.192727273,"standard_error":744.4692163767032},"median":{"confidence_interval":{"confidence_level":0.95,"lower_bound":4844773.090909091,"upper_bound":4847732.181818182},"point_estimate":4846877.681818182,"standard_error":714.4260358433631},"median_abs_dev":{"confidence_interval":{"confidence_level":0.95,"lower_bound":4973.514708747812,"upper_bound":8632.842692191265},"point_estimate":6523.305102369437,"standard_error":941.2568636968947},"slope":null,"std_dev":{"confidence_interval":{"confidence_level":0.95,"lower_bound":6310.034938057537,"upper_bound":8546.34904196728},"point_estimate":7487.0165604368085,"standard_error":572.8782294765494}}