{"mean":{"confidence_interval":{"confidence_level":0.95,"lower_bound":2014799.17989,"upper_bound":2018816.3276000002},"point_estimate":2016586.2068,"standard_error":1039.427573842409},"median":{"confidence_interval":{"confidence_level":0.95,"lower_bound":2013440.0,"upper_bound":2014771.1},"point_estimate":2014038.54,"standard_error":346.19300879218383},"median_abs_dev":{"confidence_interval":{"confidence_level":0.95,"lower_bound":1827.5713355543714,"upper_bound":3260.711774110718},"point_estimate":2567.863154411316,"standard_error":378.116809285267},"slope":null,"std_dev":{"confidence_interval":{"confidence_level":0.95,"lower_bound":3364.0524923753815,"upper_bound":14909.417962566338},"point_estimate":10430.469510462155,"standard_error":2767.4675428996243}}