{"mean":{"confidence_interval":{"confidence_level":0.95,"lower_bound":3084786.7410882344,"upper_bound":3129781.744058824},"point_estimate":3106309.84764706,"standard_error":11457.483590910424},"median":{"confidence_interval":{"confidence_level":0.95,"lower_bound":3053791.705882353,"upper_bound":3097862.588235294},"point_estimate":3076777.1470588236,"standard_error":10631.919856092845},"median_abs_dev":{"confidence_interval":{"confidence_level":0.95,"lower_bound":67663.76971637446,"upper_bound":110929.69984236849},"point_estimate":91385.5437187585,"standard_error":10730.373852686631},"slope":null,"std_dev":{"confidence_interval":{"confidence_level":0.95,"lower_bound":88550.33263399063,"upper_bound":139424.10018048738},"point_estimate":115316.58164572525,"standard_error":13023.289023472158}}