{"mean":{"confidence_interval":{"confidence_level":0.95,"lower_bound":2031743.747590001,"upper_bound":2043549.1919999996},"point_estimate":2037078.5200000003,"standard_error":3032.0104336857116},"median":{"confidence_interval":{"confidence_level":0.95,"lower_bound":2026366.92,"upper_bound":2028825.1800000002},"point_estimate":2027356.48,"standard_error":713.9674539365706},"median_abs_dev":{"confidence_interval":{"confidence_level":0.95,"lower_bound":4174.497441887904,"upper_bound":8531.443636536433},"point_estimate":6243.28779315954,"standard_error":1081.652860410848},"slope":null,"std_dev":{"confidence_interval":{"confidence_level":0.95,"lower_bound":15466.625408959699,"upper_bound":42426.28959759242},"point_estimate":30482.273122646016,"standard_error":6814.364625575215}}