{"mean":{"confidence_interval":{"confidence_level":0.95,"lower_bound":6352168.605281251,"upper_bound":6482442.900656249},"point_estimate":6416046.6825,"standard_error":33252.16503858409},"median":{"confidence_interval":{"confidence_level":0.95,"lower_bound":6316371.375,"upper_bound":6473822.5},"point_estimate":6383159.3125,"standard_error":38776.05576598591},"median_abs_dev":{"confidence_interval":{"confidence_level":0.95,"lower_bound":243296.50893062353,"upper_bound":390186.21327281},"point_estimate":296095.87848074734,"standard_error":36731.56139951323},"slope":null,"std_dev":{"confidence_interval":{"confidence_level":0.95,"lower_bound":273916.0191820867,"upper_bound":390534.2015290234},"point_estimate":334614.4543499242,"standard_error":29886.516792012262}}