{"mean":{"confidence_interval":{"confidence_level":0.95,"lower_bound":2024834.3072000004,"upper_bound":2031684.6360000002},"point_estimate":2027994.5371999994,"standard_error":1750.8849081948865},"median":{"confidence_interval":{"confidence_level":0.95,"lower_bound":2020843.08,"upper_bound":2026723.08},"point_estimate":2023842.26,"standard_error":1492.6795018019334},"median_abs_dev":{"confidence_interval":{"confidence_level":0.95,"lower_bound":7772.055930018501,"upper_bound":14063.691308319556},"point_estimate":10149.108467817452,"standard_error":1688.3650151482534},"slope":null,"std_dev":{"confidence_interval":{"confidence_level":0.95,"lower_bound":10461.22811911568,"upper_bound":24166.286521163194},"point_estimate":17594.99340829026,"standard_error":3587.7695229307915}}