{"mean":{"confidence_interval":{"confidence_level":0.95,"lower_bound":2878186.181305555,"upper_bound":2917598.0902638896},"point_estimate":2897680.1644444442,"standard_error":10066.938219321659},"median":{"confidence_interval":{"confidence_level":0.95,"lower_bound":2859401.25,"upper_bound":2907907.25},"point_estimate":2876390.3055555555,"standard_error":11978.932954778711},"median_abs_dev":{"confidence_interval":{"confidence_level":0.95,"lower_bound":70630.11552939797,"upper_bound":126269.33325827122},"point_estimate":93202.94722865021,"standard_error":14830.423241859791},"slope":null,"std_dev":{"confidence_interval":{"confidence_level":0.95,"lower_bound":88054.95022172699,"upper_bound":112869.07255559611},"point_estimate":101370.95511556658,"standard_error":6354.971747951446}}