{"mean":{"confidence_interval":{"confidence_level":0.95,"lower_bound":3128278.138171875,"upper_bound":3166377.6708125},"point_estimate":3146181.87875,"standard_error":9735.934693083318},"median":{"confidence_interval":{"confidence_level":0.95,"lower_bound":3103936.8125,"upper_bound":3122615.1875},"point_estimate":3112435.34375,"standard_error":4526.321991155562},"median_abs_dev":{"confidence_interval":{"confidence_level":0.95,"lower_bound":30616.80140644312,"upper_bound":55548.61954506487},"point_estimate":40895.52803020924,"standard_error":6585.075363199459},"slope":null,"std_dev":{"confidence_interval":{"confidence_level":0.95,"lower_bound":67173.68396433133,"upper_bound":125366.77012138144},"point_estimate":97767.94453333378,"standard_error":14915.531994975361}}