{"mean":{"confidence_interval":{"confidence_level":0.95,"lower_bound":2692337.8116710535,"upper_bound":2693495.3293289477},"point_estimate":2692906.6505263173,"standard_error":295.39135730528324},"median":{"confidence_interval":{"confidence_level":0.95,"lower_bound":2691770.210526316,"upper_bound":2693328.1315789474},"point_estimate":2692707.052631579,"standard_error":338.948251547104},"median_abs_dev":{"confidence_interval":{"confidence_level":0.95,"lower_bound":2411.0031018015493,"upper_bound":3858.6224946537786},"point_estimate":3316.3030305975726,"standard_error":377.8995028043335},"slope":null,"std_dev":{"confidence_interval":{"confidence_level":0.95,"lower_bound":2441.3305420673664,"upper_bound":3589.71508720141},"point_estimate":2980.401169484152,"standard_error":300.66790487309686}}