{"mean":{"confidence_interval":{"confidence_level":0.95,"lower_bound":2042207.2472000006,"upper_bound":2046801.2862199997},"point_estimate":2044220.0856000006,"standard_error":1180.8857607458453},"median":{"confidence_interval":{"confidence_level":0.95,"lower_bound":2041056.0,"upper_bound":2042427.32},"point_estimate":2041679.38,"standard_error":358.4176862424066},"median_abs_dev":{"confidence_interval":{"confidence_level":0.95,"lower_bound":2161.6589310229087,"upper_bound":3848.91848766812},"point_estimate":2979.8480350969567,"standard_error":453.12278971933983},"slope":null,"std_dev":{"confidence_interval":{"confidence_level":0.95,"lower_bound":3145.7269853992943,"upper_bound":17306.80973350227},"point_estimate":11913.003813210868,"standard_error":3285.698646033964}}