{"mean":{"confidence_interval":{"confidence_level":0.95,"lower_bound":2966717.84875,"upper_bound":2968704.1134852935},"point_estimate":2967684.5029411777,"standard_error":508.7733820948389},"median":{"confidence_interval":{"confidence_level":0.95,"lower_bound":2966604.205882353,"upper_bound":2967892.4411764704},"point_estimate":2967474.7647058824,"standard_error":341.4391155059255},"median_abs_dev":{"confidence_interval":{"confidence_level":0.95,"lower_bound":2668.67995262146,"upper_bound":4892.579913139689},"point_estimate":3806.837067709189,"standard_error":590.5132252933632},"slope":null,"std_dev":{"confidence_interval":{"confidence_level":0.95,"lower_bound":3969.2746215491065,"upper_bound":6248.5852005994975},"point_estimate":5130.17310593339,"standard_error":584.8891224348026}}