{"mean":{"confidence_interval":{"confidence_level":0.95,"lower_bound":2011374.4070900013,"upper_bound":2016125.242860001},"point_estimate":2013417.3848,"standard_error":1236.0458635784987},"median":{"confidence_interval":{"confidence_level":0.95,"lower_bound":2010431.08,"upper_bound":2011617.3},"point_estimate":2011078.9,"standard_error":342.2824759488258},"median_abs_dev":{"confidence_interval":{"confidence_level":0.95,"lower_bound":2115.4922504425117,"upper_bound":3626.409883618327},"point_estimate":2620.169281482738,"standard_error":381.87654218829647},"slope":null,"std_dev":{"confidence_interval":{"confidence_level":0.95,"lower_bound":3423.5213760032957,"upper_bound":18698.445433911125},"point_estimate":12404.542017671534,"standard_error":4081.1653790288874}}