{"mean":{"confidence_interval":{"confidence_level":0.95,"lower_bound":1667730.0728093218,"upper_bound":1672477.5637795185},"point_estimate":1669853.0954833694,"standard_error":1223.558290355112},"median":{"confidence_interval":{"confidence_level":0.95,"lower_bound":1666123.891304348,"upper_bound":1667782.9130434783},"point_estimate":1666658.9589800444,"standard_error":364.37958841011863},"median_abs_dev":{"confidence_interval":{"confidence_level":0.95,"lower_bound":2733.8863355907597,"upper_bound":4678.664628817502},"point_estimate":3635.478234507966,"standard_error":495.2953346684984},"slope":{"confidence_interval":{"confidence_level":0.95,"lower_bound":1667131.7938322045,"upper_bound":1669382.6504979008},"point_estimate":1668170.7556110537,"standard_error":575.0931543888518},"std_dev":{"confidence_interval":{"confidence_level":0.95,"lower_bound":5727.411452048991,"upper_bound":18187.827233602584},"point_estimate":12290.397852591757,"standard_error":3311.1302334695156}}