{"mean":{"confidence_interval":{"confidence_level":0.95,"lower_bound":1682017.8544019694,"upper_bound":1690031.1677581759},"point_estimate":1685660.8241235116,"standard_error":2063.2915010447596},"median":{"confidence_interval":{"confidence_level":0.95,"lower_bound":1678648.0277777778,"upper_bound":1681005.0},"point_estimate":1679867.2607526882,"standard_error":537.051131298393},"median_abs_dev":{"confidence_interval":{"confidence_level":0.95,"lower_bound":3229.4021138204316,"upper_bound":5700.287817194183},"point_estimate":4236.377363250722,"standard_error":621.5246724129952},"slope":{"confidence_interval":{"confidence_level":0.95,"lower_bound":1682614.7538383072,"upper_bound":1691704.5589042709},"point_estimate":1686632.964483523,"standard_error":2343.1964298125936},"std_dev":{"confidence_interval":{"confidence_level":0.95,"lower_bound":11240.390947029357,"upper_bound":28300.086223481827},"point_estimate":20672.262237140178,"standard_error":4342.417742239358}}