{"mean":{"confidence_interval":{"confidence_level":0.95,"lower_bound":2173066.8608260867,"upper_bound":2177394.9216521736},"point_estimate":2175206.346956522,"standard_error":1101.259854951689},"median":{"confidence_interval":{"confidence_level":0.95,"lower_bound":2171215.913043478,"upper_bound":2177555.086956522},"point_estimate":2174135.5434782607,"standard_error":1517.3855792110398},"median_abs_dev":{"confidence_interval":{"confidence_level":0.95,"lower_bound":8895.503150768482,"upper_bound":15400.088230941397},"point_estimate":11951.141696520399,"standard_error":1707.4164301129756},"slope":null,"std_dev":{"confidence_interval":{"confidence_level":0.95,"lower_bound":9622.0935193919,"upper_bound":12352.961795011806},"point_estimate":11046.09460066447,"standard_error":698.0336126417712}}