{"mean":{"confidence_interval":{"confidence_level":0.95,"lower_bound":1675155.2776281496,"upper_bound":1680720.8140678054},"point_estimate":1677518.2987943604,"standard_error":1442.4037847646885},"median":{"confidence_interval":{"confidence_level":0.95,"lower_bound":1673362.740327381,"upper_bound":1675482.8371913582},"point_estimate":1674488.3708286674,"standard_error":497.8336818416791},"median_abs_dev":{"confidence_interval":{"confidence_level":0.95,"lower_bound":3335.2208218017668,"upper_bound":6085.304002227516},"point_estimate":4365.5600321731945,"standard_error":697.763397343034},"slope":{"confidence_interval":{"confidence_level":0.95,"lower_bound":1674590.4056472313,"upper_bound":1677882.7873870728},"point_estimate":1676039.294219004,"standard_error":849.8023426217911},"std_dev":{"confidence_interval":{"confidence_level":0.95,"lower_bound":5757.836527219476,"upper_bound":22563.195226451728},"point_estimate":14464.005385705717,"standard_error":4945.962427142421}}