{"mean":{"confidence_interval":{"confidence_level":0.95,"lower_bound":2200279.617488637,"upper_bound":2250364.362261363},"point_estimate":2224310.6504545463,"standard_error":12732.752449287227},"median":{"confidence_interval":{"confidence_level":0.95,"lower_bound":2173098.0454545454,"upper_bound":2205634.7272727275},"point_estimate":2185370.840909091,"standard_error":8522.834753557912},"median_abs_dev":{"confidence_interval":{"confidence_level":0.95,"lower_bound":59169.84807872992,"upper_bound":109140.31663509914},"point_estimate":88518.46295121057,"standard_error":13422.497628929032},"slope":null,"std_dev":{"confidence_interval":{"confidence_level":0.95,"lower_bound":97399.01965269464,"upper_bound":155947.1773629293},"point_estimate":127946.26237899292,"standard_error":14972.547679389532}}