{"mean":{"confidence_interval":{"confidence_level":0.95,"lower_bound":2413037.6240874995,"upper_bound":2424324.1595625},"point_estimate":2419068.9925000006,"standard_error":2881.504485464696},"median":{"confidence_interval":{"confidence_level":0.95,"lower_bound":2417910.2750000004,"upper_bound":2429742.8},"point_estimate":2426176.425,"standard_error":3516.923964755161},"median_abs_dev":{"confidence_interval":{"confidence_level":0.95,"lower_bound":15007.507038563559,"upper_bound":24358.487462549987},"point_estimate":19423.097475171366,"standard_error":2382.319533323721},"slope":null,"std_dev":{"confidence_interval":{"confidence_level":0.95,"lower_bound":18659.70874283681,"upper_bound":39112.7523782012},"point_estimate":28845.816115269252,"standard_error":5394.165507834515}}