{"mean":{"confidence_interval":{"confidence_level":0.95,"lower_bound":3736272.4396428564,"upper_bound":3738085.873160714},"point_estimate":3737125.777142858,"standard_error":464.1621311772877},"median":{"confidence_interval":{"confidence_level":0.95,"lower_bound":3735218.0357142854,"upper_bound":3736830.0714285714},"point_estimate":3735931.0714285714,"standard_error":410.8485984724464},"median_abs_dev":{"confidence_interval":{"confidence_level":0.95,"lower_bound":1943.3179154992104,"upper_bound":3310.7516412223104},"point_estimate":2359.6637581074956,"standard_error":342.43132509442165},"slope":null,"std_dev":{"confidence_interval":{"confidence_level":0.95,"lower_bound":3189.2812419539046,"upper_bound":6171.893204412775},"point_estimate":4669.283742307822,"standard_error":779.745369705122}}