{"mean":{"confidence_interval":{"confidence_level":0.95,"lower_bound":2253826.974666667,"upper_bound":2309017.596928571},"point_estimate":2280769.0676190476,"standard_error":14067.641467067187},"median":{"confidence_interval":{"confidence_level":0.95,"lower_bound":2214034.9523809524,"upper_bound":2308074.904761905},"point_estimate":2251065.6904761903,"standard_error":26022.455273359607},"median_abs_dev":{"confidence_interval":{"confidence_level":0.95,"lower_bound":110104.05154526245,"upper_bound":179259.6802175045},"point_estimate":143070.57975998975,"standard_error":17349.7207893961},"slope":null,"std_dev":{"confidence_interval":{"confidence_level":0.95,"lower_bound":120096.11071772031,"upper_bound":163262.82768648813},"point_estimate":142153.58069221067,"standard_error":11059.279681060465}}