{"mean":{"confidence_interval":{"confidence_level":0.95,"lower_bound":1671030.8514510263,"upper_bound":1679429.367573363},"point_estimate":1674174.0418783573,"standard_error":2276.1687385577206},"median":{"confidence_interval":{"confidence_level":0.95,"lower_bound":1669802.232142857,"upper_bound":1671569.269694421},"point_estimate":1670660.4562626262,"standard_error":457.95263003291836},"median_abs_dev":{"confidence_interval":{"confidence_level":0.95,"lower_bound":2345.5717918439814,"upper_bound":4107.811814028281},"point_estimate":3033.502888533493,"standard_error":446.5959455201062},"slope":{"confidence_interval":{"confidence_level":0.95,"lower_bound":1670659.5964424643,"upper_bound":1675450.3965545222},"point_estimate":1672644.72856214,"standard_error":1250.5208946204941},"std_dev":{"confidence_interval":{"confidence_level":0.95,"lower_bound":3890.374310753769,"upper_bound":38231.7473726647},"point_estimate":22833.993520095617,"standard_error":11051.21156808968}}