{"mean":{"confidence_interval":{"confidence_level":0.95,"lower_bound":2382913.1582857133,"upper_bound":2403202.3828928582},"point_estimate":2393296.2342857136,"standard_error":5198.67518852122},"median":{"confidence_interval":{"confidence_level":0.95,"lower_bound":2386621.5476190476,"upper_bound":2417119.904761905},"point_estimate":2404798.1666666665,"standard_error":7899.678028991916},"median_abs_dev":{"confidence_interval":{"confidence_level":0.95,"lower_bound":38831.58781060144,"upper_bound":65647.37971202598},"point_estimate":50533.96120284293,"standard_error":6683.568925826053},"slope":null,"std_dev":{"confidence_interval":{"confidence_level":0.95,"lower_bound":43943.76572259506,"upper_bound":59774.16838020834},"point_estimate":52245.72118242705,"standard_error":4054.754536681176}}