{"mean":{"confidence_interval":{"confidence_level":0.95,"lower_bound":4958318.144824997,"upper_bound":5043669.382100001},"point_estimate":4999446.611,"standard_error":21765.784434967885},"median":{"confidence_interval":{"confidence_level":0.95,"lower_bound":4903310.949999999,"upper_bound":5004441.3},"point_estimate":4950436.15,"standard_error":25445.264118920935},"median_abs_dev":{"confidence_interval":{"confidence_level":0.95,"lower_bound":117622.36543178586,"upper_bound":186230.19997700208},"point_estimate":147007.94169008802,"standard_error":17428.92296234025},"slope":null,"std_dev":{"confidence_interval":{"confidence_level":0.95,"lower_bound":166909.8238561398,"upper_bound":268106.6772753247},"point_estimate":219548.17791532035,"standard_error":25949.828912088462}}