{"mean":{"confidence_interval":{"confidence_level":0.95,"lower_bound":2164167.9142934787,"upper_bound":2169652.9813695652},"point_estimate":2166855.9147826084,"standard_error":1400.4522948474764},"median":{"confidence_interval":{"confidence_level":0.95,"lower_bound":2162817.0,"upper_bound":2168534.6086956523},"point_estimate":2166177.9130434785,"standard_error":1320.329719305868},"median_abs_dev":{"confidence_interval":{"confidence_level":0.95,"lower_bound":8244.109960159858,"upper_bound":15167.416726376909},"point_estimate":11454.535166206657,"standard_error":1790.576825382597},"slope":null,"std_dev":{"confidence_interval":{"confidence_level":0.95,"lower_bound":11475.691772257567,"upper_bound":16498.166340121716},"point_estimate":14070.729690470895,"standard_error":1291.0483770433295}}