{"mean":{"confidence_interval":{"confidence_level":0.95,"lower_bound":1671903.8885225907,"upper_bound":1676359.1081663314},"point_estimate":1673905.8292461797,"standard_error":1139.401180111687},"median":{"confidence_interval":{"confidence_level":0.95,"lower_bound":1670149.6,"upper_bound":1672610.0722891567},"point_estimate":1671509.3861311101,"standard_error":667.3639533106822},"median_abs_dev":{"confidence_interval":{"confidence_level":0.95,"lower_bound":3004.7351220725695,"upper_bound":5294.252625287802},"point_estimate":3841.662512445297,"standard_error":594.3863644649978},"slope":{"confidence_interval":{"confidence_level":0.95,"lower_bound":1672191.2245941395,"upper_bound":1676011.1082368915},"point_estimate":1673948.9710713758,"standard_error":978.323470484712},"std_dev":{"confidence_interval":{"confidence_level":0.95,"lower_bound":6255.829494254698,"upper_bound":16561.990324441118},"point_estimate":11468.39907472172,"standard_error":2761.1776806098073}}