{"mean":{"confidence_interval":{"confidence_level":0.95,"lower_bound":1705706.7318668407,"upper_bound":1724552.3904570604},"point_estimate":1714786.0456095168,"standard_error":4801.810122656229},"median":{"confidence_interval":{"confidence_level":0.95,"lower_bound":1682233.78125,"upper_bound":1723109.402272724},"point_estimate":1690235.5096153845,"standard_error":9833.662187195008},"median_abs_dev":{"confidence_interval":{"confidence_level":0.95,"lower_bound":14423.406120638581,"upper_bound":61597.83393599353},"point_estimate":29013.123183701897,"standard_error":11373.644666948396},"slope":{"confidence_interval":{"confidence_level":0.95,"lower_bound":1681404.6602440334,"upper_bound":1689807.5705114622},"point_estimate":1685147.8481927,"standard_error":2153.992135529743},"std_dev":{"confidence_interval":{"confidence_level":0.95,"lower_bound":38544.55047553653,"upper_bound":60270.73569245891},"point_estimate":48356.30624972843,"standard_error":6018.5247230531395}}