{"mean":{"confidence_interval":{"confidence_level":0.95,"lower_bound":1675511.3261016242,"upper_bound":1681852.0331512834},"point_estimate":1678294.3180826677,"standard_error":1632.4305864681323},"median":{"confidence_interval":{"confidence_level":0.95,"lower_bound":1673082.184065934,"upper_bound":1676138.8378378379},"point_estimate":1674544.1335714285,"standard_error":785.8151287879227},"median_abs_dev":{"confidence_interval":{"confidence_level":0.95,"lower_bound":3976.2734142966474,"upper_bound":6508.526062050427},"point_estimate":5615.215156170335,"standard_error":637.4010224183853},"slope":{"confidence_interval":{"confidence_level":0.95,"lower_bound":1674027.3037199492,"upper_bound":1678004.99971331},"point_estimate":1675840.9980907345,"standard_error":1020.970683011446},"std_dev":{"confidence_interval":{"confidence_level":0.95,"lower_bound":6236.974527318085,"upper_bound":24172.846661661777},"point_estimate":16390.39943571021,"standard_error":4615.15773487728}}