{"mean":{"confidence_interval":{"confidence_level":0.95,"lower_bound":2532658.1057763165,"upper_bound":2571274.9290526323},"point_estimate":2551561.828947369,"standard_error":9843.215538038141},"median":{"confidence_interval":{"confidence_level":0.95,"lower_bound":2499540.3157894737,"upper_bound":2553719.5789473685},"point_estimate":2528106.3421052634,"standard_error":14198.132816406041},"median_abs_dev":{"confidence_interval":{"confidence_level":0.95,"lower_bound":67005.36743660143,"upper_bound":126582.23988429485},"point_estimate":100649.06933417472,"standard_error":15272.366949799702},"slope":null,"std_dev":{"confidence_interval":{"confidence_level":0.95,"lower_bound":85882.03116093481,"upper_bound":110040.9866894238},"point_estimate":98834.44740422293,"standard_error":6172.331229252898}}