{"mean":{"confidence_interval":{"confidence_level":0.95,"lower_bound":1672087.9258736118,"upper_bound":1676559.8051689467},"point_estimate":1674121.6061007837,"standard_error":1147.086585067008},"median":{"confidence_interval":{"confidence_level":0.95,"lower_bound":1670336.1906887754,"upper_bound":1671767.4714285715},"point_estimate":1670880.4855972514,"standard_error":416.9797897418059},"median_abs_dev":{"confidence_interval":{"confidence_level":0.95,"lower_bound":2980.585851281744,"upper_bound":4880.063200428722},"point_estimate":3755.985490837315,"standard_error":522.6158450081981},"slope":{"confidence_interval":{"confidence_level":0.95,"lower_bound":1672636.0563056432,"upper_bound":1680633.0519651761},"point_estimate":1676197.506980937,"standard_error":2064.2079066644133},"std_dev":{"confidence_interval":{"confidence_level":0.95,"lower_bound":6675.278451157586,"upper_bound":15685.168565956254},"point_estimate":11506.301931757795,"standard_error":2312.1050210852613}}