{"mean":{"confidence_interval":{"confidence_level":0.95,"lower_bound":1677233.45881646,"upper_bound":1682541.4329832206},"point_estimate":1679592.5088205207,"standard_error":1363.0890360091246},"median":{"confidence_interval":{"confidence_level":0.95,"lower_bound":1675894.3889539423,"upper_bound":1677420.708066971},"point_estimate":1676531.7177419355,"standard_error":374.542765563714},"median_abs_dev":{"confidence_interval":{"confidence_level":0.95,"lower_bound":2751.178657926073,"upper_bound":5584.307357698073},"point_estimate":4092.4945384324856,"standard_error":735.9173285907099},"slope":{"confidence_interval":{"confidence_level":0.95,"lower_bound":1676955.0794990563,"upper_bound":1681125.8249197335},"point_estimate":1678812.0692034876,"standard_error":1070.2138346459901},"std_dev":{"confidence_interval":{"confidence_level":0.95,"lower_bound":6545.587653268069,"upper_bound":20063.857083286548},"point_estimate":13775.722048464782,"standard_error":3525.2809163834568}}