{"mean":{"confidence_interval":{"confidence_level":0.95,"lower_bound":1661297.4863938736,"upper_bound":1670894.0274968995},"point_estimate":1665418.1434935152,"standard_error":2479.1963845076675},"median":{"confidence_interval":{"confidence_level":0.95,"lower_bound":1659124.8412698412,"upper_bound":1660715.2352941176},"point_estimate":1659740.3015873015,"standard_error":387.46017175359316},"median_abs_dev":{"confidence_interval":{"confidence_level":0.95,"lower_bound":2401.9916997459,"upper_bound":4691.271348251704},"point_estimate":3527.841892744635,"standard_error":561.4833556705329},"slope":{"confidence_interval":{"confidence_level":0.95,"lower_bound":1660526.9124251471,"upper_bound":1680132.6606974672},"point_estimate":1668253.603413625,"standard_error":5234.310014400379},"std_dev":{"confidence_interval":{"confidence_level":0.95,"lower_bound":6562.327229566476,"upper_bound":37868.949064309694},"point_estimate":24907.30185997184,"standard_error":7889.5965973459315}}