{"mean":{"confidence_interval":{"confidence_level":0.95,"lower_bound":1671315.8943721435,"upper_bound":1674396.8798046838},"point_estimate":1672757.145188738,"standard_error":787.1016067475168},"median":{"confidence_interval":{"confidence_level":0.95,"lower_bound":1670252.6045466561,"upper_bound":1671755.0227272727},"point_estimate":1670955.5,"standard_error":370.67672608825904},"median_abs_dev":{"confidence_interval":{"confidence_level":0.95,"lower_bound":2465.4164466147017,"upper_bound":4424.028714895076},"point_estimate":3515.86795028915,"standard_error":501.82769771156666},"slope":{"confidence_interval":{"confidence_level":0.95,"lower_bound":1671318.5963110526,"upper_bound":1674146.2578451482},"point_estimate":1672621.4041406827,"standard_error":726.2909425032647},"std_dev":{"confidence_interval":{"confidence_level":0.95,"lower_bound":5187.562963585621,"upper_bound":10160.320755857603},"point_estimate":7910.32236948323,"standard_error":1272.005142556929}}