{"mean":{"confidence_interval":{"confidence_level":0.95,"lower_bound":1689826.1738456327,"upper_bound":1694935.4432545637},"point_estimate":1692271.5433344264,"standard_error":1302.308218043837},"median":{"confidence_interval":{"confidence_level":0.95,"lower_bound":1687569.5252525252,"upper_bound":1691736.0},"point_estimate":1689712.0820433437,"standard_error":1080.4208456097558},"median_abs_dev":{"confidence_interval":{"confidence_level":0.95,"lower_bound":6859.839355033005,"upper_bound":12810.120907574916},"point_estimate":9829.716915714109,"standard_error":1589.024081356464},"slope":{"confidence_interval":{"confidence_level":0.95,"lower_bound":1686873.4132435701,"upper_bound":1694042.7930701694},"point_estimate":1690010.2727205555,"standard_error":1853.5875363743642},"std_dev":{"confidence_interval":{"confidence_level":0.95,"lower_bound":9559.511226216933,"upper_bound":16520.22968405366},"point_estimate":13130.218793520766,"standard_error":1792.5285202959174}}