{"mean":{"confidence_interval":{"confidence_level":0.95,"lower_bound":1668182.625389845,"upper_bound":1675049.5346575666},"point_estimate":1671216.315950439,"standard_error":1762.4517766206413},"median":{"confidence_interval":{"confidence_level":0.95,"lower_bound":1666640.5386557886,"upper_bound":1668496.90625},"point_estimate":1667163.445970696,"standard_error":450.139461152163},"median_abs_dev":{"confidence_interval":{"confidence_level":0.95,"lower_bound":2623.9757237089407,"upper_bound":4648.98392855643},"point_estimate":3367.4436874045973,"standard_error":507.4642981659272},"slope":{"confidence_interval":{"confidence_level":0.95,"lower_bound":1668433.159272733,"upper_bound":1675178.7688729796},"point_estimate":1671257.5944613565,"standard_error":1757.3093875149498},"std_dev":{"confidence_interval":{"confidence_level":0.95,"lower_bound":6841.461500622925,"upper_bound":25824.34230336212},"point_estimate":17754.24362174828,"standard_error":4713.5488025005825}}