{"mean":{"confidence_interval":{"confidence_level":0.95,"lower_bound":1670091.421465065,"upper_bound":1678103.0586444945},"point_estimate":1673396.7638095925,"standard_error":2088.777298210193},"median":{"confidence_interval":{"confidence_level":0.95,"lower_bound":1669502.2840909092,"upper_bound":1671256.4197530865},"point_estimate":1670486.3118534484,"standard_error":419.5175943064862},"median_abs_dev":{"confidence_interval":{"confidence_level":0.95,"lower_bound":2404.655697693002,"upper_bound":4047.8207025117367},"point_estimate":3439.1553889427128,"standard_error":423.4961946433892},"slope":{"confidence_interval":{"confidence_level":0.95,"lower_bound":1669797.172096161,"upper_bound":1684102.8768196835},"point_estimate":1674653.3538259198,"standard_error":4063.755623260087},"std_dev":{"confidence_interval":{"confidence_level":0.95,"lower_bound":3952.6644658487653,"upper_bound":33616.744265053974},"point_estimate":21052.166316565657,"standard_error":8006.976211178836}}