{"mean":{"confidence_interval":{"confidence_level":0.95,"lower_bound":1672377.48377162,"upper_bound":1678043.5260545244},"point_estimate":1674921.5537173233,"standard_error":1456.7433011389207},"median":{"confidence_interval":{"confidence_level":0.95,"lower_bound":1669811.927536232,"upper_bound":1672898.8717948718},"point_estimate":1671924.1759485924,"standard_error":728.8182929739772},"median_abs_dev":{"confidence_interval":{"confidence_level":0.95,"lower_bound":3645.861076881321,"upper_bound":6263.172313582694},"point_estimate":5215.5791170232615,"standard_error":733.145227598715},"slope":{"confidence_interval":{"confidence_level":0.95,"lower_bound":1670717.6543943475,"upper_bound":1680857.358754301},"point_estimate":1674851.9602541747,"standard_error":2652.2381164790436},"std_dev":{"confidence_interval":{"confidence_level":0.95,"lower_bound":7386.7062617113825,"upper_bound":20615.457786244573},"point_estimate":14603.388481997294,"standard_error":3386.8423719646876}}