{"mean":{"confidence_interval":{"confidence_level":0.95,"lower_bound":1668913.8051082378,"upper_bound":1672413.171534386},"point_estimate":1670545.1118213928,"standard_error":894.9410137241138},"median":{"confidence_interval":{"confidence_level":0.95,"lower_bound":1667461.5808602152,"upper_bound":1669225.835443038},"point_estimate":1668152.2703225806,"standard_error":476.87997432995553},"median_abs_dev":{"confidence_interval":{"confidence_level":0.95,"lower_bound":2998.5476556891585,"upper_bound":4945.966798142441},"point_estimate":3904.190000592717,"standard_error":492.9450900218779},"slope":{"confidence_interval":{"confidence_level":0.95,"lower_bound":1668985.243298174,"upper_bound":1674335.5173072778},"point_estimate":1671374.6360336929,"standard_error":1376.410003878233},"std_dev":{"confidence_interval":{"confidence_level":0.95,"lower_bound":5857.020787603789,"upper_bound":11872.327116028333},"point_estimate":8946.099749111405,"standard_error":1554.2341582140193}}