{"mean":{"confidence_interval":{"confidence_level":0.95,"lower_bound":-0.01580564965441569,"upper_bound":0.01482269801055454},"point_estimate":-0.0013338160513250985,"standard_error":0.007877577417081382},"median":{"confidence_interval":{"confidence_level":0.95,"lower_bound":-0.04952066125526189,"upper_bound":0.025871868655360952},"point_estimate":-0.000011603571276830316,"standard_error":0.01665050990491376}}