{"mean":{"confidence_interval":{"confidence_level":0.95,"lower_bound":-0.018650107436442777,"upper_bound":0.008373388930413101},"point_estimate":-0.0048143037920053144,"standard_error":0.006899368814797767},"median":{"confidence_interval":{"confidence_level":0.95,"lower_bound":-0.03116419850303742,"upper_bound":0.03179102603405548},"point_estimate":0.004877624855967655,"standard_error":0.014405477312984041}}