{"mean":{"confidence_interval":{"confidence_level":0.95,"lower_bound":-0.013152911276475887,"upper_bound":0.013947301319704116},"point_estimate":0.0009115354043858215,"standard_error":0.006936596127066758},"median":{"confidence_interval":{"confidence_level":0.95,"lower_bound":-0.04173563309492623,"upper_bound":0.030271839541184287},"point_estimate":0.006905411522291738,"standard_error":0.015515730937423382}}