{"mean":{"confidence_interval":{"confidence_level":0.95,"lower_bound":0.1383396507282343,"upper_bound":0.16990561351330463},"point_estimate":0.15375957290964326,"standard_error":0.008057919088708277},"median":{"confidence_interval":{"confidence_level":0.95,"lower_bound":0.12119711491079976,"upper_bound":0.19644620330345375},"point_estimate":0.17828683424090785,"standard_error":0.016287087121448315}}