{"mean":{"confidence_interval":{"confidence_level":0.95,"lower_bound":-0.1913818937391259,"upper_bound":-0.17276294011886795},"point_estimate":-0.18132292265425598,"standard_error":0.004774622358080197},"median":{"confidence_interval":{"confidence_level":0.95,"lower_bound":-0.19077543643970074,"upper_bound":-0.1439100420805155},"point_estimate":-0.18587799973538122,"standard_error":0.015338629596971238}}