{"mean":{"confidence_interval":{"confidence_level":0.95,"lower_bound":-0.12541968972882964,"upper_bound":-0.056018217938341316},"point_estimate":-0.09110735375758539,"standard_error":0.01774001246248024},"median":{"confidence_interval":{"confidence_level":0.95,"lower_bound":-0.05543746399929672,"upper_bound":0.029262430728407285},"point_estimate":-0.006097130184298694,"standard_error":0.017229980967774252}}