{"mean":{"confidence_interval":{"confidence_level":0.95,"lower_bound":-0.3044860160016147,"upper_bound":-0.27310343506446816},"point_estimate":-0.2880362426270654,"standard_error":0.00801841725234252},"median":{"confidence_interval":{"confidence_level":0.95,"lower_bound":-0.29378746164486447,"upper_bound":-0.2367163190363492},"point_estimate":-0.27828054280952663,"standard_error":0.014780829875654907}}