{"mean":{"confidence_interval":{"confidence_level":0.95,"lower_bound":-0.2805958881069169,"upper_bound":-0.2536520523844886},"point_estimate":-0.2675369641450682,"standard_error":0.006879169052139594},"median":{"confidence_interval":{"confidence_level":0.95,"lower_bound":-0.2886396100854094,"upper_bound":-0.22207824100692752},"point_estimate":-0.2627829006072022,"standard_error":0.01579701380652864}}