{"mean":{"confidence_interval":{"confidence_level":0.95,"lower_bound":0.0002919298083999214,"upper_bound":0.028040227943807783},"point_estimate":0.013208408361962354,"standard_error":0.007083459274112467},"median":{"confidence_interval":{"confidence_level":0.95,"lower_bound":-0.030894059583266575,"upper_bound":0.04180485792089006},"point_estimate":0.004950382456760494,"standard_error":0.014497387532528161}}