{"mean":{"confidence_interval":{"confidence_level":0.95,"lower_bound":0.0036212823672927994,"upper_bound":0.004525017050520258},"point_estimate":0.004029091836257992,"standard_error":0.00023695691896597767},"median":{"confidence_interval":{"confidence_level":0.95,"lower_bound":0.003577879777405757,"upper_bound":0.003921251051292707},"point_estimate":0.0037300688481725075,"standard_error":0.00009037460694625363}}