{"mean":{"confidence_interval":{"confidence_level":0.95,"lower_bound":-0.015957618660288626,"upper_bound":0.009997153106353567},"point_estimate":-0.003315978703042788,"standard_error":0.006624185182960193},"median":{"confidence_interval":{"confidence_level":0.95,"lower_bound":-0.039584319687191075,"upper_bound":0.010721713221701679},"point_estimate":-0.0041577353430871655,"standard_error":0.012069955628663403}}