{"mean":{"confidence_interval":{"confidence_level":0.95,"lower_bound":-0.0017163525530086892,"upper_bound":0.022769507229538292},"point_estimate":0.009950119958207937,"standard_error":0.006344929764618355},"median":{"confidence_interval":{"confidence_level":0.95,"lower_bound":-0.051687197166178867,"upper_bound":0.05178425859391966},"point_estimate":-0.003396268426938298,"standard_error":0.024487169506515943}}