{"mean":{"confidence_interval":{"confidence_level":0.95,"lower_bound":-0.04397127393012333,"upper_bound":-0.018519829094300864},"point_estimate":-0.03106298043815381,"standard_error":0.0064902718444897894},"median":{"confidence_interval":{"confidence_level":0.95,"lower_bound":-0.07699696675514967,"upper_bound":0.029398755216718975},"point_estimate":-0.027150642888862042,"standard_error":0.024377223898040673}}