{"mean":{"confidence_interval":{"confidence_level":0.95,"lower_bound":-0.12223235519673759,"upper_bound":-0.11702362026063275},"point_estimate":-0.11959537682934396,"standard_error":0.0013303676783693627},"median":{"confidence_interval":{"confidence_level":0.95,"lower_bound":-0.121073125599182,"upper_bound":-0.1151522296532151},"point_estimate":-0.11695944815472814,"standard_error":0.0016234717174424544}}