{"mean":{"confidence_interval":{"confidence_level":0.95,"lower_bound":-0.009300013381695244,"upper_bound":0.019293052116159094},"point_estimate":0.005033333451791577,"standard_error":0.00724803420462561},"median":{"confidence_interval":{"confidence_level":0.95,"lower_bound":-0.026111014247747966,"upper_bound":0.01562114169178691},"point_estimate":0.0004249777768365881,"standard_error":0.011168018754148523}}