{"mean":{"confidence_interval":{"confidence_level":0.95,"lower_bound":-0.018701208041817585,"upper_bound":0.00663953574444615},"point_estimate":-0.006278318365906532,"standard_error":0.006473541058445063},"median":{"confidence_interval":{"confidence_level":0.95,"lower_bound":-0.03512324255494811,"upper_bound":0.026276833372835817},"point_estimate":-0.0027433654871569235,"standard_error":0.013462651606220568}}