{"mean":{"confidence_interval":{"confidence_level":0.95,"lower_bound":0.14960381000922343,"upper_bound":0.1732621244134342},"point_estimate":0.16179787108243282,"standard_error":0.005485372538063676},"median":{"confidence_interval":{"confidence_level":0.95,"lower_bound":0.13496282327069142,"upper_bound":0.16058981541477968},"point_estimate":0.14546407978822984,"standard_error":0.006196550268191906}}