{"mean":{"confidence_interval":{"confidence_level":0.95,"lower_bound":-0.015640951366860775,"upper_bound":0.00789108395328045},"point_estimate":-0.003934773034431682,"standard_error":0.006013653675360243},"median":{"confidence_interval":{"confidence_level":0.95,"lower_bound":-0.0222977629865857,"upper_bound":0.03929895313551435},"point_estimate":0.0115282812666333,"standard_error":0.01518539026144046}}