{"mean":{"confidence_interval":{"confidence_level":0.95,"lower_bound":-0.33571328040200954,"upper_bound":-0.3151256689427907},"point_estimate":-0.32532566420557063,"standard_error":0.005279874649036279},"median":{"confidence_interval":{"confidence_level":0.95,"lower_bound":-0.36292763985651566,"upper_bound":-0.2947407669606923},"point_estimate":-0.3284428614992174,"standard_error":0.014073791878451628}}