{"mean":{"confidence_interval":{"confidence_level":0.95,"lower_bound":-0.007586183554260527,"upper_bound":0.019319764755016094},"point_estimate":0.004962400834711778,"standard_error":0.006965401143595679},"median":{"confidence_interval":{"confidence_level":0.95,"lower_bound":-0.035510715212620614,"upper_bound":0.032355937196793534},"point_estimate":-0.0048740094954731195,"standard_error":0.015581779037350781}}