{"mean":{"confidence_interval":{"confidence_level":0.95,"lower_bound":0.023275065809011626,"upper_bound":0.045483204728795724},"point_estimate":0.03437312560782213,"standard_error":0.005657583313451523},"median":{"confidence_interval":{"confidence_level":0.95,"lower_bound":-0.016927939837006467,"upper_bound":0.08363030097925298},"point_estimate":0.036527944417538594,"standard_error":0.02353484462296624}}