{"mean":{"confidence_interval":{"confidence_level":0.95,"lower_bound":0.18218962881236242,"upper_bound":0.2287917143985258},"point_estimate":0.20345759472190328,"standard_error":0.012134190999580628},"median":{"confidence_interval":{"confidence_level":0.95,"lower_bound":0.17019686393988542,"upper_bound":0.20580521477741653},"point_estimate":0.18596316278437475,"standard_error":0.009133921977606102}}