{"mean":{"confidence_interval":{"confidence_level":0.95,"lower_bound":-0.017574111574393952,"upper_bound":0.00927421846926891},"point_estimate":-0.004207872474337071,"standard_error":0.006849807389364679},"median":{"confidence_interval":{"confidence_level":0.95,"lower_bound":-0.028289662885242817,"upper_bound":0.046097435508328344},"point_estimate":0.005438130960017773,"standard_error":0.014147095256667148}}