{"mean":{"confidence_interval":{"confidence_level":0.95,"lower_bound":-0.009191734212539075,"upper_bound":0.01858718312771271},"point_estimate":0.0030266743703077914,"standard_error":0.007025352467128492},"median":{"confidence_interval":{"confidence_level":0.95,"lower_bound":-0.03161235215354974,"upper_bound":0.05068271273274427},"point_estimate":-0.000888371831328727,"standard_error":0.018430681589018304}}