{"mean":{"confidence_interval":{"confidence_level":0.95,"lower_bound":-0.03108269049470471,"upper_bound":-0.0057731992106394465},"point_estimate":-0.018332738323512232,"standard_error":0.00643468195787326},"median":{"confidence_interval":{"confidence_level":0.95,"lower_bound":-0.06546075391684958,"upper_bound":0.04367009705949151},"point_estimate":-0.009102769034940561,"standard_error":0.02403354448079471}}