{"mean":{"confidence_interval":{"confidence_level":0.95,"lower_bound":-0.01548915613792795,"upper_bound":0.008289899782328686},"point_estimate":-0.003875445108600828,"standard_error":0.0060653350057770115},"median":{"confidence_interval":{"confidence_level":0.95,"lower_bound":-0.03635218011659534,"upper_bound":0.027420737974633846},"point_estimate":-0.005162804700304502,"standard_error":0.015745455227875325}}