{"mean":{"confidence_interval":{"confidence_level":0.95,"lower_bound":-0.009695440707082253,"upper_bound":0.019611596075735788},"point_estimate":0.005169773047490223,"standard_error":0.007446649384910617},"median":{"confidence_interval":{"confidence_level":0.95,"lower_bound":-0.03859697048983002,"upper_bound":0.04997754849180214},"point_estimate":-0.003969020276770818,"standard_error":0.018623115220299944}}