{"mean":{"confidence_interval":{"confidence_level":0.95,"lower_bound":-0.018259028540031173,"upper_bound":0.010631517760915641},"point_estimate":-0.0040573583238211475,"standard_error":0.007371952719238497},"median":{"confidence_interval":{"confidence_level":0.95,"lower_bound":-0.021944256442776422,"upper_bound":0.03592752833978106},"point_estimate":0.0018316331938499353,"standard_error":0.01364010805105802}}