{"mean":{"confidence_interval":{"confidence_level":0.95,"lower_bound":-0.04115144936428395,"upper_bound":-0.0039997202510360964},"point_estimate":-0.02243173159539591,"standard_error":0.009496690165106009},"median":{"confidence_interval":{"confidence_level":0.95,"lower_bound":-0.008082396870599973,"upper_bound":0.05653117991856793},"point_estimate":0.009279736981949949,"standard_error":0.017516545757791015}}