{"mean":{"confidence_interval":{"confidence_level":0.95,"lower_bound":-0.2840802138717498,"upper_bound":-0.2630272797911719},"point_estimate":-0.2734338408480126,"standard_error":0.005372200774923596},"median":{"confidence_interval":{"confidence_level":0.95,"lower_bound":-0.28068265393610814,"upper_bound":-0.23773821921936222},"point_estimate":-0.27223950460004953,"standard_error":0.011890002053184906}}