{"mean":{"confidence_interval":{"confidence_level":0.95,"lower_bound":-0.016141459060963537,"upper_bound":0.012803781457441484},"point_estimate":-0.0015953079108127488,"standard_error":0.007378130725409796},"median":{"confidence_interval":{"confidence_level":0.95,"lower_bound":-0.04197033344188613,"upper_bound":0.03226538364995446},"point_estimate":-0.005709908410435505,"standard_error":0.015310701064074927}}