{"mean":{"confidence_interval":{"confidence_level":0.95,"lower_bound":-0.06363791040454612,"upper_bound":-0.02775142392176774},"point_estimate":-0.045258892223526526,"standard_error":0.009154257001907964},"median":{"confidence_interval":{"confidence_level":0.95,"lower_bound":-0.06688951648966213,"upper_bound":-0.0028976940079888935},"point_estimate":-0.032095781527424205,"standard_error":0.016257166241621535}}