{"mean":{"confidence_interval":{"confidence_level":0.95,"lower_bound":0.02533500772913924,"upper_bound":0.0590206753888621},"point_estimate":0.04240877923331343,"standard_error":0.008560634929696604},"median":{"confidence_interval":{"confidence_level":0.95,"lower_bound":0.007022904487496984,"upper_bound":0.06670945186602206},"point_estimate":0.038667517048497135,"standard_error":0.015790903740785952}}