{"mean":{"confidence_interval":{"confidence_level":0.95,"lower_bound":-0.04968292993986505,"upper_bound":-0.019485905994462604},"point_estimate":-0.03498588365549926,"standard_error":0.007692438987303902},"median":{"confidence_interval":{"confidence_level":0.95,"lower_bound":-0.030435561922065757,"upper_bound":-0.0013821951926692444},"point_estimate":-0.008172676769967024,"standard_error":0.008415568248947633}}