{"mean":{"confidence_interval":{"confidence_level":0.95,"lower_bound":-0.02547190891132936,"upper_bound":0.007357696149312318},"point_estimate":-0.008942118463012183,"standard_error":0.008384451536230826},"median":{"confidence_interval":{"confidence_level":0.95,"lower_bound":-0.029480245711462003,"upper_bound":0.05956424538964322},"point_estimate":0.010554072549470606,"standard_error":0.01693939797719935}}