{"mean":{"confidence_interval":{"confidence_level":0.95,"lower_bound":-0.23089298241825007,"upper_bound":-0.20466873099676877},"point_estimate":-0.2174180908536174,"standard_error":0.006680871036581958},"median":{"confidence_interval":{"confidence_level":0.95,"lower_bound":-0.25122258924753216,"upper_bound":-0.18425894127075948},"point_estimate":-0.22886878462931914,"standard_error":0.015492663087329212}}