{"mean":{"confidence_interval":{"confidence_level":0.95,"lower_bound":-0.25448684022215473,"upper_bound":-0.23345855077829433},"point_estimate":-0.24400821006679485,"standard_error":0.005395978406779902},"median":{"confidence_interval":{"confidence_level":0.95,"lower_bound":-0.2562602984515102,"upper_bound":-0.2068446133863896},"point_estimate":-0.24703954298919617,"standard_error":0.014304049422340377}}