{"mean":{"confidence_interval":{"confidence_level":0.95,"lower_bound":-0.20687082654670091,"upper_bound":-0.1759534778192758},"point_estimate":-0.19128109451633446,"standard_error":0.007913184715780175},"median":{"confidence_interval":{"confidence_level":0.95,"lower_bound":-0.22321133931463122,"upper_bound":-0.16363351766301795},"point_estimate":-0.20871535345632608,"standard_error":0.018061528472070335}}