{"mean":{"confidence_interval":{"confidence_level":0.95,"lower_bound":-0.1524702553095482,"upper_bound":-0.13413389786438976},"point_estimate":-0.14318227895779534,"standard_error":0.00465341896940687},"median":{"confidence_interval":{"confidence_level":0.95,"lower_bound":-0.1641159239763138,"upper_bound":-0.11234985072587533},"point_estimate":-0.16111575032633574,"standard_error":0.015292597756084691}}