{"mean":{"confidence_interval":{"confidence_level":0.95,"lower_bound":-0.2945141878716564,"upper_bound":-0.2741290317051751},"point_estimate":-0.2837220882319049,"standard_error":0.0052011391886575675},"median":{"confidence_interval":{"confidence_level":0.95,"lower_bound":-0.29989588679918766,"upper_bound":-0.2552691982550166},"point_estimate":-0.289057011381591,"standard_error":0.011431306967148131}}