{"mean":{"confidence_interval":{"confidence_level":0.95,"lower_bound":-0.012353492906315428,"upper_bound":0.021668948422057185},"point_estimate":0.0050853543425388725,"standard_error":0.008710370216739857},"median":{"confidence_interval":{"confidence_level":0.95,"lower_bound":-0.03692959248258754,"upper_bound":0.05551774959189992},"point_estimate":0.004911773026968991,"standard_error":0.01791717403065595}}