{"mean":{"confidence_interval":{"confidence_level":0.95,"lower_bound":-0.002789873440787588,"upper_bound":0.01898622467042675},"point_estimate":0.007669117498168232,"standard_error":0.005583182421705394},"median":{"confidence_interval":{"confidence_level":0.95,"lower_bound":-0.03987712757934959,"upper_bound":0.05721165183862068},"point_estimate":-0.0006984752367052982,"standard_error":0.023207090384693905}}