{"mean":{"confidence_interval":{"confidence_level":0.95,"lower_bound":-0.014011574070937146,"upper_bound":0.012033478496715908},"point_estimate":-0.0009264829381351314,"standard_error":0.00666598876139371},"median":{"confidence_interval":{"confidence_level":0.95,"lower_bound":-0.02151921491627451,"upper_bound":0.028236063872602024},"point_estimate":0.0016527423210974668,"standard_error":0.01375037133138262}}