{"mean":{"confidence_interval":{"confidence_level":0.95,"lower_bound":-0.016218523127596158,"upper_bound":0.009742873927212297},"point_estimate":-0.0035787396892366097,"standard_error":0.006573737727231588},"median":{"confidence_interval":{"confidence_level":0.95,"lower_bound":-0.024811187510473336,"upper_bound":0.02218431621635883},"point_estimate":-0.005109899587867561,"standard_error":0.012814614737557758}}