{"mean":{"confidence_interval":{"confidence_level":0.95,"lower_bound":0.20580666440194417,"upper_bound":0.24262940916938008},"point_estimate":0.22084388226634433,"standard_error":0.009163047586933816},"median":{"confidence_interval":{"confidence_level":0.95,"lower_bound":0.19021939440053393,"upper_bound":0.20882710406589622},"point_estimate":0.19862287061944905,"standard_error":0.004726544043218078}}