{"mean":{"confidence_interval":{"confidence_level":0.95,"lower_bound":-0.010118193413931961,"upper_bound":0.02953001899282574},"point_estimate":0.00828201680716334,"standard_error":0.010214246070516268},"median":{"confidence_interval":{"confidence_level":0.95,"lower_bound":-0.04331354870747301,"upper_bound":0.051043628245763806},"point_estimate":-0.001430544741462203,"standard_error":0.01852687617055454}}