{"mean":{"confidence_interval":{"confidence_level":0.95,"lower_bound":-0.09980693114011105,"upper_bound":-0.07576053245457728},"point_estimate":-0.08776136492402475,"standard_error":0.006141587482440593},"median":{"confidence_interval":{"confidence_level":0.95,"lower_bound":-0.11910995601251673,"upper_bound":-0.06348577345074236},"point_estimate":-0.0990907553100866,"standard_error":0.013698505354224646}}