{"mean":{"confidence_interval":{"confidence_level":0.95,"lower_bound":-0.008960642815490139,"upper_bound":0.05847342589740426},"point_estimate":0.027829745778937376,"standard_error":0.017319266295876195},"median":{"confidence_interval":{"confidence_level":0.95,"lower_bound":0.02420691920163276,"upper_bound":0.06298261451793641},"point_estimate":0.04462946072645724,"standard_error":0.00910164060220604}}