{"mean":{"confidence_interval":{"confidence_level":0.95,"lower_bound":0.2231508303466154,"upper_bound":0.2706567820211647},"point_estimate":0.24761503446003474,"standard_error":0.012040631877342814},"median":{"confidence_interval":{"confidence_level":0.95,"lower_bound":0.1907815601919878,"upper_bound":0.2862431436020081},"point_estimate":0.26226689865850794,"standard_error":0.024499211991983325}}