{"mean":{"confidence_interval":{"confidence_level":0.95,"lower_bound":173379.12241390295,"upper_bound":175425.31717802543},"point_estimate":174372.5996187168,"standard_error":521.530451468539},"median":{"confidence_interval":{"confidence_level":0.95,"lower_bound":173112.2373737374,"upper_bound":174493.61893939393},"point_estimate":173871.2111111111,"standard_error":359.97427245800947},"median_abs_dev":{"confidence_interval":{"confidence_level":0.95,"lower_bound":3415.76994163069,"upper_bound":5838.567914121552},"point_estimate":4554.073736477795,"standard_error":621.3563845656162},"slope":{"confidence_interval":{"confidence_level":0.95,"lower_bound":172869.63706332815,"upper_bound":176128.73626503284},"point_estimate":174449.31287128714,"standard_error":831.4084275721564},"std_dev":{"confidence_interval":{"confidence_level":0.95,"lower_bound":4198.303257196333,"upper_bound":6206.740026264678},"point_estimate":5237.626107273521,"standard_error":514.6393758972722}}