{"mean":{"confidence_interval":{"confidence_level":0.95,"lower_bound":166102.67602308968,"upper_bound":168606.56871790203},"point_estimate":167271.71637820348,"standard_error":641.1625125933092},"median":{"confidence_interval":{"confidence_level":0.95,"lower_bound":165093.47108843538,"upper_bound":166740.68696969695},"point_estimate":166034.77048975512,"standard_error":425.87495032104533},"median_abs_dev":{"confidence_interval":{"confidence_level":0.95,"lower_bound":2967.8090536923287,"upper_bound":4771.512889099999},"point_estimate":3966.080501889787,"standard_error":494.0610511248373},"slope":{"confidence_interval":{"confidence_level":0.95,"lower_bound":166599.3036158212,"upper_bound":168787.08286632714},"point_estimate":167630.0106388848,"standard_error":558.6526323572908},"std_dev":{"confidence_interval":{"confidence_level":0.95,"lower_bound":4124.822571814618,"upper_bound":8514.65633627141},"point_estimate":6439.483277509566,"standard_error":1131.8339347523704}}