{"mean":{"confidence_interval":{"confidence_level":0.95,"lower_bound":110355.1336899611,"upper_bound":110629.36399510033},"point_estimate":110485.6561253352,"standard_error":70.05497390483559},"median":{"confidence_interval":{"confidence_level":0.95,"lower_bound":110278.00408163265,"upper_bound":110426.11},"point_estimate":110374.85384615386,"standard_error":34.63089378569808},"median_abs_dev":{"confidence_interval":{"confidence_level":0.95,"lower_bound":228.5016241584412,"upper_bound":428.30969362406086},"point_estimate":304.1889660922446,"standard_error":51.55818760930697},"slope":{"confidence_interval":{"confidence_level":0.95,"lower_bound":110500.77986813316,"upper_bound":110929.85801834924},"point_estimate":110704.52457041525,"standard_error":109.77052878122707},"std_dev":{"confidence_interval":{"confidence_level":0.95,"lower_bound":505.52032771793444,"upper_bound":896.2121164204617},"point_estimate":703.3052875703942,"standard_error":101.06490742275473}}