{"mean":{"confidence_interval":{"confidence_level":0.95,"lower_bound":110095.41982552543,"upper_bound":110254.98657144047},"point_estimate":110173.9331448629,"standard_error":40.64049130215992},"median":{"confidence_interval":{"confidence_level":0.95,"lower_bound":110061.28338440586,"upper_bound":110203.98285714285},"point_estimate":110126.84523809524,"standard_error":37.27178578763215},"median_abs_dev":{"confidence_interval":{"confidence_level":0.95,"lower_bound":226.1068735478235,"upper_bound":419.2970762938355},"point_estimate":300.8944715152006,"standard_error":49.15638362450579},"slope":{"confidence_interval":{"confidence_level":0.95,"lower_bound":110194.13894161081,"upper_bound":110328.94056799302},"point_estimate":110260.00011349194,"standard_error":34.26677506408252},"std_dev":{"confidence_interval":{"confidence_level":0.95,"lower_bound":341.22181606474317,"upper_bound":468.6802913898574},"point_estimate":409.3821798286564,"standard_error":32.56844817832246}}