{"mean":{"confidence_interval":{"confidence_level":0.95,"lower_bound":141133.27777179776,"upper_bound":143395.01162657223},"point_estimate":142279.042929845,"standard_error":577.5630070012373},"median":{"confidence_interval":{"confidence_level":0.95,"lower_bound":142027.87272727274,"upper_bound":145364.35897435897},"point_estimate":143507.14130434784,"standard_error":787.533394765324},"median_abs_dev":{"confidence_interval":{"confidence_level":0.95,"lower_bound":4189.466731643723,"upper_bound":7852.732923038088},"point_estimate":5544.044892999709,"standard_error":934.8403190198288},"slope":{"confidence_interval":{"confidence_level":0.95,"lower_bound":142085.79774619392,"upper_bound":144732.7557860413},"point_estimate":143477.66864489435,"standard_error":676.3431803012945},"std_dev":{"confidence_interval":{"confidence_level":0.95,"lower_bound":5125.625426995328,"upper_bound":6371.120248290835},"point_estimate":5812.751899009374,"standard_error":318.72431893673945}}