{"mean":{"confidence_interval":{"confidence_level":0.95,"lower_bound":113055.59541347974,"upper_bound":113310.750278185},"point_estimate":113175.36143916984,"standard_error":65.20850477989926},"median":{"confidence_interval":{"confidence_level":0.95,"lower_bound":113084.4312599364,"upper_bound":113256.25},"point_estimate":113174.71479023973,"standard_error":49.41451082959692},"median_abs_dev":{"confidence_interval":{"confidence_level":0.95,"lower_bound":286.3245045071234,"upper_bound":557.3669867714314},"point_estimate":380.80090789887,"standard_error":70.00485355783869},"slope":{"confidence_interval":{"confidence_level":0.95,"lower_bound":113187.49431958022,"upper_bound":113423.56094921373},"point_estimate":113289.09777523275,"standard_error":60.549099106737835},"std_dev":{"confidence_interval":{"confidence_level":0.95,"lower_bound":421.7602567345617,"upper_bound":880.6988567231597},"point_estimate":656.3690962433731,"standard_error":119.1818105476108}}