{"mean":{"confidence_interval":{"confidence_level":0.95,"lower_bound":113518.6197171584,"upper_bound":114080.30263522765},"point_estimate":113754.56594642243,"standard_error":145.10332375732148},"median":{"confidence_interval":{"confidence_level":0.95,"lower_bound":113530.40833333334,"upper_bound":113638.63235294117},"point_estimate":113571.76396173271,"standard_error":24.064186543204265},"median_abs_dev":{"confidence_interval":{"confidence_level":0.95,"lower_bound":230.18547516871305,"upper_bound":475.5091931205243},"point_estimate":339.7734340960956,"standard_error":62.100672106657434},"slope":{"confidence_interval":{"confidence_level":0.95,"lower_bound":113659.83383587845,"upper_bound":114232.71321630191},"point_estimate":113905.3655608098,"standard_error":147.5912268155975},"std_dev":{"confidence_interval":{"confidence_level":0.95,"lower_bound":524.6491440525265,"upper_bound":2296.0053822991613},"point_estimate":1460.4167948935124,"standard_error":509.12954983356764}}