{"mean":{"confidence_interval":{"confidence_level":0.95,"lower_bound":110129.79584923448,"upper_bound":110477.2364345332},"point_estimate":110281.46044258536,"standard_error":89.28608206189605},"median":{"confidence_interval":{"confidence_level":0.95,"lower_bound":110074.15833333334,"upper_bound":110179.98952539859},"point_estimate":110127.76486486488,"standard_error":28.11692268310852},"median_abs_dev":{"confidence_interval":{"confidence_level":0.95,"lower_bound":202.55205336886903,"upper_bound":408.346050321068},"point_estimate":274.470310270656,"standard_error":53.52489366746206},"slope":{"confidence_interval":{"confidence_level":0.95,"lower_bound":110238.13818944467,"upper_bound":110471.18032426103},"point_estimate":110341.91033131373,"standard_error":59.672309632172286},"std_dev":{"confidence_interval":{"confidence_level":0.95,"lower_bound":368.7137624004815,"upper_bound":1329.1770665916802},"point_estimate":894.8402535822445,"standard_error":252.20549038046022}}