{"mean":{"confidence_interval":{"confidence_level":0.95,"lower_bound":127274.16060523964,"upper_bound":127400.78753694138},"point_estimate":127340.20043732684,"standard_error":32.21778680039755},"median":{"confidence_interval":{"confidence_level":0.95,"lower_bound":127339.70555555556,"upper_bound":127453.03666666667},"point_estimate":127395.02320954908,"standard_error":25.0027618353767},"median_abs_dev":{"confidence_interval":{"confidence_level":0.95,"lower_bound":151.5920687805109,"upper_bound":274.22075016256866},"point_estimate":213.25838273907726,"standard_error":30.101153595240394},"slope":{"confidence_interval":{"confidence_level":0.95,"lower_bound":127405.99864885892,"upper_bound":127476.61858466563},"point_estimate":127441.31478646371,"standard_error":18.03943666896108},"std_dev":{"confidence_interval":{"confidence_level":0.95,"lower_bound":243.29637171996546,"upper_bound":392.0900766606673},"point_estimate":322.8084750902939,"standard_error":37.90027061261924}}