{"mean":{"confidence_interval":{"confidence_level":0.95,"lower_bound":156980.0893807871,"upper_bound":161570.70774046835},"point_estimate":159183.4202395388,"standard_error":1168.758329388322},"median":{"confidence_interval":{"confidence_level":0.95,"lower_bound":155143.61728395062,"upper_bound":158418.2925925926},"point_estimate":157433.7419871795,"standard_error":872.6688240906093},"median_abs_dev":{"confidence_interval":{"confidence_level":0.95,"lower_bound":5055.5685237751295,"upper_bound":8556.898717170121},"point_estimate":6629.926350005347,"standard_error":905.517532082118},"slope":{"confidence_interval":{"confidence_level":0.95,"lower_bound":156698.05088526043,"upper_bound":162527.52402447176},"point_estimate":159391.02816708537,"standard_error":1484.0989112092163},"std_dev":{"confidence_interval":{"confidence_level":0.95,"lower_bound":8416.772029151856,"upper_bound":14696.847020011735},"point_estimate":11717.47855109065,"standard_error":1614.0414274875761}}