{"mean":{"confidence_interval":{"confidence_level":0.95,"lower_bound":184286.65088866212,"upper_bound":188391.9320725358},"point_estimate":186272.9833993672,"standard_error":1049.98752673038},"median":{"confidence_interval":{"confidence_level":0.95,"lower_bound":181500.48484848486,"upper_bound":186219.4111111111},"point_estimate":184046.51564567973,"standard_error":1261.1265033833868},"median_abs_dev":{"confidence_interval":{"confidence_level":0.95,"lower_bound":6595.5511507843385,"upper_bound":10758.143452443695},"point_estimate":8911.240182589037,"standard_error":1047.15915159158},"slope":{"confidence_interval":{"confidence_level":0.95,"lower_bound":185855.82162184623,"upper_bound":190497.66789596056},"point_estimate":188128.28155657358,"standard_error":1182.3038744513397},"std_dev":{"confidence_interval":{"confidence_level":0.95,"lower_bound":8358.452328919378,"upper_bound":12693.740999994227},"point_estimate":10570.294474744947,"standard_error":1115.9778849705563}}