{"mean":{"confidence_interval":{"confidence_level":0.95,"lower_bound":394074.8724524332,"upper_bound":397918.62449317676},"point_estimate":396000.147953426,"standard_error":981.6645974844282},"median":{"confidence_interval":{"confidence_level":0.95,"lower_bound":392726.2580645161,"upper_bound":398626.6},"point_estimate":394644.24884453777,"standard_error":1559.2820757390773},"median_abs_dev":{"confidence_interval":{"confidence_level":0.95,"lower_bound":8205.948446087448,"upper_bound":13505.763688062187},"point_estimate":11227.08890567933,"standard_error":1322.6549818606827},"slope":{"confidence_interval":{"confidence_level":0.95,"lower_bound":389263.3694171801,"upper_bound":392877.77497914515},"point_estimate":391037.76174818975,"standard_error":923.6786322862016},"std_dev":{"confidence_interval":{"confidence_level":0.95,"lower_bound":8740.802261575787,"upper_bound":10956.758916839135},"point_estimate":9905.499781197272,"standard_error":567.0806339730036}}