{"mean":{"confidence_interval":{"confidence_level":0.95,"lower_bound":125465.52904232343,"upper_bound":125628.20964976496},"point_estimate":125550.32829816239,"standard_error":41.5450251205491},"median":{"confidence_interval":{"confidence_level":0.95,"lower_bound":125601.08762886598,"upper_bound":125722.00558445533},"point_estimate":125672.55170454545,"standard_error":30.549873161818912},"median_abs_dev":{"confidence_interval":{"confidence_level":0.95,"lower_bound":157.41477766507478,"upper_bound":299.026356644031},"point_estimate":226.4128783789425,"standard_error":37.93769095648478},"slope":{"confidence_interval":{"confidence_level":0.95,"lower_bound":125642.20497602581,"upper_bound":125738.39024500136},"point_estimate":125689.9350110832,"standard_error":24.471692433901616},"std_dev":{"confidence_interval":{"confidence_level":0.95,"lower_bound":319.4707769870423,"upper_bound":500.62946925866396},"point_estimate":417.55430317403915,"standard_error":46.4449655861519}}