{"mean":{"confidence_interval":{"confidence_level":0.95,"lower_bound":110061.70159630549,"upper_bound":110444.4575855405},"point_estimate":110235.58729288055,"standard_error":98.17434918321631},"median":{"confidence_interval":{"confidence_level":0.95,"lower_bound":110007.00900974026,"upper_bound":110147.59843189965},"point_estimate":110085.28138297872,"standard_error":36.62789474483043},"median_abs_dev":{"confidence_interval":{"confidence_level":0.95,"lower_bound":223.50886292380818,"upper_bound":451.9755981017008},"point_estimate":320.4834208346708,"standard_error":61.10995168284856},"slope":{"confidence_interval":{"confidence_level":0.95,"lower_bound":110203.1500056926,"upper_bound":110550.35788359863},"point_estimate":110355.81859834491,"standard_error":88.95998055608123},"std_dev":{"confidence_interval":{"confidence_level":0.95,"lower_bound":475.95831069433615,"upper_bound":1386.8565491879983},"point_estimate":991.2715812425564,"standard_error":227.59870860774527}}