{"mean":{"confidence_interval":{"confidence_level":0.95,"lower_bound":110248.16393776466,"upper_bound":110541.71073003946},"point_estimate":110381.93939006014,"standard_error":75.05809021772036},"median":{"confidence_interval":{"confidence_level":0.95,"lower_bound":110189.2,"upper_bound":110361.51052631579},"point_estimate":110266.83955555555,"standard_error":45.786997976874765},"median_abs_dev":{"confidence_interval":{"confidence_level":0.95,"lower_bound":268.0274710952085,"upper_bound":438.47029705028046},"point_estimate":334.7482017723858,"standard_error":43.007190090275714},"slope":{"confidence_interval":{"confidence_level":0.95,"lower_bound":110354.11727414757,"upper_bound":110609.80472861655},"point_estimate":110467.36678232599,"standard_error":65.82950494362187},"std_dev":{"confidence_interval":{"confidence_level":0.95,"lower_bound":409.5844860190517,"upper_bound":1072.215229026409},"point_estimate":754.552630651797,"standard_error":173.61468618312364}}