{"mean":{"confidence_interval":{"confidence_level":0.95,"lower_bound":130779.22851648538,"upper_bound":130926.83090158338},"point_estimate":130855.28908412509,"standard_error":37.76054816352661},"median":{"confidence_interval":{"confidence_level":0.95,"lower_bound":130839.24431818182,"upper_bound":131035.06034482758},"point_estimate":130931.79613334098,"standard_error":42.189318726420034},"median_abs_dev":{"confidence_interval":{"confidence_level":0.95,"lower_bound":204.14609529011122,"upper_bound":349.0760018283693},"point_estimate":268.1755660722773,"standard_error":37.20999627706775},"slope":{"confidence_interval":{"confidence_level":0.95,"lower_bound":130967.1219210262,"upper_bound":131044.60262523576},"point_estimate":131005.51096202158,"standard_error":19.71470111248252},"std_dev":{"confidence_interval":{"confidence_level":0.95,"lower_bound":299.12916063281176,"upper_bound":448.16379259257974},"point_estimate":378.9701755049564,"standard_error":38.304788641340274}}