{"mean":{"confidence_interval":{"confidence_level":0.95,"lower_bound":106273.99545759927,"upper_bound":107362.78966457129},"point_estimate":106819.95651356017,"standard_error":277.8689589708849},"median":{"confidence_interval":{"confidence_level":0.95,"lower_bound":105273.04731182796,"upper_bound":107914.71666666666},"point_estimate":106579.22526315789,"standard_error":609.0086946924475},"median_abs_dev":{"confidence_interval":{"confidence_level":0.95,"lower_bound":2474.9092511820986,"upper_bound":4292.716872739152},"point_estimate":3725.739530012782,"standard_error":476.3787161579161},"slope":{"confidence_interval":{"confidence_level":0.95,"lower_bound":106466.99001606331,"upper_bound":107689.32524346803},"point_estimate":107067.60336633664,"standard_error":312.4157904039645},"std_dev":{"confidence_interval":{"confidence_level":0.95,"lower_bound":2547.277311570984,"upper_bound":3021.4564267745914},"point_estimate":2796.5923986043936,"standard_error":121.05949106756272}}