{"mean":{"confidence_interval":{"confidence_level":0.95,"lower_bound":110225.33964321011,"upper_bound":110675.31312309555},"point_estimate":110426.30882272641,"standard_error":115.49318103760572},"median":{"confidence_interval":{"confidence_level":0.95,"lower_bound":110137.30380414313,"upper_bound":110268.51580827068},"point_estimate":110182.36385964914,"standard_error":38.490201319751144},"median_abs_dev":{"confidence_interval":{"confidence_level":0.95,"lower_bound":231.83906064649696,"upper_bound":448.5592742183052},"point_estimate":299.3256835358521,"standard_error":54.25351894986786},"slope":{"confidence_interval":{"confidence_level":0.95,"lower_bound":110291.94969052417,"upper_bound":110639.29565268941},"point_estimate":110452.32906812472,"standard_error":89.02820215378036},"std_dev":{"confidence_interval":{"confidence_level":0.95,"lower_bound":596.8675318271627,"upper_bound":1701.3514949325904},"point_estimate":1162.4092607066787,"standard_error":302.95415801271537}}