{"mean":{"confidence_interval":{"confidence_level":0.95,"lower_bound":148477.3158004671,"upper_bound":149996.86705815862},"point_estimate":149208.21850808003,"standard_error":388.90048381801085},"median":{"confidence_interval":{"confidence_level":0.95,"lower_bound":147998.11794871796,"upper_bound":149391.7962962963},"point_estimate":148923.12411347518,"standard_error":422.7329472076368},"median_abs_dev":{"confidence_interval":{"confidence_level":0.95,"lower_bound":2065.0978951999227,"upper_bound":3211.183107722246},"point_estimate":2710.3654410859517,"standard_error":298.7419489249378},"slope":{"confidence_interval":{"confidence_level":0.95,"lower_bound":147812.55933919904,"upper_bound":148729.5923208487},"point_estimate":148269.3395340131,"standard_error":232.92386999368657},"std_dev":{"confidence_interval":{"confidence_level":0.95,"lower_bound":2960.356797261456,"upper_bound":4679.168706566305},"point_estimate":3906.536534501012,"standard_error":438.21729361606026}}