{"mean":{"confidence_interval":{"confidence_level":0.95,"lower_bound":-0.20002047902964334,"upper_bound":-0.1733103628938926},"point_estimate":-0.18709213036973615,"standard_error":0.006796015755966377},"median":{"confidence_interval":{"confidence_level":0.95,"lower_bound":-0.20499662043881328,"upper_bound":-0.19830252156928485},"point_estimate":-0.201641892075908,"standard_error":0.0016137585849943616}}