{"mean":{"confidence_interval":{"confidence_level":0.95,"lower_bound":-0.02584244934983686,"upper_bound":0.008778778912223579},"point_estimate":-0.008744374883993822,"standard_error":0.008771136294246551},"median":{"confidence_interval":{"confidence_level":0.95,"lower_bound":-0.012529227458521666,"upper_bound":-0.007358527064998288},"point_estimate":-0.009562454926801744,"standard_error":0.0012899388620182764}}