{"mean":{"confidence_interval":{"confidence_level":0.95,"lower_bound":-0.018864767496248738,"upper_bound":0.012117623780113728},"point_estimate":-0.003939449032832054,"standard_error":0.007817997296194593},"median":{"confidence_interval":{"confidence_level":0.95,"lower_bound":-0.0032750979228054478,"upper_bound":0.006596614606181772},"point_estimate":0.0025474059052721376,"standard_error":0.002478314448606569}}