{"mean":{"confidence_interval":{"confidence_level":0.95,"lower_bound":-0.020354187856422894,"upper_bound":0.010636614888802933},"point_estimate":-0.004609364635420388,"standard_error":0.00783990580280597},"median":{"confidence_interval":{"confidence_level":0.95,"lower_bound":-0.006911355359441762,"upper_bound":-0.0013393073063981964},"point_estimate":-0.004702925111465306,"standard_error":0.0014295854028028437}}