{"mean":{"confidence_interval":{"confidence_level":0.95,"lower_bound":-0.0014772920394437328,"upper_bound":0.030485779540640856},"point_estimate":0.014045024596011313,"standard_error":0.008110052703028415},"median":{"confidence_interval":{"confidence_level":0.95,"lower_bound":0.008032528313893561,"upper_bound":0.013952564143382196},"point_estimate":0.011361312258227452,"standard_error":0.0014523893024355908}}