{"mean":{"confidence_interval":{"confidence_level":0.95,"lower_bound":-0.014829893665678669,"upper_bound":0.01426361009938972},"point_estimate":-0.0007732717522364041,"standard_error":0.007437635480942039},"median":{"confidence_interval":{"confidence_level":0.95,"lower_bound":0.00048470280477119765,"upper_bound":0.005375021107520972},"point_estimate":0.0029381940884594115,"standard_error":0.0012177696004297726}}