{"mean":{"confidence_interval":{"confidence_level":0.95,"lower_bound":-0.008765562431728354,"upper_bound":0.02462614985061942},"point_estimate":0.007407768735706366,"standard_error":0.008466914328601442},"median":{"confidence_interval":{"confidence_level":0.95,"lower_bound":0.009932444580656785,"upper_bound":0.017227422405872606},"point_estimate":0.012471467955670112,"standard_error":0.0018898500128854906}}