{"mean":{"confidence_interval":{"confidence_level":0.95,"lower_bound":-0.011284996378392344,"upper_bound":0.021742301101495328},"point_estimate":0.004955455845025103,"standard_error":0.008352064121720518},"median":{"confidence_interval":{"confidence_level":0.95,"lower_bound":0.0006260586592121697,"upper_bound":0.0069777874111003335},"point_estimate":0.0044115943740434815,"standard_error":0.001651216553623075}}