{"mean":{"confidence_interval":{"confidence_level":0.95,"lower_bound":-0.01760876126505004,"upper_bound":0.01395564532291282},"point_estimate":-0.002137758289187164,"standard_error":0.008056346268942258},"median":{"confidence_interval":{"confidence_level":0.95,"lower_bound":0.0008882875656930356,"upper_bound":0.007120559526742287},"point_estimate":0.004003190697683179,"standard_error":0.0015836915070631553}}