{"mean":{"confidence_interval":{"confidence_level":0.95,"lower_bound":0.0049647029177276375,"upper_bound":0.0366138188116402},"point_estimate":0.019954791249638282,"standard_error":0.008000111499506326},"median":{"confidence_interval":{"confidence_level":0.95,"lower_bound":0.014603288379275221,"upper_bound":0.020828921906249197},"point_estimate":0.01678133258231984,"standard_error":0.0015958477909882149}}