{"mean":{"confidence_interval":{"confidence_level":0.95,"lower_bound":-0.029405519819460164,"upper_bound":0.001595651539416775},"point_estimate":-0.014076315720855992,"standard_error":0.007816926706978382},"median":{"confidence_interval":{"confidence_level":0.95,"lower_bound":-0.011160697263135955,"upper_bound":-0.003981695318330369},"point_estimate":-0.006597892612316358,"standard_error":0.001802241128323429}}