{"mean":{"confidence_interval":{"confidence_level":0.95,"lower_bound":-0.028792548659166837,"upper_bound":0.006460527054838367},"point_estimate":-0.009818856190039527,"standard_error":0.008922624128271796},"median":{"confidence_interval":{"confidence_level":0.95,"lower_bound":-0.012701059343800834,"upper_bound":-0.00804401755194828},"point_estimate":-0.010710406327816502,"standard_error":0.0012007638485213056}}