{"mean":{"confidence_interval":{"confidence_level":0.95,"lower_bound":-0.07267784071125018,"upper_bound":-0.003612953235299821},"point_estimate":-0.03722565541273204,"standard_error":0.017707332424430035},"median":{"confidence_interval":{"confidence_level":0.95,"lower_bound":-0.008726275330676048,"upper_bound":-0.0016530992960467339},"point_estimate":-0.004321144488588113,"standard_error":0.0017889472723366404}}