{"mean":{"confidence_interval":{"confidence_level":0.95,"lower_bound":-0.004779494788186392,"upper_bound":0.03074262681661969},"point_estimate":0.01333364082721622,"standard_error":0.00908206950463833},"median":{"confidence_interval":{"confidence_level":0.95,"lower_bound":0.011690594500113782,"upper_bound":0.017222241643345848},"point_estimate":0.01445580043914707,"standard_error":0.00134139857280701}}