{"mean":{"confidence_interval":{"confidence_level":0.95,"lower_bound":-0.02161054160134373,"upper_bound":0.01044332823870845},"point_estimate":-0.00601054982937077,"standard_error":0.008167775871416174},"median":{"confidence_interval":{"confidence_level":0.95,"lower_bound":-0.008182048178409396,"upper_bound":-0.0016118033573219307},"point_estimate":-0.004148565627568157,"standard_error":0.0017114452374681836}}