{"mean":{"confidence_interval":{"confidence_level":0.95,"lower_bound":-0.024394287693875416,"upper_bound":0.007264746465809768},"point_estimate":-0.009183220789282687,"standard_error":0.008091352377385017},"median":{"confidence_interval":{"confidence_level":0.95,"lower_bound":-0.014952009389785017,"upper_bound":-0.00775087565277266},"point_estimate":-0.01137202275650695,"standard_error":0.0018816490644975226}}