{"mean":{"confidence_interval":{"confidence_level":0.95,"lower_bound":0.9275368051577566,"upper_bound":1.0221935250221723},"point_estimate":0.9744768805949899,"standard_error":0.023882717550869754},"median":{"confidence_interval":{"confidence_level":0.95,"lower_bound":0.9175518125215558,"upper_bound":0.9916452121200581},"point_estimate":0.9438858224068243,"standard_error":0.01632179826443029}}