{"mean":{"confidence_interval":{"confidence_level":0.95,"lower_bound":-0.03245714174028564,"upper_bound":-0.0023397946293729367},"point_estimate":-0.017081100741152766,"standard_error":0.007621908815065294},"median":{"confidence_interval":{"confidence_level":0.95,"lower_bound":-0.01859285697165247,"upper_bound":-0.010895776971828752},"point_estimate":-0.015043280924250557,"standard_error":0.0020588234103738946}}