{"mean":{"confidence_interval":{"confidence_level":0.95,"lower_bound":0.006233159229878261,"upper_bound":0.03725967574936594},"point_estimate":0.0211760927737652,"standard_error":0.007929540436671555},"median":{"confidence_interval":{"confidence_level":0.95,"lower_bound":0.026581917859427318,"upper_bound":0.03434159120793012},"point_estimate":0.029540534665334794,"standard_error":0.0019852802265281997}}