{"mean":{"confidence_interval":{"confidence_level":0.95,"lower_bound":-0.002535415578507107,"upper_bound":0.028941126863017433},"point_estimate":0.01304045783582275,"standard_error":0.007977153828528021},"median":{"confidence_interval":{"confidence_level":0.95,"lower_bound":0.007799367239571753,"upper_bound":0.014738567502059041},"point_estimate":0.011082244105943273,"standard_error":0.0018641565738749363}}