{"mean":{"confidence_interval":{"confidence_level":0.95,"lower_bound":-0.01849290971488415,"upper_bound":0.012759033557765661},"point_estimate":-0.0022299919204126217,"standard_error":0.008015279698464927},"median":{"confidence_interval":{"confidence_level":0.95,"lower_bound":-0.009536628269080305,"upper_bound":-0.002800989089367434},"point_estimate":-0.007070509403017455,"standard_error":0.0016696464222927718}}