{"mean":{"confidence_interval":{"confidence_level":0.95,"lower_bound":-0.01666460296509069,"upper_bound":0.014226917489536825},"point_estimate":-0.0007957416324350097,"standard_error":0.007900508339500583},"median":{"confidence_interval":{"confidence_level":0.95,"lower_bound":-0.006961136742953844,"upper_bound":0.000982232780703196},"point_estimate":-0.0025378276459470106,"standard_error":0.0021388347433132187}}