{"mean":{"confidence_interval":{"confidence_level":0.95,"lower_bound":-0.03247439162447496,"upper_bound":-0.0024908232134907607},"point_estimate":-0.01771374075976806,"standard_error":0.0076048951533401275},"median":{"confidence_interval":{"confidence_level":0.95,"lower_bound":-0.0212735479152632,"upper_bound":-0.01147527427295536},"point_estimate":-0.015114692960971454,"standard_error":0.002605595840030312}}