{"mean":{"confidence_interval":{"confidence_level":0.95,"lower_bound":0.0026507478422956783,"upper_bound":0.0322263150101996},"point_estimate":0.01698186382672917,"standard_error":0.007567028464132064},"median":{"confidence_interval":{"confidence_level":0.95,"lower_bound":0.010083579576881885,"upper_bound":0.01581211466982424},"point_estimate":0.012404144757159896,"standard_error":0.0014661647319228405}}