{"mean":{"confidence_interval":{"confidence_level":0.95,"lower_bound":0.7220055594988947,"upper_bound":0.805965821744849},"point_estimate":0.7673970233314509,"standard_error":0.020915878380856488},"median":{"confidence_interval":{"confidence_level":0.95,"lower_bound":0.7316225598068611,"upper_bound":0.8004065007177019},"point_estimate":0.7692982158113566,"standard_error":0.016948639497706842}}