{"mean":{"confidence_interval":{"confidence_level":0.95,"lower_bound":-0.4926491453659702,"upper_bound":-0.46480769408523903},"point_estimate":-0.47895462779521636,"standard_error":0.007069111775632673},"median":{"confidence_interval":{"confidence_level":0.95,"lower_bound":-0.49270190958210414,"upper_bound":-0.47077205458068305},"point_estimate":-0.489024403649467,"standard_error":0.007015428107062056}}