{"mean":{"confidence_interval":{"confidence_level":0.95,"lower_bound":1.0279249599857931,"upper_bound":1.1244996279316553},"point_estimate":1.0785638834457134,"standard_error":0.024432900496662784},"median":{"confidence_interval":{"confidence_level":0.95,"lower_bound":1.0720446923889555,"upper_bound":1.1124113930530672},"point_estimate":1.0991980985148997,"standard_error":0.011782580965563711}}