{"mean":{"confidence_interval":{"confidence_level":0.95,"lower_bound":-0.03569506724828109,"upper_bound":-0.006061677648350038},"point_estimate":-0.02085763796422424,"standard_error":0.007494380728773277},"median":{"confidence_interval":{"confidence_level":0.95,"lower_bound":-0.028492422967747573,"upper_bound":-0.016964799171212297},"point_estimate":-0.025344858785608104,"standard_error":0.003241886008742229}}