{"mean":{"confidence_interval":{"confidence_level":0.95,"lower_bound":-0.08083470093447587,"upper_bound":-0.0522071365180403},"point_estimate":-0.06660052552811646,"standard_error":0.007306945656535789},"median":{"confidence_interval":{"confidence_level":0.95,"lower_bound":-0.07327674304576295,"upper_bound":-0.06612733065497618},"point_estimate":-0.07021401626948465,"standard_error":0.0017699309297962294}}