{"mean":{"confidence_interval":{"confidence_level":0.95,"lower_bound":-0.049551172064323246,"upper_bound":-0.020556680638262992},"point_estimate":-0.03640072167840869,"standard_error":0.007394039952342061},"median":{"confidence_interval":{"confidence_level":0.95,"lower_bound":-0.041706748870833574,"upper_bound":-0.03779439249039451},"point_estimate":-0.03993289019887136,"standard_error":0.00104303295677662}}