{"mean":{"confidence_interval":{"confidence_level":0.95,"lower_bound":-0.01881779190095164,"upper_bound":0.010002843572190445},"point_estimate":-0.004071419179680458,"standard_error":0.007311403196224491},"median":{"confidence_interval":{"confidence_level":0.95,"lower_bound":-0.007545861236561063,"upper_bound":0.00018811887280053682},"point_estimate":-0.003802291590375151,"standard_error":0.002014149707404799}}