{"mean":{"confidence_interval":{"confidence_level":0.95,"lower_bound":0.00149554580507544,"upper_bound":0.03227888161729606},"point_estimate":0.016110168819861936,"standard_error":0.007862795920997442},"median":{"confidence_interval":{"confidence_level":0.95,"lower_bound":0.009368946743319546,"upper_bound":0.015471852166514921},"point_estimate":0.011740234255842807,"standard_error":0.0016173199207534484}}