{"mean":{"confidence_interval":{"confidence_level":0.95,"lower_bound":-0.005810030359373757,"upper_bound":0.024716764856130058},"point_estimate":0.009566788433833073,"standard_error":0.007724049833890489},"median":{"confidence_interval":{"confidence_level":0.95,"lower_bound":0.004961325071910938,"upper_bound":0.013192054716086199},"point_estimate":0.008299562350916112,"standard_error":0.0020697822218743935}}