{"mean":{"confidence_interval":{"confidence_level":0.95,"lower_bound":9187.972042307812,"upper_bound":9199.79628173548},"point_estimate":9193.555802793395,"standard_error":3.0274053700151025},"median":{"confidence_interval":{"confidence_level":0.95,"lower_bound":9185.08962264151,"upper_bound":9192.875},"point_estimate":9189.18019081806,"standard_error":2.2287134378971443},"median_abs_dev":{"confidence_interval":{"confidence_level":0.95,"lower_bound":14.688281956810417,"upper_bound":24.51220312384821},"point_estimate":19.31191614650653,"standard_error":2.464532781676002},"slope":{"confidence_interval":{"confidence_level":0.95,"lower_bound":9185.542327575826,"upper_bound":9194.11283193843},"point_estimate":9189.465336559775,"standard_error":2.184683841378168},"std_dev":{"confidence_interval":{"confidence_level":0.95,"lower_bound":21.154066774880345,"upper_bound":38.16528321144213},"point_estimate":30.399425363477196,"standard_error":4.334246659101724}}