{"mean":{"confidence_interval":{"confidence_level":0.95,"lower_bound":10989.401135892811,"upper_bound":11033.23865176188},"point_estimate":11010.281803990747,"standard_error":11.16812457974112},"median":{"confidence_interval":{"confidence_level":0.95,"lower_bound":10985.853711260079,"upper_bound":11014.470643939394},"point_estimate":10999.463418079096,"standard_error":7.613971810474029},"median_abs_dev":{"confidence_interval":{"confidence_level":0.95,"lower_bound":48.75548780530473,"upper_bound":86.32326039964728},"point_estimate":62.593787269648296,"standard_error":9.859855546732684},"slope":{"confidence_interval":{"confidence_level":0.95,"lower_bound":10958.674888907208,"upper_bound":10996.815880265458},"point_estimate":10978.64788187774,"standard_error":9.750696341437223},"std_dev":{"confidence_interval":{"confidence_level":0.95,"lower_bound":73.34625645090416,"upper_bound":147.43125968483972},"point_estimate":112.15226796487539,"standard_error":19.066253711971832}}