{"mean":{"confidence_interval":{"confidence_level":0.95,"lower_bound":6936.787051387093,"upper_bound":6959.173720648081},"point_estimate":6946.974862848023,"standard_error":5.7168950105966125},"median":{"confidence_interval":{"confidence_level":0.95,"lower_bound":6924.545696562419,"upper_bound":6939.490656284761},"point_estimate":6933.7446875000005,"standard_error":3.798604168318846},"median_abs_dev":{"confidence_interval":{"confidence_level":0.95,"lower_bound":26.93674440254655,"upper_bound":45.57876607723996},"point_estimate":36.59479311842868,"standard_error":4.667179990790889},"slope":{"confidence_interval":{"confidence_level":0.95,"lower_bound":6944.644250853905,"upper_bound":6967.194703219833},"point_estimate":6955.103095906606,"standard_error":5.771899060385176},"std_dev":{"confidence_interval":{"confidence_level":0.95,"lower_bound":35.492207373341195,"upper_bound":81.18976031062866},"point_estimate":57.44759012610935,"standard_error":12.818915588833192}}