{"mean":{"confidence_interval":{"confidence_level":0.95,"lower_bound":6847.131513657175,"upper_bound":6917.2544092411035},"point_estimate":6876.232130517546,"standard_error":18.351617020011098},"median":{"confidence_interval":{"confidence_level":0.95,"lower_bound":6838.6237588652475,"upper_bound":6853.189130434783},"point_estimate":6843.957465277777,"standard_error":3.807571276401511},"median_abs_dev":{"confidence_interval":{"confidence_level":0.95,"lower_bound":26.004032317136048,"upper_bound":40.03117676970378},"point_estimate":32.872740720739934,"standard_error":3.518200218636673},"slope":{"confidence_interval":{"confidence_level":0.95,"lower_bound":6850.6774014870125,"upper_bound":6869.211855960079},"point_estimate":6859.152910299985,"standard_error":4.730810520401302},"std_dev":{"confidence_interval":{"confidence_level":0.95,"lower_bound":35.91959131165945,"upper_bound":287.13964065386534},"point_estimate":183.69412259835482,"standard_error":68.02509575584526}}