{"mean":{"confidence_interval":{"confidence_level":0.95,"lower_bound":9164.353429433688,"upper_bound":9174.865575907375},"point_estimate":9169.27000624779,"standard_error":2.678758715226317},"median":{"confidence_interval":{"confidence_level":0.95,"lower_bound":9160.685043041607,"upper_bound":9170.637431795636},"point_estimate":9163.361169467786,"standard_error":2.6102617825576147},"median_abs_dev":{"confidence_interval":{"confidence_level":0.95,"lower_bound":16.207003596884224,"upper_bound":24.203563942282244},"point_estimate":21.279665672702976,"standard_error":2.072128110766721},"slope":{"confidence_interval":{"confidence_level":0.95,"lower_bound":9165.27746951736,"upper_bound":9175.83130882776},"point_estimate":9170.37291488104,"standard_error":2.691911279150082},"std_dev":{"confidence_interval":{"confidence_level":0.95,"lower_bound":17.449298039422892,"upper_bound":36.06299515798491},"point_estimate":27.016157199583514,"standard_error":4.814348605777047}}