{"mean":{"confidence_interval":{"confidence_level":0.95,"lower_bound":6859.625275188902,"upper_bound":6880.971524279956},"point_estimate":6870.458834027111,"standard_error":5.448743081254524},"median":{"confidence_interval":{"confidence_level":0.95,"lower_bound":6863.988205128205,"upper_bound":6878.504883472691},"point_estimate":6872.258965517241,"standard_error":3.4846526106563553},"median_abs_dev":{"confidence_interval":{"confidence_level":0.95,"lower_bound":21.224101220868885,"upper_bound":35.222419601949014},"point_estimate":28.453619270709556,"standard_error":3.5857502581878733},"slope":{"confidence_interval":{"confidence_level":0.95,"lower_bound":6847.896340414461,"upper_bound":6876.076207103468},"point_estimate":6862.30696734151,"standard_error":7.1728070196920335},"std_dev":{"confidence_interval":{"confidence_level":0.95,"lower_bound":38.42700150626726,"upper_bound":69.10205464297981},"point_estimate":54.64290154638258,"standard_error":7.85056505056368}}