{"mean":{"confidence_interval":{"confidence_level":0.95,"lower_bound":6897.0636089506015,"upper_bound":6913.318786011975},"point_estimate":6904.678405924193,"standard_error":4.156490707814995},"median":{"confidence_interval":{"confidence_level":0.95,"lower_bound":6889.698701298701,"upper_bound":6899.8499434069045},"point_estimate":6894.942791666666,"standard_error":2.2839208711703987},"median_abs_dev":{"confidence_interval":{"confidence_level":0.95,"lower_bound":20.785250723831627,"upper_bound":39.18815853504046},"point_estimate":31.53018006522738,"standard_error":4.872121133953722},"slope":{"confidence_interval":{"confidence_level":0.95,"lower_bound":6893.264553624578,"upper_bound":6905.694096554625},"point_estimate":6899.378192995419,"standard_error":3.1740581165216355},"std_dev":{"confidence_interval":{"confidence_level":0.95,"lower_bound":27.99223834525325,"upper_bound":56.49520042980182},"point_estimate":41.73531464009272,"standard_error":7.675647984098489}}