{"mean":{"confidence_interval":{"confidence_level":0.95,"lower_bound":9184.706568880416,"upper_bound":9195.926583201626},"point_estimate":9189.925144237466,"standard_error":2.8715505404301105},"median":{"confidence_interval":{"confidence_level":0.95,"lower_bound":9182.830510554737,"upper_bound":9190.803831923891},"point_estimate":9185.423197492164,"standard_error":2.427465047689614},"median_abs_dev":{"confidence_interval":{"confidence_level":0.95,"lower_bound":16.846605726659465,"upper_bound":26.54386213086506},"point_estimate":20.638610781709016,"standard_error":2.4727912050914296},"slope":{"confidence_interval":{"confidence_level":0.95,"lower_bound":9184.86543390546,"upper_bound":9193.128505606657},"point_estimate":9188.731581941776,"standard_error":2.101688386399145},"std_dev":{"confidence_interval":{"confidence_level":0.95,"lower_bound":18.69414088100557,"upper_bound":40.08906795712066},"point_estimate":28.810703638628056,"standard_error":6.068473223044244}}