{"mean":{"confidence_interval":{"confidence_level":0.95,"lower_bound":6924.5746841266855,"upper_bound":6938.722759982532},"point_estimate":6931.538643309172,"standard_error":3.5962625493083182},"median":{"confidence_interval":{"confidence_level":0.95,"lower_bound":6922.16,"upper_bound":6938.732413600892},"point_estimate":6931.084150251947,"standard_error":4.175394472424311},"median_abs_dev":{"confidence_interval":{"confidence_level":0.95,"lower_bound":26.12464703619489,"upper_bound":45.38505571599358},"point_estimate":34.98935937881524,"standard_error":5.01031417195045},"slope":{"confidence_interval":{"confidence_level":0.95,"lower_bound":6926.9995926057245,"upper_bound":6941.172116236043},"point_estimate":6933.914283138762,"standard_error":3.6201505680163013},"std_dev":{"confidence_interval":{"confidence_level":0.95,"lower_bound":30.173831464616672,"upper_bound":41.67089010050181},"point_estimate":36.135094028021314,"standard_error":2.933849730647394}}