{"mean":{"confidence_interval":{"confidence_level":0.95,"lower_bound":9242.814516702289,"upper_bound":9255.01993266988},"point_estimate":9248.790045578804,"standard_error":3.1082800520110285},"median":{"confidence_interval":{"confidence_level":0.95,"lower_bound":9232.593804188342,"upper_bound":9253.070160031224},"point_estimate":9238.5087535014,"standard_error":5.459137877020138},"median_abs_dev":{"confidence_interval":{"confidence_level":0.95,"lower_bound":22.34969031749894,"upper_bound":39.146374188913},"point_estimate":28.47303913780681,"standard_error":4.33124900093766},"slope":{"confidence_interval":{"confidence_level":0.95,"lower_bound":9245.05858501665,"upper_bound":9260.28121316205},"point_estimate":9252.594780552683,"standard_error":3.889278446209315},"std_dev":{"confidence_interval":{"confidence_level":0.95,"lower_bound":26.253046651078265,"upper_bound":35.68417969204633},"point_estimate":31.189191327024623,"standard_error":2.4085684868460544}}