{"mean":{"confidence_interval":{"confidence_level":0.95,"lower_bound":10826.966707951262,"upper_bound":10916.733325857134},"point_estimate":10871.361924035933,"standard_error":22.666626727834075},"median":{"confidence_interval":{"confidence_level":0.95,"lower_bound":10857.335839598998,"upper_bound":10953.97926267281},"point_estimate":10901.220238095237,"standard_error":25.20679255420784},"median_abs_dev":{"confidence_interval":{"confidence_level":0.95,"lower_bound":124.69854647013248,"upper_bound":220.29652029948073},"point_estimate":172.52603971900731,"standard_error":26.126426194199134},"slope":{"confidence_interval":{"confidence_level":0.95,"lower_bound":10862.534386481188,"upper_bound":10951.399064425375},"point_estimate":10911.230630158965,"standard_error":22.803986793747633},"std_dev":{"confidence_interval":{"confidence_level":0.95,"lower_bound":169.32131622383335,"upper_bound":296.9819628620422},"point_estimate":229.86295255952734,"standard_error":33.68122804617386}}