{"mean":{"confidence_interval":{"confidence_level":0.95,"lower_bound":10989.89464597714,"upper_bound":11378.801112215686},"point_estimate":11180.785272746647,"standard_error":99.42365196212081},"median":{"confidence_interval":{"confidence_level":0.95,"lower_bound":10930.780952380952,"upper_bound":11341.617515090544},"point_estimate":11149.600583090378,"standard_error":117.35093236742688},"median_abs_dev":{"confidence_interval":{"confidence_level":0.95,"lower_bound":782.8026494497723,"upper_bound":1276.3357377486745},"point_estimate":1071.1205527786801,"standard_error":130.7774673693943},"slope":{"confidence_interval":{"confidence_level":0.95,"lower_bound":10856.041004248895,"upper_bound":11263.800214491583},"point_estimate":11057.974482889653,"standard_error":103.83664861794946},"std_dev":{"confidence_interval":{"confidence_level":0.95,"lower_bound":845.5878484779336,"upper_bound":1148.6957501379309},"point_estimate":1003.2860246877193,"standard_error":77.61458126215553}}