{"mean":{"confidence_interval":{"confidence_level":0.95,"lower_bound":27318.490785738268,"upper_bound":27924.3571579011},"point_estimate":27612.551767051526,"standard_error":154.99878196265368},"median":{"confidence_interval":{"confidence_level":0.95,"lower_bound":27263.566666666666,"upper_bound":27945.714285714286},"point_estimate":27683.314583333333,"standard_error":193.46309037084612},"median_abs_dev":{"confidence_interval":{"confidence_level":0.95,"lower_bound":925.9294193897784,"upper_bound":1743.1906725315703},"point_estimate":1165.236741054116,"standard_error":224.42673326091415},"slope":{"confidence_interval":{"confidence_level":0.95,"lower_bound":27488.78031869795,"upper_bound":28246.607560248707},"point_estimate":27862.926773459436,"standard_error":192.66921206378555},"std_dev":{"confidence_interval":{"confidence_level":0.95,"lower_bound":1229.037587393452,"upper_bound":1865.5272850030976},"point_estimate":1557.876766639872,"standard_error":163.45331795008977}}