{"mean":{"confidence_interval":{"confidence_level":0.95,"lower_bound":6892.9784309751285,"upper_bound":6913.852824467629},"point_estimate":6902.7419434654785,"standard_error":5.34967287959891},"median":{"confidence_interval":{"confidence_level":0.95,"lower_bound":6882.496396761133,"upper_bound":6898.143333333333},"point_estimate":6890.373469387756,"standard_error":4.603724893381135},"median_abs_dev":{"confidence_interval":{"confidence_level":0.95,"lower_bound":23.60948005703947,"upper_bound":40.23637260208714},"point_estimate":30.97746292519685,"standard_error":4.185125460284307},"slope":{"confidence_interval":{"confidence_level":0.95,"lower_bound":6896.1726406447315,"upper_bound":6917.24176294071},"point_estimate":6905.81793616078,"standard_error":5.401478700813324},"std_dev":{"confidence_interval":{"confidence_level":0.95,"lower_bound":35.905257768849296,"upper_bound":70.2743140957689},"point_estimate":53.88049300386876,"standard_error":8.835406411514048}}