{"mean":{"confidence_interval":{"confidence_level":0.95,"lower_bound":6903.176895372024,"upper_bound":6921.109749777836},"point_estimate":6911.666416887597,"standard_error":4.574912861583297},"median":{"confidence_interval":{"confidence_level":0.95,"lower_bound":6897.5310344827585,"upper_bound":6913.055670103093},"point_estimate":6905.623188679245,"standard_error":4.181902086772773},"median_abs_dev":{"confidence_interval":{"confidence_level":0.95,"lower_bound":22.083483161021896,"upper_bound":40.019634710261755},"point_estimate":29.79383224232984,"standard_error":4.580304675319986},"slope":{"confidence_interval":{"confidence_level":0.95,"lower_bound":6908.275975220995,"upper_bound":6925.25758958525},"point_estimate":6916.292958770504,"standard_error":4.340503076216295},"std_dev":{"confidence_interval":{"confidence_level":0.95,"lower_bound":31.400625923522362,"upper_bound":59.465419375781984},"point_estimate":46.0964770354806,"standard_error":7.201973244389848}}