{"mean":{"confidence_interval":{"confidence_level":0.95,"lower_bound":6892.8138964289865,"upper_bound":6916.626236743252},"point_estimate":6903.787975488188,"standard_error":6.09207410440988},"median":{"confidence_interval":{"confidence_level":0.95,"lower_bound":6886.12673992674,"upper_bound":6900.03552631579},"point_estimate":6893.846740858506,"standard_error":3.53333898816738},"median_abs_dev":{"confidence_interval":{"confidence_level":0.95,"lower_bound":24.25500584270423,"upper_bound":45.991611547501925},"point_estimate":34.06441916796272,"standard_error":5.630747987385646},"slope":{"confidence_interval":{"confidence_level":0.95,"lower_bound":6897.331680388489,"upper_bound":6919.7820495143105},"point_estimate":6907.652027190778,"standard_error":5.74127084764025},"std_dev":{"confidence_interval":{"confidence_level":0.95,"lower_bound":38.952849253487834,"upper_bound":85.00934944965798},"point_estimate":61.159884101503,"standard_error":12.803522468374315}}