{"mean":{"confidence_interval":{"confidence_level":0.95,"lower_bound":26545.033017377114,"upper_bound":26616.437212503733},"point_estimate":26577.324780317475,"standard_error":18.2095911931061},"median":{"confidence_interval":{"confidence_level":0.95,"lower_bound":26565.586666666666,"upper_bound":26587.53125},"point_estimate":26576.574047619048,"standard_error":5.701649234742053},"median_abs_dev":{"confidence_interval":{"confidence_level":0.95,"lower_bound":48.91775196203669,"upper_bound":95.46281521428764},"point_estimate":72.7992090729385,"standard_error":12.09648951694654},"slope":{"confidence_interval":{"confidence_level":0.95,"lower_bound":26533.02368022508,"upper_bound":26580.33693985102},"point_estimate":26557.721279739915,"standard_error":12.08361519823435},"std_dev":{"confidence_interval":{"confidence_level":0.95,"lower_bound":87.18981334495543,"upper_bound":282.3680392322751},"point_estimate":183.34632094823152,"standard_error":55.94855394011025}}