{"mean":{"confidence_interval":{"confidence_level":0.95,"lower_bound":9187.121174147627,"upper_bound":9195.70252516441},"point_estimate":9191.351290209386,"standard_error":2.1879561261809024},"median":{"confidence_interval":{"confidence_level":0.95,"lower_bound":9184.750304383117,"upper_bound":9193.225892857143},"point_estimate":9189.40606617647,"standard_error":2.430899122362482},"median_abs_dev":{"confidence_interval":{"confidence_level":0.95,"lower_bound":17.72980963389626,"upper_bound":25.427990798066414},"point_estimate":22.11802356565932,"standard_error":1.9093993365644832},"slope":{"confidence_interval":{"confidence_level":0.95,"lower_bound":9187.327818654217,"upper_bound":9195.826567067974},"point_estimate":9191.471506206592,"standard_error":2.1527654951763853},"std_dev":{"confidence_interval":{"confidence_level":0.95,"lower_bound":18.074261046385043,"upper_bound":25.57077175235214},"point_estimate":21.98356904753284,"standard_error":1.9220900278153206}}