{"mean":{"confidence_interval":{"confidence_level":0.95,"lower_bound":6948.595048593704,"upper_bound":6968.157516156087},"point_estimate":6957.967292629834,"standard_error":4.9929912021644025},"median":{"confidence_interval":{"confidence_level":0.95,"lower_bound":6938.90436827957,"upper_bound":6959.344278367085},"point_estimate":6949.703399209486,"standard_error":4.955740098108533},"median_abs_dev":{"confidence_interval":{"confidence_level":0.95,"lower_bound":28.07169916619769,"upper_bound":54.79737284898197},"point_estimate":42.21378853565459,"standard_error":6.510870466968983},"slope":{"confidence_interval":{"confidence_level":0.95,"lower_bound":6947.249101460582,"upper_bound":6964.757329038206},"point_estimate":6955.636979163588,"standard_error":4.473321320997104},"std_dev":{"confidence_interval":{"confidence_level":0.95,"lower_bound":37.2469931084819,"upper_bound":62.24752505475389},"point_estimate":49.83160507105508,"standard_error":6.436542348522285}}