{"mean":{"confidence_interval":{"confidence_level":0.95,"lower_bound":6912.360432738076,"upper_bound":6932.714373402315},"point_estimate":6921.96264789181,"standard_error":5.186323839524559},"median":{"confidence_interval":{"confidence_level":0.95,"lower_bound":6906.266451905626,"upper_bound":6921.534920634921},"point_estimate":6914.023148148148,"standard_error":4.435294891846159},"median_abs_dev":{"confidence_interval":{"confidence_level":0.95,"lower_bound":26.46856314743367,"upper_bound":42.17263516018663},"point_estimate":34.19355246839302,"standard_error":4.029820832755816},"slope":{"confidence_interval":{"confidence_level":0.95,"lower_bound":6916.325016058041,"upper_bound":6933.698800578199},"point_estimate":6924.399705925816,"standard_error":4.438683116879611},"std_dev":{"confidence_interval":{"confidence_level":0.95,"lower_bound":36.50380264109373,"upper_bound":67.0356211414634},"point_estimate":52.090418576408624,"standard_error":7.898584911969762}}