{"mean":{"confidence_interval":{"confidence_level":0.95,"lower_bound":10804.327364259858,"upper_bound":10874.357379873236},"point_estimate":10838.72936886812,"standard_error":17.783628096578624},"median":{"confidence_interval":{"confidence_level":0.95,"lower_bound":10802.249855212354,"upper_bound":10871.159314574314},"point_estimate":10825.949368770764,"standard_error":18.030647538696666},"median_abs_dev":{"confidence_interval":{"confidence_level":0.95,"lower_bound":108.63065194465916,"upper_bound":172.5347720372973},"point_estimate":139.06416580701443,"standard_error":16.420770181726336},"slope":{"confidence_interval":{"confidence_level":0.95,"lower_bound":10792.074813844305,"upper_bound":10847.656000836882},"point_estimate":10820.415318035002,"standard_error":14.158966440838805},"std_dev":{"confidence_interval":{"confidence_level":0.95,"lower_bound":133.36189476744815,"upper_bound":224.13618305533157},"point_estimate":178.67658854624764,"standard_error":23.42682052784435}}