{"mean":{"confidence_interval":{"confidence_level":0.95,"lower_bound":9276.21392138404,"upper_bound":9289.713065926446},"point_estimate":9282.342893403125,"standard_error":3.4580470882281835},"median":{"confidence_interval":{"confidence_level":0.95,"lower_bound":9271.126785714287,"upper_bound":9284.099046610168},"point_estimate":9276.340502699055,"standard_error":3.6602474054449994},"median_abs_dev":{"confidence_interval":{"confidence_level":0.95,"lower_bound":16.76017215719853,"upper_bound":25.37875472528142},"point_estimate":20.522083318412538,"standard_error":2.297552722484429},"slope":{"confidence_interval":{"confidence_level":0.95,"lower_bound":9271.889194449564,"upper_bound":9291.119141193925},"point_estimate":9279.5098917541,"standard_error":5.075737861195235},"std_dev":{"confidence_interval":{"confidence_level":0.95,"lower_bound":19.493472320628378,"upper_bound":50.16711346307079},"point_estimate":34.721019291006414,"standard_error":8.458518669973522}}