{"mean":{"confidence_interval":{"confidence_level":0.95,"lower_bound":10840.492212497506,"upper_bound":10902.512504015156},"point_estimate":10872.65582894874,"standard_error":15.888425872750808},"median":{"confidence_interval":{"confidence_level":0.95,"lower_bound":10865.383458646616,"upper_bound":10921.688812083972},"point_estimate":10890.570643642071,"standard_error":15.561752594639383},"median_abs_dev":{"confidence_interval":{"confidence_level":0.95,"lower_bound":80.39126905270042,"upper_bound":148.37193119617208},"point_estimate":112.84280290937481,"standard_error":17.932115793380408},"slope":{"confidence_interval":{"confidence_level":0.95,"lower_bound":10842.543658587407,"upper_bound":10896.74990290306},"point_estimate":10869.638738837637,"standard_error":13.831015110582548},"std_dev":{"confidence_interval":{"confidence_level":0.95,"lower_bound":117.59378507433601,"upper_bound":199.71056048246723},"point_estimate":160.19600619261217,"standard_error":21.16354660809356}}