{"mean":{"confidence_interval":{"confidence_level":0.95,"lower_bound":6890.418366958783,"upper_bound":6906.468873036982},"point_estimate":6898.045189485585,"standard_error":4.087987389425478},"median":{"confidence_interval":{"confidence_level":0.95,"lower_bound":6884.35928169014,"upper_bound":6897.471875},"point_estimate":6890.021516393443,"standard_error":3.6114123318942197},"median_abs_dev":{"confidence_interval":{"confidence_level":0.95,"lower_bound":20.747864599333,"upper_bound":35.90679686423979},"point_estimate":28.10692369217902,"standard_error":3.972805678100868},"slope":{"confidence_interval":{"confidence_level":0.95,"lower_bound":6896.958209597099,"upper_bound":6912.498661407647},"point_estimate":6904.136326584898,"standard_error":3.987709386198644},"std_dev":{"confidence_interval":{"confidence_level":0.95,"lower_bound":29.55639621163193,"upper_bound":51.01948484850684},"point_estimate":41.12018780633289,"standard_error":5.476434384016805}}