{"mean":{"confidence_interval":{"confidence_level":0.95,"lower_bound":6939.207185510957,"upper_bound":7058.164514619089},"point_estimate":6984.020602440225,"standard_error":32.3125282086429},"median":{"confidence_interval":{"confidence_level":0.95,"lower_bound":6925.846341463414,"upper_bound":6942.968367346939},"point_estimate":6935.054098873592,"standard_error":4.970080957982353},"median_abs_dev":{"confidence_interval":{"confidence_level":0.95,"lower_bound":24.778602323249217,"upper_bound":43.9870188894039},"point_estimate":34.36502250488635,"standard_error":5.014100845909924},"slope":{"confidence_interval":{"confidence_level":0.95,"lower_bound":6943.480753709335,"upper_bound":7124.585062012217},"point_estimate":7010.3145018472,"standard_error":49.58851090397023},"std_dev":{"confidence_interval":{"confidence_level":0.95,"lower_bound":47.216865824706986,"upper_bound":545.0091165929346},"point_estimate":325.64276897755235,"standard_error":157.83945006217778}}