{"mean":{"confidence_interval":{"confidence_level":0.95,"lower_bound":11445.368080603686,"upper_bound":11629.060747939417},"point_estimate":11533.061706685354,"standard_error":47.07468248399548},"median":{"confidence_interval":{"confidence_level":0.95,"lower_bound":11331.186274509804,"upper_bound":11523.59215904868},"point_estimate":11412.207675344998,"standard_error":58.48942459000566},"median_abs_dev":{"confidence_interval":{"confidence_level":0.95,"lower_bound":290.155675292255,"upper_bound":487.4310846299497},"point_estimate":371.14310646074665,"standard_error":46.913244776728},"slope":{"confidence_interval":{"confidence_level":0.95,"lower_bound":11544.71855777274,"upper_bound":11827.035728367846},"point_estimate":11678.607137579429,"standard_error":72.3112737428188},"std_dev":{"confidence_interval":{"confidence_level":0.95,"lower_bound":367.08154281249307,"upper_bound":575.0565197299259},"point_estimate":474.8417727462756,"standard_error":53.880964243589595}}