{"mean":{"confidence_interval":{"confidence_level":0.95,"lower_bound":6940.542983721666,"upper_bound":6968.511774583084},"point_estimate":6953.230350973852,"standard_error":7.166752862892395},"median":{"confidence_interval":{"confidence_level":0.95,"lower_bound":6932.588461538461,"upper_bound":6944.627773224043},"point_estimate":6938.653357142857,"standard_error":3.5554804073402964},"median_abs_dev":{"confidence_interval":{"confidence_level":0.95,"lower_bound":23.14421391235355,"upper_bound":42.707667909176294},"point_estimate":35.591813606580374,"standard_error":4.898704402710311},"slope":{"confidence_interval":{"confidence_level":0.95,"lower_bound":6946.66431204282,"upper_bound":6984.0270088820425},"point_estimate":6962.447460026599,"standard_error":9.658863650785712},"std_dev":{"confidence_interval":{"confidence_level":0.95,"lower_bound":41.94532119381425,"upper_bound":101.4301322432771},"point_estimate":71.77418324711202,"standard_error":16.07133113944461}}