{"mean":{"confidence_interval":{"confidence_level":0.95,"lower_bound":10196.568129404053,"upper_bound":10214.696997805588},"point_estimate":10204.51792254685,"standard_error":4.681303272275049},"median":{"confidence_interval":{"confidence_level":0.95,"lower_bound":10189.100470430109,"upper_bound":10195.265625},"point_estimate":10191.037688873626,"standard_error":1.7155462412808093},"median_abs_dev":{"confidence_interval":{"confidence_level":0.95,"lower_bound":11.748255682232166,"upper_bound":21.03247805994171},"point_estimate":15.532617854628592,"standard_error":2.3984948521626523},"slope":{"confidence_interval":{"confidence_level":0.95,"lower_bound":10190.680648423306,"upper_bound":10200.508767391935},"point_estimate":10195.119023570267,"standard_error":2.5201742518120995},"std_dev":{"confidence_interval":{"confidence_level":0.95,"lower_bound":22.505658581988957,"upper_bound":70.6174838006054},"point_estimate":46.91910526507139,"standard_error":13.719396692796765}}