{"mean":{"confidence_interval":{"confidence_level":0.95,"lower_bound":10215.278440110418,"upper_bound":10231.963198689196},"point_estimate":10222.690224391117,"standard_error":4.289266288685134},"median":{"confidence_interval":{"confidence_level":0.95,"lower_bound":10207.609172077922,"upper_bound":10218.708333333334},"point_estimate":10213.288596491228,"standard_error":2.9124562992291203},"median_abs_dev":{"confidence_interval":{"confidence_level":0.95,"lower_bound":13.070261164493715,"upper_bound":24.045617470831157},"point_estimate":18.220785076258203,"standard_error":2.9448069630319336},"slope":{"confidence_interval":{"confidence_level":0.95,"lower_bound":10208.890196352319,"upper_bound":10216.738147297885},"point_estimate":10212.654865154425,"standard_error":2.002782066976995},"std_dev":{"confidence_interval":{"confidence_level":0.95,"lower_bound":21.005009479635596,"upper_bound":63.24030385181368},"point_estimate":42.85019900343012,"standard_error":11.234989044467062}}