{"mean":{"confidence_interval":{"confidence_level":0.95,"lower_bound":6922.95599814071,"upper_bound":6949.50653701182},"point_estimate":6934.83063291469,"standard_error":6.796129281256025},"median":{"confidence_interval":{"confidence_level":0.95,"lower_bound":6914.081632653061,"upper_bound":6933.435},"point_estimate":6923.439504219409,"standard_error":5.026211665015463},"median_abs_dev":{"confidence_interval":{"confidence_level":0.95,"lower_bound":27.8267700545133,"upper_bound":43.59637287149428},"point_estimate":35.219353955427785,"standard_error":3.968220873991982},"slope":{"confidence_interval":{"confidence_level":0.95,"lower_bound":6922.656833034936,"upper_bound":6945.127412656285},"point_estimate":6932.669797251367,"standard_error":5.770650077384594},"std_dev":{"confidence_interval":{"confidence_level":0.95,"lower_bound":38.00835215243896,"upper_bound":100.20731181438963},"point_estimate":68.46336468567725,"standard_error":17.994293525623014}}