{"mean":{"confidence_interval":{"confidence_level":0.95,"lower_bound":25401.16430750589,"upper_bound":25881.579394741966},"point_estimate":25632.426048854428,"standard_error":122.44813749464424},"median":{"confidence_interval":{"confidence_level":0.95,"lower_bound":25150.13768115942,"upper_bound":25622.552631578947},"point_estimate":25368.223238396626,"standard_error":116.53942881424584},"median_abs_dev":{"confidence_interval":{"confidence_level":0.95,"lower_bound":640.8337541401688,"upper_bound":1203.5746586322828},"point_estimate":900.6437723839081,"standard_error":147.16374145263492},"slope":{"confidence_interval":{"confidence_level":0.95,"lower_bound":25325.097888589375,"upper_bound":26010.23143992886},"point_estimate":25646.156539086744,"standard_error":175.54394082308005},"std_dev":{"confidence_interval":{"confidence_level":0.95,"lower_bound":941.5970209372003,"upper_bound":1513.9919505239266},"point_estimate":1233.818326624247,"standard_error":146.64120797387895}}