{"mean":{"confidence_interval":{"confidence_level":0.95,"lower_bound":6928.597020651514,"upper_bound":6950.718628626973},"point_estimate":6938.607234108738,"standard_error":5.669058896847528},"median":{"confidence_interval":{"confidence_level":0.95,"lower_bound":6920.145833333333,"upper_bound":6933.93},"point_estimate":6926.617730496454,"standard_error":3.87608077666719},"median_abs_dev":{"confidence_interval":{"confidence_level":0.95,"lower_bound":21.484877971379472,"upper_bound":34.923573016346054},"point_estimate":28.031314208226835,"standard_error":3.5870537496026116},"slope":{"confidence_interval":{"confidence_level":0.95,"lower_bound":6924.551412943607,"upper_bound":6937.740116482041},"point_estimate":6930.991405053938,"standard_error":3.352236596509061},"std_dev":{"confidence_interval":{"confidence_level":0.95,"lower_bound":33.52421374681976,"upper_bound":81.29037158687431},"point_estimate":56.7723761352312,"standard_error":13.527935517463717}}