{"mean":{"confidence_interval":{"confidence_level":0.95,"lower_bound":6973.202917193528,"upper_bound":7021.603878725596},"point_estimate":6996.55342790829,"standard_error":12.364088695975981},"median":{"confidence_interval":{"confidence_level":0.95,"lower_bound":6933.844523809524,"upper_bound":6973.093548387097},"point_estimate":6944.509309309309,"standard_error":8.632893698203983},"median_abs_dev":{"confidence_interval":{"confidence_level":0.95,"lower_bound":49.54978033770611,"upper_bound":93.41525546698361},"point_estimate":67.66321963890171,"standard_error":10.75040205677249},"slope":{"confidence_interval":{"confidence_level":0.95,"lower_bound":6969.164742737673,"upper_bound":7032.355890418763},"point_estimate":6998.375881483671,"standard_error":16.170923652324717},"std_dev":{"confidence_interval":{"confidence_level":0.95,"lower_bound":100.55106330283007,"upper_bound":143.9981727217229},"point_estimate":124.28588077168439,"standard_error":11.087422312979188}}