{"mean":{"confidence_interval":{"confidence_level":0.95,"lower_bound":12060.65084486162,"upper_bound":12812.74449396411},"point_estimate":12351.64026787414,"standard_error":201.21639886365156},"median":{"confidence_interval":{"confidence_level":0.95,"lower_bound":11931.399887110016,"upper_bound":12081.43277821574},"point_estimate":12031.052061403509,"standard_error":41.63995279924486},"median_abs_dev":{"confidence_interval":{"confidence_level":0.95,"lower_bound":314.85933877632675,"upper_bound":526.1783555620314},"point_estimate":416.38032484715404,"standard_error":54.68608876654355},"slope":{"confidence_interval":{"confidence_level":0.95,"lower_bound":12113.24157844608,"upper_bound":12581.784875099154},"point_estimate":12326.601832422048,"standard_error":120.00382946528308},"std_dev":{"confidence_interval":{"confidence_level":0.95,"lower_bound":534.1383300627391,"upper_bound":3349.635178471098},"point_estimate":2025.984727235206,"standard_error":928.7991914674948}}