{"mean":{"confidence_interval":{"confidence_level":0.95,"lower_bound":10397.91416565481,"upper_bound":10533.27035202858},"point_estimate":10466.705917772522,"standard_error":34.45438844651293},"median":{"confidence_interval":{"confidence_level":0.95,"lower_bound":10417.669221835076,"upper_bound":10588.345121502209},"point_estimate":10512.353271505148,"standard_error":36.8241426800088},"median_abs_dev":{"confidence_interval":{"confidence_level":0.95,"lower_bound":258.52376876738833,"upper_bound":384.250578892473},"point_estimate":343.5609596900465,"standard_error":30.713387094569928},"slope":{"confidence_interval":{"confidence_level":0.95,"lower_bound":10390.695611195788,"upper_bound":10539.291756951108},"point_estimate":10466.751749456396,"standard_error":37.97505332672231},"std_dev":{"confidence_interval":{"confidence_level":0.95,"lower_bound":283.73914430391153,"upper_bound":404.5699527082309},"point_estimate":345.8110023943536,"standard_error":30.929341399190868}}