{"mean":{"confidence_interval":{"confidence_level":0.95,"lower_bound":6903.54668217816,"upper_bound":6922.179065877919},"point_estimate":6912.237923804711,"standard_error":4.755363322020146},"median":{"confidence_interval":{"confidence_level":0.95,"lower_bound":6895.598611111111,"upper_bound":6908.791428145498},"point_estimate":6902.042538461539,"standard_error":3.5783191997806494},"median_abs_dev":{"confidence_interval":{"confidence_level":0.95,"lower_bound":21.513531954998097,"upper_bound":38.60792884043495},"point_estimate":28.7345292856654,"standard_error":4.153204534075847},"slope":{"confidence_interval":{"confidence_level":0.95,"lower_bound":6903.516803444863,"upper_bound":6920.8099755123085},"point_estimate":6911.624033101818,"standard_error":4.429580355803111},"std_dev":{"confidence_interval":{"confidence_level":0.95,"lower_bound":30.985703622099575,"upper_bound":63.090030632613065},"point_estimate":47.9475251595415,"standard_error":8.232125274039117}}