{"mean":{"confidence_interval":{"confidence_level":0.95,"lower_bound":10214.68898619291,"upper_bound":10222.583810013626},"point_estimate":10218.51206511569,"standard_error":2.019055153805871},"median":{"confidence_interval":{"confidence_level":0.95,"lower_bound":10209.073660714286,"upper_bound":10216.701981707316},"point_estimate":10212.923412944583,"standard_error":2.393227398791711},"median_abs_dev":{"confidence_interval":{"confidence_level":0.95,"lower_bound":11.560236194056271,"upper_bound":20.84744695374915},"point_estimate":16.38774892780975,"standard_error":2.3085008082781275},"slope":{"confidence_interval":{"confidence_level":0.95,"lower_bound":10213.147739095139,"upper_bound":10221.730076677253},"point_estimate":10217.320604403723,"standard_error":2.186138385839432},"std_dev":{"confidence_interval":{"confidence_level":0.95,"lower_bound":16.509988994304862,"upper_bound":23.75421794782777},"point_estimate":20.313206826688514,"standard_error":1.8484925668996752}}