{"mean":{"confidence_interval":{"confidence_level":0.95,"lower_bound":6888.557797502857,"upper_bound":6906.117044372938},"point_estimate":6896.717020332168,"standard_error":4.487687395150504},"median":{"confidence_interval":{"confidence_level":0.95,"lower_bound":6882.095833333334,"upper_bound":6899.842000000001},"point_estimate":6891.12492629322,"standard_error":4.707953340317004},"median_abs_dev":{"confidence_interval":{"confidence_level":0.95,"lower_bound":23.428824231834128,"upper_bound":39.64417305983665},"point_estimate":30.78444448113946,"standard_error":4.113285927616237},"slope":{"confidence_interval":{"confidence_level":0.95,"lower_bound":6891.916164467066,"upper_bound":6904.7626077403065},"point_estimate":6898.189699128122,"standard_error":3.281073873873309},"std_dev":{"confidence_interval":{"confidence_level":0.95,"lower_bound":29.90421620273916,"upper_bound":61.52074731934929},"point_estimate":45.017081006273976,"standard_error":8.650573054431751}}