{"mean":{"confidence_interval":{"confidence_level":0.95,"lower_bound":10861.811932344008,"upper_bound":10919.718984896275},"point_estimate":10890.819777913599,"standard_error":14.781753526647625},"median":{"confidence_interval":{"confidence_level":0.95,"lower_bound":10845.953703703704,"upper_bound":10935.326315789474},"point_estimate":10913.19799498747,"standard_error":23.15065934613895},"median_abs_dev":{"confidence_interval":{"confidence_level":0.95,"lower_bound":122.1641257125531,"upper_bound":188.48094930492917},"point_estimate":160.1400476039436,"standard_error":17.307647903551487},"slope":{"confidence_interval":{"confidence_level":0.95,"lower_bound":10842.606426317348,"upper_bound":10908.36057528952},"point_estimate":10875.55295995271,"standard_error":16.832119278168697},"std_dev":{"confidence_interval":{"confidence_level":0.95,"lower_bound":125.20941396301298,"upper_bound":171.88872763167527},"point_estimate":148.65714587506602,"standard_error":11.994026899081932}}