{"mean":{"confidence_interval":{"confidence_level":0.95,"lower_bound":6868.880666094658,"upper_bound":6890.453217312317},"point_estimate":6878.682294787295,"standard_error":5.525205300688982},"median":{"confidence_interval":{"confidence_level":0.95,"lower_bound":6860.829333333333,"upper_bound":6877.618279569892},"point_estimate":6867.317130857648,"standard_error":3.4686976570552055},"median_abs_dev":{"confidence_interval":{"confidence_level":0.95,"lower_bound":26.337220326468127,"upper_bound":42.22115258375852},"point_estimate":35.333078600560626,"standard_error":3.978769080762669},"slope":{"confidence_interval":{"confidence_level":0.95,"lower_bound":6875.398061397219,"upper_bound":6886.765261433372},"point_estimate":6881.047576474065,"standard_error":2.9036713198907913},"std_dev":{"confidence_interval":{"confidence_level":0.95,"lower_bound":31.619511985826218,"upper_bound":79.79051111803068},"point_estimate":55.71768162086305,"standard_error":12.952242765479058}}