{"mean":{"confidence_interval":{"confidence_level":0.95,"lower_bound":6876.087215334716,"upper_bound":6894.459373877548},"point_estimate":6884.205885459578,"standard_error":4.70925182065827},"median":{"confidence_interval":{"confidence_level":0.95,"lower_bound":6875.330321428572,"upper_bound":6885.123021276596},"point_estimate":6880.986141906874,"standard_error":2.2109930640508546},"median_abs_dev":{"confidence_interval":{"confidence_level":0.95,"lower_bound":20.683668633941963,"upper_bound":33.90432938977426},"point_estimate":26.631619404689058,"standard_error":3.351688629447273},"slope":{"confidence_interval":{"confidence_level":0.95,"lower_bound":6880.364825565179,"upper_bound":6892.555425300192},"point_estimate":6886.309968967046,"standard_error":3.106238928371131},"std_dev":{"confidence_interval":{"confidence_level":0.95,"lower_bound":25.166179748958754,"upper_bound":70.72166833473688},"point_estimate":47.44093731179769,"standard_error":13.379178592385326}}