{"mean":{"confidence_interval":{"confidence_level":0.95,"lower_bound":10770431.390250007,"upper_bound":10867463.427400004},"point_estimate":10819307.368000004,"standard_error":24737.759352670604},"median":{"confidence_interval":{"confidence_level":0.95,"lower_bound":10776896.4,"upper_bound":10894723.5},"point_estimate":10852680.600000001,"standard_error":31702.553811917984},"median_abs_dev":{"confidence_interval":{"confidence_level":0.95,"lower_bound":190896.45915090956,"upper_bound":310775.7865226274},"point_estimate":243756.93035244916,"standard_error":29402.38128099914},"slope":null,"std_dev":{"confidence_interval":{"confidence_level":0.95,"lower_bound":212984.24577046713,"upper_bound":281192.15404135187},"point_estimate":247891.20593757994,"standard_error":17490.189216537176}}