{"mean":{"confidence_interval":{"confidence_level":0.95,"lower_bound":4050061.0063269264,"upper_bound":4054673.434788461},"point_estimate":4052307.0423076935,"standard_error":1179.973148950674},"median":{"confidence_interval":{"confidence_level":0.95,"lower_bound":4047529.3846153845,"upper_bound":4054265.923076923},"point_estimate":4050896.307692308,"standard_error":1499.8072261694779},"median_abs_dev":{"confidence_interval":{"confidence_level":0.95,"lower_bound":8707.309645414352,"upper_bound":14797.801825747982},"point_estimate":11672.33852354433,"standard_error":1470.0244790635777},"slope":null,"std_dev":{"confidence_interval":{"confidence_level":0.95,"lower_bound":9836.772739860995,"upper_bound":13880.779032416118},"point_estimate":11890.320489788082,"standard_error":1039.3108756947777}}