{"mean":{"confidence_interval":{"confidence_level":0.95,"lower_bound":4015565.1767692305,"upper_bound":4025549.4080192302},"point_estimate":4019805.382307693,"standard_error":2570.5717413259576},"median":{"confidence_interval":{"confidence_level":0.95,"lower_bound":4012642.230769231,"upper_bound":4020838.5384615385},"point_estimate":4015884.9615384615,"standard_error":2065.645338994628},"median_abs_dev":{"confidence_interval":{"confidence_level":0.95,"lower_bound":10345.582616329193,"upper_bound":16334.727683846917},"point_estimate":12481.438947641092,"standard_error":1482.429865807172},"slope":null,"std_dev":{"confidence_interval":{"confidence_level":0.95,"lower_bound":12328.864661970336,"upper_bound":40149.14551529942},"point_estimate":25856.26549246043,"standard_error":8844.599699008151}}