{"mean":{"confidence_interval":{"confidence_level":0.95,"lower_bound":4419522.3511666665,"upper_bound":4428778.813541667},"point_estimate":4423913.374999999,"standard_error":2371.7753519690064},"median":{"confidence_interval":{"confidence_level":0.95,"lower_bound":4413649.916666667,"upper_bound":4424619.75},"point_estimate":4417259.25,"standard_error":3185.081646742692},"median_abs_dev":{"confidence_interval":{"confidence_level":0.95,"lower_bound":14609.17103501085,"upper_bound":24325.264868140683},"point_estimate":19276.33243277692,"standard_error":2414.395550392764},"slope":null,"std_dev":{"confidence_interval":{"confidence_level":0.95,"lower_bound":17656.956342590107,"upper_bound":30890.931316163453},"point_estimate":23926.499180478917,"standard_error":3544.5220457943924}}