{"mean":{"confidence_interval":{"confidence_level":0.95,"lower_bound":8573904.18516667,"upper_bound":8593350.795458332},"point_estimate":8583702.893333333,"standard_error":4941.302429032849},"median":{"confidence_interval":{"confidence_level":0.95,"lower_bound":8572532.5,"upper_bound":8598252.5},"point_estimate":8585490.666666668,"standard_error":6740.9522348789205},"median_abs_dev":{"confidence_interval":{"confidence_level":0.95,"lower_bound":36602.057500184965,"upper_bound":56461.8547976017},"point_estimate":45265.630446374416,"standard_error":5183.861816223512},"slope":null,"std_dev":{"confidence_interval":{"confidence_level":0.95,"lower_bound":41948.586275943286,"upper_bound":56252.03554018717},"point_estimate":49521.93589195992,"standard_error":3652.2180525290096}}