{"mean":{"confidence_interval":{"confidence_level":0.95,"lower_bound":8639920.240749994,"upper_bound":8663376.890583336},"point_estimate":8651467.22166667,"standard_error":5990.755942043868},"median":{"confidence_interval":{"confidence_level":0.95,"lower_bound":8633198.333333334,"upper_bound":8671173.333333334},"point_estimate":8653606.833333334,"standard_error":9835.500895133762},"median_abs_dev":{"confidence_interval":{"confidence_level":0.95,"lower_bound":51211.47409081367,"upper_bound":79516.65503829448},"point_estimate":65864.13318067651,"standard_error":7359.196629868859},"slope":null,"std_dev":{"confidence_interval":{"confidence_level":0.95,"lower_bound":52557.93410050947,"upper_bound":66988.63639819028},"point_estimate":60176.66536069186,"standard_error":3661.9351941770938}}