{"mean":{"confidence_interval":{"confidence_level":0.95,"lower_bound":10332555.574250003,"upper_bound":10466472.133100001},"point_estimate":10399540.032000002,"standard_error":34043.46355425483},"median":{"confidence_interval":{"confidence_level":0.95,"lower_bound":10305348.8,"upper_bound":10466943.2},"point_estimate":10355866.9,"standard_error":39469.027570759245},"median_abs_dev":{"confidence_interval":{"confidence_level":0.95,"lower_bound":274013.83061528177,"upper_bound":433272.7924078717},"point_estimate":353092.59975135216,"standard_error":42174.933777970014},"slope":null,"std_dev":{"confidence_interval":{"confidence_level":0.95,"lower_bound":299640.58624028455,"upper_bound":379758.64041858906},"point_estimate":342309.10216011555,"standard_error":20439.97702343205}}