{"mean":{"confidence_interval":{"confidence_level":0.95,"lower_bound":4430484.122395834,"upper_bound":4439779.639333333},"point_estimate":4435063.909166667,"standard_error":2373.411465168769},"median":{"confidence_interval":{"confidence_level":0.95,"lower_bound":4426456.041666667,"upper_bound":4439454.166666667},"point_estimate":4433118.75,"standard_error":3074.3284881509653},"median_abs_dev":{"confidence_interval":{"confidence_level":0.95,"lower_bound":19034.48331207129,"upper_bound":29491.940451413855},"point_estimate":24135.553846507803,"standard_error":2675.1709271311556},"slope":null,"std_dev":{"confidence_interval":{"confidence_level":0.95,"lower_bound":20088.42487580026,"upper_bound":27464.097407618512},"point_estimate":23821.83372948022,"standard_error":1898.533268541522}}