{"mean":{"confidence_interval":{"confidence_level":0.95,"lower_bound":9698864.088041665,"upper_bound":9703443.411666663},"point_estimate":9701068.581666665,"standard_error":1167.2820575574412},"median":{"confidence_interval":{"confidence_level":0.95,"lower_bound":9696567.5,"upper_bound":9701134.333333334},"point_estimate":9698684.0,"standard_error":1183.0954012710708},"median_abs_dev":{"confidence_interval":{"confidence_level":0.95,"lower_bound":6708.888430894342,"upper_bound":11305.689649284806},"point_estimate":9433.536532522168,"standard_error":1162.7044683391975},"slope":null,"std_dev":{"confidence_interval":{"confidence_level":0.95,"lower_bound":8901.297059319222,"upper_bound":14686.758891237585},"point_estimate":11784.69298601738,"standard_error":1490.1997582935273}}