{"mean":{"confidence_interval":{"confidence_level":0.95,"lower_bound":4058560.455115384,"upper_bound":4076674.767153846},"point_estimate":4066876.574615385,"standard_error":4631.503882775798},"median":{"confidence_interval":{"confidence_level":0.95,"lower_bound":4050785.5384615385,"upper_bound":4065379.153846154},"point_estimate":4058542.5,"standard_error":3351.305710004718},"median_abs_dev":{"confidence_interval":{"confidence_level":0.95,"lower_bound":19383.45503279825,"upper_bound":30637.874284145873},"point_estimate":23793.163539125395,"standard_error":2786.013349663579},"slope":null,"std_dev":{"confidence_interval":{"confidence_level":0.95,"lower_bound":27615.356294167,"upper_bound":63313.316301394305},"point_estimate":46672.428445018864,"standard_error":9195.149146401809}}