{"mean":{"confidence_interval":{"confidence_level":0.95,"lower_bound":8778129.92841667,"upper_bound":8803893.536500001},"point_estimate":8790897.076666668,"standard_error":6579.9413995091845},"median":{"confidence_interval":{"confidence_level":0.95,"lower_bound":8766186.5,"upper_bound":8792870.0},"point_estimate":8785495.0,"standard_error":6695.677613040085},"median_abs_dev":{"confidence_interval":{"confidence_level":0.95,"lower_bound":42476.73634588626,"upper_bound":72438.10501396886},"point_estimate":59502.173143624335,"standard_error":7658.8386539516005},"slope":null,"std_dev":{"confidence_interval":{"confidence_level":0.95,"lower_bound":55506.35751609144,"upper_bound":75332.44698848893},"point_estimate":66074.33982603077,"standard_error":5060.848959116134}}