{"mean":{"confidence_interval":{"confidence_level":0.95,"lower_bound":4018858.748769231,"upper_bound":4034875.6482499996},"point_estimate":4026029.7307692324,"standard_error":4108.301657984734},"median":{"confidence_interval":{"confidence_level":0.95,"lower_bound":4013879.3846153845,"upper_bound":4020691.269230769},"point_estimate":4017521.615384615,"standard_error":1836.5324585570197},"median_abs_dev":{"confidence_interval":{"confidence_level":0.95,"lower_bound":10203.081949628502,"upper_bound":18297.621621306233},"point_estimate":13463.31929174703,"standard_error":2163.5562202599353},"slope":null,"std_dev":{"confidence_interval":{"confidence_level":0.95,"lower_bound":19372.2731723855,"upper_bound":57369.23836895486},"point_estimate":41202.61072315955,"standard_error":9548.937847713385}}