{"mean":{"confidence_interval":{"confidence_level":0.95,"lower_bound":4470243.0014375,"upper_bound":4479209.882187501},"point_estimate":4473994.490833333,"standard_error":2325.4019586998365},"median":{"confidence_interval":{"confidence_level":0.95,"lower_bound":4468827.583333333,"upper_bound":4474538.416666666},"point_estimate":4472387.25,"standard_error":1310.9763703713977},"median_abs_dev":{"confidence_interval":{"confidence_level":0.95,"lower_bound":8345.845594332544,"upper_bound":14078.275150060423},"point_estimate":12006.03281185054,"standard_error":1495.7088483507762},"slope":null,"std_dev":{"confidence_interval":{"confidence_level":0.95,"lower_bound":10084.410580238484,"upper_bound":37118.054488888905},"point_estimate":23395.33824886374,"standard_error":8829.351309866563}}