{"mean":{"confidence_interval":{"confidence_level":0.95,"lower_bound":50292319.5705,"upper_bound":51164637.57475},"point_estimate":50709252.1,"standard_error":222922.20578340863},"median":{"confidence_interval":{"confidence_level":0.95,"lower_bound":49823389.0,"upper_bound":50563791.0},"point_estimate":50212440.5,"standard_error":166137.25148596434},"median_abs_dev":{"confidence_interval":{"confidence_level":0.95,"lower_bound":1077335.7186734676,"upper_bound":1757777.9417932034},"point_estimate":1361699.1349250078,"standard_error":168900.75739420237},"slope":null,"std_dev":{"confidence_interval":{"confidence_level":0.95,"lower_bound":1687048.4142875785,"upper_bound":2729597.3665209594},"point_estimate":2246547.1051592003,"standard_error":265672.4419057609}}