{"mean":{"confidence_interval":{"confidence_level":0.95,"lower_bound":4038896.715076924,"upper_bound":4047032.9215384633},"point_estimate":4042773.8730769246,"standard_error":2076.877800299431},"median":{"confidence_interval":{"confidence_level":0.95,"lower_bound":4035113.423076923,"upper_bound":4043435.846153846},"point_estimate":4038236.576923077,"standard_error":2146.9489269574233},"median_abs_dev":{"confidence_interval":{"confidence_level":0.95,"lower_bound":11622.899516729261,"upper_bound":21410.91049680338},"point_estimate":16313.90285652428,"standard_error":2443.8756910360426},"slope":null,"std_dev":{"confidence_interval":{"confidence_level":0.95,"lower_bound":15616.228168656351,"upper_bound":25813.76434557306},"point_estimate":20837.004998351913,"standard_error":2630.238367967283}}