{"mean":{"confidence_interval":{"confidence_level":0.95,"lower_bound":4086137.9938653833,"upper_bound":4089895.4183653854},"point_estimate":4087998.1684615393,"standard_error":961.2578973559895},"median":{"confidence_interval":{"confidence_level":0.95,"lower_bound":4085634.230769231,"upper_bound":4090208.076923077},"point_estimate":4088195.4615384615,"standard_error":1331.1615899539015},"median_abs_dev":{"confidence_interval":{"confidence_level":0.95,"lower_bound":6384.1182539670435,"upper_bound":11447.61058137975},"point_estimate":9359.539587681003,"standard_error":1307.6628437718582},"slope":null,"std_dev":{"confidence_interval":{"confidence_level":0.95,"lower_bound":8009.291990927012,"upper_bound":11351.647712849308},"point_estimate":9725.485108467661,"standard_error":855.483808681958}}