{"mean":{"confidence_interval":{"confidence_level":0.95,"lower_bound":41864801.58775,"upper_bound":41909920.290125005},"point_estimate":41887574.065,"standard_error":11503.500567927442},"median":{"confidence_interval":{"confidence_level":0.95,"lower_bound":41868418.0,"upper_bound":41921767.0},"point_estimate":41889817.75,"standard_error":11992.785603254017},"median_abs_dev":{"confidence_interval":{"confidence_level":0.95,"lower_bound":91179.15708124638,"upper_bound":143473.49748283622},"point_estimate":124351.59019231796,"standard_error":13565.346551377643},"slope":null,"std_dev":{"confidence_interval":{"confidence_level":0.95,"lower_bound":99918.54373908984,"upper_bound":129555.11454344388},"point_estimate":115640.85290204494,"standard_error":7565.801806764269}}