{"mean":{"confidence_interval":{"confidence_level":0.95,"lower_bound":4044862.799403846,"upper_bound":4052679.589038462},"point_estimate":4048140.244615385,"standard_error":2021.657590908001},"median":{"confidence_interval":{"confidence_level":0.95,"lower_bound":4043504.0384615385,"upper_bound":4047027.846153846},"point_estimate":4045399.076923077,"standard_error":979.1183017011911},"median_abs_dev":{"confidence_interval":{"confidence_level":0.95,"lower_bound":7480.401144119431,"upper_bound":12683.927890199457},"point_estimate":10953.448605537415,"standard_error":1271.82570736903},"slope":null,"std_dev":{"confidence_interval":{"confidence_level":0.95,"lower_bound":9193.75485279426,"upper_bound":31908.90051812861},"point_estimate":20293.99152462915,"standard_error":7364.121433370633}}