{"mean":{"confidence_interval":{"confidence_level":0.95,"lower_bound":4098266.0096730744,"upper_bound":4207525.076480771},"point_estimate":4143116.8515384602,"standard_error":28643.55346417399},"median":{"confidence_interval":{"confidence_level":0.95,"lower_bound":4094917.769230769,"upper_bound":4117488.9615384615},"point_estimate":4111353.692307692,"standard_error":7248.299558564331},"median_abs_dev":{"confidence_interval":{"confidence_level":0.95,"lower_bound":51944.201608575146,"upper_bound":108274.16060601821},"point_estimate":87700.12219685798,"standard_error":15749.017765622528},"slope":null,"std_dev":{"confidence_interval":{"confidence_level":0.95,"lower_bound":71521.15456498951,"upper_bound":461942.98236612574},"point_estimate":287710.42283711495,"standard_error":110838.42029685409}}