{"mean":{"confidence_interval":{"confidence_level":0.95,"lower_bound":4432687.889145832,"upper_bound":4505545.443270832},"point_estimate":4458904.544999999,"standard_error":21158.73542192771},"median":{"confidence_interval":{"confidence_level":0.95,"lower_bound":4425524.0,"upper_bound":4435483.458333334},"point_estimate":4430924.958333333,"standard_error":2693.4598605750534},"median_abs_dev":{"confidence_interval":{"confidence_level":0.95,"lower_bound":13498.269685357349,"upper_bound":21887.499861419663},"point_estimate":16816.88440144085,"standard_error":2193.5510853569},"slope":null,"std_dev":{"confidence_interval":{"confidence_level":0.95,"lower_bound":25474.66303793543,"upper_bound":361306.86370600195},"point_estimate":212717.27437843208,"standard_error":116403.82855854243}}