{"mean":{"confidence_interval":{"confidence_level":0.95,"lower_bound":4512027.161791665,"upper_bound":4526469.138249999},"point_estimate":4518768.780833335,"standard_error":3679.579074527363},"median":{"confidence_interval":{"confidence_level":0.95,"lower_bound":4511777.75,"upper_bound":4523020.5},"point_estimate":4516231.083333334,"standard_error":3081.9983252337825},"median_abs_dev":{"confidence_interval":{"confidence_level":0.95,"lower_bound":18130.8386281135,"upper_bound":30661.9681968908},"point_estimate":22879.791668802038,"standard_error":3136.017647787126},"slope":null,"std_dev":{"confidence_interval":{"confidence_level":0.95,"lower_bound":22389.51263493202,"upper_bound":50552.21460291469},"point_estimate":36962.52089495934,"standard_error":7358.122708529738}}