{"mean":{"confidence_interval":{"confidence_level":0.95,"lower_bound":37951733.1865,"upper_bound":37985761.790750004},"point_estimate":37968718.44,"standard_error":8694.04041155608},"median":{"confidence_interval":{"confidence_level":0.95,"lower_bound":37941277.0,"upper_bound":37992382.5},"point_estimate":37961102.25,"standard_error":13058.594048702129},"median_abs_dev":{"confidence_interval":{"confidence_level":0.95,"lower_bound":72425.7500141859,"upper_bound":112419.9962541461},"point_estimate":92255.89531213045,"standard_error":10282.181119388732},"slope":null,"std_dev":{"confidence_interval":{"confidence_level":0.95,"lower_bound":75905.33520315326,"upper_bound":97984.34860931068},"point_estimate":87502.77151377736,"standard_error":5661.489199546583}}