{"mean":{"confidence_interval":{"confidence_level":0.95,"lower_bound":4065949.984173078,"upper_bound":4072462.416596154},"point_estimate":4069154.9230769216,"standard_error":1659.5201473947127},"median":{"confidence_interval":{"confidence_level":0.95,"lower_bound":4064039.3076923075,"upper_bound":4071206.6153846155},"point_estimate":4068571.269230769,"standard_error":1731.8001737820111},"median_abs_dev":{"confidence_interval":{"confidence_level":0.95,"lower_bound":11700.222807664059,"upper_bound":19670.45217385664},"point_estimate":15444.586064265299,"standard_error":1995.1837610573184},"slope":null,"std_dev":{"confidence_interval":{"confidence_level":0.95,"lower_bound":13916.1086669858,"upper_bound":19489.06123399339},"point_estimate":16756.52155503853,"standard_error":1426.6911763253527}}