{"mean":{"confidence_interval":{"confidence_level":0.95,"lower_bound":4104282.612437499,"upper_bound":4138020.9978750013},"point_estimate":4120688.984999998,"standard_error":8634.154017500407},"median":{"confidence_interval":{"confidence_level":0.95,"lower_bound":4067824.75,"upper_bound":4082248.25},"point_estimate":4075260.291666667,"standard_error":3769.3372903656214},"median_abs_dev":{"confidence_interval":{"confidence_level":0.95,"lower_bound":21249.24057275103,"upper_bound":46530.708293914904},"point_estimate":32410.685599595883,"standard_error":6603.454665362247},"slope":null,"std_dev":{"confidence_interval":{"confidence_level":0.95,"lower_bound":75754.59501951307,"upper_bound":94859.79903178573},"point_estimate":86639.69695942594,"standard_error":4864.460174276949}}