{"mean":{"confidence_interval":{"confidence_level":0.95,"lower_bound":8467592.97658333,"upper_bound":8491044.479333336},"point_estimate":8479152.596666666,"standard_error":6002.940852924594},"median":{"confidence_interval":{"confidence_level":0.95,"lower_bound":8465931.25,"upper_bound":8486830.166666666},"point_estimate":8476747.0,"standard_error":5473.287444608811},"median_abs_dev":{"confidence_interval":{"confidence_level":0.95,"lower_bound":32529.355372487116,"upper_bound":61949.20440018223},"point_estimate":45773.91513735148,"standard_error":7751.419736528029},"slope":null,"std_dev":{"confidence_interval":{"confidence_level":0.95,"lower_bound":47332.65146264414,"upper_bound":72998.35040597565},"point_estimate":60235.94059369982,"standard_error":6619.895022561657}}