{"mean":{"confidence_interval":{"confidence_level":0.95,"lower_bound":-0.11307813523888242,"upper_bound":-0.11045399824917654},"point_estimate":-0.111774612483593,"standard_error":0.0006702633413810725},"median":{"confidence_interval":{"confidence_level":0.95,"lower_bound":-0.11432694492420781,"upper_bound":-0.11028405077046533},"point_estimate":-0.1116965163462127,"standard_error":0.0010160678289549998}}