{"mean":{"confidence_interval":{"confidence_level":0.95,"lower_bound":-0.0042541529981222626,"upper_bound":0.004509389596516775},"point_estimate":0.00020532265442252395,"standard_error":0.002226088404713759},"median":{"confidence_interval":{"confidence_level":0.95,"lower_bound":-0.001161496409892493,"upper_bound":0.0054748344729578236},"point_estimate":0.0022087593790585114,"standard_error":0.0018146455306799162}}