{"mean":{"confidence_interval":{"confidence_level":0.95,"lower_bound":-0.014787756069556051,"upper_bound":-0.006457179083088294},"point_estimate":-0.010730518511376519,"standard_error":0.002129052990406772},"median":{"confidence_interval":{"confidence_level":0.95,"lower_bound":-0.013929113439298297,"upper_bound":-0.007132856978903868},"point_estimate":-0.010267263241823033,"standard_error":0.0017109428105448676}}