{"mean":{"confidence_interval":{"confidence_level":0.95,"lower_bound":-0.017081904789106112,"upper_bound":-0.007959998338543127},"point_estimate":-0.012564800198770598,"standard_error":0.002327658251860208},"median":{"confidence_interval":{"confidence_level":0.95,"lower_bound":-0.016723384741441083,"upper_bound":-0.010382466826283854},"point_estimate":-0.014157088790011096,"standard_error":0.0015668483386605762}}