{"mean":{"confidence_interval":{"confidence_level":0.95,"lower_bound":0.018218359468811673,"upper_bound":0.03169895333255351},"point_estimate":0.024309719468252222,"standard_error":0.0035410285538275943},"median":{"confidence_interval":{"confidence_level":0.95,"lower_bound":0.01984854614650633,"upper_bound":0.026609306111156868},"point_estimate":0.023099688262704587,"standard_error":0.0017824799056522427}}