{"mean":{"confidence_interval":{"confidence_level":0.95,"lower_bound":-0.05386470010456039,"upper_bound":-0.05168894782913387},"point_estimate":-0.05274889847483011,"standard_error":0.0005567972966166736},"median":{"confidence_interval":{"confidence_level":0.95,"lower_bound":-0.053815548015470796,"upper_bound":-0.05162912847596868},"point_estimate":-0.05282773802530216,"standard_error":0.0005665740274864767}}