{"mean":{"confidence_interval":{"confidence_level":0.95,"lower_bound":-0.003049532456497429,"upper_bound":0.016629771448733215},"point_estimate":0.004876998775305674,"standard_error":0.004886233769107119},"median":{"confidence_interval":{"confidence_level":0.95,"lower_bound":-0.004559937740637898,"upper_bound":0.0006976518548664767},"point_estimate":-0.0022074449865471246,"standard_error":0.0012871069503797665}}