{"mean":{"confidence_interval":{"confidence_level":0.95,"lower_bound":0.0038422273316362516,"upper_bound":0.01221639754293907},"point_estimate":0.00783539928921706,"standard_error":0.0021301141139886334},"median":{"confidence_interval":{"confidence_level":0.95,"lower_bound":0.006277917194227767,"upper_bound":0.013075312023065333},"point_estimate":0.009759517012427388,"standard_error":0.0017884160652920386}}