{"mean":{"confidence_interval":{"confidence_level":0.95,"lower_bound":0.026561735012549176,"upper_bound":0.03566021637691908},"point_estimate":0.031041735520662694,"standard_error":0.002313397641686765},"median":{"confidence_interval":{"confidence_level":0.95,"lower_bound":0.029171262845567827,"upper_bound":0.03680382723648967},"point_estimate":0.03302077406943926,"standard_error":0.0018479900529581304}}