{"mean":{"confidence_interval":{"confidence_level":0.95,"lower_bound":0.07014405512561342,"upper_bound":0.08222951561009748},"point_estimate":0.07617862562574884,"standard_error":0.003019950820974443},"median":{"confidence_interval":{"confidence_level":0.95,"lower_bound":0.06569293113988195,"upper_bound":0.08795385982455861},"point_estimate":0.0716802002234449,"standard_error":0.0058613832215512005}}