{"mean":{"confidence_interval":{"confidence_level":0.95,"lower_bound":0.026028943884329327,"upper_bound":0.035442829821856404},"point_estimate":0.030708648352719248,"standard_error":0.002374214135812769},"median":{"confidence_interval":{"confidence_level":0.95,"lower_bound":0.02416956396176732,"upper_bound":0.03330895975033742},"point_estimate":0.028982346553548366,"standard_error":0.002264932914618006}}