{"mean":{"confidence_interval":{"confidence_level":0.95,"lower_bound":-0.03329031580392161,"upper_bound":-0.02505719161995764},"point_estimate":-0.02903021669186523,"standard_error":0.0020971353123915553},"median":{"confidence_interval":{"confidence_level":0.95,"lower_bound":-0.029776843731061375,"upper_bound":-0.025007726251822314},"point_estimate":-0.027336906856326948,"standard_error":0.0012044164026846855}}