{"mean":{"confidence_interval":{"confidence_level":0.95,"lower_bound":0.46066055078072643,"upper_bound":0.4730927598175164},"point_estimate":0.46708881563646676,"standard_error":0.0031732132403897557},"median":{"confidence_interval":{"confidence_level":0.95,"lower_bound":0.4656770721531964,"upper_bound":0.4775538964540252},"point_estimate":0.4724345073490306,"standard_error":0.0030205865710434907}}