{"mean":{"confidence_interval":{"confidence_level":0.95,"lower_bound":-0.039292336036262546,"upper_bound":-0.029703576989883573},"point_estimate":-0.03445257433003934,"standard_error":0.0024366528357205926},"median":{"confidence_interval":{"confidence_level":0.95,"lower_bound":-0.03846634947927651,"upper_bound":-0.027742220883488045},"point_estimate":-0.03372398199149729,"standard_error":0.002754813403850993}}