{"mean":{"confidence_interval":{"confidence_level":0.95,"lower_bound":-0.3059000457912512,"upper_bound":-0.2799348766997795},"point_estimate":-0.2926676348645645,"standard_error":0.006637721248602328},"median":{"confidence_interval":{"confidence_level":0.95,"lower_bound":-0.27355443704721927,"upper_bound":-0.2581590048780913},"point_estimate":-0.2630672771192387,"standard_error":0.0039026720955470232}}