{"mean":{"confidence_interval":{"confidence_level":0.95,"lower_bound":-0.6142471586286883,"upper_bound":-0.611912172406091},"point_estimate":-0.6130912903157341,"standard_error":0.0005978588031661595},"median":{"confidence_interval":{"confidence_level":0.95,"lower_bound":-0.6154761581549462,"upper_bound":-0.6123290880050991},"point_estimate":-0.6139313235593826,"standard_error":0.0008193467916328294}}