{"mean":{"confidence_interval":{"confidence_level":0.95,"lower_bound":0.00042213976457211247,"upper_bound":0.016864149715740354},"point_estimate":0.008035556694238055,"standard_error":0.004046545657054838},"median":{"confidence_interval":{"confidence_level":0.95,"lower_bound":-0.00024881416323448976,"upper_bound":0.004165697091981002},"point_estimate":0.0018767724913479888,"standard_error":0.0011487607020500045}}