{"mean":{"confidence_interval":{"confidence_level":0.95,"lower_bound":-0.023040351357263445,"upper_bound":-0.015796249023980954},"point_estimate":-0.01932962312257236,"standard_error":0.0018555933517590414},"median":{"confidence_interval":{"confidence_level":0.95,"lower_bound":-0.021925663585808695,"upper_bound":-0.014786916721166055},"point_estimate":-0.01705512978987689,"standard_error":0.0017590718072051858}}