{"mean":{"confidence_interval":{"confidence_level":0.95,"lower_bound":-0.010371609725895172,"upper_bound":-0.0032495617913539045},"point_estimate":-0.006680562854150196,"standard_error":0.0018144507115920427},"median":{"confidence_interval":{"confidence_level":0.95,"lower_bound":-0.009489724432769742,"upper_bound":-0.0018099473295352109},"point_estimate":-0.005061088529487168,"standard_error":0.0018357436053091875}}