{"mean":{"confidence_interval":{"confidence_level":0.95,"lower_bound":-0.07473509251688143,"upper_bound":-0.07185236487669981},"point_estimate":-0.0732831425517585,"standard_error":0.0007358155183163694},"median":{"confidence_interval":{"confidence_level":0.95,"lower_bound":-0.07516512820448762,"upper_bound":-0.0708532259881266},"point_estimate":-0.07320880750768644,"standard_error":0.0010829167005990683}}