{"mean":{"confidence_interval":{"confidence_level":0.95,"lower_bound":-0.03228990385838977,"upper_bound":-0.030629146885693237},"point_estimate":-0.03145637577595328,"standard_error":0.0004268651829602189},"median":{"confidence_interval":{"confidence_level":0.95,"lower_bound":-0.033074927430663204,"upper_bound":-0.03081887571036157},"point_estimate":-0.03213604305760864,"standard_error":0.0005768930894296383}}