{"mean":{"confidence_interval":{"confidence_level":0.95,"lower_bound":0.0030000429511045645,"upper_bound":0.012223643749084702},"point_estimate":0.007488560025052049,"standard_error":0.00234790243915804},"median":{"confidence_interval":{"confidence_level":0.95,"lower_bound":0.004674729032890346,"upper_bound":0.014578958827767491},"point_estimate":0.010451997184678596,"standard_error":0.002530425960969825}}