{"mean":{"confidence_interval":{"confidence_level":0.95,"lower_bound":-0.24053522688151116,"upper_bound":-0.23485076785495126},"point_estimate":-0.23773774428164984,"standard_error":0.0014444271788236088},"median":{"confidence_interval":{"confidence_level":0.95,"lower_bound":-0.24303711593497057,"upper_bound":-0.23426748651179485},"point_estimate":-0.24073604054561848,"standard_error":0.002180865878364354}}