{"mean":{"confidence_interval":{"confidence_level":0.95,"lower_bound":0.43794302144083114,"upper_bound":0.45911671399443976},"point_estimate":0.4479035606277544,"standard_error":0.005298332036856459},"median":{"confidence_interval":{"confidence_level":0.95,"lower_bound":0.43564797161890234,"upper_bound":0.4572142656893865},"point_estimate":0.44735763223785985,"standard_error":0.005694548389014988}}