{"mean":{"confidence_interval":{"confidence_level":0.95,"lower_bound":0.028744273403545906,"upper_bound":0.03652869167823295},"point_estimate":0.03267671790193427,"standard_error":0.00199849102868948},"median":{"confidence_interval":{"confidence_level":0.95,"lower_bound":0.03186957519256173,"upper_bound":0.03592425062726747},"point_estimate":0.03437557694104321,"standard_error":0.0009973243883710456}}