{"mean":{"confidence_interval":{"confidence_level":0.95,"lower_bound":-0.03145638765263947,"upper_bound":-0.018621334424731795},"point_estimate":-0.024899747425510377,"standard_error":0.0032383955927082963},"median":{"confidence_interval":{"confidence_level":0.95,"lower_bound":-0.02268435496177601,"upper_bound":-0.01630132381204874},"point_estimate":-0.019902623658537677,"standard_error":0.001659115000342378}}