{"mean":{"confidence_interval":{"confidence_level":0.95,"lower_bound":0.012765368557910712,"upper_bound":0.021705953930927224},"point_estimate":0.017038814498595345,"standard_error":0.0022680862079208822},"median":{"confidence_interval":{"confidence_level":0.95,"lower_bound":0.013516763075962501,"upper_bound":0.021031216937855257},"point_estimate":0.016729667658519576,"standard_error":0.0018854427830521001}}