{"mean":{"confidence_interval":{"confidence_level":0.95,"lower_bound":-0.09328609370090005,"upper_bound":-0.08154494309489824},"point_estimate":-0.08724496273258464,"standard_error":0.002992904345876258},"median":{"confidence_interval":{"confidence_level":0.95,"lower_bound":-0.09182358871570673,"upper_bound":-0.07823672173936158},"point_estimate":-0.08750357864280733,"standard_error":0.0034264848293592185}}