{"mean":{"confidence_interval":{"confidence_level":0.95,"lower_bound":0.17655428051925748,"upper_bound":0.18814659857574068},"point_estimate":0.18232108777761002,"standard_error":0.002974562542588381},"median":{"confidence_interval":{"confidence_level":0.95,"lower_bound":0.17454351290648096,"upper_bound":0.1879429055170395},"point_estimate":0.18239812219086793,"standard_error":0.004012007995827001}}