{"mean":{"confidence_interval":{"confidence_level":0.95,"lower_bound":0.6619944757927044,"upper_bound":0.682486547419698},"point_estimate":0.6736118924889818,"standard_error":0.005254709161313883},"median":{"confidence_interval":{"confidence_level":0.95,"lower_bound":0.6806492047531768,"upper_bound":0.6919759953380498},"point_estimate":0.6878470169909559,"standard_error":0.002884338184260235}}