{"mean":{"confidence_interval":{"confidence_level":0.95,"lower_bound":-0.006857873701594981,"upper_bound":0.006361659136393021},"point_estimate":9.963689876713033e-6,"standard_error":0.0033595408754083563},"median":{"confidence_interval":{"confidence_level":0.95,"lower_bound":-0.0009252263471596356,"upper_bound":0.0067983315869406535},"point_estimate":0.002518126300174117,"standard_error":0.0018945251744110047}}