{"mean":{"confidence_interval":{"confidence_level":0.95,"lower_bound":-0.03899058843646992,"upper_bound":-0.03064389457897511},"point_estimate":-0.03476447663171045,"standard_error":0.002127292197442774},"median":{"confidence_interval":{"confidence_level":0.95,"lower_bound":-0.036702516619112724,"upper_bound":-0.031691975888190727},"point_estimate":-0.03369990714408433,"standard_error":0.0011856285669010606}}