{"mean":{"confidence_interval":{"confidence_level":0.95,"lower_bound":0.02297623606539778,"upper_bound":0.03946859515576339},"point_estimate":0.02981908695733626,"standard_error":0.004079923105196687},"median":{"confidence_interval":{"confidence_level":0.95,"lower_bound":0.023122153676734314,"upper_bound":0.029154619281680505},"point_estimate":0.02525639001402702,"standard_error":0.0015399336928437176}}