{"mean":{"confidence_interval":{"confidence_level":0.95,"lower_bound":-0.0350025647663218,"upper_bound":-0.026335585312258613},"point_estimate":-0.03075754136852249,"standard_error":0.002200984093965387},"median":{"confidence_interval":{"confidence_level":0.95,"lower_bound":-0.03477876374072708,"upper_bound":-0.027810478210720913},"point_estimate":-0.031209946938298594,"standard_error":0.0017773060204991566}}