{"mean":{"confidence_interval":{"confidence_level":0.95,"lower_bound":0.03147214225772165,"upper_bound":0.0393443686194071},"point_estimate":0.03547906683179858,"standard_error":0.0020016831577797426},"median":{"confidence_interval":{"confidence_level":0.95,"lower_bound":0.032958065869415964,"upper_bound":0.03904570622798542},"point_estimate":0.03595781147629662,"standard_error":0.0015327257817206088}}