{"mean":{"confidence_interval":{"confidence_level":0.95,"lower_bound":0.01908640319215033,"upper_bound":0.0275752833800067},"point_estimate":0.023158827249275316,"standard_error":0.002130840220205474},"median":{"confidence_interval":{"confidence_level":0.95,"lower_bound":0.018087864800240272,"upper_bound":0.024326041014269828},"point_estimate":0.020780663083642237,"standard_error":0.00151381296695117}}