{"mean":{"confidence_interval":{"confidence_level":0.95,"lower_bound":-0.10036372219042566,"upper_bound":-0.07902828956223781},"point_estimate":-0.08869056954620513,"standard_error":0.005496723579942701},"median":{"confidence_interval":{"confidence_level":0.95,"lower_bound":-0.08341580190517195,"upper_bound":-0.07773509336954572},"point_estimate":-0.08020245217677191,"standard_error":0.0014567098873755964}}