{"mean":{"confidence_interval":{"confidence_level":0.95,"lower_bound":-0.03750227404793285,"upper_bound":-0.029460337268427277},"point_estimate":-0.033468046535365836,"standard_error":0.002047583947461763},"median":{"confidence_interval":{"confidence_level":0.95,"lower_bound":-0.039018351888988806,"upper_bound":-0.031737252482549626},"point_estimate":-0.03421872689839511,"standard_error":0.0018073142657804647}}