{"mean":{"confidence_interval":{"confidence_level":0.95,"lower_bound":0.012229224897951212,"upper_bound":0.027728270355868334},"point_estimate":0.019650074178913624,"standard_error":0.0040455826448632356},"median":{"confidence_interval":{"confidence_level":0.95,"lower_bound":0.009947554670789893,"upper_bound":0.017667791863951125},"point_estimate":0.013847455703939193,"standard_error":0.0020211526039001526}}