{"mean":{"confidence_interval":{"confidence_level":0.95,"lower_bound":9471.096326989984,"upper_bound":9564.889393828316},"point_estimate":9506.912849439266,"standard_error":25.216960665610372},"median":{"confidence_interval":{"confidence_level":0.95,"lower_bound":9454.839962121212,"upper_bound":9482.097402597403},"point_estimate":9469.810830097249,"standard_error":6.858604572483693},"median_abs_dev":{"confidence_interval":{"confidence_level":0.95,"lower_bound":39.85646457287029,"upper_bound":60.18384671227117},"point_estimate":50.492263346007746,"standard_error":5.2632866651973975},"slope":{"confidence_interval":{"confidence_level":0.95,"lower_bound":9482.802239003426,"upper_bound":9531.280201313482},"point_estimate":9505.497445356476,"standard_error":12.404379996761051},"std_dev":{"confidence_interval":{"confidence_level":0.95,"lower_bound":58.969413638945824,"upper_bound":421.7797858991361},"point_estimate":253.8293219276749,"standard_error":119.2946821667634}}