{"mean":{"confidence_interval":{"confidence_level":0.95,"lower_bound":12272.075768607005,"upper_bound":12289.753575275983},"point_estimate":12280.220221187265,"standard_error":4.532201713744202},"median":{"confidence_interval":{"confidence_level":0.95,"lower_bound":12259.041165413535,"upper_bound":12275.4578125},"point_estimate":12266.6927513356,"standard_error":4.78620435954703},"median_abs_dev":{"confidence_interval":{"confidence_level":0.95,"lower_bound":17.67557237776127,"upper_bound":34.86822913902709},"point_estimate":25.705962386876983,"standard_error":4.666415883331987},"slope":{"confidence_interval":{"confidence_level":0.95,"lower_bound":12269.62887571227,"upper_bound":12287.799195140005},"point_estimate":12278.133449460618,"standard_error":4.65413326775153},"std_dev":{"confidence_interval":{"confidence_level":0.95,"lower_bound":28.6810115972356,"upper_bound":63.76840163346942},"point_estimate":45.54066226860682,"standard_error":9.921705227275375}}