{"mean":{"confidence_interval":{"confidence_level":0.95,"lower_bound":11618.685481356657,"upper_bound":11954.635470184703},"point_estimate":11782.025434938378,"standard_error":85.95318420080797},"median":{"confidence_interval":{"confidence_level":0.95,"lower_bound":11338.826805555556,"upper_bound":11771.547486772488},"point_estimate":11555.147156084655,"standard_error":113.40316921996954},"median_abs_dev":{"confidence_interval":{"confidence_level":0.95,"lower_bound":588.0767358881055,"upper_bound":1149.2029904671326},"point_estimate":820.3476098086202,"standard_error":153.178825030722},"slope":{"confidence_interval":{"confidence_level":0.95,"lower_bound":11300.014416876887,"upper_bound":11567.426241675785},"point_estimate":11426.581596349934,"standard_error":68.24455364141907},"std_dev":{"confidence_interval":{"confidence_level":0.95,"lower_bound":763.6226189382215,"upper_bound":938.0585642057217},"point_estimate":861.2462734072249,"standard_error":44.41381379899759}}