{"mean":{"confidence_interval":{"confidence_level":0.95,"lower_bound":12086.185930992426,"upper_bound":13623.85539358842},"point_estimate":12719.579198515503,"standard_error":400.8105808149885},"median":{"confidence_interval":{"confidence_level":0.95,"lower_bound":11772.3658008658,"upper_bound":12115.870056497175},"point_estimate":11951.64559322791,"standard_error":90.87945949782457},"median_abs_dev":{"confidence_interval":{"confidence_level":0.95,"lower_bound":466.6107811248684,"upper_bound":784.4427671754128},"point_estimate":684.0113927549216,"standard_error":81.40893395722222},"slope":{"confidence_interval":{"confidence_level":0.95,"lower_bound":11985.181346382296,"upper_bound":12513.116042175223},"point_estimate":12227.749306438107,"standard_error":135.39994969514495},"std_dev":{"confidence_interval":{"confidence_level":0.95,"lower_bound":818.6048085944478,"upper_bound":6460.927834971745},"point_estimate":4027.0635675594694,"standard_error":1526.6182563202226}}