{"mean":{"confidence_interval":{"confidence_level":0.95,"lower_bound":12561.152024312381,"upper_bound":12662.652439873988},"point_estimate":12611.725693821061,"standard_error":25.81290204567351},"median":{"confidence_interval":{"confidence_level":0.95,"lower_bound":12510.07150661838,"upper_bound":12662.955870505426},"point_estimate":12604.692164679982,"standard_error":45.205936249211234},"median_abs_dev":{"confidence_interval":{"confidence_level":0.95,"lower_bound":213.0408450572932,"upper_bound":342.9871489107616},"point_estimate":311.93933337326035,"standard_error":33.43587807489441},"slope":{"confidence_interval":{"confidence_level":0.95,"lower_bound":12560.908446920705,"upper_bound":12654.096875046429},"point_estimate":12606.91801499926,"standard_error":23.75911993766598},"std_dev":{"confidence_interval":{"confidence_level":0.95,"lower_bound":228.69548573297544,"upper_bound":289.69518292598},"point_estimate":261.05092110825177,"standard_error":15.566645655176227}}