{"mean":{"confidence_interval":{"confidence_level":0.95,"lower_bound":14166.307848959581,"upper_bound":14473.950192655237},"point_estimate":14321.611199449706,"standard_error":78.58724705157591},"median":{"confidence_interval":{"confidence_level":0.95,"lower_bound":14188.87944570729,"upper_bound":14568.658714837286},"point_estimate":14349.691982507287,"standard_error":113.62733658464352},"median_abs_dev":{"confidence_interval":{"confidence_level":0.95,"lower_bound":632.7544013574636,"upper_bound":1014.0140912036047},"point_estimate":793.4256291170717,"standard_error":98.14668210037868},"slope":{"confidence_interval":{"confidence_level":0.95,"lower_bound":14259.222437325325,"upper_bound":14587.992295762873},"point_estimate":14420.633832675378,"standard_error":83.89677452435664},"std_dev":{"confidence_interval":{"confidence_level":0.95,"lower_bound":687.3861119828359,"upper_bound":878.4190279825984},"point_estimate":789.4204797196148,"standard_error":48.64527625520998}}