{"mean":{"confidence_interval":{"confidence_level":0.95,"lower_bound":9492.425377524869,"upper_bound":9554.97834684623},"point_estimate":9520.802481276536,"standard_error":16.03435372012246},"median":{"confidence_interval":{"confidence_level":0.95,"lower_bound":9469.917355371901,"upper_bound":9494.689227166276},"point_estimate":9481.965491098626,"standard_error":5.6643573439800345},"median_abs_dev":{"confidence_interval":{"confidence_level":0.95,"lower_bound":41.76951812673963,"upper_bound":66.78290068724068},"point_estimate":54.60822272961624,"standard_error":6.406838649697595},"slope":{"confidence_interval":{"confidence_level":0.95,"lower_bound":9491.51483693885,"upper_bound":9539.695117411964},"point_estimate":9513.426180259818,"standard_error":12.348226630419308},"std_dev":{"confidence_interval":{"confidence_level":0.95,"lower_bound":86.24485177546688,"upper_bound":228.2994455925307},"point_estimate":161.22589102734764,"standard_error":37.05412420678313}}