{"mean":{"confidence_interval":{"confidence_level":0.95,"lower_bound":11850.64488016391,"upper_bound":11955.54070713276},"point_estimate":11904.922573021513,"standard_error":26.839139215892587},"median":{"confidence_interval":{"confidence_level":0.95,"lower_bound":11911.890625,"upper_bound":11998.4125},"point_estimate":11954.178198328511,"standard_error":23.076661546686044},"median_abs_dev":{"confidence_interval":{"confidence_level":0.95,"lower_bound":134.98170257667846,"upper_bound":225.379810309561},"point_estimate":176.7978224723638,"standard_error":23.277198278011728},"slope":{"confidence_interval":{"confidence_level":0.95,"lower_bound":11959.637448248151,"upper_bound":12030.469260045194},"point_estimate":11994.760161075808,"standard_error":17.970989309350152},"std_dev":{"confidence_interval":{"confidence_level":0.95,"lower_bound":216.72256438239413,"upper_bound":316.9739145939342},"point_estimate":269.9075655898564,"standard_error":25.67806638460897}}