{"mean":{"confidence_interval":{"confidence_level":0.95,"lower_bound":14633.536335517443,"upper_bound":14820.977890071492},"point_estimate":14728.064814053434,"standard_error":47.79478785299569},"median":{"confidence_interval":{"confidence_level":0.95,"lower_bound":14632.528571428571,"upper_bound":14894.15331010453},"point_estimate":14752.806349206348,"standard_error":71.45703091699016},"median_abs_dev":{"confidence_interval":{"confidence_level":0.95,"lower_bound":392.09985242340304,"upper_bound":645.4477753749329},"point_estimate":515.2096203379903,"standard_error":69.8628400441524},"slope":{"confidence_interval":{"confidence_level":0.95,"lower_bound":14780.924368306147,"upper_bound":15002.643301786926},"point_estimate":14896.072862842788,"standard_error":56.53229559939893},"std_dev":{"confidence_interval":{"confidence_level":0.95,"lower_bound":416.56682040566415,"upper_bound":542.6494917355126},"point_estimate":482.1280006282049,"standard_error":32.26909938057182}}