{"mean":{"confidence_interval":{"confidence_level":0.95,"lower_bound":12381.666161354746,"upper_bound":12528.574086753664},"point_estimate":12454.643191042116,"standard_error":37.542260928977505},"median":{"confidence_interval":{"confidence_level":0.95,"lower_bound":12287.942126937985,"upper_bound":12543.847222222223},"point_estimate":12345.794489092998,"standard_error":59.9376559504226},"median_abs_dev":{"confidence_interval":{"confidence_level":0.95,"lower_bound":343.5659441646177,"upper_bound":540.5305714985188},"point_estimate":473.8790571347621,"standard_error":49.904481901862674},"slope":{"confidence_interval":{"confidence_level":0.95,"lower_bound":12310.157956962972,"upper_bound":12517.014959981427},"point_estimate":12416.269262597902,"standard_error":53.01232426117664},"std_dev":{"confidence_interval":{"confidence_level":0.95,"lower_bound":330.0730881973774,"upper_bound":423.8439844923124},"point_estimate":376.87268877151485,"standard_error":23.992176764398238}}