{"mean":{"confidence_interval":{"confidence_level":0.95,"lower_bound":9477.883206097355,"upper_bound":9508.687606225947},"point_estimate":9492.275714446898,"standard_error":7.888794501261715},"median":{"confidence_interval":{"confidence_level":0.95,"lower_bound":9464.373307543521,"upper_bound":9495.998484848486},"point_estimate":9484.51830550402,"standard_error":7.655265326113625},"median_abs_dev":{"confidence_interval":{"confidence_level":0.95,"lower_bound":37.54283296984454,"upper_bound":60.81838451098195},"point_estimate":47.48328361981325,"standard_error":5.834277270257737},"slope":{"confidence_interval":{"confidence_level":0.95,"lower_bound":9486.036265909992,"upper_bound":9531.99601771904},"point_estimate":9506.287666886092,"standard_error":11.856193720184985},"std_dev":{"confidence_interval":{"confidence_level":0.95,"lower_bound":52.07395879800194,"upper_bound":103.32111007703648},"point_estimate":79.20066462910619,"standard_error":13.12903452582356}}