{"mean":{"confidence_interval":{"confidence_level":0.95,"lower_bound":9396.39729233606,"upper_bound":9451.865332758567},"point_estimate":9424.675686042036,"standard_error":14.125250687847872},"median":{"confidence_interval":{"confidence_level":0.95,"lower_bound":9419.214876033058,"upper_bound":9441.197916666666},"point_estimate":9431.153925619834,"standard_error":5.270027842859159},"median_abs_dev":{"confidence_interval":{"confidence_level":0.95,"lower_bound":39.77141820300598,"upper_bound":64.51994813154143},"point_estimate":53.95082867993494,"standard_error":5.795584659250316},"slope":{"confidence_interval":{"confidence_level":0.95,"lower_bound":9436.482839243681,"upper_bound":9493.520705450668},"point_estimate":9462.092303021347,"standard_error":14.63140398793416},"std_dev":{"confidence_interval":{"confidence_level":0.95,"lower_bound":94.5896668377301,"upper_bound":186.63961677913304},"point_estimate":142.2182052948355,"standard_error":23.66041654717211}}