{"mean":{"confidence_interval":{"confidence_level":0.95,"lower_bound":24220.785059375517,"upper_bound":25545.949801512852},"point_estimate":24789.188522984707,"standard_error":343.24141144160114},"median":{"confidence_interval":{"confidence_level":0.95,"lower_bound":23754.693915343916,"upper_bound":24452.491336775674},"point_estimate":24149.022701539856,"standard_error":172.45605498193285},"median_abs_dev":{"confidence_interval":{"confidence_level":0.95,"lower_bound":923.2613242445733,"upper_bound":1420.586076656023},"point_estimate":1088.5719226571061,"standard_error":125.69461060889431},"slope":{"confidence_interval":{"confidence_level":0.95,"lower_bound":24207.381231160023,"upper_bound":25017.844007647454},"point_estimate":24581.605830747252,"standard_error":207.4551582658015},"std_dev":{"confidence_interval":{"confidence_level":0.95,"lower_bound":1253.0582676664585,"upper_bound":5254.889798398173},"point_estimate":3431.560673372054,"standard_error":1065.7318382190122}}