{"mean":{"confidence_interval":{"confidence_level":0.95,"lower_bound":11357.495756904102,"upper_bound":12593.781244742999},"point_estimate":11812.38374713026,"standard_error":353.69970219870544},"median":{"confidence_interval":{"confidence_level":0.95,"lower_bound":11191.674603174602,"upper_bound":11397.27006802721},"point_estimate":11271.443977591036,"standard_error":53.56240318169304},"median_abs_dev":{"confidence_interval":{"confidence_level":0.95,"lower_bound":293.1998428733879,"upper_bound":532.1643764829291},"point_estimate":411.22612792194906,"standard_error":63.44644365425614},"slope":{"confidence_interval":{"confidence_level":0.95,"lower_bound":11158.021069994069,"upper_bound":11433.750354380973},"point_estimate":11287.323776731617,"standard_error":70.7626731697766},"std_dev":{"confidence_interval":{"confidence_level":0.95,"lower_bound":492.5762416465356,"upper_bound":6057.103926581955},"point_estimate":3576.995842084692,"standard_error":1896.3024924073231}}