{"mean":{"confidence_interval":{"confidence_level":0.95,"lower_bound":9501.107599139328,"upper_bound":9534.648838026054},"point_estimate":9516.983171144311,"standard_error":8.581960992563438},"median":{"confidence_interval":{"confidence_level":0.95,"lower_bound":9486.189492325855,"upper_bound":9511.64918771559},"point_estimate":9498.929258542876,"standard_error":6.151285674715975},"median_abs_dev":{"confidence_interval":{"confidence_level":0.95,"lower_bound":40.14078154107968,"upper_bound":71.8751737845673},"point_estimate":56.05734057884168,"standard_error":8.033618042088898},"slope":{"confidence_interval":{"confidence_level":0.95,"lower_bound":9517.562208614554,"upper_bound":9565.199524497066},"point_estimate":9539.817834410307,"standard_error":12.234861820258748},"std_dev":{"confidence_interval":{"confidence_level":0.95,"lower_bound":61.30622620669896,"upper_bound":108.26024275325884},"point_estimate":86.23718632651885,"standard_error":12.016022434622172}}