{"mean":{"confidence_interval":{"confidence_level":0.95,"lower_bound":12278.65513971185,"upper_bound":12295.211646292144},"point_estimate":12285.824357749854,"standard_error":4.268671529130859},"median":{"confidence_interval":{"confidence_level":0.95,"lower_bound":12274.678283802179,"upper_bound":12282.261723602485},"point_estimate":12279.011904761905,"standard_error":2.182370539711005},"median_abs_dev":{"confidence_interval":{"confidence_level":0.95,"lower_bound":11.939121663038092,"upper_bound":23.432950865205168},"point_estimate":17.508051140062037,"standard_error":2.7163842116284855},"slope":{"confidence_interval":{"confidence_level":0.95,"lower_bound":12277.284576424125,"upper_bound":12285.602122833328},"point_estimate":12281.23494458401,"standard_error":2.1220062565337465},"std_dev":{"confidence_interval":{"confidence_level":0.95,"lower_bound":18.51450052485893,"upper_bound":66.12569195453067},"point_estimate":42.95248873346012,"standard_error":13.859013611355854}}