{"mean":{"confidence_interval":{"confidence_level":0.95,"lower_bound":12286.153307264041,"upper_bound":12295.281564674817},"point_estimate":12290.628469165713,"standard_error":2.3300284812309155},"median":{"confidence_interval":{"confidence_level":0.95,"lower_bound":12281.466666666667,"upper_bound":12293.005208333334},"point_estimate":12289.372051886792,"standard_error":2.6104692790025297},"median_abs_dev":{"confidence_interval":{"confidence_level":0.95,"lower_bound":16.003865952390726,"upper_bound":27.1186305281629},"point_estimate":22.14865321867641,"standard_error":2.8048577083632744},"slope":{"confidence_interval":{"confidence_level":0.95,"lower_bound":12289.661794116066,"upper_bound":12299.445626195999},"point_estimate":12294.474693364858,"standard_error":2.4973308814131974},"std_dev":{"confidence_interval":{"confidence_level":0.95,"lower_bound":19.332459234655666,"upper_bound":27.139931428462496},"point_estimate":23.322589840782225,"standard_error":1.9974031763434958}}