{"mean":{"confidence_interval":{"confidence_level":0.95,"lower_bound":9475.66628234958,"upper_bound":9519.829739170487},"point_estimate":9495.64595153272,"standard_error":11.34131083066281},"median":{"confidence_interval":{"confidence_level":0.95,"lower_bound":9468.0,"upper_bound":9483.173252279636},"point_estimate":9474.498389063045,"standard_error":3.7015222851890504},"median_abs_dev":{"confidence_interval":{"confidence_level":0.95,"lower_bound":32.83902436800842,"upper_bound":57.67549765787262},"point_estimate":46.158279180526556,"standard_error":6.315359082729989},"slope":{"confidence_interval":{"confidence_level":0.95,"lower_bound":9481.982964576147,"upper_bound":9538.829890179548},"point_estimate":9506.335329741929,"standard_error":14.659292029903074},"std_dev":{"confidence_interval":{"confidence_level":0.95,"lower_bound":59.43353997086786,"upper_bound":158.13960151589288},"point_estimate":114.16776166285663,"standard_error":25.817491010954225}}