{"mean":{"confidence_interval":{"confidence_level":0.95,"lower_bound":8783.188241360642,"upper_bound":9118.968507328238},"point_estimate":8927.3416142304,"standard_error":86.47931251228283},"median":{"confidence_interval":{"confidence_level":0.95,"lower_bound":8646.947265625,"upper_bound":8847.419642857143},"point_estimate":8735.985294117647,"standard_error":40.400371437438004},"median_abs_dev":{"confidence_interval":{"confidence_level":0.95,"lower_bound":295.1120562501586,"upper_bound":501.42543092174884},"point_estimate":394.41601558492584,"standard_error":49.99299651029128},"slope":{"confidence_interval":{"confidence_level":0.95,"lower_bound":8837.832229395486,"upper_bound":9546.062288346755},"point_estimate":9122.264389685237,"standard_error":188.03837832731514},"std_dev":{"confidence_interval":{"confidence_level":0.95,"lower_bound":399.0879695138492,"upper_bound":1329.7816844047957},"point_estimate":868.2254993369636,"standard_error":271.9201308677767}}