{"mean":{"confidence_interval":{"confidence_level":0.95,"lower_bound":9488.356328435088,"upper_bound":9526.976593321862},"point_estimate":9505.512864999857,"standard_error":9.888440951707176},"median":{"confidence_interval":{"confidence_level":0.95,"lower_bound":9477.448387144528,"upper_bound":9500.214485207573},"point_estimate":9489.621006444537,"standard_error":6.468817297005574},"median_abs_dev":{"confidence_interval":{"confidence_level":0.95,"lower_bound":39.12810289216753,"upper_bound":67.39809200902151},"point_estimate":52.06722002423776,"standard_error":7.324283505807416},"slope":{"confidence_interval":{"confidence_level":0.95,"lower_bound":9507.182289695207,"upper_bound":9579.929752598513},"point_estimate":9537.025240135954,"standard_error":19.151955801408054},"std_dev":{"confidence_interval":{"confidence_level":0.95,"lower_bound":53.386927674432584,"upper_bound":147.38287192547875},"point_estimate":99.20193656036771,"standard_error":27.558838498108997}}