{"mean":{"confidence_interval":{"confidence_level":0.95,"lower_bound":12260.267770063636,"upper_bound":12269.851577895808},"point_estimate":12264.912516601145,"standard_error":2.4323337620306473},"median":{"confidence_interval":{"confidence_level":0.95,"lower_bound":12257.46551724138,"upper_bound":12266.123529411765},"point_estimate":12261.996454831933,"standard_error":2.0655949469193815},"median_abs_dev":{"confidence_interval":{"confidence_level":0.95,"lower_bound":13.597912758588054,"upper_bound":24.147179077018297},"point_estimate":17.846444905645637,"standard_error":2.6003773345751178},"slope":{"confidence_interval":{"confidence_level":0.95,"lower_bound":12260.301799149498,"upper_bound":12271.003857409714},"point_estimate":12265.425525713019,"standard_error":2.734685274434142},"std_dev":{"confidence_interval":{"confidence_level":0.95,"lower_bound":19.090246657432964,"upper_bound":29.28583915274947},"point_estimate":24.46470643859619,"standard_error":2.613722185162383}}