{"mean":{"confidence_interval":{"confidence_level":0.95,"lower_bound":9454.487903355512,"upper_bound":9501.340786981977},"point_estimate":9473.15989075507,"standard_error":12.284876080282606},"median":{"confidence_interval":{"confidence_level":0.95,"lower_bound":9443.1642228739,"upper_bound":9464.57142857143},"point_estimate":9453.834978354978,"standard_error":5.95155108733567},"median_abs_dev":{"confidence_interval":{"confidence_level":0.95,"lower_bound":33.216501013274794,"upper_bound":57.98057076934056},"point_estimate":49.59794712389532,"standard_error":6.456187514602838},"slope":{"confidence_interval":{"confidence_level":0.95,"lower_bound":9458.091385987504,"upper_bound":9511.712467871703},"point_estimate":9478.972982790816,"standard_error":14.21849507251142},"std_dev":{"confidence_interval":{"confidence_level":0.95,"lower_bound":42.51038012608024,"upper_bound":201.41575620889373},"point_estimate":123.69004549976901,"standard_error":52.74774836972573}}