{"mean":{"confidence_interval":{"confidence_level":0.95,"lower_bound":9498.18228666134,"upper_bound":9530.1404112887},"point_estimate":9512.995022275387,"standard_error":8.157582425680257},"median":{"confidence_interval":{"confidence_level":0.95,"lower_bound":9490.725784072843,"upper_bound":9507.318893401367},"point_estimate":9498.37449693164,"standard_error":4.664447694480085},"median_abs_dev":{"confidence_interval":{"confidence_level":0.95,"lower_bound":36.73113010469235,"upper_bound":62.258333244928174},"point_estimate":52.6929389871744,"standard_error":6.385463217218613},"slope":{"confidence_interval":{"confidence_level":0.95,"lower_bound":9497.923645041172,"upper_bound":9516.603406445014},"point_estimate":9506.913570939183,"standard_error":4.745065480780669},"std_dev":{"confidence_interval":{"confidence_level":0.95,"lower_bound":54.046178751811595,"upper_bound":112.40698891084622},"point_estimate":81.88654583599471,"standard_error":15.89912011248692}}