{"mean":{"confidence_interval":{"confidence_level":0.95,"lower_bound":9518.295462790493,"upper_bound":9555.878930876568},"point_estimate":9535.888892348614,"standard_error":9.623281020715},"median":{"confidence_interval":{"confidence_level":0.95,"lower_bound":9497.052447552447,"upper_bound":9524.136968085106},"point_estimate":9510.5652732684,"standard_error":7.289914514296988},"median_abs_dev":{"confidence_interval":{"confidence_level":0.95,"lower_bound":39.02666141696881,"upper_bound":67.38891825815224},"point_estimate":51.41753877003226,"standard_error":7.183767438641598},"slope":{"confidence_interval":{"confidence_level":0.95,"lower_bound":9521.21992260676,"upper_bound":9583.73000652971},"point_estimate":9549.6820296358,"standard_error":16.031312052692115},"std_dev":{"confidence_interval":{"confidence_level":0.95,"lower_bound":61.75750138044923,"upper_bound":126.36221522065712},"point_estimate":96.60777982472446,"standard_error":16.48903109844297}}