{"mean":{"confidence_interval":{"confidence_level":0.95,"lower_bound":12284.837281901335,"upper_bound":12371.914591592365},"point_estimate":12319.86796110766,"standard_error":22.874554618241564},"median":{"confidence_interval":{"confidence_level":0.95,"lower_bound":12267.9375,"upper_bound":12286.927469135802},"point_estimate":12275.739956367162,"standard_error":4.76106303041502},"median_abs_dev":{"confidence_interval":{"confidence_level":0.95,"lower_bound":20.91218291105514,"upper_bound":36.45908568103051},"point_estimate":31.42937362679953,"standard_error":4.051458320991289},"slope":{"confidence_interval":{"confidence_level":0.95,"lower_bound":12278.099260293897,"upper_bound":12364.176174927214},"point_estimate":12311.771638096645,"standard_error":22.58251220589166},"std_dev":{"confidence_interval":{"confidence_level":0.95,"lower_bound":37.7247331664866,"upper_bound":375.78498227923524},"point_estimate":230.34897669173236,"standard_error":94.92731793942819}}