{"mean":{"confidence_interval":{"confidence_level":0.95,"lower_bound":11956.298532466277,"upper_bound":12140.896818495896},"point_estimate":12048.43878760667,"standard_error":46.95980627895653},"median":{"confidence_interval":{"confidence_level":0.95,"lower_bound":11955.367307692308,"upper_bound":12126.178194444445},"point_estimate":12030.208135673623,"standard_error":45.105436090590835},"median_abs_dev":{"confidence_interval":{"confidence_level":0.95,"lower_bound":277.6299871747868,"upper_bound":546.8319392974742},"point_estimate":395.95231423332746,"standard_error":69.03707204220672},"slope":{"confidence_interval":{"confidence_level":0.95,"lower_bound":12059.91958888517,"upper_bound":12215.998990427777},"point_estimate":12135.538818900546,"standard_error":39.92371686674568},"std_dev":{"confidence_interval":{"confidence_level":0.95,"lower_bound":402.9135951557166,"upper_bound":532.925374793559},"point_estimate":471.77169046796934,"standard_error":33.076557847542766}}