{"mean":{"confidence_interval":{"confidence_level":0.95,"lower_bound":9439.476382911202,"upper_bound":9567.763509187578},"point_estimate":9487.056175642128,"standard_error":36.75900866702698},"median":{"confidence_interval":{"confidence_level":0.95,"lower_bound":9445.898568836928,"upper_bound":9465.62803030303},"point_estimate":9453.343333090326,"standard_error":5.625345973341997},"median_abs_dev":{"confidence_interval":{"confidence_level":0.95,"lower_bound":39.18760872576906,"upper_bound":61.96227900712659},"point_estimate":51.48538033173055,"standard_error":5.788518440415067},"slope":{"confidence_interval":{"confidence_level":0.95,"lower_bound":9420.022241441828,"upper_bound":9584.255701196287},"point_estimate":9483.582629606244,"standard_error":43.378643317572894},"std_dev":{"confidence_interval":{"confidence_level":0.95,"lower_bound":57.504144375581234,"upper_bound":630.2852094248279},"point_estimate":371.27538289986757,"standard_error":198.06855553501913}}