{"mean":{"confidence_interval":{"confidence_level":0.95,"lower_bound":9542.204883353601,"upper_bound":9607.329255041928},"point_estimate":9571.940514600232,"standard_error":16.704350144843936},"median":{"confidence_interval":{"confidence_level":0.95,"lower_bound":9518.46590909091,"upper_bound":9540.513954879807},"point_estimate":9526.505935441372,"standard_error":5.392588048223167},"median_abs_dev":{"confidence_interval":{"confidence_level":0.95,"lower_bound":40.13121562471497,"upper_bound":76.47004171363835},"point_estimate":53.97933638968599,"standard_error":9.651649493401491},"slope":{"confidence_interval":{"confidence_level":0.95,"lower_bound":9534.868631702391,"upper_bound":9567.1331189541},"point_estimate":9549.746698550452,"standard_error":8.25506214462301},"std_dev":{"confidence_interval":{"confidence_level":0.95,"lower_bound":95.54868854916738,"upper_bound":225.03759399492967},"point_estimate":167.32190980205044,"standard_error":33.56402395460168}}