{"mean":{"confidence_interval":{"confidence_level":0.95,"lower_bound":8957.812157560216,"upper_bound":9039.913305974287},"point_estimate":8997.390124021966,"standard_error":20.854487413989276},"median":{"confidence_interval":{"confidence_level":0.95,"lower_bound":8886.035714285714,"upper_bound":8986.666666666666},"point_estimate":8917.075,"standard_error":27.874759441847655},"median_abs_dev":{"confidence_interval":{"confidence_level":0.95,"lower_bound":109.01876613426994,"upper_bound":211.31210269823268},"point_estimate":147.11891140339904,"standard_error":27.09894388302442},"slope":{"confidence_interval":{"confidence_level":0.95,"lower_bound":8929.52918957131,"upper_bound":9003.037917733678},"point_estimate":8964.918672725482,"standard_error":18.804929312737777},"std_dev":{"confidence_interval":{"confidence_level":0.95,"lower_bound":168.45684526064107,"upper_bound":246.599442088435},"point_estimate":209.8674113806153,"standard_error":20.029426544438767}}