{"mean":{"confidence_interval":{"confidence_level":0.95,"lower_bound":2347774.162712501,"upper_bound":2384804.3240500013},"point_estimate":2365862.8310000002,"standard_error":9472.487771433098},"median":{"confidence_interval":{"confidence_level":0.95,"lower_bound":2330333.4,"upper_bound":2360841.025},"point_estimate":2343983.575,"standard_error":9217.063664976386},"median_abs_dev":{"confidence_interval":{"confidence_level":0.95,"lower_bound":54871.4327408372,"upper_bound":107163.27588809603},"point_estimate":73986.03822648546,"standard_error":13718.463314167358},"slope":null,"std_dev":{"confidence_interval":{"confidence_level":0.95,"lower_bound":78126.47490278237,"upper_bound":110973.70914813607},"point_estimate":95080.55272953624,"standard_error":8416.271358573791}}