{"mean":{"confidence_interval":{"confidence_level":0.95,"lower_bound":2003083.0760520832,"upper_bound":2007174.539395833},"point_estimate":2005087.539583333,"standard_error":1045.3234746585842},"median":{"confidence_interval":{"confidence_level":0.95,"lower_bound":2001615.9166666665,"upper_bound":2005480.5416666667},"point_estimate":2003520.125,"standard_error":1006.1329159735998},"median_abs_dev":{"confidence_interval":{"confidence_level":0.95,"lower_bound":6597.786095365766,"upper_bound":12599.4249188157},"point_estimate":8960.741578415036,"standard_error":1543.8369866232458},"slope":null,"std_dev":{"confidence_interval":{"confidence_level":0.95,"lower_bound":8810.623759006217,"upper_bound":12148.930420524675},"point_estimate":10507.433853083321,"standard_error":855.9709012695092}}