{"mean":{"confidence_interval":{"confidence_level":0.95,"lower_bound":1686951.3792190673,"upper_bound":1695740.8511970437},"point_estimate":1690838.4809290087,"standard_error":2260.864590223255},"median":{"confidence_interval":{"confidence_level":0.95,"lower_bound":1683887.6918762089,"upper_bound":1686044.5411764707},"point_estimate":1684597.866161616,"standard_error":483.67657676373983},"median_abs_dev":{"confidence_interval":{"confidence_level":0.95,"lower_bound":3317.4934580497898,"upper_bound":5704.006878733704},"point_estimate":4391.7973277874125,"standard_error":607.0211829323404},"slope":{"confidence_interval":{"confidence_level":0.95,"lower_bound":1685256.7508863283,"upper_bound":1690080.2083913996},"point_estimate":1687413.3145647997,"standard_error":1237.4821235630056},"std_dev":{"confidence_interval":{"confidence_level":0.95,"lower_bound":9181.420207983309,"upper_bound":32773.320981778175},"point_estimate":22647.950952453262,"standard_error":5998.677563962496}}