{"mean":{"confidence_interval":{"confidence_level":0.95,"lower_bound":1676857.4368598515,"upper_bound":1681108.5684397663},"point_estimate":1678656.9188623687,"standard_error":1101.8382188370551},"median":{"confidence_interval":{"confidence_level":0.95,"lower_bound":1675488.0,"upper_bound":1677625.4457831325},"point_estimate":1676451.9070833335,"standard_error":499.378107555992},"median_abs_dev":{"confidence_interval":{"confidence_level":0.95,"lower_bound":3030.5963259929313,"upper_bound":4875.012874548747},"point_estimate":3763.6433921563525,"standard_error":468.03971568725257},"slope":{"confidence_interval":{"confidence_level":0.95,"lower_bound":1676017.5541107615,"upper_bound":1679211.0708285382},"point_estimate":1677454.9399527116,"standard_error":822.1230701910204},"std_dev":{"confidence_interval":{"confidence_level":0.95,"lower_bound":4600.018661689148,"upper_bound":17397.933391141753},"point_estimate":11114.845906846305,"standard_error":3915.7677483439434}}