{"mean":{"confidence_interval":{"confidence_level":0.95,"lower_bound":1677352.35522679,"upper_bound":1682888.4327646194},"point_estimate":1679859.601026154,"standard_error":1416.439142231808},"median":{"confidence_interval":{"confidence_level":0.95,"lower_bound":1674838.956521739,"upper_bound":1676941.2233695653},"point_estimate":1675966.7727272727,"standard_error":481.6946197754799},"median_abs_dev":{"confidence_interval":{"confidence_level":0.95,"lower_bound":3112.417956791711,"upper_bound":5635.567187262182},"point_estimate":4485.231016931428,"standard_error":631.681821968832},"slope":{"confidence_interval":{"confidence_level":0.95,"lower_bound":1675988.4324985156,"upper_bound":1680146.999702567},"point_estimate":1677865.227914881,"standard_error":1065.011037198906},"std_dev":{"confidence_interval":{"confidence_level":0.95,"lower_bound":7959.981021205949,"upper_bound":20139.134441388393},"point_estimate":14265.898892662366,"standard_error":3189.7276469557496}}