{"mean":{"confidence_interval":{"confidence_level":0.95,"lower_bound":1674754.4943674572,"upper_bound":1682885.4506361187},"point_estimate":1678260.8559812072,"standard_error":2102.381031519615},"median":{"confidence_interval":{"confidence_level":0.95,"lower_bound":1672726.9333333333,"upper_bound":1674626.8636363638},"point_estimate":1673436.9013888887,"standard_error":534.4979034547753},"median_abs_dev":{"confidence_interval":{"confidence_level":0.95,"lower_bound":2873.6709892791414,"upper_bound":5353.109033265152},"point_estimate":3718.0694962010157,"standard_error":639.2883590239791},"slope":{"confidence_interval":{"confidence_level":0.95,"lower_bound":1675194.8158674485,"upper_bound":1682976.4825513505},"point_estimate":1678621.9715531254,"standard_error":2001.489384229727},"std_dev":{"confidence_interval":{"confidence_level":0.95,"lower_bound":8054.748285195438,"upper_bound":32441.040565773037},"point_estimate":21165.045068521526,"standard_error":6576.86553480203}}