{"mean":{"confidence_interval":{"confidence_level":0.95,"lower_bound":1665128.695923996,"upper_bound":1671866.4803968782},"point_estimate":1668038.1312494413,"standard_error":1740.8955271155537},"median":{"confidence_interval":{"confidence_level":0.95,"lower_bound":1663488.3647186146,"upper_bound":1665344.1},"point_estimate":1664155.4126984128,"standard_error":486.2635427561883},"median_abs_dev":{"confidence_interval":{"confidence_level":0.95,"lower_bound":3419.164934228664,"upper_bound":5492.39011367482},"point_estimate":4523.813174686199,"standard_error":512.0724981694628},"slope":{"confidence_interval":{"confidence_level":0.95,"lower_bound":1664271.2405787294,"upper_bound":1675476.563577999},"point_estimate":1668995.7474863308,"standard_error":2905.327435212991},"std_dev":{"confidence_interval":{"confidence_level":0.95,"lower_bound":6524.009808428584,"upper_bound":26557.357408996988},"point_estimate":17462.410238443023,"standard_error":5255.261035143375}}