{"mean":{"confidence_interval":{"confidence_level":0.95,"lower_bound":1663150.0437461326,"upper_bound":1668968.565866779},"point_estimate":1665723.9394834817,"standard_error":1495.6546100382736},"median":{"confidence_interval":{"confidence_level":0.95,"lower_bound":1661433.6770833333,"upper_bound":1663312.9102564103},"point_estimate":1662185.8936170214,"standard_error":468.46001543969714},"median_abs_dev":{"confidence_interval":{"confidence_level":0.95,"lower_bound":3059.00757193114,"upper_bound":5352.870181890581},"point_estimate":4271.464383856323,"standard_error":578.5847644480561},"slope":{"confidence_interval":{"confidence_level":0.95,"lower_bound":1662639.858923868,"upper_bound":1668280.8022700087},"point_estimate":1665051.1757174523,"standard_error":1453.6377740791424},"std_dev":{"confidence_interval":{"confidence_level":0.95,"lower_bound":6609.131130478205,"upper_bound":21640.81584716192},"point_estimate":15006.531895603017,"standard_error":3842.5375369970156}}