{"mean":{"confidence_interval":{"confidence_level":0.95,"lower_bound":2043622.7408750006,"upper_bound":2047381.8485416675},"point_estimate":2045480.3266666671,"standard_error":957.1642682247486},"median":{"confidence_interval":{"confidence_level":0.95,"lower_bound":2042193.2916666665,"upper_bound":2046222.4583333333},"point_estimate":2044316.0625,"standard_error":1172.1957302976168},"median_abs_dev":{"confidence_interval":{"confidence_level":0.95,"lower_bound":6943.664314225316,"upper_bound":11206.233445424248},"point_estimate":8812.605131045042,"standard_error":1073.3561033313201},"slope":null,"std_dev":{"confidence_interval":{"confidence_level":0.95,"lower_bound":8027.41794048703,"upper_bound":11194.801468648115},"point_estimate":9657.551616229832,"standard_error":807.8215593838036}}