{"mean":{"confidence_interval":{"confidence_level":0.95,"lower_bound":1670895.62964628,"upper_bound":1676575.4810916448},"point_estimate":1673319.0626910895,"standard_error":1473.6000230750521},"median":{"confidence_interval":{"confidence_level":0.95,"lower_bound":1669035.3389830508,"upper_bound":1671364.357142857},"point_estimate":1669958.15947288,"standard_error":511.22620098485345},"median_abs_dev":{"confidence_interval":{"confidence_level":0.95,"lower_bound":3894.3793424720875,"upper_bound":6489.544878932363},"point_estimate":5160.501285731753,"standard_error":645.0405968958415},"slope":{"confidence_interval":{"confidence_level":0.95,"lower_bound":1668613.8361689374,"upper_bound":1670842.2062261084},"point_estimate":1669680.9446667652,"standard_error":567.2449782115184},"std_dev":{"confidence_interval":{"confidence_level":0.95,"lower_bound":5743.515722785753,"upper_bound":23112.108912703367},"point_estimate":14833.836102384226,"standard_error":4995.9116191311705}}