{"mean":{"confidence_interval":{"confidence_level":0.95,"lower_bound":2301067.5466309506,"upper_bound":2323905.49902381},"point_estimate":2312607.995238096,"standard_error":5814.51897282666},"median":{"confidence_interval":{"confidence_level":0.95,"lower_bound":2305271.0,"upper_bound":2333733.904761905},"point_estimate":2317826.071428572,"standard_error":7327.967091925844},"median_abs_dev":{"confidence_interval":{"confidence_level":0.95,"lower_bound":42717.80004160743,"upper_bound":70997.61793954068},"point_estimate":57042.78688728798,"standard_error":7216.951724460173},"slope":null,"std_dev":{"confidence_interval":{"confidence_level":0.95,"lower_bound":49802.730420497974,"upper_bound":66353.35426120735},"point_estimate":58504.71545978551,"standard_error":4241.8948868642265}}