{"mean":{"confidence_interval":{"confidence_level":0.95,"lower_bound":2581796.080407894,"upper_bound":2620805.209381578},"point_estimate":2600452.567894737,"standard_error":9973.282472404615},"median":{"confidence_interval":{"confidence_level":0.95,"lower_bound":2556851.1052631577,"upper_bound":2606763.8157894737},"point_estimate":2583348.1052631577,"standard_error":12445.572359106913},"median_abs_dev":{"confidence_interval":{"confidence_level":0.95,"lower_bound":61659.85030531883,"upper_bound":99754.55434479172},"point_estimate":79798.32952540192,"standard_error":9404.699686031301},"slope":null,"std_dev":{"confidence_interval":{"confidence_level":0.95,"lower_bound":75042.39938568526,"upper_bound":126736.23862705601},"point_estimate":100222.59593159777,"standard_error":13494.992151977833}}