{"mean":{"confidence_interval":{"confidence_level":0.95,"lower_bound":2044713.1271625005,"upper_bound":2049527.6269249995},"point_estimate":2047086.9015000002,"standard_error":1227.8692823073432},"median":{"confidence_interval":{"confidence_level":0.95,"lower_bound":2042413.2,"upper_bound":2049531.75},"point_estimate":2045327.525,"standard_error":1716.438288079368},"median_abs_dev":{"confidence_interval":{"confidence_level":0.95,"lower_bound":9708.88005763282,"upper_bound":14821.144221872057},"point_estimate":11322.39360898747,"standard_error":1324.1988023297954},"slope":null,"std_dev":{"confidence_interval":{"confidence_level":0.95,"lower_bound":10605.5939265548,"upper_bound":13937.628794860815},"point_estimate":12361.143627068368,"standard_error":853.1976500173183}}