{"mean":{"confidence_interval":{"confidence_level":0.95,"lower_bound":2036985.2823229164,"upper_bound":2040837.6567083322},"point_estimate":2038837.5441666672,"standard_error":982.7416450276453},"median":{"confidence_interval":{"confidence_level":0.95,"lower_bound":2035534.8333333335,"upper_bound":2039851.6666666667},"point_estimate":2037262.3958333335,"standard_error":931.6714757976443},"median_abs_dev":{"confidence_interval":{"confidence_level":0.95,"lower_bound":6903.115204945216,"upper_bound":11255.621012672782},"point_estimate":9028.570527210832,"standard_error":1143.6493345345916},"slope":null,"std_dev":{"confidence_interval":{"confidence_level":0.95,"lower_bound":7442.610760340606,"upper_bound":12626.982840542114},"point_estimate":9828.095878697139,"standard_error":1408.1865150180706}}