{"mean":{"confidence_interval":{"confidence_level":0.95,"lower_bound":2386847.090175,"upper_bound":2396931.041149999},"point_estimate":2391428.245000001,"standard_error":2590.891383172604},"median":{"confidence_interval":{"confidence_level":0.95,"lower_bound":2382647.3,"upper_bound":2389812.45},"point_estimate":2385710.0,"standard_error":1975.2404477452797},"median_abs_dev":{"confidence_interval":{"confidence_level":0.95,"lower_bound":10571.530852317672,"upper_bound":17069.395886957507},"point_estimate":13867.16526880881,"standard_error":1740.3120239722},"slope":null,"std_dev":{"confidence_interval":{"confidence_level":0.95,"lower_bound":13881.686027632228,"upper_bound":36724.04693143285},"point_estimate":26065.237975254342,"standard_error":5989.88628281383}}