{"mean":{"confidence_interval":{"confidence_level":0.95,"lower_bound":2152424.3580434783,"upper_bound":2157629.7007934777},"point_estimate":2154979.570434782,"standard_error":1328.608569295376},"median":{"confidence_interval":{"confidence_level":0.95,"lower_bound":2149860.1086956523,"upper_bound":2155118.7826086953},"point_estimate":2151612.2608695654,"standard_error":1436.3914861773517},"median_abs_dev":{"confidence_interval":{"confidence_level":0.95,"lower_bound":9147.190611517828,"upper_bound":15860.757827111183},"point_estimate":12763.380869057077,"standard_error":1700.3499705118481},"slope":null,"std_dev":{"confidence_interval":{"confidence_level":0.95,"lower_bound":11248.074412516762,"upper_bound":15268.401033969238},"point_estimate":13384.505273509221,"standard_error":1025.4209653475639}}