{"mean":{"confidence_interval":{"confidence_level":0.95,"lower_bound":2584730.05069737,"upper_bound":2623363.725381579},"point_estimate":2603165.2473684214,"standard_error":9863.910678622115},"median":{"confidence_interval":{"confidence_level":0.95,"lower_bound":2567390.0,"upper_bound":2593274.5263157897},"point_estimate":2578303.2105263155,"standard_error":6887.84650072981},"median_abs_dev":{"confidence_interval":{"confidence_level":0.95,"lower_bound":34619.177574860456,"upper_bound":67771.7682311525},"point_estimate":50299.70111752808,"standard_error":8628.551248275573},"slope":null,"std_dev":{"confidence_interval":{"confidence_level":0.95,"lower_bound":71345.76048469235,"upper_bound":123600.28569177605},"point_estimate":99646.84725655196,"standard_error":13296.481301960579}}