{"mean":{"confidence_interval":{"confidence_level":0.95,"lower_bound":2037957.9625625,"upper_bound":2041733.2002916664},"point_estimate":2039849.2912500002,"standard_error":966.1741945863986},"median":{"confidence_interval":{"confidence_level":0.95,"lower_bound":2037346.2916666667,"upper_bound":2041675.5},"point_estimate":2038623.375,"standard_error":915.2919270060046},"median_abs_dev":{"confidence_interval":{"confidence_level":0.95,"lower_bound":8071.027156710509,"upper_bound":13158.599853887923},"point_estimate":11360.762060806097,"standard_error":1270.4514196158439},"slope":null,"std_dev":{"confidence_interval":{"confidence_level":0.95,"lower_bound":8537.482986480343,"upper_bound":10751.225180138803},"point_estimate":9718.324473924227,"standard_error":565.6340762238424}}