{"mean":{"confidence_interval":{"confidence_level":0.95,"lower_bound":1668630.4751351606,"upper_bound":1671602.0455967044},"point_estimate":1669978.8384402362,"standard_error":760.8340289259825},"median":{"confidence_interval":{"confidence_level":0.95,"lower_bound":1667420.4137931035,"upper_bound":1668634.3125},"point_estimate":1668171.6393557424,"standard_error":294.7198097946538},"median_abs_dev":{"confidence_interval":{"confidence_level":0.95,"lower_bound":2551.647775888036,"upper_bound":4251.1559700326015},"point_estimate":3461.349975150103,"standard_error":428.72563057801887},"slope":{"confidence_interval":{"confidence_level":0.95,"lower_bound":1667831.653063504,"upper_bound":1671127.3494787312},"point_estimate":1669291.4978868037,"standard_error":848.3136746149174},"std_dev":{"confidence_interval":{"confidence_level":0.95,"lower_bound":4421.353979804216,"upper_bound":10836.177517602242},"point_estimate":7664.122938631669,"standard_error":1705.4033080966778}}