{"mean":{"confidence_interval":{"confidence_level":0.95,"lower_bound":1687329.093556755,"upper_bound":1693541.5541505062},"point_estimate":1690212.7366117614,"standard_error":1586.9287227977356},"median":{"confidence_interval":{"confidence_level":0.95,"lower_bound":1684425.4210526317,"upper_bound":1686618.0945945946},"point_estimate":1685453.1203703703,"standard_error":532.2890885842872},"median_abs_dev":{"confidence_interval":{"confidence_level":0.95,"lower_bound":3392.4907508821943,"upper_bound":6512.262892367478},"point_estimate":5043.115779911309,"standard_error":824.4094104718904},"slope":{"confidence_interval":{"confidence_level":0.95,"lower_bound":1686163.455086279,"upper_bound":1690030.2840457459},"point_estimate":1687950.8661474804,"standard_error":991.2704986729347},"std_dev":{"confidence_interval":{"confidence_level":0.95,"lower_bound":10074.32632549821,"upper_bound":20603.075123661918},"point_estimate":15954.892004898884,"standard_error":2685.2852321477744}}