{"mean":{"confidence_interval":{"confidence_level":0.95,"lower_bound":2132522.9307934786,"upper_bound":2164558.4577717395},"point_estimate":2147451.40173913,"standard_error":8195.299441714336},"median":{"confidence_interval":{"confidence_level":0.95,"lower_bound":2117596.1739130435,"upper_bound":2139461.695652174},"point_estimate":2123755.0,"standard_error":5688.466686299539},"median_abs_dev":{"confidence_interval":{"confidence_level":0.95,"lower_bound":39057.359891919354,"upper_bound":67427.06751162549},"point_estimate":53909.17217770353,"standard_error":7016.314490405924},"slope":null,"std_dev":{"confidence_interval":{"confidence_level":0.95,"lower_bound":54127.86549155119,"upper_bound":111506.65576454371},"point_estimate":81744.06008571055,"standard_error":15379.044347754701}}