{"mean":{"confidence_interval":{"confidence_level":0.95,"lower_bound":2657265.0974027775,"upper_bound":2691083.4828333333},"point_estimate":2673824.0577777782,"standard_error":8631.965415088824},"median":{"confidence_interval":{"confidence_level":0.95,"lower_bound":2644083.1944444445,"upper_bound":2676293.527777778},"point_estimate":2662850.9166666665,"standard_error":8112.863438093476},"median_abs_dev":{"confidence_interval":{"confidence_level":0.95,"lower_bound":59440.439328054206,"upper_bound":94941.17317737373},"point_estimate":81292.52152343583,"standard_error":8920.469656908974},"slope":null,"std_dev":{"confidence_interval":{"confidence_level":0.95,"lower_bound":71378.35320121852,"upper_bound":99244.42650358273},"point_estimate":86157.01860448712,"standard_error":7127.704458107566}}