{"mean":{"confidence_interval":{"confidence_level":0.95,"lower_bound":2023858.9138541669,"upper_bound":2027754.0954374992},"point_estimate":2025769.610416666,"standard_error":994.6179934519137},"median":{"confidence_interval":{"confidence_level":0.95,"lower_bound":2022324.7916666665,"upper_bound":2028016.7083333333},"point_estimate":2025518.8125,"standard_error":1430.9901693879249},"median_abs_dev":{"confidence_interval":{"confidence_level":0.95,"lower_bound":8073.837919160839,"upper_bound":12948.194207623601},"point_estimate":10276.456392556429,"standard_error":1227.89622480048},"slope":null,"std_dev":{"confidence_interval":{"confidence_level":0.95,"lower_bound":8394.808023666923,"upper_bound":11506.035049881},"point_estimate":10009.665207830856,"standard_error":796.24708407665}}