{"mean":{"confidence_interval":{"confidence_level":0.95,"lower_bound":1669899.67758066,"upper_bound":1680623.7410977427},"point_estimate":1673890.1401767307,"standard_error":2985.560056966726},"median":{"confidence_interval":{"confidence_level":0.95,"lower_bound":1668270.798917749,"upper_bound":1670738.3833333333},"point_estimate":1669311.523780488,"standard_error":714.1404040382037},"median_abs_dev":{"confidence_interval":{"confidence_level":0.95,"lower_bound":3563.5497627346053,"upper_bound":6838.698177588791},"point_estimate":5409.718285208269,"standard_error":838.9039742550303},"slope":{"confidence_interval":{"confidence_level":0.95,"lower_bound":1667614.5481500821,"upper_bound":1685240.4289133174},"point_estimate":1673594.249286242,"standard_error":4896.321714691211},"std_dev":{"confidence_interval":{"confidence_level":0.95,"lower_bound":5984.074493608383,"upper_bound":50647.826493062734},"point_estimate":30074.470000886467,"standard_error":15379.545768971957}}