{"mean":{"confidence_interval":{"confidence_level":0.95,"lower_bound":2175745.1421847832,"upper_bound":2184292.9602717403},"point_estimate":2179708.2843478275,"standard_error":2188.980095844747},"median":{"confidence_interval":{"confidence_level":0.95,"lower_bound":2171836.7608695654,"upper_bound":2179954.217391304},"point_estimate":2175160.7391304346,"standard_error":2216.188010752508},"median_abs_dev":{"confidence_interval":{"confidence_level":0.95,"lower_bound":11306.37186014116,"upper_bound":17610.612561262053},"point_estimate":14387.698061958454,"standard_error":1634.7973752449557},"slope":null,"std_dev":{"confidence_interval":{"confidence_level":0.95,"lower_bound":12813.287092499293,"upper_bound":29681.632476082636},"point_estimate":21977.540417377906,"standard_error":4277.8861217493995}}