{"mean":{"confidence_interval":{"confidence_level":0.95,"lower_bound":1667485.3850933106,"upper_bound":1673949.5073408997},"point_estimate":1670133.3580694846,"standard_error":1688.6296745666632},"median":{"confidence_interval":{"confidence_level":0.95,"lower_bound":1666535.326923077,"upper_bound":1668047.6666666667},"point_estimate":1667206.1642036126,"standard_error":327.404726380717},"median_abs_dev":{"confidence_interval":{"confidence_level":0.95,"lower_bound":2557.09632107328,"upper_bound":3939.2405809407787},"point_estimate":3265.4544316146266,"standard_error":353.35362416997174},"slope":{"confidence_interval":{"confidence_level":0.95,"lower_bound":1667257.9590607055,"upper_bound":1670602.4200731271},"point_estimate":1668799.039482784,"standard_error":854.5240435579229},"std_dev":{"confidence_interval":{"confidence_level":0.95,"lower_bound":4820.476554378196,"upper_bound":27357.230955549814},"point_estimate":17021.090231945054,"standard_error":6599.732754602357}}