{"mean":{"confidence_interval":{"confidence_level":0.95,"lower_bound":1673375.651058214,"upper_bound":1676303.5584406524},"point_estimate":1674732.143144844,"standard_error":752.9686508436627},"median":{"confidence_interval":{"confidence_level":0.95,"lower_bound":1672275.9140205178,"upper_bound":1674204.9746835444},"point_estimate":1672962.2583502368,"standard_error":546.9144030758274},"median_abs_dev":{"confidence_interval":{"confidence_level":0.95,"lower_bound":2839.063975241621,"upper_bound":4688.730609729303},"point_estimate":3700.2047676415614,"standard_error":463.41783266448175},"slope":{"confidence_interval":{"confidence_level":0.95,"lower_bound":1672660.4541891834,"upper_bound":1675380.3035036472},"point_estimate":1673899.9917275012,"standard_error":691.0961294946719},"std_dev":{"confidence_interval":{"confidence_level":0.95,"lower_bound":4631.641271557594,"upper_bound":10021.004058429731},"point_estimate":7565.129044375588,"standard_error":1371.7900989062182}}