{"mean":{"confidence_interval":{"confidence_level":0.95,"lower_bound":1912649.9082000002,"upper_bound":1936855.7571900007},"point_estimate":1924341.451199999,"standard_error":6170.291609089429},"median":{"confidence_interval":{"confidence_level":0.95,"lower_bound":1894875.28,"upper_bound":1929914.16},"point_estimate":1908425.38,"standard_error":8477.124362872466},"median_abs_dev":{"confidence_interval":{"confidence_level":0.95,"lower_bound":41167.620337128545,"upper_bound":70093.91677558397},"point_estimate":52634.99739754227,"standard_error":6747.019712424065},"slope":null,"std_dev":{"confidence_interval":{"confidence_level":0.95,"lower_bound":50899.7598579762,"upper_bound":71684.32967147738},"point_estimate":61896.442043493196,"standard_error":5306.7038594701735}}