{"mean":{"confidence_interval":{"confidence_level":0.95,"lower_bound":4085470.3313076915,"upper_bound":4086914.331711537},"point_estimate":4086126.0253846156,"standard_error":370.48705150520254},"median":{"confidence_interval":{"confidence_level":0.95,"lower_bound":4085001.5,"upper_bound":4086501.6923076925},"point_estimate":4085747.576923077,"standard_error":437.11842764804584},"median_abs_dev":{"confidence_interval":{"confidence_level":0.95,"lower_bound":1790.4675605207512,"upper_bound":2908.062825294588},"point_estimate":2246.5951447304274,"standard_error":281.26304163366336},"slope":null,"std_dev":{"confidence_interval":{"confidence_level":0.95,"lower_bound":2216.4811796544013,"upper_bound":5404.054454630626},"point_estimate":3735.183598387627,"standard_error":930.007208566184}}