{"mean":{"confidence_interval":{"confidence_level":0.95,"lower_bound":6878656.743142859,"upper_bound":6959858.189142859},"point_estimate":6916472.595714287,"standard_error":20763.98577667415},"median":{"confidence_interval":{"confidence_level":0.95,"lower_bound":6824896.571428572,"upper_bound":6829173.857142857},"point_estimate":6826351.357142857,"standard_error":1299.1047336586132},"median_abs_dev":{"confidence_interval":{"confidence_level":0.95,"lower_bound":5397.299304179554,"upper_bound":11909.725588560104},"point_estimate":8081.228856529903,"standard_error":1748.8760758348626},"slope":null,"std_dev":{"confidence_interval":{"confidence_level":0.95,"lower_bound":131283.14666478432,"upper_bound":270336.211233518},"point_estimate":207959.36098879884,"standard_error":35551.72809409854}}