{"mean":{"confidence_interval":{"confidence_level":0.95,"lower_bound":19523262.27883333,"upper_bound":19549909.525083333},"point_estimate":19532678.930000003,"standard_error":7972.47289225562},"median":{"confidence_interval":{"confidence_level":0.95,"lower_bound":19521379.5,"upper_bound":19523813.166666664},"point_estimate":19522829.333333336,"standard_error":605.1917427433999},"median_abs_dev":{"confidence_interval":{"confidence_level":0.95,"lower_bound":4422.8428214806845,"upper_bound":7437.462767958641},"point_estimate":5954.862794280052,"standard_error":757.4718114643771},"slope":null,"std_dev":{"confidence_interval":{"confidence_level":0.95,"lower_bound":6450.036584697819,"upper_bound":136067.07689140746},"point_estimate":79763.67281165485,"standard_error":45353.19793078683}}