{"mean":{"confidence_interval":{"confidence_level":0.95,"lower_bound":6830605.653464287,"upper_bound":6857657.938678568},"point_estimate":6842854.41,"standard_error":6928.905457967517},"median":{"confidence_interval":{"confidence_level":0.95,"lower_bound":6822500.785714285,"upper_bound":6824709.285714285},"point_estimate":6823339.357142857,"standard_error":630.1089715822368},"median_abs_dev":{"confidence_interval":{"confidence_level":0.95,"lower_bound":4438.692521197652,"upper_bound":7307.523470265722},"point_estimate":5618.312600255703,"standard_error":743.3193690020266},"slope":null,"std_dev":{"confidence_interval":{"confidence_level":0.95,"lower_bound":37853.94964738479,"upper_bound":93775.36476147857},"point_estimate":69300.37027324847,"standard_error":14285.836370862902}}