{"mean":{"confidence_interval":{"confidence_level":0.95,"lower_bound":6864940.025178572,"upper_bound":6926935.420642856},"point_estimate":6893896.402857141,"standard_error":15847.657490861733},"median":{"confidence_interval":{"confidence_level":0.95,"lower_bound":6825392.857142857,"upper_bound":6829058.5},"point_estimate":6827538.428571429,"standard_error":897.9768873647591},"median_abs_dev":{"confidence_interval":{"confidence_level":0.95,"lower_bound":6058.327092442799,"upper_bound":12324.535881196045},"point_estimate":9470.319131868719,"standard_error":1607.8242064040503},"slope":null,"std_dev":{"confidence_interval":{"confidence_level":0.95,"lower_bound":106708.57454203504,"upper_bound":203111.26235757524},"point_estimate":159177.69710389868,"standard_error":24648.700164982016}}