{"mean":{"confidence_interval":{"confidence_level":0.95,"lower_bound":6877805.616928573,"upper_bound":6945937.700571434},"point_estimate":6909321.8842857145,"standard_error":17432.737906497146},"median":{"confidence_interval":{"confidence_level":0.95,"lower_bound":6828916.5,"upper_bound":6836255.142857143},"point_estimate":6830274.071428571,"standard_error":1980.5516814567875},"median_abs_dev":{"confidence_interval":{"confidence_level":0.95,"lower_bound":5858.3878959929225,"upper_bound":17552.077488388037},"point_estimate":8510.229748913122,"standard_error":2883.912514019592},"slope":null,"std_dev":{"confidence_interval":{"confidence_level":0.95,"lower_bound":107254.38972286596,"upper_bound":236605.84468602156},"point_estimate":175610.575227093,"standard_error":33381.38468936746}}