{"mean":{"confidence_interval":{"confidence_level":0.95,"lower_bound":6865478.977035713,"upper_bound":6920372.669000003},"point_estimate":6891310.361428573,"standard_error":14012.657419052515},"median":{"confidence_interval":{"confidence_level":0.95,"lower_bound":6823827.142857143,"upper_bound":6827536.857142857},"point_estimate":6824904.071428572,"standard_error":998.6490102651782},"median_abs_dev":{"confidence_interval":{"confidence_level":0.95,"lower_bound":4475.016220552778,"upper_bound":10477.74581398263},"point_estimate":7188.809572373413,"standard_error":1577.128195381831},"slope":null,"std_dev":{"confidence_interval":{"confidence_level":0.95,"lower_bound":98334.96875865408,"upper_bound":179041.0358382626},"point_estimate":141079.4020182253,"standard_error":20635.502326238955}}