{"mean":{"confidence_interval":{"confidence_level":0.95,"lower_bound":23787898.96666667,"upper_bound":24117635.44400001},"point_estimate":23944567.38666666,"standard_error":84131.91908741179},"median":{"confidence_interval":{"confidence_level":0.95,"lower_bound":23638064.0,"upper_bound":23867438.333333332},"point_estimate":23745954.666666668,"standard_error":54512.73285092303},"median_abs_dev":{"confidence_interval":{"confidence_level":0.95,"lower_bound":349104.1093021631,"upper_bound":639834.3905256686},"point_estimate":525905.3916633138,"standard_error":74532.2494923526},"slope":null,"std_dev":{"confidence_interval":{"confidence_level":0.95,"lower_bound":594226.3138767992,"upper_bound":1062659.5806502677},"point_estimate":845909.5282001259,"standard_error":119817.64618613158}}