{"mean":{"confidence_interval":{"confidence_level":0.95,"lower_bound":6856898.295035715,"upper_bound":6905992.96107143},"point_estimate":6879493.884285714,"standard_error":12589.55210387596},"median":{"confidence_interval":{"confidence_level":0.95,"lower_bound":6826117.142857143,"upper_bound":6828905.714285715},"point_estimate":6827007.714285715,"standard_error":940.7686722272211},"median_abs_dev":{"confidence_interval":{"confidence_level":0.95,"lower_bound":4513.4579198704,"upper_bound":10881.860206808757},"point_estimate":6732.2746804791195,"standard_error":1862.1214373908024},"slope":null,"std_dev":{"confidence_interval":{"confidence_level":0.95,"lower_bound":75359.85943027813,"upper_bound":172667.59856187698},"point_estimate":126267.1890607481,"standard_error":25182.069553835947}}