{"mean":{"confidence_interval":{"confidence_level":0.95,"lower_bound":22567032.95958332,"upper_bound":22576310.63466667},"point_estimate":22571591.633333337,"standard_error":2374.067056528429},"median":{"confidence_interval":{"confidence_level":0.95,"lower_bound":22570526.666666668,"upper_bound":22575910.333333332},"point_estimate":22573560.333333336,"standard_error":1447.8085841788443},"median_abs_dev":{"confidence_interval":{"confidence_level":0.95,"lower_bound":10575.632712244067,"upper_bound":20558.472535014153},"point_estimate":15196.649730205536,"standard_error":2671.706743819273},"slope":null,"std_dev":{"confidence_interval":{"confidence_level":0.95,"lower_bound":17523.40211601374,"upper_bound":30389.254799961433},"point_estimate":23857.234805871638,"standard_error":3331.0873412820124}}