{"mean":{"confidence_interval":{"confidence_level":0.95,"lower_bound":6877419.975,"upper_bound":6992075.001250001},"point_estimate":6928670.92,"standard_error":29481.322346687222},"median":{"confidence_interval":{"confidence_level":0.95,"lower_bound":6826848.125,"upper_bound":6829986.25},"point_estimate":6828716.625,"standard_error":835.89370501334},"median_abs_dev":{"confidence_interval":{"confidence_level":0.95,"lower_bound":5031.008419431747,"upper_bound":10694.549585133791},"point_estimate":7899.477984756231,"standard_error":1457.5800745773086},"slope":null,"std_dev":{"confidence_interval":{"confidence_level":0.95,"lower_bound":154336.61065147855,"upper_bound":426200.30347280565},"point_estimate":295776.85636780236,"standard_error":71940.3441921693}}