{"mean":{"confidence_interval":{"confidence_level":0.95,"lower_bound":17045264.446,"upper_bound":17049868.194666665},"point_estimate":17047453.77333333,"standard_error":1168.9907373889148},"median":{"confidence_interval":{"confidence_level":0.95,"lower_bound":17043241.0,"upper_bound":17047791.333333332},"point_estimate":17045241.0,"standard_error":1228.3951964466687},"median_abs_dev":{"confidence_interval":{"confidence_level":0.95,"lower_bound":6819.706601424257,"upper_bound":11020.659804345098},"point_estimate":8772.296944258756,"standard_error":1100.5264885292117},"slope":null,"std_dev":{"confidence_interval":{"confidence_level":0.95,"lower_bound":8278.064385089432,"upper_bound":15062.728012173626},"point_estimate":11735.275954972123,"standard_error":1751.9900200409102}}