{"mean":{"confidence_interval":{"confidence_level":0.95,"lower_bound":22522564.205,"upper_bound":22764419.255583335},"point_estimate":22634876.660000004,"standard_error":61792.87729038434},"median":{"confidence_interval":{"confidence_level":0.95,"lower_bound":22421846.833333336,"upper_bound":22544431.333333332},"point_estimate":22485599.333333332,"standard_error":32399.75381682523},"median_abs_dev":{"confidence_interval":{"confidence_level":0.95,"lower_bound":239774.46914315407,"upper_bound":428749.0092381829},"point_estimate":317416.7471647253,"standard_error":47168.59009724751},"slope":null,"std_dev":{"confidence_interval":{"confidence_level":0.95,"lower_bound":397192.6570857485,"upper_bound":827643.1075633332},"point_estimate":619230.349372232,"standard_error":111324.00004622954}}