{"mean":{"confidence_interval":{"confidence_level":0.95,"lower_bound":16444029.130916663,"upper_bound":16567932.393833334},"point_estimate":16501401.726666672,"standard_error":31744.827756157647},"median":{"confidence_interval":{"confidence_level":0.95,"lower_bound":16372194.166666668,"upper_bound":16462076.5},"point_estimate":16405394.0,"standard_error":21473.099796861385},"median_abs_dev":{"confidence_interval":{"confidence_level":0.95,"lower_bound":124191.2222951646,"upper_bound":217248.0922430749},"point_estimate":160105.9711575508,"standard_error":23646.87615919544},"slope":null,"std_dev":{"confidence_interval":{"confidence_level":0.95,"lower_bound":208496.3908516987,"upper_bound":421070.0347732532},"point_estimate":317815.45181719796,"standard_error":54757.86104803362}}