{"mean":{"confidence_interval":{"confidence_level":0.95,"lower_bound":6859047.169999998,"upper_bound":6926948.893607144},"point_estimate":6889725.0385714285,"standard_error":17387.96497274059},"median":{"confidence_interval":{"confidence_level":0.95,"lower_bound":6827534.0,"upper_bound":6832303.142857143},"point_estimate":6829337.428571429,"standard_error":1236.864356400308},"median_abs_dev":{"confidence_interval":{"confidence_level":0.95,"lower_bound":5963.758394121433,"upper_bound":13419.753661751747},"point_estimate":8946.114141175316,"standard_error":1901.6090610107374},"slope":null,"std_dev":{"confidence_interval":{"confidence_level":0.95,"lower_bound":85818.78856495794,"upper_bound":246010.81914325088},"point_estimate":174748.7226012354,"standard_error":41029.26665800372}}