{"mean":{"confidence_interval":{"confidence_level":0.95,"lower_bound":17033051.078666665,"upper_bound":17036358.49075},"point_estimate":17034586.79,"standard_error":841.7284210939915},"median":{"confidence_interval":{"confidence_level":0.95,"lower_bound":17031463.666666668,"upper_bound":17034780.0},"point_estimate":17033013.5,"standard_error":837.9298210594433},"median_abs_dev":{"confidence_interval":{"confidence_level":0.95,"lower_bound":4546.145719293461,"upper_bound":7611.17406487649},"point_estimate":5658.589899539027,"standard_error":770.8383355048301},"slope":null,"std_dev":{"confidence_interval":{"confidence_level":0.95,"lower_bound":5348.583193498634,"upper_bound":11756.12214927965},"point_estimate":8500.849529033809,"standard_error":1707.5817129775573}}