{"mean":{"confidence_interval":{"confidence_level":0.95,"lower_bound":20127121.22525001,"upper_bound":20350914.211166665},"point_estimate":20235168.55333334,"standard_error":57331.79536459882},"median":{"confidence_interval":{"confidence_level":0.95,"lower_bound":19925698.333333332,"upper_bound":20136167.333333336},"point_estimate":20026099.333333332,"standard_error":52526.613920254305},"median_abs_dev":{"confidence_interval":{"confidence_level":0.95,"lower_bound":274136.1945331078,"upper_bound":553536.3602727642},"point_estimate":417431.7058891067,"standard_error":75129.54362471076},"slope":null,"std_dev":{"confidence_interval":{"confidence_level":0.95,"lower_bound":466127.9402640943,"upper_bound":674647.3563817749},"point_estimate":576837.1280613161,"standard_error":53290.272460302716}}