{"mean":{"confidence_interval":{"confidence_level":0.95,"lower_bound":19520129.54908333,"upper_bound":19534739.646750003},"point_estimate":19526530.93333333,"standard_error":3768.022175178648},"median":{"confidence_interval":{"confidence_level":0.95,"lower_bound":19515768.0,"upper_bound":19518484.5},"point_estimate":19517201.166666664,"standard_error":674.135125140626},"median_abs_dev":{"confidence_interval":{"confidence_level":0.95,"lower_bound":3928.8899302482605,"upper_bound":6819.959878921509},"point_estimate":5386.779904363699,"standard_error":726.2517085694147},"slope":null,"std_dev":{"confidence_interval":{"confidence_level":0.95,"lower_bound":15283.18777560152,"upper_bound":55672.10623450257},"point_estimate":37787.87305252693,"standard_error":10450.126284327094}}