{"mean":{"confidence_interval":{"confidence_level":0.95,"lower_bound":6826585.767142858,"upper_bound":6844284.009821429},"point_estimate":6833935.012857144,"standard_error":4606.436733530294},"median":{"confidence_interval":{"confidence_level":0.95,"lower_bound":6824170.071428571,"upper_bound":6826353.285714285},"point_estimate":6825307.714285715,"standard_error":601.516726192843},"median_abs_dev":{"confidence_interval":{"confidence_level":0.95,"lower_bound":3197.5445432312504,"upper_bound":5325.287305456758},"point_estimate":4274.441624113393,"standard_error":535.5421965920772},"slope":null,"std_dev":{"confidence_interval":{"confidence_level":0.95,"lower_bound":7109.685710929428,"upper_bound":73943.53970159455},"point_estimate":46101.04921221152,"standard_error":17396.673758081855}}