{"mean":{"confidence_interval":{"confidence_level":0.95,"lower_bound":6883012.019464288,"upper_bound":6950352.280892858},"point_estimate":6914078.385714287,"standard_error":17259.68580628206},"median":{"confidence_interval":{"confidence_level":0.95,"lower_bound":6836712.857142857,"upper_bound":6846328.714285715},"point_estimate":6841847.357142857,"standard_error":2249.562309894612},"median_abs_dev":{"confidence_interval":{"confidence_level":0.95,"lower_bound":11961.298887644101,"upper_bound":26448.842230439877},"point_estimate":17568.809688091278,"standard_error":3972.923408664752},"slope":null,"std_dev":{"confidence_interval":{"confidence_level":0.95,"lower_bound":109029.16445651787,"upper_bound":231283.5184207055},"point_estimate":173729.39464308377,"standard_error":31444.504887172785}}