{"mean":{"confidence_interval":{"confidence_level":0.95,"lower_bound":6864369.610142858,"upper_bound":6903400.942999999},"point_estimate":6882768.468571429,"standard_error":9955.746684733962},"median":{"confidence_interval":{"confidence_level":0.95,"lower_bound":6832058.142857143,"upper_bound":6841520.857142857},"point_estimate":6836668.285714285,"standard_error":2370.1007853071105},"median_abs_dev":{"confidence_interval":{"confidence_level":0.95,"lower_bound":9814.761523254514,"upper_bound":22725.76894653653},"point_estimate":14412.98974411838,"standard_error":3112.887000177823},"slope":null,"std_dev":{"confidence_interval":{"confidence_level":0.95,"lower_bound":73115.27229779169,"upper_bound":124264.06314616396},"point_estimate":100242.65543015696,"standard_error":13087.575008833044}}