{"mean":{"confidence_interval":{"confidence_level":0.95,"lower_bound":6828677.211357145,"upper_bound":6839877.3396785725},"point_estimate":6833630.582857143,"standard_error":2883.3465685421197},"median":{"confidence_interval":{"confidence_level":0.95,"lower_bound":6825996.142857143,"upper_bound":6827841.142857143},"point_estimate":6827013.857142857,"standard_error":457.83231694852384},"median_abs_dev":{"confidence_interval":{"confidence_level":0.95,"lower_bound":3157.5964164410702,"upper_bound":4861.765661186797},"point_estimate":3998.9957290032394,"standard_error":425.97891064931633},"slope":null,"std_dev":{"confidence_interval":{"confidence_level":0.95,"lower_bound":12002.97440451051,"upper_bound":40963.685479884516},"point_estimate":29110.63667853374,"standard_error":7188.16229761766}}