{"mean":{"confidence_interval":{"confidence_level":0.95,"lower_bound":6850530.621406251,"upper_bound":6898065.02365625},"point_estimate":6872437.38625,"standard_error":12149.473254977129},"median":{"confidence_interval":{"confidence_level":0.95,"lower_bound":6823189.6875,"upper_bound":6824901.625},"point_estimate":6823739.5,"standard_error":483.5642811960305},"median_abs_dev":{"confidence_interval":{"confidence_level":0.95,"lower_bound":2918.1250816304237,"upper_bound":6381.851586699486},"point_estimate":4255.710561946034,"standard_error":962.6440627690056},"slope":null,"std_dev":{"confidence_interval":{"confidence_level":0.95,"lower_bound":72999.59156473639,"upper_bound":163931.54142954544},"point_estimate":122153.53122200267,"standard_error":23274.315669543677}}