{"mean":{"confidence_interval":{"confidence_level":0.95,"lower_bound":21202864.672833335,"upper_bound":21393319.673916664},"point_estimate":21299910.026666656,"standard_error":48732.25128030735},"median":{"confidence_interval":{"confidence_level":0.95,"lower_bound":21272003.666666668,"upper_bound":21503649.666666668},"point_estimate":21386926.333333336,"standard_error":55233.415805305245},"median_abs_dev":{"confidence_interval":{"confidence_level":0.95,"lower_bound":364516.47732853884,"upper_bound":584447.4577739807},"point_estimate":486072.131070491,"standard_error":56290.781692253695},"slope":null,"std_dev":{"confidence_interval":{"confidence_level":0.95,"lower_bound":418642.6381106317,"upper_bound":551053.6678097282},"point_estimate":489204.60005060304,"standard_error":33654.42169786039}}