{"mean":{"confidence_interval":{"confidence_level":0.95,"lower_bound":19516308.839000005,"upper_bound":19543349.218666665},"point_estimate":19525775.760000005,"standard_error":8252.529192535058},"median":{"confidence_interval":{"confidence_level":0.95,"lower_bound":19513684.666666668,"upper_bound":19517951.333333332},"point_estimate":19515918.0,"standard_error":1155.4999288263425},"median_abs_dev":{"confidence_interval":{"confidence_level":0.95,"lower_bound":4003.01992893219,"upper_bound":6893.842777613507},"point_estimate":5386.77990436646,"standard_error":726.3099709103603},"slope":null,"std_dev":{"confidence_interval":{"confidence_level":0.95,"lower_bound":5937.186205062597,"upper_bound":143052.62402101723},"point_estimate":83624.68359812697,"standard_error":48737.70624760409}}