{"mean":{"confidence_interval":{"confidence_level":0.95,"lower_bound":19680976.888416667,"upper_bound":20103581.609916665},"point_estimate":19889669.16666667,"standard_error":108429.74425631504},"median":{"confidence_interval":{"confidence_level":0.95,"lower_bound":19473523.333333332,"upper_bound":20210239.666666668},"point_estimate":19757148.0,"standard_error":180082.21139993545},"median_abs_dev":{"confidence_interval":{"confidence_level":0.95,"lower_bound":961371.1965322495,"upper_bound":1452952.4220049437},"point_estimate":1192681.0082256775,"standard_error":121823.29192363951},"slope":null,"std_dev":{"confidence_interval":{"confidence_level":0.95,"lower_bound":938631.7318394583,"upper_bound":1239794.0686491244},"point_estimate":1094231.040522349,"standard_error":76932.61492358329}}