{"mean":{"confidence_interval":{"confidence_level":0.95,"lower_bound":17031465.96908333,"upper_bound":17035403.708749995},"point_estimate":17033336.976666663,"standard_error":1004.67610793001},"median":{"confidence_interval":{"confidence_level":0.95,"lower_bound":17029297.333333332,"upper_bound":17033030.333333332},"point_estimate":17031396.833333336,"standard_error":1001.8663173149791},"median_abs_dev":{"confidence_interval":{"confidence_level":0.95,"lower_bound":5164.142808319979,"upper_bound":8203.472754358325},"point_estimate":7190.856972341372,"standard_error":748.8320968066206},"slope":null,"std_dev":{"confidence_interval":{"confidence_level":0.95,"lower_bound":7372.563269019756,"upper_bound":12338.832903023093},"point_estimate":10048.781802785361,"standard_error":1273.551689341021}}