{"mean":{"confidence_interval":{"confidence_level":0.95,"lower_bound":197006862.69300002,"upper_bound":198199412.40875},"point_estimate":197631025.43,"standard_error":304659.1077937038},"median":{"confidence_interval":{"confidence_level":0.95,"lower_bound":197803048.5,"upper_bound":198660868.5},"point_estimate":198189800.0,"standard_error":201033.18998187184},"median_abs_dev":{"confidence_interval":{"confidence_level":0.95,"lower_bound":1271860.248219967,"upper_bound":2629519.3352816976},"point_estimate":1748582.115456462,"standard_error":348019.5369962166},"slope":null,"std_dev":{"confidence_interval":{"confidence_level":0.95,"lower_bound":2190689.694050099,"upper_bound":3843510.9696999546},"point_estimate":3056676.5160296625,"standard_error":425242.3087588885}}