{"mean":{"confidence_interval":{"confidence_level":0.95,"lower_bound":140020500.00825,"upper_bound":140386468.60349998},"point_estimate":140201590.85,"standard_error":93626.43368240126},"median":{"confidence_interval":{"confidence_level":0.95,"lower_bound":139960175.0,"upper_bound":140324678.0},"point_estimate":140118228.0,"standard_error":101679.35105727747},"median_abs_dev":{"confidence_interval":{"confidence_level":0.95,"lower_bound":558278.2091885805,"upper_bound":1004471.1190670729},"point_estimate":806260.1046860218,"standard_error":112431.62188399702},"slope":null,"std_dev":{"confidence_interval":{"confidence_level":0.95,"lower_bound":792411.7360012785,"upper_bound":1069434.4864271292},"point_estimate":941093.8753583395,"standard_error":70569.73481526153}}