{"mean":{"confidence_interval":{"confidence_level":0.95,"lower_bound":143389963.52425,"upper_bound":146374908.84875},"point_estimate":144841000.23,"standard_error":762762.8072086145},"median":{"confidence_interval":{"confidence_level":0.95,"lower_bound":141149972.0,"upper_bound":145657102.0},"point_estimate":143608538.5,"standard_error":1332932.983782828},"median_abs_dev":{"confidence_interval":{"confidence_level":0.95,"lower_bound":5292396.3545411825,"upper_bound":8984642.331668207},"point_estimate":6917709.177786112,"standard_error":1000971.2580601218},"slope":null,"std_dev":{"confidence_interval":{"confidence_level":0.95,"lower_bound":6283142.007171181,"upper_bound":8856288.678103574},"point_estimate":7648520.833932072,"standard_error":658807.8835783105}}