{"mean":{"confidence_interval":{"confidence_level":0.95,"lower_bound":222356842.394,"upper_bound":222825853.47175},"point_estimate":222567502.49,"standard_error":119428.94841823945},"median":{"confidence_interval":{"confidence_level":0.95,"lower_bound":222221995.0,"upper_bound":222412596.0},"point_estimate":222318636.0,"standard_error":43482.58647794157},"median_abs_dev":{"confidence_interval":{"confidence_level":0.95,"lower_bound":220996.35207653046,"upper_bound":492226.8977612257},"point_estimate":307150.23654699326,"standard_error":67791.59554119965},"slope":null,"std_dev":{"confidence_interval":{"confidence_level":0.95,"lower_bound":601649.6034567191,"upper_bound":1716346.117514208},"point_estimate":1196814.5768493041,"standard_error":288191.1048901098}}