{"mean":{"confidence_interval":{"confidence_level":0.95,"lower_bound":106867662.28575,"upper_bound":107493317.64625},"point_estimate":107143834.23,"standard_error":160849.76076343033},"median":{"confidence_interval":{"confidence_level":0.95,"lower_bound":106637683.5,"upper_bound":106738218.0},"point_estimate":106702457.5,"standard_error":27711.619767265813},"median_abs_dev":{"confidence_interval":{"confidence_level":0.95,"lower_bound":106874.70170259476,"upper_bound":201985.71391403675},"point_estimate":158378.74218821526,"standard_error":25739.98550152029},"slope":null,"std_dev":{"confidence_interval":{"confidence_level":0.95,"lower_bound":697987.017628412,"upper_bound":2360319.1815356794},"point_estimate":1610433.1719094906,"standard_error":431284.1427934088}}