{"mean":{"confidence_interval":{"confidence_level":0.95,"lower_bound":107192966.96425,"upper_bound":108201640.377},"point_estimate":107587199.9,"standard_error":268284.20684832986},"median":{"confidence_interval":{"confidence_level":0.95,"lower_bound":106729603.0,"upper_bound":106912671.0},"point_estimate":106812978.5,"standard_error":59915.395881363205},"median_abs_dev":{"confidence_interval":{"confidence_level":0.95,"lower_bound":208874.6146917343,"upper_bound":527468.2991355658},"point_estimate":340800.06684958935,"standard_error":95616.64057805389},"slope":null,"std_dev":{"confidence_interval":{"confidence_level":0.95,"lower_bound":846896.1102234127,"upper_bound":4426800.337322393},"point_estimate":2693040.1463539624,"standard_error":1215376.1382960835}}