{"mean":{"confidence_interval":{"confidence_level":0.95,"lower_bound":107286835.301,"upper_bound":107545455.4125},"point_estimate":107407694.2,"standard_error":65880.49397032254},"median":{"confidence_interval":{"confidence_level":0.95,"lower_bound":107323049.0,"upper_bound":107425492.0},"point_estimate":107363751.0,"standard_error":27629.721379403814},"median_abs_dev":{"confidence_interval":{"confidence_level":0.95,"lower_bound":165328.0589148403,"upper_bound":378883.61237347126},"point_estimate":222635.36634743214,"standard_error":55200.21249547019},"slope":null,"std_dev":{"confidence_interval":{"confidence_level":0.95,"lower_bound":416828.74968189886,"upper_bound":884964.8407091828},"point_estimate":662061.085617948,"standard_error":120392.92736558538}}