{"mean":{"confidence_interval":{"confidence_level":0.95,"lower_bound":106733256.66325,"upper_bound":107069987.07375},"point_estimate":106868267.4,"standard_error":88779.2125883831},"median":{"confidence_interval":{"confidence_level":0.95,"lower_bound":106646376.0,"upper_bound":106744039.0},"point_estimate":106682804.0,"standard_error":25255.219116000848},"median_abs_dev":{"confidence_interval":{"confidence_level":0.95,"lower_bound":126710.4067504406,"upper_bound":216627.8712540865},"point_estimate":172341.8687403202,"standard_error":23733.379650703137},"slope":null,"std_dev":{"confidence_interval":{"confidence_level":0.95,"lower_bound":248102.02906745265,"upper_bound":1462361.9219818914},"point_estimate":897388.4858365636,"standard_error":379749.5893252849}}