{"mean":{"confidence_interval":{"confidence_level":0.95,"lower_bound":107157167.40175,"upper_bound":107545165.735},"point_estimate":107334654.7,"standard_error":99158.2389445566},"median":{"confidence_interval":{"confidence_level":0.95,"lower_bound":106914347.0,"upper_bound":107199109.0},"point_estimate":107006698.0,"standard_error":59584.73661235043},"median_abs_dev":{"confidence_interval":{"confidence_level":0.95,"lower_bound":272263.1765663624,"upper_bound":527302.6741860061},"point_estimate":399046.23071551323,"standard_error":64924.94513855598},"slope":null,"std_dev":{"confidence_interval":{"confidence_level":0.95,"lower_bound":579687.1033244438,"upper_bound":1342217.5118440276},"point_estimate":995797.5996591878,"standard_error":195431.50159013254}}