{"mean":{"confidence_interval":{"confidence_level":0.95,"lower_bound":165035224.7205,"upper_bound":167233667.49699998},"point_estimate":166084735.03,"standard_error":561367.603127288},"median":{"confidence_interval":{"confidence_level":0.95,"lower_bound":164139466.0,"upper_bound":166641584.0},"point_estimate":165467180.5,"standard_error":590195.5777329247},"median_abs_dev":{"confidence_interval":{"confidence_level":0.95,"lower_bound":3909663.5737895966,"upper_bound":6148974.419733882},"point_estimate":4711351.340156794,"standard_error":566365.6115226772},"slope":null,"std_dev":{"confidence_interval":{"confidence_level":0.95,"lower_bound":4260134.378985668,"upper_bound":7094176.841921097},"point_estimate":5627775.633268546,"standard_error":740812.3306192124}}