{"mean":{"confidence_interval":{"confidence_level":0.95,"lower_bound":106818919.947,"upper_bound":107069497.37},"point_estimate":106936455.08,"standard_error":64077.61922284192},"median":{"confidence_interval":{"confidence_level":0.95,"lower_bound":106683666.0,"upper_bound":106765755.5},"point_estimate":106729466.0,"standard_error":21624.22717648868},"median_abs_dev":{"confidence_interval":{"confidence_level":0.95,"lower_bound":133031.1752182246,"upper_bound":259684.79838967323},"point_estimate":205171.82125747204,"standard_error":34348.67651360921},"slope":null,"std_dev":{"confidence_interval":{"confidence_level":0.95,"lower_bound":437835.45348274434,"upper_bound":813049.4734664508},"point_estimate":643744.0327344916,"standard_error":95238.19206823588}}