{"mean":{"confidence_interval":{"confidence_level":0.95,"lower_bound":107398744.11675,"upper_bound":107825340.3255},"point_estimate":107584125.51,"standard_error":109848.51302465744},"median":{"confidence_interval":{"confidence_level":0.95,"lower_bound":107241464.5,"upper_bound":107447844.0},"point_estimate":107290085.0,"standard_error":62993.11872349811},"median_abs_dev":{"confidence_interval":{"confidence_level":0.95,"lower_bound":145492.7245169878,"upper_bound":300683.8767617941},"point_estimate":232846.77366614342,"standard_error":38326.32891191546},"slope":null,"std_dev":{"confidence_interval":{"confidence_level":0.95,"lower_bound":452601.89332089364,"upper_bound":1670012.2293395575},"point_estimate":1105055.1748255545,"standard_error":326748.9138334789}}