{"mean":{"confidence_interval":{"confidence_level":0.95,"lower_bound":106972881.16250001,"upper_bound":108305423.2665},"point_estimate":107444573.3,"standard_error":402626.6140033401},"median":{"confidence_interval":{"confidence_level":0.95,"lower_bound":106812978.0,"upper_bound":107063620.0},"point_estimate":106925805.5,"standard_error":59907.13892162702},"median_abs_dev":{"confidence_interval":{"confidence_level":0.95,"lower_bound":275495.2445089817,"upper_bound":486240.9003674984},"point_estimate":415798.86911809444,"standard_error":54264.49025356962},"slope":null,"std_dev":{"confidence_interval":{"confidence_level":0.95,"lower_bound":359013.52055599535,"upper_bound":6933820.251834934},"point_estimate":4058621.333079122,"standard_error":2332087.13278527}}