{"mean":{"confidence_interval":{"confidence_level":0.95,"lower_bound":106987869.82,"upper_bound":108268006.1685},"point_estimate":107548745.59,"standard_error":329480.445072483},"median":{"confidence_interval":{"confidence_level":0.95,"lower_bound":106670689.0,"upper_bound":106757236.0},"point_estimate":106723698.0,"standard_error":23534.917970456412},"median_abs_dev":{"confidence_interval":{"confidence_level":0.95,"lower_bound":129689.46900755168,"upper_bound":225977.88798809052},"point_estimate":172487.90483772755,"standard_error":24202.64988503858},"slope":null,"std_dev":{"confidence_interval":{"confidence_level":0.95,"lower_bound":1286007.854230714,"upper_bound":4852433.376377899},"point_estimate":3300677.824782484,"standard_error":916034.844750171}}