{"mean":{"confidence_interval":{"confidence_level":0.95,"lower_bound":139551894.7215,"upper_bound":139956166.48250002},"point_estimate":139749330.23,"standard_error":103169.36176569034},"median":{"confidence_interval":{"confidence_level":0.95,"lower_bound":139372022.5,"upper_bound":139826085.5},"point_estimate":139595489.5,"standard_error":134991.82431638788},"median_abs_dev":{"confidence_interval":{"confidence_level":0.95,"lower_bound":682648.3318805695,"upper_bound":1188947.3272919655},"point_estimate":923121.5998113155,"standard_error":125914.76425973242},"slope":null,"std_dev":{"confidence_interval":{"confidence_level":0.95,"lower_bound":846621.3705983694,"upper_bound":1207817.1998410898},"point_estimate":1038217.7997935107,"standard_error":92532.0152716396}}