{"mean":{"confidence_interval":{"confidence_level":0.95,"lower_bound":107081529.162,"upper_bound":107247964.46499999},"point_estimate":107162127.47,"standard_error":42410.036367287576},"median":{"confidence_interval":{"confidence_level":0.95,"lower_bound":107006422.0,"upper_bound":107131624.5},"point_estimate":107062079.0,"standard_error":34581.56578638187},"median_abs_dev":{"confidence_interval":{"confidence_level":0.95,"lower_bound":203984.99997854233,"upper_bound":426569.08689938474},"point_estimate":276997.1182823181,"standard_error":59270.19098100083},"slope":null,"std_dev":{"confidence_interval":{"confidence_level":0.95,"lower_bound":327657.3504567784,"upper_bound":516966.5806538173},"point_estimate":426252.00463981833,"standard_error":48291.24923620236}}