{"mean":{"confidence_interval":{"confidence_level":0.95,"lower_bound":106913287.17,"upper_bound":107206472.64925},"point_estimate":107050528.6,"standard_error":74961.58973777332},"median":{"confidence_interval":{"confidence_level":0.95,"lower_bound":106725959.0,"upper_bound":106817184.0},"point_estimate":106760207.5,"standard_error":24023.6691444847},"median_abs_dev":{"confidence_interval":{"confidence_level":0.95,"lower_bound":125384.96237397194,"upper_bound":243877.8363803028},"point_estimate":173246.99602425098,"standard_error":30817.797328105487},"slope":null,"std_dev":{"confidence_interval":{"confidence_level":0.95,"lower_bound":514520.52513606905,"upper_bound":954203.3961542335},"point_estimate":752500.4171922063,"standard_error":112431.19607935473}}