{"mean":{"confidence_interval":{"confidence_level":0.95,"lower_bound":140262978.4785,"upper_bound":140866680.18625},"point_estimate":140547017.22,"standard_error":153593.4989722668},"median":{"confidence_interval":{"confidence_level":0.95,"lower_bound":140107442.5,"upper_bound":140544157.0},"point_estimate":140266243.0,"standard_error":94514.86588874778},"median_abs_dev":{"confidence_interval":{"confidence_level":0.95,"lower_bound":758426.9817352295,"upper_bound":1457882.0669174194},"point_estimate":992603.6475777626,"standard_error":186585.77112292076},"slope":null,"std_dev":{"confidence_interval":{"confidence_level":0.95,"lower_bound":1090172.6450996553,"upper_bound":2064377.769214681},"point_estimate":1547343.0415308916,"standard_error":267519.96492823435}}