{"mean":{"confidence_interval":{"confidence_level":0.95,"lower_bound":106702775.045,"upper_bound":107299048.773},"point_estimate":106933668.93,"standard_error":158909.2006868958},"median":{"confidence_interval":{"confidence_level":0.95,"lower_bound":106623604.0,"upper_bound":106657990.0},"point_estimate":106636171.5,"standard_error":9857.807062534106},"median_abs_dev":{"confidence_interval":{"confidence_level":0.95,"lower_bound":71551.75732970238,"upper_bound":119613.23774144052},"point_estimate":95199.96820986271,"standard_error":13007.31458805071},"slope":null,"std_dev":{"confidence_interval":{"confidence_level":0.95,"lower_bound":370574.3617381715,"upper_bound":2638627.036748111},"point_estimate":1599503.7757485046,"standard_error":722629.7296324394}}