{"mean":{"confidence_interval":{"confidence_level":0.95,"lower_bound":106774494.60425,"upper_bound":107472008.97074999},"point_estimate":107040794.61,"standard_error":190023.4685854123},"median":{"confidence_interval":{"confidence_level":0.95,"lower_bound":106636481.0,"upper_bound":106759630.5},"point_estimate":106696913.0,"standard_error":33109.93538855378},"median_abs_dev":{"confidence_interval":{"confidence_level":0.95,"lower_bound":110459.62843894958,"upper_bound":220506.3527852295},"point_estimate":165851.78735554218,"standard_error":28413.218799196602},"slope":null,"std_dev":{"confidence_interval":{"confidence_level":0.95,"lower_bound":405177.59033098706,"upper_bound":3176444.184680726},"point_estimate":1908079.8034227758,"standard_error":915066.955990946}}