{"mean":{"confidence_interval":{"confidence_level":0.95,"lower_bound":107499686.21775,"upper_bound":107969686.251},"point_estimate":107729581.97,"standard_error":120272.49861452669},"median":{"confidence_interval":{"confidence_level":0.95,"lower_bound":106986766.0,"upper_bound":107346635.5},"point_estimate":107188089.0,"standard_error":86227.13759375246},"median_abs_dev":{"confidence_interval":{"confidence_level":0.95,"lower_bound":523242.8892105818,"upper_bound":1110372.4938869476},"point_estimate":820952.6704251766,"standard_error":142984.1381984152},"slope":null,"std_dev":{"confidence_interval":{"confidence_level":0.95,"lower_bound":1065126.3696427161,"upper_bound":1318569.532162478},"point_estimate":1208528.5736527294,"standard_error":64821.638144614044}}