{"mean":{"confidence_interval":{"confidence_level":0.95,"lower_bound":107195867.70075,"upper_bound":108248512.17},"point_estimate":107647104.14,"standard_error":273046.0148973209},"median":{"confidence_interval":{"confidence_level":0.95,"lower_bound":106824210.5,"upper_bound":107131534.0},"point_estimate":106913520.5,"standard_error":76860.92782149892},"median_abs_dev":{"confidence_interval":{"confidence_level":0.95,"lower_bound":248474.85998868942,"upper_bound":534639.6352082491},"point_estimate":394662.9238933325,"standard_error":70268.775680603},"slope":null,"std_dev":{"confidence_interval":{"confidence_level":0.95,"lower_bound":913769.5548701353,"upper_bound":4276002.703229955},"point_estimate":2756781.479249784,"standard_error":911915.4436891949}}