{"mean":{"confidence_interval":{"confidence_level":0.95,"lower_bound":108794639.70175,"upper_bound":109596675.1395},"point_estimate":109149714.51,"standard_error":205678.48543193363},"median":{"confidence_interval":{"confidence_level":0.95,"lower_bound":109345512.5,"upper_bound":109443015.0},"point_estimate":109389535.0,"standard_error":47009.02313005306},"median_abs_dev":{"confidence_interval":{"confidence_level":0.95,"lower_bound":287388.66149783134,"upper_bound":1162102.6494010536},"point_estimate":634342.2595381737,"standard_error":216394.8950923566},"slope":null,"std_dev":{"confidence_interval":{"confidence_level":0.95,"lower_bound":1070226.8024030996,"upper_bound":3111774.02276744},"point_estimate":2066459.768382898,"standard_error":599576.5220426001}}