{"mean":{"confidence_interval":{"confidence_level":0.95,"lower_bound":210172816.44025,"upper_bound":211487363.62525},"point_estimate":210844557.2,"standard_error":335307.28754271666},"median":{"confidence_interval":{"confidence_level":0.95,"lower_bound":210283241.5,"upper_bound":212195802.0},"point_estimate":211594859.5,"standard_error":485029.779998398},"median_abs_dev":{"confidence_interval":{"confidence_level":0.95,"lower_bound":2762321.226413995,"upper_bound":4166736.031025648},"point_estimate":3326721.572738886,"standard_error":361222.40123620565},"slope":null,"std_dev":{"confidence_interval":{"confidence_level":0.95,"lower_bound":2803700.686401466,"upper_bound":3847195.031578323},"point_estimate":3355449.6476659244,"standard_error":267640.74527695775}}