{"mean":{"confidence_interval":{"confidence_level":0.95,"lower_bound":223720525.31875,"upper_bound":223868887.07925},"point_estimate":223794765.01,"standard_error":37922.833898948746},"median":{"confidence_interval":{"confidence_level":0.95,"lower_bound":223705632.0,"upper_bound":223841747.0},"point_estimate":223795089.0,"standard_error":33623.518949675774},"median_abs_dev":{"confidence_interval":{"confidence_level":0.95,"lower_bound":257052.4421364069,"upper_bound":405610.0158514825},"point_estimate":354348.80670905113,"standard_error":38860.966512785366},"slope":null,"std_dev":{"confidence_interval":{"confidence_level":0.95,"lower_bound":312369.18528742937,"upper_bound":446004.3207743263},"point_estimate":380036.9383853934,"standard_error":34083.76001704213}}