{"mean":{"confidence_interval":{"confidence_level":0.95,"lower_bound":7268980.507785716,"upper_bound":7296426.914035716},"point_estimate":7282612.851428571,"standard_error":7003.291022590968},"median":{"confidence_interval":{"confidence_level":0.95,"lower_bound":7258711.571428572,"upper_bound":7295512.642857143},"point_estimate":7282155.071428571,"standard_error":9719.83033971866},"median_abs_dev":{"confidence_interval":{"confidence_level":0.95,"lower_bound":57844.27337305965,"upper_bound":90165.37639924428},"point_estimate":76461.7048425324,"standard_error":8195.191762773597},"slope":null,"std_dev":{"confidence_interval":{"confidence_level":0.95,"lower_bound":61318.517773831336,"upper_bound":77898.81715978344},"point_estimate":70140.83427511003,"standard_error":4232.258681386055}}