{"mean":{"confidence_interval":{"confidence_level":0.95,"lower_bound":5695356.928611111,"upper_bound":5707446.641916668},"point_estimate":5700999.680000002,"standard_error":3094.983951208575},"median":{"confidence_interval":{"confidence_level":0.95,"lower_bound":5690522.777777778,"upper_bound":5698850.944444444},"point_estimate":5693894.722222222,"standard_error":2223.2063888499333},"median_abs_dev":{"confidence_interval":{"confidence_level":0.95,"lower_bound":14535.566638608629,"upper_bound":23024.756999562258},"point_estimate":18780.91753323865,"standard_error":2198.71608883251},"slope":null,"std_dev":{"confidence_interval":{"confidence_level":0.95,"lower_bound":20697.703499923675,"upper_bound":40630.36820487232},"point_estimate":31050.667049787546,"standard_error":5168.958999396114}}