{"mean":{"confidence_interval":{"confidence_level":0.95,"lower_bound":5682532.418666666,"upper_bound":5702940.396194446},"point_estimate":5691337.947777778,"standard_error":5247.08781521436},"median":{"confidence_interval":{"confidence_level":0.95,"lower_bound":5679048.444444444,"upper_bound":5688615.722222222},"point_estimate":5681890.055555556,"standard_error":2414.1545205862158},"median_abs_dev":{"confidence_interval":{"confidence_level":0.95,"lower_bound":15386.422526836395,"upper_bound":24117.20667183422},"point_estimate":18847.63453205488,"standard_error":2217.6719229972596},"slope":null,"std_dev":{"confidence_interval":{"confidence_level":0.95,"lower_bound":23639.183176535316,"upper_bound":81472.44249085194},"point_estimate":52899.95938317533,"standard_error":17081.069686163162}}