{"mean":{"confidence_interval":{"confidence_level":0.95,"lower_bound":16155852.171812499,"upper_bound":16371181.8751875},"point_estimate":16260440.955,"standard_error":54940.57026803798},"median":{"confidence_interval":{"confidence_level":0.95,"lower_bound":16031734.75,"upper_bound":16265961.125},"point_estimate":16145711.125,"standard_error":68962.5243805187},"median_abs_dev":{"confidence_interval":{"confidence_level":0.95,"lower_bound":363603.1957447529,"upper_bound":579849.6681556106},"point_estimate":486370.813190192,"standard_error":56395.65886650248},"slope":null,"std_dev":{"confidence_interval":{"confidence_level":0.95,"lower_bound":441105.13107987493,"upper_bound":650339.5490049183},"point_estimate":549541.3334518463,"standard_error":53604.665213930995}}