{"mean":{"confidence_interval":{"confidence_level":0.95,"lower_bound":5765756.084694446,"upper_bound":5799339.837777779},"point_estimate":5781042.182222222,"standard_error":8555.111397279736},"median":{"confidence_interval":{"confidence_level":0.95,"lower_bound":5754252.444444444,"upper_bound":5778572.944444444},"point_estimate":5769802.111111111,"standard_error":5817.009673202285},"median_abs_dev":{"confidence_interval":{"confidence_level":0.95,"lower_bound":46791.2670026226,"upper_bound":72917.65815295262},"point_estimate":61663.14497192739,"standard_error":6867.187614269823},"slope":null,"std_dev":{"confidence_interval":{"confidence_level":0.95,"lower_bound":53581.867163380375,"upper_bound":121971.79348400701},"point_estimate":85556.30767776082,"standard_error":20205.467308154028}}