{"mean":{"confidence_interval":{"confidence_level":0.95,"lower_bound":9539239.4093,"upper_bound":9685150.34265},"point_estimate":9607770.253999997,"standard_error":37361.610865346214},"median":{"confidence_interval":{"confidence_level":0.95,"lower_bound":9491198.2,"upper_bound":9586878.8},"point_estimate":9528218.3,"standard_error":26913.3527319036},"median_abs_dev":{"confidence_interval":{"confidence_level":0.95,"lower_bound":160877.15665335752,"upper_bound":246973.72751533985},"point_estimate":203177.2795128825,"standard_error":21583.58880573862},"slope":null,"std_dev":{"confidence_interval":{"confidence_level":0.95,"lower_bound":246511.31722462672,"upper_bound":482095.58010716666},"point_estimate":375085.40193527314,"standard_error":59950.629310247445}}