{"mean":{"confidence_interval":{"confidence_level":0.95,"lower_bound":7544935.350499999,"upper_bound":7567304.317928571},"point_estimate":7555746.771428574,"standard_error":5703.148287432511},"median":{"confidence_interval":{"confidence_level":0.95,"lower_bound":7533791.428571428,"upper_bound":7562270.0},"point_estimate":7544648.642857143,"standard_error":7241.044636844505},"median_abs_dev":{"confidence_interval":{"confidence_level":0.95,"lower_bound":36546.089351177216,"upper_bound":57715.604875342986},"point_estimate":45737.997387987736,"standard_error":5473.968331746254},"slope":null,"std_dev":{"confidence_interval":{"confidence_level":0.95,"lower_bound":45170.97634514364,"upper_bound":68142.67256450675},"point_estimate":57151.48016084937,"standard_error":5907.912476428251}}