{"mean":{"confidence_interval":{"confidence_level":0.95,"lower_bound":13205122.567,"upper_bound":13236502.670625},"point_estimate":13220085.235,"standard_error":8028.421078799969},"median":{"confidence_interval":{"confidence_level":0.95,"lower_bound":13189183.5,"upper_bound":13213521.5},"point_estimate":13202083.75,"standard_error":5911.462474702596},"median_abs_dev":{"confidence_interval":{"confidence_level":0.95,"lower_bound":40438.47025707364,"upper_bound":76901.53400972486},"point_estimate":61649.28678050637,"standard_error":9322.54330390451},"slope":null,"std_dev":{"confidence_interval":{"confidence_level":0.95,"lower_bound":61511.30984675393,"upper_bound":99156.1163454478},"point_estimate":81009.23044723865,"standard_error":9646.290344504634}}