{"mean":{"confidence_interval":{"confidence_level":0.95,"lower_bound":13156999.237937499,"upper_bound":13201314.9010625},"point_estimate":13178563.265,"standard_error":11299.436139497584},"median":{"confidence_interval":{"confidence_level":0.95,"lower_bound":13135756.5,"upper_bound":13170606.75},"point_estimate":13152232.0,"standard_error":9643.267949667992},"median_abs_dev":{"confidence_interval":{"confidence_level":0.95,"lower_bound":70980.21503984928,"upper_bound":116829.61922585964},"point_estimate":94669.7533942759,"standard_error":11444.398027018962},"slope":null,"std_dev":{"confidence_interval":{"confidence_level":0.95,"lower_bound":95472.35833740613,"upper_bound":129493.47648593583},"point_estimate":113909.53139352055,"standard_error":8655.121856283162}}