{"mean":{"confidence_interval":{"confidence_level":0.95,"lower_bound":8144678.846333332,"upper_bound":8197013.190375},"point_estimate":8171272.776666663,"standard_error":13340.448496032126},"median":{"confidence_interval":{"confidence_level":0.95,"lower_bound":8154550.333333334,"upper_bound":8214425.0},"point_estimate":8177950.833333334,"standard_error":14196.962431721498},"median_abs_dev":{"confidence_interval":{"confidence_level":0.95,"lower_bound":84597.40159809636,"upper_bound":147076.14128887653},"point_estimate":113309.92688834667,"standard_error":16132.144429409005},"slope":null,"std_dev":{"confidence_interval":{"confidence_level":0.95,"lower_bound":107743.95973494304,"upper_bound":159310.10589627022},"point_estimate":133952.56178593915,"standard_error":13288.564653465359}}