{"mean":{"confidence_interval":{"confidence_level":0.95,"lower_bound":5703598.655305558,"upper_bound":5732940.209388888},"point_estimate":5715299.163333338,"standard_error":7660.127435908976},"median":{"confidence_interval":{"confidence_level":0.95,"lower_bound":5696231.222222222,"upper_bound":5702113.666666666},"point_estimate":5699575.722222222,"standard_error":1636.3777576879338},"median_abs_dev":{"confidence_interval":{"confidence_level":0.95,"lower_bound":9586.161963144554,"upper_bound":19369.34498945949},"point_estimate":13704.824690023674,"standard_error":2502.527484581552},"slope":null,"std_dev":{"confidence_interval":{"confidence_level":0.95,"lower_bound":23241.87084212465,"upper_bound":124450.36679347533},"point_estimate":76773.05722726438,"standard_error":31454.081263006134}}