{"mean":{"confidence_interval":{"confidence_level":0.95,"lower_bound":7074916.315107142,"upper_bound":7090654.238714288},"point_estimate":7082400.86857143,"standard_error":4030.4180330060985},"median":{"confidence_interval":{"confidence_level":0.95,"lower_bound":7069030.285714285,"upper_bound":7083023.928571428},"point_estimate":7076793.5,"standard_error":3750.1008104531656},"median_abs_dev":{"confidence_interval":{"confidence_level":0.95,"lower_bound":27365.40671416593,"upper_bound":40942.42187312632},"point_estimate":35475.122670191166,"standard_error":3463.01657232003},"slope":null,"std_dev":{"confidence_interval":{"confidence_level":0.95,"lower_bound":28594.833723951557,"upper_bound":51469.69918636217},"point_estimate":40629.0000726931,"standard_error":5810.5404563534385}}