{"mean":{"confidence_interval":{"confidence_level":0.95,"lower_bound":5699425.02483333,"upper_bound":5714850.466805556},"point_estimate":5706658.546666668,"standard_error":3952.6662828526883},"median":{"confidence_interval":{"confidence_level":0.95,"lower_bound":5694138.0,"upper_bound":5701801.5},"point_estimate":5697600.0,"standard_error":2117.5458757367837},"median_abs_dev":{"confidence_interval":{"confidence_level":0.95,"lower_bound":15826.67235235381,"upper_bound":28314.97228480785},"point_estimate":20532.362302143832,"standard_error":3059.324888897543},"slope":null,"std_dev":{"confidence_interval":{"confidence_level":0.95,"lower_bound":25975.27695409911,"upper_bound":51700.61135130378},"point_estimate":39766.151116843466,"standard_error":6555.330957331685}}