{"mean":{"confidence_interval":{"confidence_level":0.95,"lower_bound":5702939.481194442,"upper_bound":5717907.161694442},"point_estimate":5709916.501111112,"standard_error":3829.269196216564},"median":{"confidence_interval":{"confidence_level":0.95,"lower_bound":5694733.222222222,"upper_bound":5702920.5},"point_estimate":5698840.166666666,"standard_error":2008.7834081465587},"median_abs_dev":{"confidence_interval":{"confidence_level":0.95,"lower_bound":11537.016428510195,"upper_bound":20771.719831228485},"point_estimate":15184.129997093705,"standard_error":2269.219219817696},"slope":null,"std_dev":{"confidence_interval":{"confidence_level":0.95,"lower_bound":24207.982810077465,"upper_bound":50671.14893478527},"point_estimate":38563.93470991889,"standard_error":6768.476982522396}}