{"mean":{"confidence_interval":{"confidence_level":0.95,"lower_bound":5689497.043583334,"upper_bound":5705161.043333331},"point_estimate":5696691.23111111,"standard_error":4005.6610191753753},"median":{"confidence_interval":{"confidence_level":0.95,"lower_bound":5683060.888888889,"upper_bound":5692334.666666666},"point_estimate":5686743.166666666,"standard_error":2751.2048012239616},"median_abs_dev":{"confidence_interval":{"confidence_level":0.95,"lower_bound":13670.477790633684,"upper_bound":24705.19964389517},"point_estimate":20022.26554453396,"standard_error":2960.783822608125},"slope":null,"std_dev":{"confidence_interval":{"confidence_level":0.95,"lower_bound":22332.561866638393,"upper_bound":54166.19047423353},"point_estimate":40131.5599814333,"standard_error":7939.477861210431}}