{"mean":{"confidence_interval":{"confidence_level":0.95,"lower_bound":8410357.206208339,"upper_bound":8438745.799958333},"point_estimate":8424655.463333335,"standard_error":7239.144061075556},"median":{"confidence_interval":{"confidence_level":0.95,"lower_bound":8415203.25,"upper_bound":8447586.5},"point_estimate":8431660.666666668,"standard_error":8521.130721446441},"median_abs_dev":{"confidence_interval":{"confidence_level":0.95,"lower_bound":44465.15001058671,"upper_bound":82448.24938625189},"point_estimate":59163.02839964398,"standard_error":9339.58257232061},"slope":null,"std_dev":{"confidence_interval":{"confidence_level":0.95,"lower_bound":61140.36169389677,"upper_bound":83606.11439617256},"point_estimate":72771.81854283038,"standard_error":5736.8832869713215}}