{"mean":{"confidence_interval":{"confidence_level":0.95,"lower_bound":17118641.45816667,"upper_bound":17478878.26575001},"point_estimate":17296073.99,"standard_error":91884.15416746888},"median":{"confidence_interval":{"confidence_level":0.95,"lower_bound":16845775.333333332,"upper_bound":17474812.333333332},"point_estimate":17100893.333333336,"standard_error":196928.63095865227},"median_abs_dev":{"confidence_interval":{"confidence_level":0.95,"lower_bound":697444.1854178896,"upper_bound":1197034.41594839},"point_estimate":889145.844614509,"standard_error":125883.17380418384},"slope":null,"std_dev":{"confidence_interval":{"confidence_level":0.95,"lower_bound":799307.8030243795,"upper_bound":1032425.7497700941},"point_estimate":924515.0484267975,"standard_error":59512.914429340315}}