{"mean":{"confidence_interval":{"confidence_level":0.95,"lower_bound":8794063.393625,"upper_bound":8829933.033875003},"point_estimate":8811718.763333332,"standard_error":9136.382213548195},"median":{"confidence_interval":{"confidence_level":0.95,"lower_bound":8777328.333333334,"upper_bound":8820004.0},"point_estimate":8796295.166666668,"standard_error":10936.682680924692},"median_abs_dev":{"confidence_interval":{"confidence_level":0.95,"lower_bound":61306.37376159384,"upper_bound":105377.3992791781},"point_estimate":79727.80198454627,"standard_error":11393.308332329889},"slope":null,"std_dev":{"confidence_interval":{"confidence_level":0.95,"lower_bound":76380.78459650886,"upper_bound":105746.6903473745},"point_estimate":91875.95209734174,"standard_error":7471.900588897621}}