{"mean":{"confidence_interval":{"confidence_level":0.95,"lower_bound":13007807.2685,"upper_bound":13028455.0691875},"point_estimate":13017508.19,"standard_error":5273.968893349918},"median":{"confidence_interval":{"confidence_level":0.95,"lower_bound":12998162.5,"upper_bound":13013900.5},"point_estimate":13003700.125,"standard_error":4791.5931370676135},"median_abs_dev":{"confidence_interval":{"confidence_level":0.95,"lower_bound":27039.287669956684,"upper_bound":44218.55348121375},"point_estimate":38844.67528536916,"standard_error":4427.872529110571},"slope":null,"std_dev":{"confidence_interval":{"confidence_level":0.95,"lower_bound":35938.13418552038,"upper_bound":70113.67495107232},"point_estimate":52994.807831771745,"standard_error":8934.506859495397}}