{"mean":{"confidence_interval":{"confidence_level":0.95,"lower_bound":5697337.752277776,"upper_bound":5711875.264138886},"point_estimate":5704134.510000002,"standard_error":3726.2047130778487},"median":{"confidence_interval":{"confidence_level":0.95,"lower_bound":5690480.333333334,"upper_bound":5698248.0},"point_estimate":5695285.611111111,"standard_error":2003.2853467051473},"median_abs_dev":{"confidence_interval":{"confidence_level":0.95,"lower_bound":12971.679003040303,"upper_bound":20310.13703942299},"point_estimate":17447.07175691938,"standard_error":1912.9129811935497},"slope":null,"std_dev":{"confidence_interval":{"confidence_level":0.95,"lower_bound":24765.79126700362,"upper_bound":47675.147898209005},"point_estimate":37410.42881918743,"standard_error":5848.419887251853}}