{"mean":{"confidence_interval":{"confidence_level":0.95,"lower_bound":7565359.206285717,"upper_bound":7591909.357892856},"point_estimate":7578274.304285717,"standard_error":6773.523454346962},"median":{"confidence_interval":{"confidence_level":0.95,"lower_bound":7552945.571428572,"upper_bound":7580788.571428572},"point_estimate":7563209.928571429,"standard_error":6130.532443725261},"median_abs_dev":{"confidence_interval":{"confidence_level":0.95,"lower_bound":45687.5360388843,"upper_bound":71493.19463074207},"point_estimate":61517.41480784697,"standard_error":6245.800627143483},"slope":null,"std_dev":{"confidence_interval":{"confidence_level":0.95,"lower_bound":53765.194816533076,"upper_bound":81452.55847564094},"point_estimate":68117.80375592927,"standard_error":7096.707319789682}}