{"mean":{"confidence_interval":{"confidence_level":0.95,"lower_bound":5710895.587305558,"upper_bound":5724566.570944446},"point_estimate":5717220.122222223,"standard_error":3498.043695959953},"median":{"confidence_interval":{"confidence_level":0.95,"lower_bound":5704423.888888889,"upper_bound":5713262.777777778},"point_estimate":5708023.333333334,"standard_error":1788.5718361610489},"median_abs_dev":{"confidence_interval":{"confidence_level":0.95,"lower_bound":13012.203402321082,"upper_bound":21471.17755214496},"point_estimate":15900.308151046973,"standard_error":2152.947852450181},"slope":null,"std_dev":{"confidence_interval":{"confidence_level":0.95,"lower_bound":21832.08421763018,"upper_bound":46869.39589753434},"point_estimate":35154.0133023014,"standard_error":6392.8828014398205}}