{"mean":{"confidence_interval":{"confidence_level":0.95,"lower_bound":14832290.52275,"upper_bound":15198153.423249999},"point_estimate":15006329.56,"standard_error":93524.53202735925},"median":{"confidence_interval":{"confidence_level":0.95,"lower_bound":14551463.75,"upper_bound":14928273.5},"point_estimate":14751919.875,"standard_error":92136.2316162013},"median_abs_dev":{"confidence_interval":{"confidence_level":0.95,"lower_bound":452795.66886126995,"upper_bound":811060.0221008062},"point_estimate":662368.9587906003,"standard_error":91476.1059049844},"slope":null,"std_dev":{"confidence_interval":{"confidence_level":0.95,"lower_bound":697534.1642363649,"upper_bound":1151861.469092083},"point_estimate":938475.9313769869,"standard_error":116347.46355905403}}