{"mean":{"confidence_interval":{"confidence_level":0.95,"lower_bound":17938985.858000003,"upper_bound":18229489.53391667},"point_estimate":18079542.61666668,"standard_error":73979.87652552077},"median":{"confidence_interval":{"confidence_level":0.95,"lower_bound":17770732.166666668,"upper_bound":18150047.666666668},"point_estimate":18021764.666666668,"standard_error":107175.85112234631},"median_abs_dev":{"confidence_interval":{"confidence_level":0.95,"lower_bound":472669.3284684456,"upper_bound":839005.932009666},"point_estimate":587966.7794615049,"standard_error":93147.4992883046},"slope":null,"std_dev":{"confidence_interval":{"confidence_level":0.95,"lower_bound":589840.2683386542,"upper_bound":907182.9118504911},"point_estimate":743974.4940271733,"standard_error":82089.80279934172}}