{"mean":{"confidence_interval":{"confidence_level":0.95,"lower_bound":51675.63683155519,"upper_bound":52369.43215969331},"point_estimate":51996.048191844646,"standard_error":177.54157850691882},"median":{"confidence_interval":{"confidence_level":0.95,"lower_bound":51376.90625,"upper_bound":52151.53846153846},"point_estimate":51680.888048552755,"standard_error":163.99477094885665},"median_abs_dev":{"confidence_interval":{"confidence_level":0.95,"lower_bound":996.4773624702798,"upper_bound":1485.887776398},"point_estimate":1287.395388313097,"standard_error":122.12439479409375},"slope":{"confidence_interval":{"confidence_level":0.95,"lower_bound":51629.0012076829,"upper_bound":52332.49656001478},"point_estimate":51974.93068321758,"standard_error":178.98566998580367},"std_dev":{"confidence_interval":{"confidence_level":0.95,"lower_bound":1108.1454958376223,"upper_bound":2503.0346530691836},"point_estimate":1785.0563284187367,"standard_error":379.199362661846}}