{"mean":{"confidence_interval":{"confidence_level":0.95,"lower_bound":15149.574972771403,"upper_bound":15213.381780716289},"point_estimate":15179.834278998129,"standard_error":16.30292928504846},"median":{"confidence_interval":{"confidence_level":0.95,"lower_bound":15118.487841945289,"upper_bound":15186.457525083611},"point_estimate":15148.002022430594,"standard_error":15.403102330911324},"median_abs_dev":{"confidence_interval":{"confidence_level":0.95,"lower_bound":90.45119492048643,"upper_bound":145.69374984982034},"point_estimate":111.25547704579957,"standard_error":13.925534117076717},"slope":{"confidence_interval":{"confidence_level":0.95,"lower_bound":15160.76055433896,"upper_bound":15210.706009955942},"point_estimate":15185.550478160823,"standard_error":12.677573881296635},"std_dev":{"confidence_interval":{"confidence_level":0.95,"lower_bound":115.81407454854251,"upper_bound":210.89721606765508},"point_estimate":163.83087956420573,"standard_error":24.61706513491208}}