{"mean":{"confidence_interval":{"confidence_level":0.95,"lower_bound":47359.22465556037,"upper_bound":48421.90133924407},"point_estimate":47884.40730452455,"standard_error":271.93325039112386},"median":{"confidence_interval":{"confidence_level":0.95,"lower_bound":46859.73161764706,"upper_bound":48051.604745370365},"point_estimate":47502.34941520468,"standard_error":322.58859278823405},"median_abs_dev":{"confidence_interval":{"confidence_level":0.95,"lower_bound":1845.3345305720984,"upper_bound":3186.903443610605},"point_estimate":2514.208316548093,"standard_error":329.27140695284396},"slope":{"confidence_interval":{"confidence_level":0.95,"lower_bound":48359.66301583464,"upper_bound":49541.59663919392},"point_estimate":48950.89035466233,"standard_error":301.54981379844764},"std_dev":{"confidence_interval":{"confidence_level":0.95,"lower_bound":2254.1732315048293,"upper_bound":3167.4329723906662},"point_estimate":2721.675230646315,"standard_error":232.38220051811902}}