{"mean":{"confidence_interval":{"confidence_level":0.95,"lower_bound":15106.335045882302,"upper_bound":15171.370407308441},"point_estimate":15136.730938466319,"standard_error":16.64065982092509},"median":{"confidence_interval":{"confidence_level":0.95,"lower_bound":15078.009685230025,"upper_bound":15107.147537210374},"point_estimate":15091.239332904644,"standard_error":6.5449889286253775},"median_abs_dev":{"confidence_interval":{"confidence_level":0.95,"lower_bound":43.816957085437615,"upper_bound":76.69920438205935},"point_estimate":58.63719571222724,"standard_error":8.178936237880437},"slope":{"confidence_interval":{"confidence_level":0.95,"lower_bound":15097.745834184323,"upper_bound":15173.341902411077},"point_estimate":15131.208141189385,"standard_error":19.48181120929728},"std_dev":{"confidence_interval":{"confidence_level":0.95,"lower_bound":107.9177661074853,"upper_bound":216.67915123670272},"point_estimate":167.8987153279964,"standard_error":27.72687775259516}}