{"mean":{"confidence_interval":{"confidence_level":0.95,"lower_bound":15083.039493073473,"upper_bound":15137.69852116012},"point_estimate":15108.717610340917,"standard_error":14.009675143495013},"median":{"confidence_interval":{"confidence_level":0.95,"lower_bound":15067.717391304348,"upper_bound":15103.384110787172},"point_estimate":15087.964932126697,"standard_error":9.727529893666874},"median_abs_dev":{"confidence_interval":{"confidence_level":0.95,"lower_bound":55.314144963923646,"upper_bound":100.07910332962341},"point_estimate":72.41276458877971,"standard_error":11.573730290080185},"slope":{"confidence_interval":{"confidence_level":0.95,"lower_bound":15087.151717357114,"upper_bound":15169.65796370966},"point_estimate":15124.358919124323,"standard_error":21.235689266649874},"std_dev":{"confidence_interval":{"confidence_level":0.95,"lower_bound":90.06247077012385,"upper_bound":184.64011788422033},"point_estimate":140.88434217114923,"standard_error":24.11124230052659}}