{"mean":{"confidence_interval":{"confidence_level":0.95,"lower_bound":35601.66613486863,"upper_bound":35645.95371574243},"point_estimate":35621.95820495875,"standard_error":11.364278611618666},"median":{"confidence_interval":{"confidence_level":0.95,"lower_bound":35594.4818085855,"upper_bound":35614.198294642854},"point_estimate":35603.519326791706,"standard_error":5.645461441733619},"median_abs_dev":{"confidence_interval":{"confidence_level":0.95,"lower_bound":34.87062167395198,"upper_bound":59.95985689004387},"point_estimate":48.260668468713156,"standard_error":6.448786326161813},"slope":{"confidence_interval":{"confidence_level":0.95,"lower_bound":35603.89814974187,"upper_bound":35618.8859367627},"point_estimate":35611.081457662185,"standard_error":3.810989134597349},"std_dev":{"confidence_interval":{"confidence_level":0.95,"lower_bound":71.19026155200008,"upper_bound":156.4874474822792},"point_estimate":113.96099908482343,"standard_error":22.418364913274633}}