{"mean":{"confidence_interval":{"confidence_level":0.95,"lower_bound":15177.659366011298,"upper_bound":15249.44202581078},"point_estimate":15209.064477668186,"standard_error":18.360630972622587},"median":{"confidence_interval":{"confidence_level":0.95,"lower_bound":15157.816711289603,"upper_bound":15189.323438466296},"point_estimate":15172.989693877551,"standard_error":9.336946634598025},"median_abs_dev":{"confidence_interval":{"confidence_level":0.95,"lower_bound":55.10488726552412,"upper_bound":95.05624714560314},"point_estimate":75.96396894753728,"standard_error":10.684849594598107},"slope":{"confidence_interval":{"confidence_level":0.95,"lower_bound":15173.33324774243,"upper_bound":15248.73548656964},"point_estimate":15206.854341446939,"standard_error":19.347233510219162},"std_dev":{"confidence_interval":{"confidence_level":0.95,"lower_bound":82.83615414492064,"upper_bound":279.17111749360345},"point_estimate":184.1196304550626,"standard_error":53.75677823100247}}