{"mean":{"confidence_interval":{"confidence_level":0.95,"lower_bound":57881.08698521215,"upper_bound":59457.74002403544},"point_estimate":58657.10184280704,"standard_error":403.32537621614483},"median":{"confidence_interval":{"confidence_level":0.95,"lower_bound":57190.31186868687,"upper_bound":58817.98084291188},"point_estimate":58030.54861111111,"standard_error":432.5595402769715},"median_abs_dev":{"confidence_interval":{"confidence_level":0.95,"lower_bound":2709.379095510881,"upper_bound":4680.0879375021605},"point_estimate":3784.150674960037,"standard_error":504.35139463344495},"slope":{"confidence_interval":{"confidence_level":0.95,"lower_bound":58254.08640842794,"upper_bound":59959.23919712256},"point_estimate":59092.14800354662,"standard_error":435.6989137336561},"std_dev":{"confidence_interval":{"confidence_level":0.95,"lower_bound":3402.1790450685257,"upper_bound":4683.326140642939},"point_estimate":4067.748909020188,"standard_error":327.47977703501823}}