{"mean":{"confidence_interval":{"confidence_level":0.95,"lower_bound":15199.404332793265,"upper_bound":15259.072631979141},"point_estimate":15226.058874887292,"standard_error":15.238629893653568},"median":{"confidence_interval":{"confidence_level":0.95,"lower_bound":15207.51367781155,"upper_bound":15234.867346938776},"point_estimate":15223.19146264909,"standard_error":7.35460047754939},"median_abs_dev":{"confidence_interval":{"confidence_level":0.95,"lower_bound":62.94099884070637,"upper_bound":110.26508225486081},"point_estimate":89.6465931908497,"standard_error":11.83639138884178},"slope":{"confidence_interval":{"confidence_level":0.95,"lower_bound":15223.276567541321,"upper_bound":15280.834119757665},"point_estimate":15248.944217104014,"standard_error":14.73424852203556},"std_dev":{"confidence_interval":{"confidence_level":0.95,"lower_bound":86.3845105039641,"upper_bound":227.2582536096344},"point_estimate":152.47995176471113,"standard_error":43.279159202134814}}