{"mean":{"confidence_interval":{"confidence_level":0.95,"lower_bound":40428.17587264265,"upper_bound":41144.59931266026},"point_estimate":40785.90803422808,"standard_error":183.23921550966287},"median":{"confidence_interval":{"confidence_level":0.95,"lower_bound":39993.77976190476,"upper_bound":41537.217998520166},"point_estimate":40684.21218652038,"standard_error":382.57082694874634},"median_abs_dev":{"confidence_interval":{"confidence_level":0.95,"lower_bound":1934.65120519984,"upper_bound":3155.0235839495417},"point_estimate":2896.3434627131496,"standard_error":324.6998917571012},"slope":{"confidence_interval":{"confidence_level":0.95,"lower_bound":39906.44262813744,"upper_bound":40769.941434142456},"point_estimate":40324.09709694104,"standard_error":220.9703830973783},"std_dev":{"confidence_interval":{"confidence_level":0.95,"lower_bound":1703.4767952683005,"upper_bound":1965.2429730993174},"point_estimate":1846.8310787203075,"standard_error":66.6853900725429}}