{"mean":{"confidence_interval":{"confidence_level":0.95,"lower_bound":71836.66505412631,"upper_bound":75686.06170072801},"point_estimate":73753.45173354328,"standard_error":986.010733671692},"median":{"confidence_interval":{"confidence_level":0.95,"lower_bound":68741.73630136986,"upper_bound":76692.88793103448},"point_estimate":73623.86058057172,"standard_error":1977.0125082562677},"median_abs_dev":{"confidence_interval":{"confidence_level":0.95,"lower_bound":9450.955447368038,"upper_bound":16880.259992905434},"point_estimate":15759.515122081948,"standard_error":2041.1153877041056},"slope":{"confidence_interval":{"confidence_level":0.95,"lower_bound":74130.31481660708,"upper_bound":78359.12127634893},"point_estimate":76269.6253376681,"standard_error":1079.5978160348538},"std_dev":{"confidence_interval":{"confidence_level":0.95,"lower_bound":9123.782950178183,"upper_bound":10532.978497160891},"point_estimate":9911.750611859303,"standard_error":359.720316034222}}