{"mean":{"confidence_interval":{"confidence_level":0.95,"lower_bound":15043.010640715305,"upper_bound":15075.64858173468},"point_estimate":15058.878152215737,"standard_error":8.319893352441758},"median":{"confidence_interval":{"confidence_level":0.95,"lower_bound":15034.833697839209,"upper_bound":15071.794107457798},"point_estimate":15055.682571814152,"standard_error":7.939810319049008},"median_abs_dev":{"confidence_interval":{"confidence_level":0.95,"lower_bound":55.57486571830806,"upper_bound":94.34602293255737},"point_estimate":73.29679332379732,"standard_error":10.079815593025808},"slope":{"confidence_interval":{"confidence_level":0.95,"lower_bound":15063.403443354153,"upper_bound":15091.509995909848},"point_estimate":15077.199567649728,"standard_error":7.184547484903266},"std_dev":{"confidence_interval":{"confidence_level":0.95,"lower_bound":67.47152215336214,"upper_bound":98.45534559763443},"point_estimate":83.29050694485711,"standard_error":7.943748771955485}}