{"mean":{"confidence_interval":{"confidence_level":0.95,"lower_bound":59483.822645378794,"upper_bound":63819.42674857579},"point_estimate":61299.2093386072,"standard_error":1124.2908630200645},"median":{"confidence_interval":{"confidence_level":0.95,"lower_bound":58391.31111111111,"upper_bound":59639.490196078434},"point_estimate":59129.18864144002,"standard_error":308.3306430326793},"median_abs_dev":{"confidence_interval":{"confidence_level":0.95,"lower_bound":1940.0623730570107,"upper_bound":3233.7148928226397},"point_estimate":2608.3248890647114,"standard_error":336.4036734236135},"slope":{"confidence_interval":{"confidence_level":0.95,"lower_bound":59710.37299645133,"upper_bound":62254.73312988282},"point_estimate":60880.7034077139,"standard_error":653.8684029361862},"std_dev":{"confidence_interval":{"confidence_level":0.95,"lower_bound":3685.7221348782487,"upper_bound":17776.60787639582},"point_estimate":11265.380902952234,"standard_error":3963.3178011589926}}