{"mean":{"confidence_interval":{"confidence_level":0.95,"lower_bound":15100.061187706791,"upper_bound":15135.812770469352},"point_estimate":15116.667054721676,"standard_error":9.152902027295534},"median":{"confidence_interval":{"confidence_level":0.95,"lower_bound":15089.97346815314,"upper_bound":15120.222402597403},"point_estimate":15102.592828798186,"standard_error":7.435057455940328},"median_abs_dev":{"confidence_interval":{"confidence_level":0.95,"lower_bound":40.71584484166598,"upper_bound":70.40679571189123},"point_estimate":54.426822670094865,"standard_error":7.468384299114465},"slope":{"confidence_interval":{"confidence_level":0.95,"lower_bound":15103.00827745921,"upper_bound":15123.70624017053},"point_estimate":15113.427934725241,"standard_error":5.292104637658835},"std_dev":{"confidence_interval":{"confidence_level":0.95,"lower_bound":58.42909415777727,"upper_bound":125.15323671087323},"point_estimate":91.98827781290484,"standard_error":17.490853536970338}}