{"mean":{"confidence_interval":{"confidence_level":0.95,"lower_bound":44278.710859945466,"upper_bound":44937.859633954016},"point_estimate":44597.62472882951,"standard_error":168.5572192711658},"median":{"confidence_interval":{"confidence_level":0.95,"lower_bound":43860.2519426457,"upper_bound":44342.38},"point_estimate":44131.78857858933,"standard_error":143.41987613341962},"median_abs_dev":{"confidence_interval":{"confidence_level":0.95,"lower_bound":685.867171547296,"upper_bound":1318.0210568288053},"point_estimate":1017.9412255653475,"standard_error":166.16531407113916},"slope":{"confidence_interval":{"confidence_level":0.95,"lower_bound":44218.068453702,"upper_bound":45018.41361502515},"point_estimate":44587.19163351559,"standard_error":204.99215517235476},"std_dev":{"confidence_interval":{"confidence_level":0.95,"lower_bound":1319.8859073314268,"upper_bound":2037.1874014336167},"point_estimate":1696.3235446339802,"standard_error":183.14754394808065}}