{"mean":{"confidence_interval":{"confidence_level":0.95,"lower_bound":14178.074204675146,"upper_bound":14314.856781987606},"point_estimate":14244.462142437562,"standard_error":35.01144102386323},"median":{"confidence_interval":{"confidence_level":0.95,"lower_bound":14089.525405007364,"upper_bound":14192.406764318632},"point_estimate":14122.610431128973,"standard_error":29.685767026703545},"median_abs_dev":{"confidence_interval":{"confidence_level":0.95,"lower_bound":178.25047147657094,"upper_bound":301.87612132728606},"point_estimate":223.76129229205546,"standard_error":31.213196863246814},"slope":{"confidence_interval":{"confidence_level":0.95,"lower_bound":14149.16477726253,"upper_bound":14288.688532270387},"point_estimate":14216.526591230551,"standard_error":35.71697862863027},"std_dev":{"confidence_interval":{"confidence_level":0.95,"lower_bound":285.0665879818785,"upper_bound":407.49538047942804},"point_estimate":352.3150482635705,"standard_error":31.256442923863123}}