{"mean":{"confidence_interval":{"confidence_level":0.95,"lower_bound":15023.767929790849,"upper_bound":15050.213070809257},"point_estimate":15035.856929070202,"standard_error":6.780746872279649},"median":{"confidence_interval":{"confidence_level":0.95,"lower_bound":15014.173319327732,"upper_bound":15032.683929692404},"point_estimate":15024.91506153023,"standard_error":4.81950031133753},"median_abs_dev":{"confidence_interval":{"confidence_level":0.95,"lower_bound":32.49244689566957,"upper_bound":54.73435308904373},"point_estimate":44.990178258029054,"standard_error":5.917648905789673},"slope":{"confidence_interval":{"confidence_level":0.95,"lower_bound":15023.361765578305,"upper_bound":15039.592247918787},"point_estimate":15031.516900926767,"standard_error":4.123407030271843},"std_dev":{"confidence_interval":{"confidence_level":0.95,"lower_bound":40.81364420323062,"upper_bound":96.25822078198978},"point_estimate":67.92380119308353,"standard_error":15.09619786416262}}