{"mean":{"confidence_interval":{"confidence_level":0.95,"lower_bound":70016.22302367628,"upper_bound":73043.22149575857},"point_estimate":71513.85053732576,"standard_error":773.8240764117652},"median":{"confidence_interval":{"confidence_level":0.95,"lower_bound":67156.61985294118,"upper_bound":73957.75},"point_estimate":71703.89696428573,"standard_error":1758.4063685605074},"median_abs_dev":{"confidence_interval":{"confidence_level":0.95,"lower_bound":6401.979924857031,"upper_bound":12793.190104328956},"point_estimate":11175.270230069858,"standard_error":1641.1356150133442},"slope":{"confidence_interval":{"confidence_level":0.95,"lower_bound":73014.22944865089,"upper_bound":75967.54713609898},"point_estimate":74501.37936013004,"standard_error":755.0509012403991},"std_dev":{"confidence_interval":{"confidence_level":0.95,"lower_bound":6933.707027943623,"upper_bound":8500.329139944315},"point_estimate":7772.562247313004,"standard_error":400.19825308835414}}