{"mean":{"confidence_interval":{"confidence_level":0.95,"lower_bound":35730.36052245534,"upper_bound":35773.28256271005},"point_estimate":35749.22346289119,"standard_error":11.010017839185359},"median":{"confidence_interval":{"confidence_level":0.95,"lower_bound":35731.47012987013,"upper_bound":35747.2841954023},"point_estimate":35737.8455465587,"standard_error":3.9841549873807662},"median_abs_dev":{"confidence_interval":{"confidence_level":0.95,"lower_bound":29.04715583419713,"upper_bound":74.13208841135477},"point_estimate":50.372654228999124,"standard_error":11.84816493191604},"slope":{"confidence_interval":{"confidence_level":0.95,"lower_bound":35740.06775919044,"upper_bound":35756.11692694965},"point_estimate":35747.48379252254,"standard_error":4.092071079472034},"std_dev":{"confidence_interval":{"confidence_level":0.95,"lower_bound":55.40886443791507,"upper_bound":166.9370827760261},"point_estimate":110.6669169804235,"standard_error":32.534137583409674}}