{"mean":{"confidence_interval":{"confidence_level":0.95,"lower_bound":318459.46353972296,"upper_bound":322950.7973111702},"point_estimate":320649.4074775097,"standard_error":1146.772877191586},"median":{"confidence_interval":{"confidence_level":0.95,"lower_bound":318452.61991392804,"upper_bound":322054.92747747747},"point_estimate":320390.88604336046,"standard_error":985.9631643838159},"median_abs_dev":{"confidence_interval":{"confidence_level":0.95,"lower_bound":6807.455495961701,"upper_bound":10508.270579384203},"point_estimate":8672.612788144093,"standard_error":902.9441594289186},"slope":{"confidence_interval":{"confidence_level":0.95,"lower_bound":319767.2133856533,"upper_bound":325204.8075392421},"point_estimate":322374.0973621989,"standard_error":1387.8939496858757},"std_dev":{"confidence_interval":{"confidence_level":0.95,"lower_bound":8876.3830956884,"upper_bound":13907.564025957257},"point_estimate":11497.66807486793,"standard_error":1290.570741260606}}