{"mean":{"confidence_interval":{"confidence_level":0.95,"lower_bound":145829.9664644505,"upper_bound":146528.62440332831},"point_estimate":146171.4689948776,"standard_error":179.84253661824732},"median":{"confidence_interval":{"confidence_level":0.95,"lower_bound":145014.52717391305,"upper_bound":145579.8854967949},"point_estimate":145111.77281746033,"standard_error":189.45423170855614},"median_abs_dev":{"confidence_interval":{"confidence_level":0.95,"lower_bound":520.0111852991998,"upper_bound":1704.1499329408632},"point_estimate":778.3876203407774,"standard_error":319.19602114080226},"slope":{"confidence_interval":{"confidence_level":0.95,"lower_bound":144937.84967634437,"upper_bound":145145.73360317588},"point_estimate":145033.04221146743,"standard_error":52.81150308108299},"std_dev":{"confidence_interval":{"confidence_level":0.95,"lower_bound":1559.5454721609508,"upper_bound":2018.6582132660421},"point_estimate":1805.3855746155364,"standard_error":116.71735000223701}}