{"mean":{"confidence_interval":{"confidence_level":0.95,"lower_bound":171603.5851739502,"upper_bound":172912.72443390175},"point_estimate":172233.00047728038,"standard_error":335.42859903068995},"median":{"confidence_interval":{"confidence_level":0.95,"lower_bound":170978.19375,"upper_bound":172062.30639730638},"point_estimate":171431.58769153897,"standard_error":287.9218961661722},"median_abs_dev":{"confidence_interval":{"confidence_level":0.95,"lower_bound":1804.2277318825911,"upper_bound":3001.510056212539},"point_estimate":2565.775411591231,"standard_error":301.8405671299433},"slope":{"confidence_interval":{"confidence_level":0.95,"lower_bound":170435.9504431298,"upper_bound":171221.04564787375},"point_estimate":170812.57683907196,"standard_error":199.79866526156354},"std_dev":{"confidence_interval":{"confidence_level":0.95,"lower_bound":2459.2766954694853,"upper_bound":4285.0574807172725},"point_estimate":3359.8189608613447,"standard_error":474.35619739731374}}