{"mean":{"confidence_interval":{"confidence_level":0.95,"lower_bound":146271.16666677172,"upper_bound":146922.2242985384},"point_estimate":146587.09093141643,"standard_error":166.08559473869764},"median":{"confidence_interval":{"confidence_level":0.95,"lower_bound":145468.37119815667,"upper_bound":146325.26112194257},"point_estimate":145669.79499999998,"standard_error":200.77602790355837},"median_abs_dev":{"confidence_interval":{"confidence_level":0.95,"lower_bound":458.63381663885673,"upper_bound":1717.8553932393504},"point_estimate":809.1506917797265,"standard_error":299.9190036827046},"slope":{"confidence_interval":{"confidence_level":0.95,"lower_bound":145493.08407250213,"upper_bound":145706.4874527552},"point_estimate":145592.09964681542,"standard_error":54.564154209427926},"std_dev":{"confidence_interval":{"confidence_level":0.95,"lower_bound":1396.9621684980498,"upper_bound":1927.0281395442087},"point_estimate":1659.4077156389797,"standard_error":136.34109105943847}}