{"mean":{"confidence_interval":{"confidence_level":0.95,"lower_bound":146182.3044087303,"upper_bound":146947.7826057718},"point_estimate":146556.87926405665,"standard_error":195.4234453805589},"median":{"confidence_interval":{"confidence_level":0.95,"lower_bound":145244.75,"upper_bound":146060.1689885691},"point_estimate":145597.85095856525,"standard_error":232.77293623497985},"median_abs_dev":{"confidence_interval":{"confidence_level":0.95,"lower_bound":635.1505353905035,"upper_bound":1984.5811163113929},"point_estimate":1177.5895015691642,"standard_error":346.9232488022159},"slope":{"confidence_interval":{"confidence_level":0.95,"lower_bound":145257.7291037809,"upper_bound":145491.85292032076},"point_estimate":145367.11546032215,"standard_error":59.40862489678192},"std_dev":{"confidence_interval":{"confidence_level":0.95,"lower_bound":1681.6626162333544,"upper_bound":2188.6806717172853},"point_estimate":1954.4651352412288,"standard_error":128.96062262396126}}