{"mean":{"confidence_interval":{"confidence_level":0.95,"lower_bound":108224.07817969333,"upper_bound":109121.5024474168},"point_estimate":108614.05643919171,"standard_error":230.1802429368482},"median":{"confidence_interval":{"confidence_level":0.95,"lower_bound":107890.88020833333,"upper_bound":108371.20071684588},"point_estimate":108113.30502392344,"standard_error":117.59548320967876},"median_abs_dev":{"confidence_interval":{"confidence_level":0.95,"lower_bound":850.6935338102082,"upper_bound":1531.0374390492718},"point_estimate":1218.9205187444497,"standard_error":165.196601992634},"slope":{"confidence_interval":{"confidence_level":0.95,"lower_bound":107971.77236147957,"upper_bound":108865.50679203964},"point_estimate":108371.25210777794,"standard_error":228.9873478748919},"std_dev":{"confidence_interval":{"confidence_level":0.95,"lower_bound":1128.5036991159373,"upper_bound":3510.9667901131447},"point_estimate":2316.6865439307726,"standard_error":698.8098959981495}}