{"mean":{"confidence_interval":{"confidence_level":0.95,"lower_bound":177246.6511451217,"upper_bound":180206.27333376522},"point_estimate":178676.8282679874,"standard_error":755.8286210435067},"median":{"confidence_interval":{"confidence_level":0.95,"lower_bound":175639.00766509434,"upper_bound":179807.02869415807},"point_estimate":178710.3134920635,"standard_error":1132.0092435241822},"median_abs_dev":{"confidence_interval":{"confidence_level":0.95,"lower_bound":5771.806999196606,"upper_bound":8452.152289175088},"point_estimate":7529.929902879516,"standard_error":692.2940920165834},"slope":{"confidence_interval":{"confidence_level":0.95,"lower_bound":177316.92943714664,"upper_bound":181339.13321723556},"point_estimate":179250.99379710358,"standard_error":1027.7258724499532},"std_dev":{"confidence_interval":{"confidence_level":0.95,"lower_bound":5853.012975560119,"upper_bound":9330.228855648755},"point_estimate":7587.461571788503,"standard_error":901.31238800607}}