{"mean":{"confidence_interval":{"confidence_level":0.95,"lower_bound":107429.74594822602,"upper_bound":107758.57426719432},"point_estimate":107593.93928981511,"standard_error":83.79215402869872},"median":{"confidence_interval":{"confidence_level":0.95,"lower_bound":107411.52332427536,"upper_bound":107884.91764705883},"point_estimate":107710.66895604396,"standard_error":111.36990470461103},"median_abs_dev":{"confidence_interval":{"confidence_level":0.95,"lower_bound":701.9353482734343,"upper_bound":1178.599369770122},"point_estimate":1005.4977052440807,"standard_error":128.5415681542757},"slope":{"confidence_interval":{"confidence_level":0.95,"lower_bound":107315.60052679686,"upper_bound":107660.76941194016},"point_estimate":107496.29799615782,"standard_error":88.35796025197465},"std_dev":{"confidence_interval":{"confidence_level":0.95,"lower_bound":746.9170794909103,"upper_bound":929.2043448415915},"point_estimate":843.559052707513,"standard_error":46.412380691139596}}