{"mean":{"confidence_interval":{"confidence_level":0.95,"lower_bound":147044.00093038593,"upper_bound":147682.14828056504},"point_estimate":147357.7177802109,"standard_error":162.6089179912923},"median":{"confidence_interval":{"confidence_level":0.95,"lower_bound":146359.05789473685,"upper_bound":147063.95},"point_estimate":146479.55924066243,"standard_error":206.7026702365784},"median_abs_dev":{"confidence_interval":{"confidence_level":0.95,"lower_bound":707.8612547280229,"upper_bound":1929.9894157313163},"point_estimate":981.909162577848,"standard_error":336.152863147605},"slope":{"confidence_interval":{"confidence_level":0.95,"lower_bound":146253.7952819827,"upper_bound":146498.47641910272},"point_estimate":146368.9568272499,"standard_error":62.216517765357644},"std_dev":{"confidence_interval":{"confidence_level":0.95,"lower_bound":1436.4511562670616,"upper_bound":1783.2528911088284},"point_estimate":1624.2199826154156,"standard_error":88.3780173037061}}