{"mean":{"confidence_interval":{"confidence_level":0.95,"lower_bound":163281.28908080363,"upper_bound":171382.76561898453},"point_estimate":167093.41389519663,"standard_error":2071.0842661896077},"median":{"confidence_interval":{"confidence_level":0.95,"lower_bound":160646.99104826152,"upper_bound":168349.62878787878},"point_estimate":163663.85353641456,"standard_error":2165.594147964031},"median_abs_dev":{"confidence_interval":{"confidence_level":0.95,"lower_bound":11880.76269985016,"upper_bound":19606.946049407117},"point_estimate":15014.937359657073,"standard_error":1976.4083468838987},"slope":{"confidence_interval":{"confidence_level":0.95,"lower_bound":157406.7278473675,"upper_bound":164399.88763273953},"point_estimate":160697.9857743461,"standard_error":1789.5585192483752},"std_dev":{"confidence_interval":{"confidence_level":0.95,"lower_bound":14240.117336039673,"upper_bound":27776.800679978343},"point_estimate":20816.924884574026,"standard_error":3606.522989719996}}