{"mean":{"confidence_interval":{"confidence_level":0.95,"lower_bound":147119.1313176374,"upper_bound":147797.4103246732},"point_estimate":147451.48693944816,"standard_error":173.66763138232642},"median":{"confidence_interval":{"confidence_level":0.95,"lower_bound":146287.984375,"upper_bound":146820.0837264151},"point_estimate":146459.04018485913,"standard_error":200.18092248541308},"median_abs_dev":{"confidence_interval":{"confidence_level":0.95,"lower_bound":513.7851668439822,"upper_bound":1681.4228076487636},"point_estimate":830.0679910947053,"standard_error":325.82690327573516},"slope":{"confidence_interval":{"confidence_level":0.95,"lower_bound":146260.26711725618,"upper_bound":146487.2511328731},"point_estimate":146367.48591768878,"standard_error":58.01512454032725},"std_dev":{"confidence_interval":{"confidence_level":0.95,"lower_bound":1535.6848097059858,"upper_bound":1913.4944678198965},"point_estimate":1741.7419489897018,"standard_error":96.02716801234097}}