{"mean":{"confidence_interval":{"confidence_level":0.95,"lower_bound":108056.39741082351,"upper_bound":108470.26056449526},"point_estimate":108259.32389426538,"standard_error":105.14964266071478},"median":{"confidence_interval":{"confidence_level":0.95,"lower_bound":107991.24838383839,"upper_bound":108366.91344646057},"point_estimate":108117.54234747207,"standard_error":105.86819321165105},"median_abs_dev":{"confidence_interval":{"confidence_level":0.95,"lower_bound":797.0769116148084,"upper_bound":1369.1983461219615},"point_estimate":1159.1663259725676,"standard_error":140.86569030602487},"slope":{"confidence_interval":{"confidence_level":0.95,"lower_bound":107731.24813753025,"upper_bound":108028.93522306535},"point_estimate":107885.35585340623,"standard_error":76.09812064049524},"std_dev":{"confidence_interval":{"confidence_level":0.95,"lower_bound":898.3720804985497,"upper_bound":1199.7584416915809},"point_estimate":1055.61174106024,"standard_error":77.16417345585508}}