{"mean":{"confidence_interval":{"confidence_level":0.95,"lower_bound":108396.15131466143,"upper_bound":108894.83936428971},"point_estimate":108636.92989377046,"standard_error":127.0695990916688},"median":{"confidence_interval":{"confidence_level":0.95,"lower_bound":108256.82352941176,"upper_bound":108663.841991342},"point_estimate":108385.1245210728,"standard_error":98.28896850136985},"median_abs_dev":{"confidence_interval":{"confidence_level":0.95,"lower_bound":655.6097329623059,"upper_bound":1104.219003453978},"point_estimate":880.6973143239335,"standard_error":113.49245068976299},"slope":{"confidence_interval":{"confidence_level":0.95,"lower_bound":108169.94243052688,"upper_bound":108549.77779889939},"point_estimate":108357.90220629526,"standard_error":96.76391199615263},"std_dev":{"confidence_interval":{"confidence_level":0.95,"lower_bound":983.4101082298623,"upper_bound":1555.6621727000054},"point_estimate":1276.3702264950489,"standard_error":147.0017071986255}}