{"mean":{"confidence_interval":{"confidence_level":0.95,"lower_bound":310639.2617803971,"upper_bound":311694.33517571137},"point_estimate":311199.4482210985,"standard_error":269.29997738732936},"median":{"confidence_interval":{"confidence_level":0.95,"lower_bound":311645.3488372093,"upper_bound":312391.5306122449},"point_estimate":311999.792721519,"standard_error":201.9233542204224},"median_abs_dev":{"confidence_interval":{"confidence_level":0.95,"lower_bound":859.9132240775158,"upper_bound":1656.081734079096},"point_estimate":1194.647697513751,"standard_error":214.29723895273472},"slope":{"confidence_interval":{"confidence_level":0.95,"lower_bound":311328.27379099885,"upper_bound":311998.93848937657},"point_estimate":311674.1065050983,"standard_error":172.09454945186744},"std_dev":{"confidence_interval":{"confidence_level":0.95,"lower_bound":1830.7134831673377,"upper_bound":3543.631170215734},"point_estimate":2690.091740270377,"standard_error":445.90277741366623}}