{"mean":{"confidence_interval":{"confidence_level":0.95,"lower_bound":107766.49183405215,"upper_bound":108190.07657506979},"point_estimate":107977.4377776803,"standard_error":108.28132177612346},"median":{"confidence_interval":{"confidence_level":0.95,"lower_bound":107665.12765957447,"upper_bound":108142.02918719212},"point_estimate":107930.58801694651,"standard_error":120.91185131615738},"median_abs_dev":{"confidence_interval":{"confidence_level":0.95,"lower_bound":683.3132870327013,"upper_bound":1119.8330900831456},"point_estimate":887.822093850515,"standard_error":111.8552146472506},"slope":{"confidence_interval":{"confidence_level":0.95,"lower_bound":107678.24923081546,"upper_bound":108142.90508342568},"point_estimate":107898.42727550367,"standard_error":118.34191525357491},"std_dev":{"confidence_interval":{"confidence_level":0.95,"lower_bound":874.0630866976595,"upper_bound":1287.5254284655089},"point_estimate":1087.883247908519,"standard_error":105.66383865322761}}