{"mean":{"confidence_interval":{"confidence_level":0.95,"lower_bound":140159.26103064904,"upper_bound":143187.83604422773},"point_estimate":141621.28318308035,"standard_error":770.0767465066363},"median":{"confidence_interval":{"confidence_level":0.95,"lower_bound":138975.66315903197,"upper_bound":141185.5294642857},"point_estimate":140133.77151898734,"standard_error":636.294883597449},"median_abs_dev":{"confidence_interval":{"confidence_level":0.95,"lower_bound":4224.167358318146,"upper_bound":6761.636731587841},"point_estimate":5485.0163112339105,"standard_error":649.0439261154561},"slope":{"confidence_interval":{"confidence_level":0.95,"lower_bound":139421.9785156822,"upper_bound":144038.90936151904},"point_estimate":141607.9780375351,"standard_error":1180.795404240372},"std_dev":{"confidence_interval":{"confidence_level":0.95,"lower_bound":5799.6113611927085,"upper_bound":9305.891525553008},"point_estimate":7707.614485405884,"standard_error":893.7938806921458}}