{"mean":{"confidence_interval":{"confidence_level":0.95,"lower_bound":113129.15453415316,"upper_bound":113700.38117651586},"point_estimate":113413.3947849204,"standard_error":145.22158402828742},"median":{"confidence_interval":{"confidence_level":0.95,"lower_bound":113084.79078014185,"upper_bound":113631.51944444445},"point_estimate":113386.60241935484,"standard_error":135.54157267589255},"median_abs_dev":{"confidence_interval":{"confidence_level":0.95,"lower_bound":1066.5704241805277,"upper_bound":1700.445693376273},"point_estimate":1393.833996599532,"standard_error":161.10576103573868},"slope":{"confidence_interval":{"confidence_level":0.95,"lower_bound":112717.14499232377,"upper_bound":113299.69201765337},"point_estimate":113001.39998078912,"standard_error":148.5676566640675},"std_dev":{"confidence_interval":{"confidence_level":0.95,"lower_bound":1201.0316649904232,"upper_bound":1707.6084459445547},"point_estimate":1458.7491597210483,"standard_error":129.8482631622149}}