{"mean":{"confidence_interval":{"confidence_level":0.95,"lower_bound":107886.38819708786,"upper_bound":108373.63616675828},"point_estimate":108125.17044164048,"standard_error":124.83789272718364},"median":{"confidence_interval":{"confidence_level":0.95,"lower_bound":107942.05612244898,"upper_bound":108339.34761904762},"point_estimate":108141.9269541936,"standard_error":120.40563493450006},"median_abs_dev":{"confidence_interval":{"confidence_level":0.95,"lower_bound":666.150700673461,"upper_bound":1322.3238222924829},"point_estimate":958.3827194850691,"standard_error":169.8071479935274},"slope":{"confidence_interval":{"confidence_level":0.95,"lower_bound":107787.80077307876,"upper_bound":108328.09666521172},"point_estimate":108053.16823013645,"standard_error":137.66722642896806},"std_dev":{"confidence_interval":{"confidence_level":0.95,"lower_bound":1023.9942291565874,"upper_bound":1467.691600642622},"point_estimate":1253.9430852477083,"standard_error":113.20886254542282}}