{"mean":{"confidence_interval":{"confidence_level":0.95,"lower_bound":147035.32946636222,"upper_bound":147861.01367204334},"point_estimate":147438.35466950297,"standard_error":211.50773520905915},"median":{"confidence_interval":{"confidence_level":0.95,"lower_bound":146072.5898919753,"upper_bound":146683.86555330636},"point_estimate":146255.87100883154,"standard_error":229.57261026691742},"median_abs_dev":{"confidence_interval":{"confidence_level":0.95,"lower_bound":592.2170802091885,"upper_bound":2002.4504291516155},"point_estimate":890.0796718489373,"standard_error":380.0913695128804},"slope":{"confidence_interval":{"confidence_level":0.95,"lower_bound":146008.39113428144,"upper_bound":146255.40472132765},"point_estimate":146122.07428328655,"standard_error":63.108634173916215},"std_dev":{"confidence_interval":{"confidence_level":0.95,"lower_bound":1777.4558125399215,"upper_bound":2535.084592399066},"point_estimate":2135.777729097724,"standard_error":198.38194204557686}}