{"mean":{"confidence_interval":{"confidence_level":0.95,"lower_bound":108346.80470072998,"upper_bound":108962.29044003416},"point_estimate":108642.31662003294,"standard_error":157.85425114207177},"median":{"confidence_interval":{"confidence_level":0.95,"lower_bound":108070.54494382022,"upper_bound":108523.32034632035},"point_estimate":108369.63593730718,"standard_error":115.72738924199564},"median_abs_dev":{"confidence_interval":{"confidence_level":0.95,"lower_bound":917.3418939190094,"upper_bound":1500.2314153858467},"point_estimate":1258.6416364339095,"standard_error":146.9797005748774},"slope":{"confidence_interval":{"confidence_level":0.95,"lower_bound":107983.28342267146,"upper_bound":108761.09684664827},"point_estimate":108341.69946308063,"standard_error":199.48082110768445},"std_dev":{"confidence_interval":{"confidence_level":0.95,"lower_bound":1224.5950670266225,"upper_bound":1921.0478981446954},"point_estimate":1578.2766085042529,"standard_error":179.8247757457794}}