{"mean":{"confidence_interval":{"confidence_level":0.95,"lower_bound":175592.2950834217,"upper_bound":180408.52200911462},"point_estimate":177912.0930808758,"standard_error":1230.6448600654317},"median":{"confidence_interval":{"confidence_level":0.95,"lower_bound":172699.95054945056,"upper_bound":177877.6841074537},"point_estimate":174915.28486135957,"standard_error":1499.2285258040533},"median_abs_dev":{"confidence_interval":{"confidence_level":0.95,"lower_bound":7511.5833367831865,"upper_bound":13065.90376807751},"point_estimate":10220.134861508037,"standard_error":1501.7386931215085},"slope":{"confidence_interval":{"confidence_level":0.95,"lower_bound":170222.6681351693,"upper_bound":173807.25469189923},"point_estimate":171907.6956568642,"standard_error":914.5690001235955},"std_dev":{"confidence_interval":{"confidence_level":0.95,"lower_bound":9485.053534151823,"upper_bound":15804.064829081415},"point_estimate":12428.61587842707,"standard_error":1697.9103179457995}}