{"mean":{"confidence_interval":{"confidence_level":0.95,"lower_bound":134433.12667821895,"upper_bound":136050.0481716051},"point_estimate":135201.89441207916,"standard_error":413.7000909374469},"median":{"confidence_interval":{"confidence_level":0.95,"lower_bound":133441.17334217508,"upper_bound":134833.44545454544},"point_estimate":133987.56224489794,"standard_error":346.43165217625784},"median_abs_dev":{"confidence_interval":{"confidence_level":0.95,"lower_bound":1985.993019156078,"upper_bound":3607.1911810396505},"point_estimate":2460.5273233355656,"standard_error":434.22131908456254},"slope":{"confidence_interval":{"confidence_level":0.95,"lower_bound":133516.6504063283,"upper_bound":134859.40861246813},"point_estimate":134145.94022343727,"standard_error":343.4317550375188},"std_dev":{"confidence_interval":{"confidence_level":0.95,"lower_bound":3174.248516840263,"upper_bound":5030.830933982038},"point_estimate":4155.409084515199,"standard_error":474.4922833040763}}