{"mean":{"confidence_interval":{"confidence_level":0.95,"lower_bound":80640.1801046508,"upper_bound":84403.44055668535},"point_estimate":82481.93660716883,"standard_error":960.6523199813355},"median":{"confidence_interval":{"confidence_level":0.95,"lower_bound":77052.82448537379,"upper_bound":80126.32371794872},"point_estimate":77566.14247557998,"standard_error":825.9984167967208},"median_abs_dev":{"confidence_interval":{"confidence_level":0.95,"lower_bound":1478.073532042977,"upper_bound":7032.539172777647},"point_estimate":3142.3630463568925,"standard_error":1415.1249856109011},"slope":{"confidence_interval":{"confidence_level":0.95,"lower_bound":81547.27243470136,"upper_bound":85375.54478753524},"point_estimate":83385.35781928136,"standard_error":977.9322119610385},"std_dev":{"confidence_interval":{"confidence_level":0.95,"lower_bound":7970.7482010241165,"upper_bound":11168.166610420618},"point_estimate":9656.827051119491,"standard_error":817.5581855843519}}