{"mean":{"confidence_interval":{"confidence_level":0.95,"lower_bound":104861.85393833692,"upper_bound":107177.69763384794},"point_estimate":106167.01326110611,"standard_error":598.0259363574762},"median":{"confidence_interval":{"confidence_level":0.95,"lower_bound":106863.90810886644,"upper_bound":107510.59325396825},"point_estimate":107033.62446370721,"standard_error":143.35059105797498},"median_abs_dev":{"confidence_interval":{"confidence_level":0.95,"lower_bound":897.7083574064067,"upper_bound":2285.1600032632987},"point_estimate":1480.8892311163695,"standard_error":381.81750085542444},"slope":{"confidence_interval":{"confidence_level":0.95,"lower_bound":107604.32607552788,"upper_bound":108369.90929937028},"point_estimate":107979.62723708192,"standard_error":196.13291424576724},"std_dev":{"confidence_interval":{"confidence_level":0.95,"lower_bound":2490.945487092486,"upper_bound":9232.144159223391},"point_estimate":6051.447104045714,"standard_error":1844.793332383342}}