{"mean":{"confidence_interval":{"confidence_level":0.95,"lower_bound":75641.51661693209,"upper_bound":76857.3294654167},"point_estimate":76331.31332169952,"standard_error":313.2370573414226},"median":{"confidence_interval":{"confidence_level":0.95,"lower_bound":76736.72420262665,"upper_bound":76948.45374878286},"point_estimate":76796.32421104537,"standard_error":60.51007015046448},"median_abs_dev":{"confidence_interval":{"confidence_level":0.95,"lower_bound":324.34019289155833,"upper_bound":635.2181758253274},"point_estimate":472.0245792091031,"standard_error":81.06983223103673},"slope":{"confidence_interval":{"confidence_level":0.95,"lower_bound":77086.96871368725,"upper_bound":77611.1640525675},"point_estimate":77328.61047458822,"standard_error":135.2536565422873},"std_dev":{"confidence_interval":{"confidence_level":0.95,"lower_bound":1348.1570297621147,"upper_bound":4848.755693833347},"point_estimate":3145.6545521839357,"standard_error":1009.5596357840385}}