{"mean":{"confidence_interval":{"confidence_level":0.95,"lower_bound":75753.80717294988,"upper_bound":76979.97273937248},"point_estimate":76445.90180958126,"standard_error":315.2005089792836},"median":{"confidence_interval":{"confidence_level":0.95,"lower_bound":76790.06781376518,"upper_bound":76924.23076923077},"point_estimate":76845.36017628205,"standard_error":34.25960531323801},"median_abs_dev":{"confidence_interval":{"confidence_level":0.95,"lower_bound":393.62839224247375,"upper_bound":713.3341125117532},"point_estimate":546.4497893487201,"standard_error":76.73296498134975},"slope":{"confidence_interval":{"confidence_level":0.95,"lower_bound":77114.09769162182,"upper_bound":77620.8373424145},"point_estimate":77345.4294619818,"standard_error":130.3439067640585},"std_dev":{"confidence_interval":{"confidence_level":0.95,"lower_bound":1452.0468502822741,"upper_bound":4798.106065721897},"point_estimate":3166.398622269365,"standard_error":940.9409778088228}}