{"mean":{"confidence_interval":{"confidence_level":0.95,"lower_bound":75540.21136286785,"upper_bound":76745.80291559234},"point_estimate":76216.205156875,"standard_error":311.10229688584593},"median":{"confidence_interval":{"confidence_level":0.95,"lower_bound":76528.19266756636,"upper_bound":76720.93829959515},"point_estimate":76599.70511911901,"standard_error":55.098668261909076},"median_abs_dev":{"confidence_interval":{"confidence_level":0.95,"lower_bound":283.0703530140446,"upper_bound":575.9198489292079},"point_estimate":345.51462494977017,"standard_error":78.06141293714066},"slope":{"confidence_interval":{"confidence_level":0.95,"lower_bound":76824.41828251834,"upper_bound":77224.62721477768},"point_estimate":77009.54845164884,"standard_error":102.22397913741949},"std_dev":{"confidence_interval":{"confidence_level":0.95,"lower_bound":1354.3513390268456,"upper_bound":4759.967201398375},"point_estimate":3132.484148344308,"standard_error":938.6968775268471}}