{"mean":{"confidence_interval":{"confidence_level":0.95,"lower_bound":75813.22176124016,"upper_bound":77068.46471530036},"point_estimate":76510.57314997725,"standard_error":321.3096547628817},"median":{"confidence_interval":{"confidence_level":0.95,"lower_bound":76897.08229887951,"upper_bound":77063.38632478632},"point_estimate":77009.69120247569,"standard_error":45.15586047575742},"median_abs_dev":{"confidence_interval":{"confidence_level":0.95,"lower_bound":311.98022091772253,"upper_bound":665.0834433482436},"point_estimate":405.809519319757,"standard_error":92.18655508649202},"slope":{"confidence_interval":{"confidence_level":0.95,"lower_bound":77225.54155929087,"upper_bound":77688.23969926953},"point_estimate":77435.32323424765,"standard_error":118.90043790316548},"std_dev":{"confidence_interval":{"confidence_level":0.95,"lower_bound":1509.7520818273474,"upper_bound":4866.018162807399},"point_estimate":3238.5061695808186,"standard_error":921.7996300969759}}