{"mean":{"confidence_interval":{"confidence_level":0.95,"lower_bound":75752.15913225977,"upper_bound":76991.33800187874},"point_estimate":76446.23223419028,"standard_error":318.0921128964435},"median":{"confidence_interval":{"confidence_level":0.95,"lower_bound":76920.30015082956,"upper_bound":77082.33936651584},"point_estimate":76999.52952662722,"standard_error":41.916142612262284},"median_abs_dev":{"confidence_interval":{"confidence_level":0.95,"lower_bound":270.62608750310727,"upper_bound":750.3353644885533},"point_estimate":520.3230810937799,"standard_error":136.3477091778834},"slope":{"confidence_interval":{"confidence_level":0.95,"lower_bound":77186.21477746722,"upper_bound":77652.17279736047},"point_estimate":77387.76078662286,"standard_error":120.30315631333939},"std_dev":{"confidence_interval":{"confidence_level":0.95,"lower_bound":1444.330694393618,"upper_bound":4853.141282228352},"point_estimate":3193.8862347902436,"standard_error":955.0409182150518}}