{"mean":{"confidence_interval":{"confidence_level":0.95,"lower_bound":75669.20649134665,"upper_bound":77410.65675860574},"point_estimate":76509.29981215384,"standard_error":437.7741358075128},"median":{"confidence_interval":{"confidence_level":0.95,"lower_bound":76629.65811965812,"upper_bound":76786.64443494777},"point_estimate":76716.63655702831,"standard_error":41.12524508677199},"median_abs_dev":{"confidence_interval":{"confidence_level":0.95,"lower_bound":315.0282126023968,"upper_bound":599.4358475411204},"point_estimate":430.0818622945926,"standard_error":70.89996789806577},"slope":{"confidence_interval":{"confidence_level":0.95,"lower_bound":76985.5310076996,"upper_bound":77705.8883827427},"point_estimate":77290.12986825204,"standard_error":185.81173933737318},"std_dev":{"confidence_interval":{"confidence_level":0.95,"lower_bound":1493.603694927883,"upper_bound":6777.207082983731},"point_estimate":4431.150963248179,"standard_error":1372.5179122569125}}