{"mean":{"confidence_interval":{"confidence_level":0.95,"lower_bound":75811.84210735613,"upper_bound":77278.14753362672},"point_estimate":76575.73015789133,"standard_error":372.4085971512861},"median":{"confidence_interval":{"confidence_level":0.95,"lower_bound":76699.64786324787,"upper_bound":76848.18127967711},"point_estimate":76750.17654476671,"standard_error":37.76273962384108},"median_abs_dev":{"confidence_interval":{"confidence_level":0.95,"lower_bound":266.77511407757265,"upper_bound":544.137516235178},"point_estimate":442.1931640244948,"standard_error":67.4627147434894},"slope":{"confidence_interval":{"confidence_level":0.95,"lower_bound":77025.54457204918,"upper_bound":77599.70853953909},"point_estimate":77289.91509292835,"standard_error":147.56783045717933},"std_dev":{"confidence_interval":{"confidence_level":0.95,"lower_bound":1782.6833487792594,"upper_bound":5385.239968131023},"point_estimate":3734.0233173497536,"standard_error":928.2356806429517}}