{"mean":{"confidence_interval":{"confidence_level":0.95,"lower_bound":102620.97901036257,"upper_bound":104504.6349731404},"point_estimate":103687.32368191196,"standard_error":487.8871839102966},"median":{"confidence_interval":{"confidence_level":0.95,"lower_bound":104319.55692982455,"upper_bound":104564.88588235294},"point_estimate":104435.13432426949,"standard_error":57.85863217426094},"median_abs_dev":{"confidence_interval":{"confidence_level":0.95,"lower_bound":528.4178437822586,"upper_bound":1792.272363089893},"point_estimate":1002.5700928530005,"standard_error":295.3270005747275},"slope":{"confidence_interval":{"confidence_level":0.95,"lower_bound":104948.34287828249,"upper_bound":105523.44743459488},"point_estimate":105232.28653406237,"standard_error":146.66100020947346},"std_dev":{"confidence_interval":{"confidence_level":0.95,"lower_bound":1998.7666454998002,"upper_bound":7495.100658797086},"point_estimate":4901.314047315077,"standard_error":1510.2774612026458}}