{"mean":{"confidence_interval":{"confidence_level":0.95,"lower_bound":119649.99266275209,"upper_bound":124563.7535973837},"point_estimate":122167.52434966053,"standard_error":1253.910276945554},"median":{"confidence_interval":{"confidence_level":0.95,"lower_bound":120418.86973180078,"upper_bound":126110.59010163821},"point_estimate":123144.9023313492,"standard_error":1666.2651011730015},"median_abs_dev":{"confidence_interval":{"confidence_level":0.95,"lower_bound":8156.645726327057,"upper_bound":13151.558143948807},"point_estimate":10992.23249742133,"standard_error":1259.6573959221114},"slope":{"confidence_interval":{"confidence_level":0.95,"lower_bound":126929.99673876008,"upper_bound":130581.99187428714},"point_estimate":128810.49255898724,"standard_error":930.0314258028721},"std_dev":{"confidence_interval":{"confidence_level":0.95,"lower_bound":9844.713912663985,"upper_bound":15344.694794422718},"point_estimate":12579.604454235063,"standard_error":1423.3685645382334}}