{"mean":{"confidence_interval":{"confidence_level":0.95,"lower_bound":106971.47223175172,"upper_bound":109242.57866602179},"point_estimate":108259.91301620113,"standard_error":588.3705184235724},"median":{"confidence_interval":{"confidence_level":0.95,"lower_bound":108775.33116883117,"upper_bound":109452.3138888889},"point_estimate":109027.39045424623,"standard_error":200.07027384862494},"median_abs_dev":{"confidence_interval":{"confidence_level":0.95,"lower_bound":1322.1156221395954,"upper_bound":2353.9648496085415},"point_estimate":1788.2386317178757,"standard_error":257.3649765815658},"slope":{"confidence_interval":{"confidence_level":0.95,"lower_bound":109426.01742123812,"upper_bound":110202.23418685448},"point_estimate":109797.87261208807,"standard_error":198.02710415128746},"std_dev":{"confidence_interval":{"confidence_level":0.95,"lower_bound":2392.5621232717053,"upper_bound":9082.431190313757},"point_estimate":5921.053972955966,"standard_error":1849.502071549228}}