{"mean":{"confidence_interval":{"confidence_level":0.95,"lower_bound":106016.25290329177,"upper_bound":109395.31134457522},"point_estimate":107813.35327193535,"standard_error":859.2209683569519},"median":{"confidence_interval":{"confidence_level":0.95,"lower_bound":108600.8261190856,"upper_bound":110842.18846153846},"point_estimate":109288.51505335365,"standard_error":625.3033104550896},"median_abs_dev":{"confidence_interval":{"confidence_level":0.95,"lower_bound":3398.268933392805,"upper_bound":7232.812856448685},"point_estimate":4793.460420251491,"standard_error":962.1994134189189},"slope":{"confidence_interval":{"confidence_level":0.95,"lower_bound":108832.21717090104,"upper_bound":110975.25814322523},"point_estimate":109889.50807654795,"standard_error":548.1399066912459},"std_dev":{"confidence_interval":{"confidence_level":0.95,"lower_bound":5639.2713046622075,"upper_bound":11484.080374764153},"point_estimate":8637.83789418698,"standard_error":1526.7958098085207}}