{"mean":{"confidence_interval":{"confidence_level":0.95,"lower_bound":109272.53734990126,"upper_bound":113648.28004734992},"point_estimate":111521.75073960528,"standard_error":1110.7561974394675},"median":{"confidence_interval":{"confidence_level":0.95,"lower_bound":108891.85074626865,"upper_bound":111900.52652207836},"point_estimate":110301.182748538,"standard_error":883.4993374148729},"median_abs_dev":{"confidence_interval":{"confidence_level":0.95,"lower_bound":5387.710897278311,"upper_bound":9318.614623523521},"point_estimate":7254.536458608402,"standard_error":1043.6882878404635},"slope":{"confidence_interval":{"confidence_level":0.95,"lower_bound":111911.20404541394,"upper_bound":116158.24041419484},"point_estimate":113967.16060259758,"standard_error":1088.1118713638841},"std_dev":{"confidence_interval":{"confidence_level":0.95,"lower_bound":7923.310305923246,"upper_bound":14602.735444234764},"point_estimate":11186.29591659817,"standard_error":1749.461783247593}}