{"mean":{"confidence_interval":{"confidence_level":0.95,"lower_bound":184789.70159130954,"upper_bound":185438.46037921606},"point_estimate":185116.51865475386,"standard_error":166.07468709217068},"median":{"confidence_interval":{"confidence_level":0.95,"lower_bound":184922.86274509804,"upper_bound":185388.98823529412},"point_estimate":185109.04641025641,"standard_error":116.32700304879532},"median_abs_dev":{"confidence_interval":{"confidence_level":0.95,"lower_bound":923.5450677690396,"upper_bound":1668.1219261262777},"point_estimate":1287.2232908476126,"standard_error":189.14355394836699},"slope":{"confidence_interval":{"confidence_level":0.95,"lower_bound":184841.00091869023,"upper_bound":185400.09141746172},"point_estimate":185116.24913137284,"standard_error":142.34282775991952},"std_dev":{"confidence_interval":{"confidence_level":0.95,"lower_bound":1341.836528537563,"upper_bound":1991.7660302446836},"point_estimate":1677.9228512702944,"standard_error":166.08115781606435}}