{"mean":{"confidence_interval":{"confidence_level":0.95,"lower_bound":174053.21303467365,"upper_bound":174393.40528584956},"point_estimate":174213.33774677356,"standard_error":87.11944602233383},"median":{"confidence_interval":{"confidence_level":0.95,"lower_bound":173973.43843373493,"upper_bound":174183.57586206897},"point_estimate":174090.03024691358,"standard_error":58.143118417801396},"median_abs_dev":{"confidence_interval":{"confidence_level":0.95,"lower_bound":319.0691199024723,"upper_bound":551.5979588887097},"point_estimate":440.88443564165055,"standard_error":59.519617138622024},"slope":{"confidence_interval":{"confidence_level":0.95,"lower_bound":174176.15659687974,"upper_bound":174801.620875353},"point_estimate":174457.75059435496,"standard_error":160.97678609853227},"std_dev":{"confidence_interval":{"confidence_level":0.95,"lower_bound":577.8631653754263,"upper_bound":1137.6481508626302},"point_estimate":878.5348698688952,"standard_error":142.94594167709084}}