{"mean":{"confidence_interval":{"confidence_level":0.95,"lower_bound":185535.53240482067,"upper_bound":186310.91016602697},"point_estimate":185908.7055165089,"standard_error":197.5130371271096},"median":{"confidence_interval":{"confidence_level":0.95,"lower_bound":185264.87473684212,"upper_bound":185898.9652173913},"point_estimate":185513.72985836628,"standard_error":154.6500287713693},"median_abs_dev":{"confidence_interval":{"confidence_level":0.95,"lower_bound":993.2919185994442,"upper_bound":1793.6659875819876},"point_estimate":1266.1323184766727,"standard_error":199.2359202237774},"slope":{"confidence_interval":{"confidence_level":0.95,"lower_bound":185350.36747250168,"upper_bound":185951.00795780824},"point_estimate":185646.94042323038,"standard_error":153.56807969984698},"std_dev":{"confidence_interval":{"confidence_level":0.95,"lower_bound":1556.0230998156685,"upper_bound":2366.7662314778536},"point_estimate":1987.295937746804,"standard_error":207.2726092123774}}