{"mean":{"confidence_interval":{"confidence_level":0.95,"lower_bound":197670.18027060962,"upper_bound":197928.31172465166},"point_estimate":197785.92173302165,"standard_error":66.20520112424619},"median":{"confidence_interval":{"confidence_level":0.95,"lower_bound":197648.3725490196,"upper_bound":197747.32386363635},"point_estimate":197686.96338383836,"standard_error":24.015360663535215},"median_abs_dev":{"confidence_interval":{"confidence_level":0.95,"lower_bound":192.81204537619314,"upper_bound":335.21458110934327},"point_estimate":269.49109162034887,"standard_error":36.324666662695854},"slope":{"confidence_interval":{"confidence_level":0.95,"lower_bound":197720.0556431323,"upper_bound":197848.964122035},"point_estimate":197781.35891606324,"standard_error":32.81891536565965},"std_dev":{"confidence_interval":{"confidence_level":0.95,"lower_bound":325.62534138012626,"upper_bound":956.9932267209612},"point_estimate":666.3687269765692,"standard_error":166.89307456798596}}