{"mean":{"confidence_interval":{"confidence_level":0.95,"lower_bound":176300.0940712707,"upper_bound":176822.62009862912},"point_estimate":176557.8333629818,"standard_error":133.17013294630348},"median":{"confidence_interval":{"confidence_level":0.95,"lower_bound":176145.2048917749,"upper_bound":176678.4610864745},"point_estimate":176453.90806451614,"standard_error":134.64712058919696},"median_abs_dev":{"confidence_interval":{"confidence_level":0.95,"lower_bound":1076.6124345226858,"upper_bound":1744.3435436745726},"point_estimate":1451.7145466785648,"standard_error":166.04762352985878},"slope":{"confidence_interval":{"confidence_level":0.95,"lower_bound":175698.8096184706,"upper_bound":176307.82243595127},"point_estimate":175985.37662952565,"standard_error":155.61657487048328},"std_dev":{"confidence_interval":{"confidence_level":0.95,"lower_bound":1146.264938976694,"upper_bound":1508.7980224376827},"point_estimate":1333.6866711430257,"standard_error":92.73099501032006}}