{"mean":{"confidence_interval":{"confidence_level":0.95,"lower_bound":232909.13499748136,"upper_bound":233165.802950245},"point_estimate":233031.23981864014,"standard_error":65.32394404018598},"median":{"confidence_interval":{"confidence_level":0.95,"lower_bound":232823.26704545456,"upper_bound":232992.54924242425},"point_estimate":232920.44811616954,"standard_error":47.67760557405583},"median_abs_dev":{"confidence_interval":{"confidence_level":0.95,"lower_bound":260.80507803109015,"upper_bound":492.2331702995852},"point_estimate":364.3750354678706,"standard_error":57.9167874170176},"slope":{"confidence_interval":{"confidence_level":0.95,"lower_bound":232925.94056945847,"upper_bound":233398.93796115115},"point_estimate":233139.70052238807,"standard_error":121.78478632171974},"std_dev":{"confidence_interval":{"confidence_level":0.95,"lower_bound":464.98941170282296,"upper_bound":829.4001128030864},"point_estimate":656.77718664937,"standard_error":93.42047888301472}}