{"mean":{"confidence_interval":{"confidence_level":0.95,"lower_bound":174092.9996465162,"upper_bound":174549.11803740633},"point_estimate":174310.9758154351,"standard_error":116.51786627046995},"median":{"confidence_interval":{"confidence_level":0.95,"lower_bound":173987.43835263836,"upper_bound":174234.59872533614},"point_estimate":174119.2924964937,"standard_error":64.76827220680686},"median_abs_dev":{"confidence_interval":{"confidence_level":0.95,"lower_bound":352.93338540425896,"upper_bound":711.9398948236998},"point_estimate":489.36407389827264,"standard_error":90.49481686358148},"slope":{"confidence_interval":{"confidence_level":0.95,"lower_bound":174169.3651777392,"upper_bound":174836.08007602804},"point_estimate":174465.54409812324,"standard_error":170.8808206027213},"std_dev":{"confidence_interval":{"confidence_level":0.95,"lower_bound":813.6393390396016,"upper_bound":1491.8895692148383},"point_estimate":1174.7281479750156,"standard_error":173.6842004029428}}