{"mean":{"confidence_interval":{"confidence_level":0.95,"lower_bound":173913.2992177614,"upper_bound":174174.97542604484},"point_estimate":174040.59043994284,"standard_error":66.68075111940401},"median":{"confidence_interval":{"confidence_level":0.95,"lower_bound":173827.9423076923,"upper_bound":174086.34503171247},"point_estimate":173962.04182795697,"standard_error":60.75383394258529},"median_abs_dev":{"confidence_interval":{"confidence_level":0.95,"lower_bound":413.1623499122634,"upper_bound":733.2996615520555},"point_estimate":630.6768488032502,"standard_error":88.79466629594067},"slope":{"confidence_interval":{"confidence_level":0.95,"lower_bound":173947.84294442792,"upper_bound":174336.52284870588},"point_estimate":174123.9645739619,"standard_error":100.01481845711713},"std_dev":{"confidence_interval":{"confidence_level":0.95,"lower_bound":518.3968469561465,"upper_bound":812.0998643013295},"point_estimate":669.4695485197707,"standard_error":75.2303173882387}}