{"mean":{"confidence_interval":{"confidence_level":0.95,"lower_bound":181434.70432814496,"upper_bound":181773.64937319112},"point_estimate":181604.76403676305,"standard_error":86.31603042960101},"median":{"confidence_interval":{"confidence_level":0.95,"lower_bound":181483.59306197966,"upper_bound":181757.76705882352},"point_estimate":181624.44292065664,"standard_error":72.97949980536629},"median_abs_dev":{"confidence_interval":{"confidence_level":0.95,"lower_bound":471.1642311226265,"upper_bound":832.8620488438289},"point_estimate":663.1012016122091,"standard_error":97.94828469222854},"slope":{"confidence_interval":{"confidence_level":0.95,"lower_bound":181549.48273393692,"upper_bound":181896.71021660164},"point_estimate":181717.6529575883,"standard_error":88.61741972928486},"std_dev":{"confidence_interval":{"confidence_level":0.95,"lower_bound":652.1310221733619,"upper_bound":1076.8794064642568},"point_estimate":869.6802186151426,"standard_error":108.95050544519715}}