{"mean":{"confidence_interval":{"confidence_level":0.95,"lower_bound":197232.39771902663,"upper_bound":197494.8587517639},"point_estimate":197345.2200829658,"standard_error":67.45847940478518},"median":{"confidence_interval":{"confidence_level":0.95,"lower_bound":197183.91517857142,"upper_bound":197308.84415584416},"point_estimate":197276.0759816313,"standard_error":35.3764090040745},"median_abs_dev":{"confidence_interval":{"confidence_level":0.95,"lower_bound":229.2404188030525,"upper_bound":400.19094795591},"point_estimate":334.8872305697697,"standard_error":45.33019962303342},"slope":{"confidence_interval":{"confidence_level":0.95,"lower_bound":197214.3762353163,"upper_bound":197692.52422679015},"point_estimate":197388.02132998375,"standard_error":131.50084278188538},"std_dev":{"confidence_interval":{"confidence_level":0.95,"lower_bound":308.7310842943401,"upper_bound":1057.9417245981194},"point_estimate":678.8500151085534,"standard_error":231.00882092218058}}