{"mean":{"confidence_interval":{"confidence_level":0.95,"lower_bound":163784.18283142464,"upper_bound":165250.66307629747},"point_estimate":164503.5110875881,"standard_error":374.4110213468639},"median":{"confidence_interval":{"confidence_level":0.95,"lower_bound":162820.63651960786,"upper_bound":164254.99797979798},"point_estimate":163477.75570451436,"standard_error":437.0886737085043},"median_abs_dev":{"confidence_interval":{"confidence_level":0.95,"lower_bound":2187.1375223250593,"upper_bound":4197.46291548015},"point_estimate":3062.256186205513,"standard_error":538.5464804764675},"slope":{"confidence_interval":{"confidence_level":0.95,"lower_bound":164117.7929780028,"upper_bound":166318.28075402312},"point_estimate":165186.71630796514,"standard_error":561.4199853723147},"std_dev":{"confidence_interval":{"confidence_level":0.95,"lower_bound":3224.746663865137,"upper_bound":4286.675543555875},"point_estimate":3783.779486318631,"standard_error":270.2654720984916}}