{"mean":{"confidence_interval":{"confidence_level":0.95,"lower_bound":177880.25789515747,"upper_bound":178212.19961487953},"point_estimate":178036.47031361033,"standard_error":84.86520140254062},"median":{"confidence_interval":{"confidence_level":0.95,"lower_bound":177820.1456382553,"upper_bound":178007.54},"point_estimate":177901.65765437394,"standard_error":48.46687196231767},"median_abs_dev":{"confidence_interval":{"confidence_level":0.95,"lower_bound":303.8079465389601,"upper_bound":462.7073298985397},"point_estimate":394.4631805731658,"standard_error":39.962253496490305},"slope":{"confidence_interval":{"confidence_level":0.95,"lower_bound":177954.90180281003,"upper_bound":178322.83791005108},"point_estimate":178120.29703147628,"standard_error":94.5150254974231},"std_dev":{"confidence_interval":{"confidence_level":0.95,"lower_bound":525.6724064194622,"upper_bound":1137.5675823443414},"point_estimate":854.5641761549253,"standard_error":155.97173547290387}}