{"mean":{"confidence_interval":{"confidence_level":0.95,"lower_bound":222613.95768806015,"upper_bound":224812.9105525193},"point_estimate":223705.22923592463,"standard_error":561.5409551418446},"median":{"confidence_interval":{"confidence_level":0.95,"lower_bound":221792.5702333142,"upper_bound":224572.13920454544},"point_estimate":222711.63316276803,"standard_error":855.8661100207491},"median_abs_dev":{"confidence_interval":{"confidence_level":0.95,"lower_bound":4099.008165719131,"upper_bound":7262.765756929691},"point_estimate":6773.143078252652,"standard_error":826.4677195350627},"slope":{"confidence_interval":{"confidence_level":0.95,"lower_bound":223171.79002854537,"upper_bound":225447.42867122407},"point_estimate":224332.1139035023,"standard_error":580.4060039991315},"std_dev":{"confidence_interval":{"confidence_level":0.95,"lower_bound":4881.290833166094,"upper_bound":6329.680648463053},"point_estimate":5642.286672262956,"standard_error":368.4077753775354}}