{"mean":{"confidence_interval":{"confidence_level":0.95,"lower_bound":232629.08508980187,"upper_bound":232784.71169827483},"point_estimate":232707.04419168123,"standard_error":39.634146354887555},"median":{"confidence_interval":{"confidence_level":0.95,"lower_bound":232645.53205128206,"upper_bound":232772.35883838384},"point_estimate":232697.9034394055,"standard_error":39.41835437683015},"median_abs_dev":{"confidence_interval":{"confidence_level":0.95,"lower_bound":286.4042346058262,"upper_bound":452.0162016790545},"point_estimate":384.69155988816436,"standard_error":42.53733189385324},"slope":{"confidence_interval":{"confidence_level":0.95,"lower_bound":232650.1732889701,"upper_bound":232820.49984805495},"point_estimate":232732.05000073888,"standard_error":43.461885381804606},"std_dev":{"confidence_interval":{"confidence_level":0.95,"lower_bound":329.29357353550654,"upper_bound":465.59762325374135},"point_estimate":399.3306060224512,"standard_error":34.83917212120713}}