{"mean":{"confidence_interval":{"confidence_level":0.95,"lower_bound":184132.47195981062,"upper_bound":184891.44234994205},"point_estimate":184512.2039284955,"standard_error":193.0438733981039},"median":{"confidence_interval":{"confidence_level":0.95,"lower_bound":184122.77142857143,"upper_bound":184750.22708333336},"point_estimate":184471.1906578947,"standard_error":155.37820567531577},"median_abs_dev":{"confidence_interval":{"confidence_level":0.95,"lower_bound":1089.745979870177,"upper_bound":1733.8392388453406},"point_estimate":1423.3827291246064,"standard_error":164.58478696762498},"slope":{"confidence_interval":{"confidence_level":0.95,"lower_bound":184472.8529322258,"upper_bound":185279.9634647886},"point_estimate":184856.03577951825,"standard_error":206.92956219984748},"std_dev":{"confidence_interval":{"confidence_level":0.95,"lower_bound":1513.5162232653129,"upper_bound":2317.1141211837657},"point_estimate":1931.5854494881762,"standard_error":205.28714125670822}}