{"mean":{"confidence_interval":{"confidence_level":0.95,"lower_bound":237395.95069118106,"upper_bound":237672.0952658344},"point_estimate":237517.03927993256,"standard_error":70.81775902449219},"median":{"confidence_interval":{"confidence_level":0.95,"lower_bound":237408.92979059095,"upper_bound":237511.27162538405},"point_estimate":237455.17857142858,"standard_error":26.282774675107042},"median_abs_dev":{"confidence_interval":{"confidence_level":0.95,"lower_bound":196.56499027343455,"upper_bound":385.1773154703685},"point_estimate":246.86053362903445,"standard_error":47.451928367133405},"slope":{"confidence_interval":{"confidence_level":0.95,"lower_bound":237405.10759270017,"upper_bound":237529.0243972334},"point_estimate":237466.06041377274,"standard_error":31.48644401361002},"std_dev":{"confidence_interval":{"confidence_level":0.95,"lower_bound":328.2426561921471,"upper_bound":1081.3085361274168},"point_estimate":709.8839037339144,"standard_error":212.8097580177427}}