{"mean":{"confidence_interval":{"confidence_level":0.95,"lower_bound":186576.92513656546,"upper_bound":187311.70802533536},"point_estimate":186939.720340768,"standard_error":188.00546751353502},"median":{"confidence_interval":{"confidence_level":0.95,"lower_bound":186347.8612128612,"upper_bound":187139.35306122448},"point_estimate":186743.59586056645,"standard_error":230.6498249406487},"median_abs_dev":{"confidence_interval":{"confidence_level":0.95,"lower_bound":1117.495711987424,"upper_bound":2002.8507089209443},"point_estimate":1418.7735690083048,"standard_error":223.7124288279733},"slope":{"confidence_interval":{"confidence_level":0.95,"lower_bound":186385.88581923288,"upper_bound":186941.70520283494},"point_estimate":186657.3845042116,"standard_error":141.47873535242184},"std_dev":{"confidence_interval":{"confidence_level":0.95,"lower_bound":1577.423690238018,"upper_bound":2167.212633120482},"point_estimate":1890.5341079985676,"standard_error":150.46856153613282}}