{"mean":{"confidence_interval":{"confidence_level":0.95,"lower_bound":-0.013725728035867621,"upper_bound":0.0023035479186819426},"point_estimate":-0.005381751946954116,"standard_error":0.004081685126522682},"median":{"confidence_interval":{"confidence_level":0.95,"lower_bound":-0.01676763015156779,"upper_bound":0.021267082462995895},"point_estimate":0.005123813466056504,"standard_error":0.009740487146196302}}