{"mean":{"confidence_interval":{"confidence_level":0.95,"lower_bound":-0.004598802725851527,"upper_bound":0.00957918674694169},"point_estimate":0.0027543285731188583,"standard_error":0.003599073911977812},"median":{"confidence_interval":{"confidence_level":0.95,"lower_bound":-0.013968511418613883,"upper_bound":0.02165920849469316},"point_estimate":0.0037062169805686107,"standard_error":0.00895191606927192}}