{"mean":{"confidence_interval":{"confidence_level":0.95,"lower_bound":-0.01370930077169495,"upper_bound":0.004978224028248582},"point_estimate":-0.004314385025650402,"standard_error":0.004793642163336725},"median":{"confidence_interval":{"confidence_level":0.95,"lower_bound":-0.023216338724196595,"upper_bound":0.011337163446453857},"point_estimate":-0.006469299055625433,"standard_error":0.008778009984702701}}