{"mean":{"confidence_interval":{"confidence_level":0.95,"lower_bound":-0.34727453003264896,"upper_bound":-0.31864859055399053},"point_estimate":-0.3311006804048786,"standard_error":0.007363639395523145},"median":{"confidence_interval":{"confidence_level":0.95,"lower_bound":-0.32586037144470614,"upper_bound":-0.3127555490314524},"point_estimate":-0.3195230582521471,"standard_error":0.003125963647246895}}