{"mean":{"confidence_interval":{"confidence_level":0.95,"lower_bound":-0.011505128292310736,"upper_bound":-0.0030049795450596867},"point_estimate":-0.007073309377674697,"standard_error":0.002161520282826945},"median":{"confidence_interval":{"confidence_level":0.95,"lower_bound":-0.007091591377842321,"upper_bound":-0.004791085516210088},"point_estimate":-0.005664694250640312,"standard_error":0.0005884079693358113}}