{"mean":{"confidence_interval":{"confidence_level":0.95,"lower_bound":0.01622797890154359,"upper_bound":0.034175731683357025},"point_estimate":0.02539378750236354,"standard_error":0.004570562926571912},"median":{"confidence_interval":{"confidence_level":0.95,"lower_bound":0.007377638479802773,"upper_bound":0.03245153477270457},"point_estimate":0.026740192210852554,"standard_error":0.007406260341635001}}