{"mean":{"confidence_interval":{"confidence_level":0.95,"lower_bound":-0.0060403142467880064,"upper_bound":0.006938387975929555},"point_estimate":0.0004780620273507896,"standard_error":0.003326804682374715},"median":{"confidence_interval":{"confidence_level":0.95,"lower_bound":-0.011893992787994634,"upper_bound":0.016299419867280562},"point_estimate":0.0017957006364159867,"standard_error":0.007164587936349726}}