{"mean":{"confidence_interval":{"confidence_level":0.95,"lower_bound":0.003017550993990071,"upper_bound":0.015651469694409226},"point_estimate":0.009031043489528656,"standard_error":0.0032132614613096635},"median":{"confidence_interval":{"confidence_level":0.95,"lower_bound":-0.013785272477452763,"upper_bound":0.03039007897488122},"point_estimate":0.004256208532543493,"standard_error":0.011690752534364707}}