{"mean":{"confidence_interval":{"confidence_level":0.95,"lower_bound":-0.010416644352768982,"upper_bound":0.0020712771305113555},"point_estimate":-0.0040461551058196266,"standard_error":0.003183030475500637},"median":{"confidence_interval":{"confidence_level":0.95,"lower_bound":-0.017184582392471892,"upper_bound":0.014310246795796734},"point_estimate":0.00017978225287462735,"standard_error":0.007733539856353235}}