{"mean":{"confidence_interval":{"confidence_level":0.95,"lower_bound":-0.14108052439685662,"upper_bound":-0.12171389871354472},"point_estimate":-0.13172961382519088,"standard_error":0.00494458924865184},"median":{"confidence_interval":{"confidence_level":0.95,"lower_bound":-0.16116047120768023,"upper_bound":-0.13924343329558686},"point_estimate":-0.15460185939528215,"standard_error":0.005142812634691743}}