{"mean":{"confidence_interval":{"confidence_level":0.95,"lower_bound":0.0013461235447938434,"upper_bound":0.016384357667697177},"point_estimate":0.008811597614832412,"standard_error":0.0038266399348701775},"median":{"confidence_interval":{"confidence_level":0.95,"lower_bound":-0.008443185860564584,"upper_bound":0.02714469555865473},"point_estimate":0.0056952986621088275,"standard_error":0.008423289477022136}}