{"mean":{"confidence_interval":{"confidence_level":0.95,"lower_bound":-0.010430431455192285,"upper_bound":0.0024315441193675335},"point_estimate":-0.004191989987938127,"standard_error":0.0032879139071669257},"median":{"confidence_interval":{"confidence_level":0.95,"lower_bound":-0.01892741024607303,"upper_bound":0.010226442727968799},"point_estimate":-0.00473219636878397,"standard_error":0.007517293606976544}}