{"mean":{"confidence_interval":{"confidence_level":0.95,"lower_bound":-0.29140786065818675,"upper_bound":-0.28325503986432443},"point_estimate":-0.28749316277964954,"standard_error":0.0021020525475132466},"median":{"confidence_interval":{"confidence_level":0.95,"lower_bound":-0.3010268085927834,"upper_bound":-0.28678466386100043},"point_estimate":-0.2919051911479219,"standard_error":0.003921638658573585}}