{"mean":{"confidence_interval":{"confidence_level":0.95,"lower_bound":-0.009853540933864856,"upper_bound":0.006459466234599853},"point_estimate":-0.0015071809220061905,"standard_error":0.004161924169561953},"median":{"confidence_interval":{"confidence_level":0.95,"lower_bound":-0.02600731204967821,"upper_bound":0.016553075866151623},"point_estimate":-0.0021922156587624864,"standard_error":0.01081741392261157}}