{"mean":{"confidence_interval":{"confidence_level":0.95,"lower_bound":-0.0002412652165043605,"upper_bound":0.009595242185580487},"point_estimate":0.0047674693983139615,"standard_error":0.002481838197309141},"median":{"confidence_interval":{"confidence_level":0.95,"lower_bound":0.002296333926368188,"upper_bound":0.004674070771563121},"point_estimate":0.0035874435272829075,"standard_error":0.0006395682372583011}}