{"mean":{"confidence_interval":{"confidence_level":0.95,"lower_bound":-0.0007648770400646542,"upper_bound":0.012162120898833001},"point_estimate":0.005572495828056301,"standard_error":0.0033077347128818335},"median":{"confidence_interval":{"confidence_level":0.95,"lower_bound":-0.01301172215366855,"upper_bound":0.020700150479821433},"point_estimate":0.00429779332269109,"standard_error":0.008840541730906927}}