{"mean":{"confidence_interval":{"confidence_level":0.95,"lower_bound":0.25589641971437094,"upper_bound":0.2700177201546425},"point_estimate":0.26274971365189725,"standard_error":0.0036066614654127337},"median":{"confidence_interval":{"confidence_level":0.95,"lower_bound":0.24915109860126305,"upper_bound":0.27270386381996503},"point_estimate":0.2533079710632198,"standard_error":0.0061799505229601205}}