{"mean":{"confidence_interval":{"confidence_level":0.95,"lower_bound":-0.24808882454846864,"upper_bound":-0.2299614527903529},"point_estimate":-0.23879177941385776,"standard_error":0.004637646534827479},"median":{"confidence_interval":{"confidence_level":0.95,"lower_bound":-0.23723826712788706,"upper_bound":-0.21452755946186608},"point_estimate":-0.22078257287279213,"standard_error":0.006194828712130698}}