{"mean":{"confidence_interval":{"confidence_level":0.95,"lower_bound":-0.012708769440582263,"upper_bound":0.0036032351182520286},"point_estimate":-0.004707086140583572,"standard_error":0.0041349963510197065},"median":{"confidence_interval":{"confidence_level":0.95,"lower_bound":-0.017503629760668993,"upper_bound":0.015372236431062225},"point_estimate":-0.0016750924335952044,"standard_error":0.008221724831115482}}