{"mean":{"confidence_interval":{"confidence_level":0.95,"lower_bound":0.2944770501041181,"upper_bound":0.32042553841063065},"point_estimate":0.30746514420214544,"standard_error":0.006503340597010466},"median":{"confidence_interval":{"confidence_level":0.95,"lower_bound":0.2855494731285648,"upper_bound":0.30568930660082283},"point_estimate":0.2955785309667087,"standard_error":0.005133540037271545}}