{"mean":{"confidence_interval":{"confidence_level":0.95,"lower_bound":-0.43447914875900706,"upper_bound":-0.41775338126729983},"point_estimate":-0.4257550979077741,"standard_error":0.004272718091242692},"median":{"confidence_interval":{"confidence_level":0.95,"lower_bound":-0.43028325279932467,"upper_bound":-0.41184958287967516},"point_estimate":-0.4171662045807425,"standard_error":0.004783094130563354}}