{"mean":{"confidence_interval":{"confidence_level":0.95,"lower_bound":0.0068603774902945905,"upper_bound":0.020679284259161396},"point_estimate":0.013645554885008737,"standard_error":0.003512321738179376},"median":{"confidence_interval":{"confidence_level":0.95,"lower_bound":-0.009535599960730102,"upper_bound":0.03161713228460328},"point_estimate":0.007435767191874332,"standard_error":0.010409556209971858}}