{"mean":{"confidence_interval":{"confidence_level":0.95,"lower_bound":-0.06053620904740377,"upper_bound":-0.04001023305451681},"point_estimate":-0.05147995957582596,"standard_error":0.005033341209496897},"median":{"confidence_interval":{"confidence_level":0.95,"lower_bound":-0.05329284365126574,"upper_bound":-0.03521360612501434},"point_estimate":-0.04309096876229224,"standard_error":0.004541863762831192}}