{"mean":{"confidence_interval":{"confidence_level":0.95,"lower_bound":-0.004811411348839284,"upper_bound":0.004465588975336581},"point_estimate":-0.00032429089887919815,"standard_error":0.002369208792319061},"median":{"confidence_interval":{"confidence_level":0.95,"lower_bound":-0.00025623422899245796,"upper_bound":0.0014859733116097118},"point_estimate":0.00047353563312291236,"standard_error":0.00046301963337938204}}