{"mean":{"confidence_interval":{"confidence_level":0.95,"lower_bound":-0.001044701243167618,"upper_bound":0.012180162188414934},"point_estimate":0.005528533464520757,"standard_error":0.003377850138088523},"median":{"confidence_interval":{"confidence_level":0.95,"lower_bound":-0.013827464502014108,"upper_bound":0.024347091217423955},"point_estimate":0.003959315991022505,"standard_error":0.009756415208575198}}