{"mean":{"confidence_interval":{"confidence_level":0.95,"lower_bound":0.17198024788812094,"upper_bound":0.18518623513703197},"point_estimate":0.1789204434208007,"standard_error":0.0033581555360897145},"median":{"confidence_interval":{"confidence_level":0.95,"lower_bound":0.18259092605789728,"upper_bound":0.19181540416612697},"point_estimate":0.1864395059584023,"standard_error":0.0023264198596084406}}