{"mean":{"confidence_interval":{"confidence_level":0.95,"lower_bound":-0.0008560093932768101,"upper_bound":0.0009835890502265965},"point_estimate":3.452446054152958e-6,"standard_error":0.00048310528493535515},"median":{"confidence_interval":{"confidence_level":0.95,"lower_bound":-0.000552610978498524,"upper_bound":0.00028810728961148335},"point_estimate":-0.00008685454078249943,"standard_error":0.0002192502318990241}}