{"mean":{"confidence_interval":{"confidence_level":0.95,"lower_bound":-0.0013271563379749912,"upper_bound":0.00030894082104055375},"point_estimate":-0.0004848552915160953,"standard_error":0.0004160136010990582},"median":{"confidence_interval":{"confidence_level":0.95,"lower_bound":-0.00016880400202134993,"upper_bound":0.00047067442195358744},"point_estimate":0.00019392367435422386,"standard_error":0.00016092114734943527}}