{"mean":{"confidence_interval":{"confidence_level":0.95,"lower_bound":-0.0006230553692883412,"upper_bound":0.0011347970116548755},"point_estimate":0.0002170033481574407,"standard_error":0.00044597784285207515},"median":{"confidence_interval":{"confidence_level":0.95,"lower_bound":-0.000419768995859493,"upper_bound":0.00039234102843299645},"point_estimate":7.680147655619862e-7,"standard_error":0.00018968393638356046}}