{"mean":{"confidence_interval":{"confidence_level":0.95,"lower_bound":-0.34065715193697704,"upper_bound":-0.3394899794271368},"point_estimate":-0.3400875517660805,"standard_error":0.0002965543511529139},"median":{"confidence_interval":{"confidence_level":0.95,"lower_bound":-0.34139461144874705,"upper_bound":-0.33988973273065504},"point_estimate":-0.34101103019561285,"standard_error":0.0004223025438869532}}