{"mean":{"confidence_interval":{"confidence_level":0.95,"lower_bound":-0.0012633080220358917,"upper_bound":0.0013114624260792455},"point_estimate":9.926144248773028e-7,"standard_error":0.0006576731278937301},"median":{"confidence_interval":{"confidence_level":0.95,"lower_bound":-0.0005458145118730773,"upper_bound":0.0002541212294142614},"point_estimate":-0.0001718159195365221,"standard_error":0.00020384138661318395}}