{"mean":{"confidence_interval":{"confidence_level":0.95,"lower_bound":0.17801921292285286,"upper_bound":0.19517818741959647},"point_estimate":0.18697794291140024,"standard_error":0.0043910715039955405},"median":{"confidence_interval":{"confidence_level":0.95,"lower_bound":0.1947430655046425,"upper_bound":0.21060230723710782},"point_estimate":0.2017396912721443,"standard_error":0.00378165447852722}}