{"mean":{"confidence_interval":{"confidence_level":0.95,"lower_bound":-0.0013367491602488484,"upper_bound":0.0008987390708991572},"point_estimate":-0.00025159300482191504,"standard_error":0.0005667115505695359},"median":{"confidence_interval":{"confidence_level":0.95,"lower_bound":-0.0011078302523146455,"upper_bound":-0.0001915760540484035},"point_estimate":-0.0006001125866794688,"standard_error":0.000246462926307863}}