{"mean":{"confidence_interval":{"confidence_level":0.95,"lower_bound":0.07072023507697284,"upper_bound":0.08596760050779358},"point_estimate":0.07841660524737537,"standard_error":0.003847598948748523},"median":{"confidence_interval":{"confidence_level":0.95,"lower_bound":0.07175943890359382,"upper_bound":0.08468171342124409},"point_estimate":0.07705575474438464,"standard_error":0.0036942357632750718}}