{"mean":{"confidence_interval":{"confidence_level":0.95,"lower_bound":0.7803336991961645,"upper_bound":0.7910176529914859},"point_estimate":0.7857133071031281,"standard_error":0.0027567290545378225},"median":{"confidence_interval":{"confidence_level":0.95,"lower_bound":0.7787663435851928,"upper_bound":0.7924481890542108},"point_estimate":0.7860238756280244,"standard_error":0.003579221524771212}}