{"mean":{"confidence_interval":{"confidence_level":0.95,"lower_bound":-0.002325564504985003,"upper_bound":-0.0006522074228613371},"point_estimate":-0.001486029032136127,"standard_error":0.0004278534798376895},"median":{"confidence_interval":{"confidence_level":0.95,"lower_bound":-0.0023297575500392798,"upper_bound":1.1919559196495022e-6},"point_estimate":-0.0012562052086955156,"standard_error":0.0005552761776779464}}