{"mean":{"confidence_interval":{"confidence_level":0.95,"lower_bound":0.007415957394817124,"upper_bound":0.012945826376615788},"point_estimate":0.009509674440326688,"standard_error":0.0014732371026530404},"median":{"confidence_interval":{"confidence_level":0.95,"lower_bound":0.007728419492193828,"upper_bound":0.009305538956115633},"point_estimate":0.00846344387137421,"standard_error":0.0004048890720963983}}