{"mean":{"confidence_interval":{"confidence_level":0.95,"lower_bound":0.27235340749926784,"upper_bound":0.3051642387194031},"point_estimate":0.2890505111002808,"standard_error":0.008340943937211973},"median":{"confidence_interval":{"confidence_level":0.95,"lower_bound":0.28925191305714737,"upper_bound":0.32922015689752415},"point_estimate":0.31345274443532833,"standard_error":0.011470788808228117}}