{"mean":{"confidence_interval":{"confidence_level":0.95,"lower_bound":-0.00032528951367481734,"upper_bound":0.000966174635435273},"point_estimate":0.00028656064229459766,"standard_error":0.00032828167773535507},"median":{"confidence_interval":{"confidence_level":0.95,"lower_bound":-0.00021815520367096664,"upper_bound":0.0004910785822611619},"point_estimate":0.0000602035806347434,"standard_error":0.00017451792656602482}}