{"mean":{"confidence_interval":{"confidence_level":0.95,"lower_bound":-0.001945907579857911,"upper_bound":0.0009632635572624603},"point_estimate":-0.0006321716010628808,"standard_error":0.000728587585261529},"median":{"confidence_interval":{"confidence_level":0.95,"lower_bound":-0.0009385122467252732,"upper_bound":-0.000022320762995512386},"point_estimate":-0.00034990588739858275,"standard_error":0.00021722466094857082}}