{"mean":{"confidence_interval":{"confidence_level":0.95,"lower_bound":-0.2653529775451902,"upper_bound":-0.25515948395748395},"point_estimate":-0.26016131612508786,"standard_error":0.0026001874778623806},"median":{"confidence_interval":{"confidence_level":0.95,"lower_bound":-0.2632641962571898,"upper_bound":-0.2548359531411182},"point_estimate":-0.2594073142054588,"standard_error":0.0022712605833011138}}