{"mean":{"confidence_interval":{"confidence_level":0.95,"lower_bound":-0.00180942725280486,"upper_bound":-0.0002939957249407582},"point_estimate":-0.001122750579820031,"standard_error":0.00040250102050003433},"median":{"confidence_interval":{"confidence_level":0.95,"lower_bound":-0.002085764779876653,"upper_bound":-0.0014629078337987655},"point_estimate":-0.0018505657590022206,"standard_error":0.00015612617847810765}}