{"mean":{"confidence_interval":{"confidence_level":0.95,"lower_bound":-0.001314006252238653,"upper_bound":0.00487997864632117},"point_estimate":0.0017485228772544659,"standard_error":0.0015896012620125884},"median":{"confidence_interval":{"confidence_level":0.95,"lower_bound":-0.0011011361186132884,"upper_bound":0.008459809349961489},"point_estimate":0.0039003710939431446,"standard_error":0.0022897820261241313}}