{"mean":{"confidence_interval":{"confidence_level":0.95,"lower_bound":-0.0001755676743899731,"upper_bound":0.0015597566958854775},"point_estimate":0.0006811058086348964,"standard_error":0.00044256452515342926},"median":{"confidence_interval":{"confidence_level":0.95,"lower_bound":-0.00013039899714206715,"upper_bound":0.000574031081088},"point_estimate":0.00018269974715034998,"standard_error":0.00017366809612335437}}