{"mean":{"confidence_interval":{"confidence_level":0.95,"lower_bound":0.7223133193667816,"upper_bound":0.7499533039251449},"point_estimate":0.7344631700037976,"standard_error":0.006939272520787498},"median":{"confidence_interval":{"confidence_level":0.95,"lower_bound":0.7195920533466529,"upper_bound":0.7416901519182784},"point_estimate":0.7279832622129294,"standard_error":0.005941900520641621}}