{"mean":{"confidence_interval":{"confidence_level":0.95,"lower_bound":-0.0009935251590836164,"upper_bound":0.0016962246892681383},"point_estimate":0.0003981049805943382,"standard_error":0.0006878390606624184},"median":{"confidence_interval":{"confidence_level":0.95,"lower_bound":-0.00018958157284377494,"upper_bound":0.0004690093755519431},"point_estimate":0.0002495922028493691,"standard_error":0.00016993000680373715}}