{"mean":{"confidence_interval":{"confidence_level":0.95,"lower_bound":0.11692577375852631,"upper_bound":0.1395011292589523},"point_estimate":0.12824895249242085,"standard_error":0.005790534993441493},"median":{"confidence_interval":{"confidence_level":0.95,"lower_bound":0.11923410810543977,"upper_bound":0.14515202877421163},"point_estimate":0.1346171026902112,"standard_error":0.007171025760761513}}