{"mean":{"confidence_interval":{"confidence_level":0.95,"lower_bound":0.5626182128046967,"upper_bound":0.5902272425057182},"point_estimate":0.57725328068043,"standard_error":0.007121139984401295},"median":{"confidence_interval":{"confidence_level":0.95,"lower_bound":0.5619174925881115,"upper_bound":0.599897678211974},"point_estimate":0.5811627562955566,"standard_error":0.01001612292768848}}