{"mean":{"confidence_interval":{"confidence_level":0.95,"lower_bound":0.0009340127518743328,"upper_bound":0.02380185054962218},"point_estimate":0.010330504392109363,"standard_error":0.00601013444650881},"median":{"confidence_interval":{"confidence_level":0.95,"lower_bound":0.0009999153804409744,"upper_bound":0.0023640341965545097},"point_estimate":0.0016305794036932664,"standard_error":0.00035940181035725056}}