{"mean":{"confidence_interval":{"confidence_level":0.95,"lower_bound":-0.0007584768710301751,"upper_bound":0.0018502879018209625},"point_estimate":0.00045311890401089627,"standard_error":0.0006581709644575515},"median":{"confidence_interval":{"confidence_level":0.95,"lower_bound":0.00006646133931136347,"upper_bound":0.0009403124362601378},"point_estimate":0.0005495942003692633,"standard_error":0.00022415828586461525}}