{"mean":{"confidence_interval":{"confidence_level":0.95,"lower_bound":-0.014649595323480093,"upper_bound":0.00017361873163412866},"point_estimate":-0.007083530430687657,"standard_error":0.003756778755947105},"median":{"confidence_interval":{"confidence_level":0.95,"lower_bound":-0.017935081661428005,"upper_bound":0.006555538967087271},"point_estimate":-0.0063576645532275045,"standard_error":0.006024584806178149}}