{"mean":{"confidence_interval":{"confidence_level":0.95,"lower_bound":0.2025498340364606,"upper_bound":0.2045491042891397},"point_estimate":0.20357931812705665,"standard_error":0.0005102929571007415},"median":{"confidence_interval":{"confidence_level":0.95,"lower_bound":0.20240596555063983,"upper_bound":0.2046993514773689},"point_estimate":0.20385342893697933,"standard_error":0.0005752578010722128}}