{"mean":{"confidence_interval":{"confidence_level":0.95,"lower_bound":-0.001213861101178465,"upper_bound":0.0006278180477713},"point_estimate":-0.0002937729758983876,"standard_error":0.00047062170491057724},"median":{"confidence_interval":{"confidence_level":0.95,"lower_bound":-0.0007813058467472176,"upper_bound":0.000028452466871220494},"point_estimate":-0.0003753740136847039,"standard_error":0.00020619499683328954}}