{"mean":{"confidence_interval":{"confidence_level":0.95,"lower_bound":-0.0001849196983015194,"upper_bound":0.0011080149259816091},"point_estimate":0.0005495639395556307,"standard_error":0.0003332423875652979},"median":{"confidence_interval":{"confidence_level":0.95,"lower_bound":0.0006464871665088356,"upper_bound":0.0013148956962791836},"point_estimate":0.0009664246961484935,"standard_error":0.00016467142305073403}}