{"mean":{"confidence_interval":{"confidence_level":0.95,"lower_bound":-0.27895793154736975,"upper_bound":-0.2722699264592911},"point_estimate":-0.2765827941028667,"standard_error":0.0017975922223413465},"median":{"confidence_interval":{"confidence_level":0.95,"lower_bound":-0.28021475457434597,"upper_bound":-0.2788822801169979},"point_estimate":-0.2794178627695635,"standard_error":0.0003306571328065977}}