{"mean":{"confidence_interval":{"confidence_level":0.95,"lower_bound":-0.001730835483770748,"upper_bound":0.000835447191401872},"point_estimate":-0.00035481067314280246,"standard_error":0.000655296605623843},"median":{"confidence_interval":{"confidence_level":0.95,"lower_bound":-0.0006766303897498549,"upper_bound":0.001291683772428865},"point_estimate":0.0005177615488791698,"standard_error":0.0004927848647861152}}