{"mean":{"confidence_interval":{"confidence_level":0.95,"lower_bound":0.15702196586521955,"upper_bound":0.16440306102453797},"point_estimate":0.1607130414481721,"standard_error":0.001999481161779394},"median":{"confidence_interval":{"confidence_level":0.95,"lower_bound":0.15635672809527024,"upper_bound":0.16505083454982516},"point_estimate":0.1601575546817231,"standard_error":0.0022251184573574066}}