{"mean":{"confidence_interval":{"confidence_level":0.95,"lower_bound":-0.40128113411416494,"upper_bound":-0.38982707070231276},"point_estimate":-0.39558241813275596,"standard_error":0.0029187942843711618},"median":{"confidence_interval":{"confidence_level":0.95,"lower_bound":-0.4006199991546165,"upper_bound":-0.3847414283650391},"point_estimate":-0.39267683918429197,"standard_error":0.004325175127602253}}