{"mean":{"confidence_interval":{"confidence_level":0.95,"lower_bound":-0.0760781296829226,"upper_bound":-0.06353460402227473},"point_estimate":-0.06973280322688402,"standard_error":0.0031886695058732256},"median":{"confidence_interval":{"confidence_level":0.95,"lower_bound":-0.07387298017889299,"upper_bound":-0.06324147818570193},"point_estimate":-0.07030489670165285,"standard_error":0.0030918588423860106}}