{"mean":{"confidence_interval":{"confidence_level":0.95,"lower_bound":-0.0008804367219503781,"upper_bound":0.0013308624329172341},"point_estimate":0.00024573841269392993,"standard_error":0.0005618947621585651},"median":{"confidence_interval":{"confidence_level":0.95,"lower_bound":-0.0000809522251124291,"upper_bound":0.000658335195178994},"point_estimate":0.0002081671060965018,"standard_error":0.00020294848804190344}}