{"mean":{"confidence_interval":{"confidence_level":0.95,"lower_bound":0.03232638650852353,"upper_bound":0.04441300177314846},"point_estimate":0.038379813080825276,"standard_error":0.003084137503291031},"median":{"confidence_interval":{"confidence_level":0.95,"lower_bound":0.02825351544188225,"upper_bound":0.053270481708917794},"point_estimate":0.034578653323970254,"standard_error":0.006652276347887504}}