{"mean":{"confidence_interval":{"confidence_level":0.95,"lower_bound":-0.0016997863345099393,"upper_bound":0.0016264995550388337},"point_estimate":0.000029849668829573517,"standard_error":0.000837602755228737},"median":{"confidence_interval":{"confidence_level":0.95,"lower_bound":-0.0002184988648568087,"upper_bound":0.000573947025522159},"point_estimate":0.00017552651529251229,"standard_error":0.00020419035522796681}}