{"mean":{"confidence_interval":{"confidence_level":0.95,"lower_bound":0.020968067155503447,"upper_bound":0.04582851789924638},"point_estimate":0.031556137507842585,"standard_error":0.006329454355333025},"median":{"confidence_interval":{"confidence_level":0.95,"lower_bound":0.0027731592569579153,"upper_bound":0.035423734260968454},"point_estimate":0.01797946514398019,"standard_error":0.006658891602375283}}