{"mean":{"confidence_interval":{"confidence_level":0.95,"lower_bound":-0.3387296016966088,"upper_bound":-0.33575971085398454},"point_estimate":-0.3371296470541971,"standard_error":0.0007594908590168966},"median":{"confidence_interval":{"confidence_level":0.95,"lower_bound":-0.33770165375824557,"upper_bound":-0.3357203503180457},"point_estimate":-0.33674219749136014,"standard_error":0.0005038871153741977}}