{"mean":{"confidence_interval":{"confidence_level":0.95,"lower_bound":112944.5657029396,"upper_bound":115952.95295716869},"point_estimate":114674.55154447566,"standard_error":778.68211154738},"median":{"confidence_interval":{"confidence_level":0.95,"lower_bound":116263.6247723133,"upper_bound":116692.80532313332},"point_estimate":116504.88336021695,"standard_error":87.60993174200173},"median_abs_dev":{"confidence_interval":{"confidence_level":0.95,"lower_bound":650.3889861171776,"upper_bound":1266.3127049416298},"point_estimate":940.7273163228143,"standard_error":165.1350574412208},"slope":{"confidence_interval":{"confidence_level":0.95,"lower_bound":116680.55964791284,"upper_bound":116928.79973008903},"point_estimate":116805.51968967046,"standard_error":63.39592468726599},"std_dev":{"confidence_interval":{"confidence_level":0.95,"lower_bound":2850.201008183086,"upper_bound":12213.651086585563},"point_estimate":7815.366939411744,"standard_error":2605.5497255077184}}