{"mean":{"confidence_interval":{"confidence_level":0.95,"lower_bound":97042.29707714026,"upper_bound":99354.17084843057},"point_estimate":98377.4436289791,"standard_error":597.5448720700682},"median":{"confidence_interval":{"confidence_level":0.95,"lower_bound":99412.72355623101,"upper_bound":100202.31428571428},"point_estimate":99924.78792270532,"standard_error":192.73076295479964},"median_abs_dev":{"confidence_interval":{"confidence_level":0.95,"lower_bound":800.7690493923432,"upper_bound":1479.342378901267},"point_estimate":1103.0590453481402,"standard_error":178.2343655158898},"slope":{"confidence_interval":{"confidence_level":0.95,"lower_bound":100261.56638960904,"upper_bound":100495.1589201583},"point_estimate":100386.0352017142,"standard_error":59.626392960995844},"std_dev":{"confidence_interval":{"confidence_level":0.95,"lower_bound":2138.582675751954,"upper_bound":9337.744655976881},"point_estimate":5974.455545710336,"standard_error":1993.6048159126187}}