{"mean":{"confidence_interval":{"confidence_level":0.95,"lower_bound":77852.7854204796,"upper_bound":79831.44359541476},"point_estimate":78920.18478101167,"standard_error":504.668002009583},"median":{"confidence_interval":{"confidence_level":0.95,"lower_bound":78720.31746759599,"upper_bound":79011.61724806202},"point_estimate":78862.2453544315,"standard_error":77.86859700215275},"median_abs_dev":{"confidence_interval":{"confidence_level":0.95,"lower_bound":640.5480592064852,"upper_bound":1670.4779080167134},"point_estimate":1298.8017283528548,"standard_error":305.12606432244735},"slope":{"confidence_interval":{"confidence_level":0.95,"lower_bound":79830.26912933344,"upper_bound":81056.05398862675},"point_estimate":80428.97796561745,"standard_error":312.8162494414281},"std_dev":{"confidence_interval":{"confidence_level":0.95,"lower_bound":2918.8667208331267,"upper_bound":7260.617375802157},"point_estimate":5066.375305784507,"standard_error":1176.9106152603242}}