{"mean":{"confidence_interval":{"confidence_level":0.95,"lower_bound":90524.32198986848,"upper_bound":92407.83162153474},"point_estimate":91623.72557966823,"standard_error":488.77024556006546},"median":{"confidence_interval":{"confidence_level":0.95,"lower_bound":92540.57427937916,"upper_bound":92818.5696222017},"point_estimate":92705.58391050834,"standard_error":73.69920244494037},"median_abs_dev":{"confidence_interval":{"confidence_level":0.95,"lower_bound":447.8892945728206,"upper_bound":1021.1183702243841},"point_estimate":630.1360762600715,"standard_error":146.85896588202203},"slope":{"confidence_interval":{"confidence_level":0.95,"lower_bound":92914.48962403598,"upper_bound":93196.64596186708},"point_estimate":93054.61102113196,"standard_error":72.05907595945693},"std_dev":{"confidence_interval":{"confidence_level":0.95,"lower_bound":1618.5324260968002,"upper_bound":7756.986058498683},"point_estimate":4906.008033026177,"standard_error":1741.2053456347658}}