{"mean":{"confidence_interval":{"confidence_level":0.95,"lower_bound":97299.61924603814,"upper_bound":99695.89131166897},"point_estimate":98687.53017227758,"standard_error":619.9924731774563},"median":{"confidence_interval":{"confidence_level":0.95,"lower_bound":100055.6,"upper_bound":100390.47908708938},"point_estimate":100225.3269047619,"standard_error":95.42234704493191},"median_abs_dev":{"confidence_interval":{"confidence_level":0.95,"lower_bound":567.8031070741291,"upper_bound":1300.4885149556308},"point_estimate":856.3999988290437,"standard_error":184.98825541787016},"slope":{"confidence_interval":{"confidence_level":0.95,"lower_bound":100475.87617074854,"upper_bound":100718.02306108331},"point_estimate":100599.91425801684,"standard_error":61.57329068915464},"std_dev":{"confidence_interval":{"confidence_level":0.95,"lower_bound":2065.1351298482527,"upper_bound":9803.634014542942},"point_estimate":6235.268333022201,"standard_error":2158.1678676402084}}