{"mean":{"confidence_interval":{"confidence_level":0.95,"lower_bound":104210.6856440587,"upper_bound":106682.9894559138},"point_estimate":105620.16734025387,"standard_error":636.1990357525099},"median":{"confidence_interval":{"confidence_level":0.95,"lower_bound":105253.18063218391,"upper_bound":106949.40314380577},"point_estimate":106249.21181467181,"standard_error":482.4656789933788},"median_abs_dev":{"confidence_interval":{"confidence_level":0.95,"lower_bound":2443.2277070260143,"upper_bound":3784.562501804084},"point_estimate":3114.7291856456904,"standard_error":349.77615882036747},"slope":{"confidence_interval":{"confidence_level":0.95,"lower_bound":106499.83526578076,"upper_bound":108169.30986110153},"point_estimate":107366.19150406384,"standard_error":425.64602066547496},"std_dev":{"confidence_interval":{"confidence_level":0.95,"lower_bound":2922.602477693741,"upper_bound":9943.662439506383},"point_estimate":6405.797831420274,"standard_error":2154.4469411681184}}