{"mean":{"confidence_interval":{"confidence_level":0.95,"lower_bound":95564.84689949761,"upper_bound":97853.31321448187},"point_estimate":96889.11233981627,"standard_error":590.2767526108772},"median":{"confidence_interval":{"confidence_level":0.95,"lower_bound":98252.93236024845,"upper_bound":98533.71923758865},"point_estimate":98445.338125,"standard_error":74.77961161672813},"median_abs_dev":{"confidence_interval":{"confidence_level":0.95,"lower_bound":536.8917957044141,"upper_bound":1074.2225687548178},"point_estimate":802.718140764281,"standard_error":136.10404439641036},"slope":{"confidence_interval":{"confidence_level":0.95,"lower_bound":98584.49200840158,"upper_bound":98786.69294938045},"point_estimate":98688.58541628491,"standard_error":51.62192831032464},"std_dev":{"confidence_interval":{"confidence_level":0.95,"lower_bound":1979.906866084709,"upper_bound":9386.455739208934},"point_estimate":5969.557857491044,"standard_error":2075.874891753963}}