{"mean":{"confidence_interval":{"confidence_level":0.95,"lower_bound":177985.03418123748,"upper_bound":185371.10372854018},"point_estimate":182006.01097315762,"standard_error":1889.5282986537015},"median":{"confidence_interval":{"confidence_level":0.95,"lower_bound":178629.9880952381,"upper_bound":191418.95476190475},"point_estimate":189617.8343079922,"standard_error":4242.137001097869},"median_abs_dev":{"confidence_interval":{"confidence_level":0.95,"lower_bound":6441.004619316003,"upper_bound":18006.05711471817},"point_estimate":11673.508078468105,"standard_error":3009.362259276542},"slope":{"confidence_interval":{"confidence_level":0.95,"lower_bound":190179.3272323503,"upper_bound":192314.37921590207},"point_estimate":191350.11657258263,"standard_error":543.9867780140708},"std_dev":{"confidence_interval":{"confidence_level":0.95,"lower_bound":11807.974242992721,"upper_bound":26481.429571696204},"point_estimate":18874.433232451778,"standard_error":3997.524724379561}}