{"mean":{"confidence_interval":{"confidence_level":0.95,"lower_bound":77797.67580275949,"upper_bound":79467.56148698824},"point_estimate":78717.63438337647,"standard_error":426.7334937855936},"median":{"confidence_interval":{"confidence_level":0.95,"lower_bound":78706.25480769231,"upper_bound":78985.69990523969},"point_estimate":78821.17133464826,"standard_error":70.88947777922986},"median_abs_dev":{"confidence_interval":{"confidence_level":0.95,"lower_bound":578.7877341359712,"upper_bound":1581.8288095449077},"point_estimate":1085.1839354287133,"standard_error":269.6591879947478},"slope":{"confidence_interval":{"confidence_level":0.95,"lower_bound":79450.89054381129,"upper_bound":80487.3002760341},"point_estimate":79942.6798597265,"standard_error":264.9186442495789},"std_dev":{"confidence_interval":{"confidence_level":0.95,"lower_bound":2264.2811517324603,"upper_bound":6316.632217848785},"point_estimate":4286.594428331253,"standard_error":1122.4648822825234}}