{"mean":{"confidence_interval":{"confidence_level":0.95,"lower_bound":90842.97762482608,"upper_bound":92698.93256671267},"point_estimate":91922.42397511256,"standard_error":482.8116583213065},"median":{"confidence_interval":{"confidence_level":0.95,"lower_bound":92793.197492163,"upper_bound":93149.5572955258},"point_estimate":93033.17093577283,"standard_error":91.99914453984432},"median_abs_dev":{"confidence_interval":{"confidence_level":0.95,"lower_bound":474.9940690799814,"upper_bound":898.3238560457132},"point_estimate":668.2079252942283,"standard_error":112.44820428793345},"slope":{"confidence_interval":{"confidence_level":0.95,"lower_bound":93211.18253370922,"upper_bound":93464.82702810274},"point_estimate":93336.39202627726,"standard_error":64.7553140976232},"std_dev":{"confidence_interval":{"confidence_level":0.95,"lower_bound":1687.8081657379435,"upper_bound":7654.1595870052515},"point_estimate":4847.22619291414,"standard_error":1737.261449722107}}