{"mean":{"confidence_interval":{"confidence_level":0.95,"lower_bound":78675.38619502536,"upper_bound":80494.51423852243},"point_estimate":79636.5323587729,"standard_error":462.4425850141733},"median":{"confidence_interval":{"confidence_level":0.95,"lower_bound":79249.21076923078,"upper_bound":79623.1297111523},"point_estimate":79352.28527927768,"standard_error":102.37914282868985},"median_abs_dev":{"confidence_interval":{"confidence_level":0.95,"lower_bound":752.7932113041518,"upper_bound":1927.519307884953},"point_estimate":1250.986939889935,"standard_error":321.52684118164296},"slope":{"confidence_interval":{"confidence_level":0.95,"lower_bound":80449.44422931697,"upper_bound":81735.05696917236},"point_estimate":81077.14028645803,"standard_error":329.0478038962368},"std_dev":{"confidence_interval":{"confidence_level":0.95,"lower_bound":2616.5778765841364,"upper_bound":6711.536695236472},"point_estimate":4661.661181575619,"standard_error":1094.4720543421145}}