{"mean":{"confidence_interval":{"confidence_level":0.95,"lower_bound":95805.60259027922,"upper_bound":97853.54401294047},"point_estimate":96984.48259877149,"standard_error":531.8271062245879},"median":{"confidence_interval":{"confidence_level":0.95,"lower_bound":98115.71770334928,"upper_bound":98568.75757575757},"point_estimate":98390.17588126159,"standard_error":150.1264752708365},"median_abs_dev":{"confidence_interval":{"confidence_level":0.95,"lower_bound":421.17137715455505,"upper_bound":866.1704941082254},"point_estimate":591.5849867548201,"standard_error":109.39482781168552},"slope":{"confidence_interval":{"confidence_level":0.95,"lower_bound":98554.23144006915,"upper_bound":98713.08959571071},"point_estimate":98636.36527802034,"standard_error":40.55834458601435},"std_dev":{"confidence_interval":{"confidence_level":0.95,"lower_bound":1848.210965791793,"upper_bound":8342.280684495225},"point_estimate":5335.055940573337,"standard_error":1804.9336420717939}}