{"mean":{"confidence_interval":{"confidence_level":0.95,"lower_bound":81043.36683483602,"upper_bound":83031.55231542217},"point_estimate":82134.9324393716,"standard_error":508.65785107771234},"median":{"confidence_interval":{"confidence_level":0.95,"lower_bound":81966.72716894977,"upper_bound":82886.11434108527},"point_estimate":82373.35225225225,"standard_error":276.65847375047866},"median_abs_dev":{"confidence_interval":{"confidence_level":0.95,"lower_bound":1152.7610668884213,"upper_bound":2245.0483488824457},"point_estimate":1441.5561100162367,"standard_error":287.8452572275222},"slope":{"confidence_interval":{"confidence_level":0.95,"lower_bound":83224.36973545594,"upper_bound":84138.73608000293},"point_estimate":83665.7112767844,"standard_error":232.65624717890384},"std_dev":{"confidence_interval":{"confidence_level":0.95,"lower_bound":2779.209512337731,"upper_bound":7442.953354368852},"point_estimate":5102.355898569603,"standard_error":1266.0288080746707}}