{"mean":{"confidence_interval":{"confidence_level":0.95,"lower_bound":77881.25428540114,"upper_bound":79640.97488066494},"point_estimate":78832.15281049679,"standard_error":449.9811955290866},"median":{"confidence_interval":{"confidence_level":0.95,"lower_bound":78357.90148448042,"upper_bound":78721.52136752137},"point_estimate":78544.0636845039,"standard_error":93.06326063848515},"median_abs_dev":{"confidence_interval":{"confidence_level":0.95,"lower_bound":718.1864857175302,"upper_bound":2264.1644585651047},"point_estimate":1327.3369995119856,"standard_error":357.23837737491266},"slope":{"confidence_interval":{"confidence_level":0.95,"lower_bound":79650.64415518104,"upper_bound":81030.63064389308},"point_estimate":80315.01817326165,"standard_error":353.6485695546726},"std_dev":{"confidence_interval":{"confidence_level":0.95,"lower_bound":2686.8573956326,"upper_bound":6478.57767092526},"point_estimate":4505.038454281688,"standard_error":1065.9717558838345}}