{"mean":{"confidence_interval":{"confidence_level":0.95,"lower_bound":79234.20558776194,"upper_bound":81019.82245769903},"point_estimate":80204.38759816636,"standard_error":455.0716357497583},"median":{"confidence_interval":{"confidence_level":0.95,"lower_bound":79927.55672348486,"upper_bound":80291.89208707958},"point_estimate":80132.26244508219,"standard_error":109.30830167308898},"median_abs_dev":{"confidence_interval":{"confidence_level":0.95,"lower_bound":747.1911645124835,"upper_bound":1460.6211125507023},"point_estimate":1059.0313103881526,"standard_error":188.4772551460544},"slope":{"confidence_interval":{"confidence_level":0.95,"lower_bound":80978.42615251381,"upper_bound":82374.9475610227},"point_estimate":81655.73495418945,"standard_error":356.55344034849867},"std_dev":{"confidence_interval":{"confidence_level":0.95,"lower_bound":2656.3130649308036,"upper_bound":6574.779227625235},"point_estimate":4561.456857782733,"standard_error":1092.0616058118894}}