{"mean":{"confidence_interval":{"confidence_level":0.95,"lower_bound":96343.46217297355,"upper_bound":98680.54501256639},"point_estimate":97688.4784778896,"standard_error":605.325689106256},"median":{"confidence_interval":{"confidence_level":0.95,"lower_bound":98786.45555555556,"upper_bound":99249.36318681319},"point_estimate":99110.11455223881,"standard_error":122.29466867128981},"median_abs_dev":{"confidence_interval":{"confidence_level":0.95,"lower_bound":645.5224961487204,"upper_bound":1344.1336712046905},"point_estimate":874.6360226264748,"standard_error":176.9849396753978},"slope":{"confidence_interval":{"confidence_level":0.95,"lower_bound":99477.99138705336,"upper_bound":100083.36926631012},"point_estimate":99733.50358947835,"standard_error":159.5888958418686},"std_dev":{"confidence_interval":{"confidence_level":0.95,"lower_bound":2147.8041498718962,"upper_bound":9517.787290501732},"point_estimate":6085.504771067666,"standard_error":2068.7704921719}}