{"mean":{"confidence_interval":{"confidence_level":0.95,"lower_bound":112599.06514355403,"upper_bound":115575.25389946427},"point_estimate":114319.1170831522,"standard_error":769.7258806748227},"median":{"confidence_interval":{"confidence_level":0.95,"lower_bound":116161.44973544973,"upper_bound":116600.60714285714},"point_estimate":116361.41948366852,"standard_error":103.33855561412653},"median_abs_dev":{"confidence_interval":{"confidence_level":0.95,"lower_bound":677.2547101217419,"upper_bound":1377.1892615839463},"point_estimate":1021.7958262741955,"standard_error":173.43919991695586},"slope":{"confidence_interval":{"confidence_level":0.95,"lower_bound":116678.71424433502,"upper_bound":116923.16317062514},"point_estimate":116806.21981051836,"standard_error":62.564184405914745},"std_dev":{"confidence_interval":{"confidence_level":0.95,"lower_bound":2761.680480383188,"upper_bound":12073.675810963563},"point_estimate":7704.918102471278,"standard_error":2612.708330976523}}