{"mean":{"confidence_interval":{"confidence_level":0.95,"lower_bound":78023.0490931833,"upper_bound":79690.08681998946},"point_estimate":78935.47103523914,"standard_error":425.86571660490415},"median":{"confidence_interval":{"confidence_level":0.95,"lower_bound":78751.85702075702,"upper_bound":79029.59193245778},"point_estimate":78898.68724152193,"standard_error":80.59609811794864},"median_abs_dev":{"confidence_interval":{"confidence_level":0.95,"lower_bound":462.2347127653582,"upper_bound":1853.6601711935116},"point_estimate":954.6636793410391,"standard_error":378.719769224609},"slope":{"confidence_interval":{"confidence_level":0.95,"lower_bound":79874.12659975575,"upper_bound":80993.983919686},"point_estimate":80415.10972843324,"standard_error":287.0684909488747},"std_dev":{"confidence_interval":{"confidence_level":0.95,"lower_bound":2339.7034021944833,"upper_bound":6262.440032808478},"point_estimate":4267.596619036946,"standard_error":1092.3935052499285}}