{"mean":{"confidence_interval":{"confidence_level":0.95,"lower_bound":78621.71497755007,"upper_bound":80255.6659354569},"point_estimate":79513.63786796395,"standard_error":416.74899353071686},"median":{"confidence_interval":{"confidence_level":0.95,"lower_bound":79331.8987854251,"upper_bound":79669.87980769231},"point_estimate":79493.79934276707,"standard_error":88.97950353098665},"median_abs_dev":{"confidence_interval":{"confidence_level":0.95,"lower_bound":610.0189697129833,"upper_bound":1506.5775068458981},"point_estimate":913.861574263882,"standard_error":226.79988947715844},"slope":{"confidence_interval":{"confidence_level":0.95,"lower_bound":80220.03195192218,"upper_bound":81249.05485898207},"point_estimate":80704.60530151981,"standard_error":263.53831866529396},"std_dev":{"confidence_interval":{"confidence_level":0.95,"lower_bound":2254.1583933917373,"upper_bound":6172.33909414317},"point_estimate":4191.8505393916885,"standard_error":1074.1741343001104}}