{"mean":{"confidence_interval":{"confidence_level":0.95,"lower_bound":77888.61554215793,"upper_bound":79802.10082022529},"point_estimate":78923.26823203795,"standard_error":489.53236351166476},"median":{"confidence_interval":{"confidence_level":0.95,"lower_bound":78655.53112934364,"upper_bound":79279.52809311225},"point_estimate":78927.58965330444,"standard_error":146.76632644872694},"median_abs_dev":{"confidence_interval":{"confidence_level":0.95,"lower_bound":1133.6201598321516,"upper_bound":2885.782419160486},"point_estimate":1757.0609082692592,"standard_error":505.4232733322468},"slope":{"confidence_interval":{"confidence_level":0.95,"lower_bound":79898.20202424673,"upper_bound":81102.23910977201},"point_estimate":80476.81863307227,"standard_error":307.3336001307966},"std_dev":{"confidence_interval":{"confidence_level":0.95,"lower_bound":2924.1257705063476,"upper_bound":7018.358898366457},"point_estimate":4936.190842197997,"standard_error":1116.889988770039}}