{"mean":{"confidence_interval":{"confidence_level":0.95,"lower_bound":172518.02287198984,"upper_bound":178681.65183703697},"point_estimate":175935.98152408417,"standard_error":1588.1297673409006},"median":{"confidence_interval":{"confidence_level":0.95,"lower_bound":177649.0153846154,"upper_bound":179424.06554307116},"point_estimate":178474.8791273585,"standard_error":441.84878094498737},"median_abs_dev":{"confidence_interval":{"confidence_level":0.95,"lower_bound":2824.1175146927344,"upper_bound":5270.408792813694},"point_estimate":4014.1835914890435,"standard_error":640.6354222612545},"slope":{"confidence_interval":{"confidence_level":0.95,"lower_bound":179749.82298116837,"upper_bound":181631.729457612},"point_estimate":180628.7555253436,"standard_error":479.10686183641707},"std_dev":{"confidence_interval":{"confidence_level":0.95,"lower_bound":7215.621277977526,"upper_bound":23904.827774007626},"point_estimate":15915.936925986665,"standard_error":4453.484996418587}}