{"mean":{"confidence_interval":{"confidence_level":0.95,"lower_bound":107817.90107351434,"upper_bound":111278.27252384342},"point_estimate":109709.54150051322,"standard_error":888.7473887309393},"median":{"confidence_interval":{"confidence_level":0.95,"lower_bound":110777.28804347827,"upper_bound":113086.7670250896},"point_estimate":112210.6902342377,"standard_error":656.0923766281927},"median_abs_dev":{"confidence_interval":{"confidence_level":0.95,"lower_bound":3350.6350655767355,"upper_bound":6123.230722791609},"point_estimate":4492.908005739844,"standard_error":736.5306249786863},"slope":{"confidence_interval":{"confidence_level":0.95,"lower_bound":112957.66653212202,"upper_bound":114321.53781907783},"point_estimate":113675.17024415874,"standard_error":349.5524079505577},"std_dev":{"confidence_interval":{"confidence_level":0.95,"lower_bound":5097.465469213988,"upper_bound":12847.205254047614},"point_estimate":8917.074879699438,"standard_error":2126.096121827189}}