{"mean":{"confidence_interval":{"confidence_level":0.95,"lower_bound":79011.88561795095,"upper_bound":80806.90689303528},"point_estimate":79965.90998725046,"standard_error":457.39475191438925},"median":{"confidence_interval":{"confidence_level":0.95,"lower_bound":79558.55370849729,"upper_bound":80012.05833872009},"point_estimate":79711.4744055944,"standard_error":143.33180462520875},"median_abs_dev":{"confidence_interval":{"confidence_level":0.95,"lower_bound":745.1001319188458,"upper_bound":1866.2767159928362},"point_estimate":1010.6757336553178,"standard_error":294.9254183248496},"slope":{"confidence_interval":{"confidence_level":0.95,"lower_bound":80383.28211232407,"upper_bound":81317.96027369652},"point_estimate":80818.86741153334,"standard_error":239.43330536304668},"std_dev":{"confidence_interval":{"confidence_level":0.95,"lower_bound":2882.909473795746,"upper_bound":6379.252924751619},"point_estimate":4594.160200777108,"standard_error":940.5189605915823}}