{"mean":{"confidence_interval":{"confidence_level":0.95,"lower_bound":184160.15707553312,"upper_bound":191165.97967794302},"point_estimate":187968.10630642725,"standard_error":1799.3537166838662},"median":{"confidence_interval":{"confidence_level":0.95,"lower_bound":186580.63888888888,"upper_bound":192449.44630718953},"point_estimate":189465.23456790124,"standard_error":1528.962054518473},"median_abs_dev":{"confidence_interval":{"confidence_level":0.95,"lower_bound":7859.642041044017,"upper_bound":11821.074346800646},"point_estimate":9780.280966860433,"standard_error":988.0815746874342},"slope":{"confidence_interval":{"confidence_level":0.95,"lower_bound":190794.43568088542,"upper_bound":194566.40152685548},"point_estimate":192739.5835909561,"standard_error":960.5634758607788},"std_dev":{"confidence_interval":{"confidence_level":0.95,"lower_bound":10206.81732566981,"upper_bound":26099.41553371692},"point_estimate":18142.507737654705,"standard_error":4329.550092331028}}