{"mean":{"confidence_interval":{"confidence_level":0.95,"lower_bound":66878867.18875,"upper_bound":67390231.59875},"point_estimate":67122285.85,"standard_error":130227.08145023965},"median":{"confidence_interval":{"confidence_level":0.95,"lower_bound":66626795.0,"upper_bound":67160692.5},"point_estimate":66996893.5,"standard_error":145293.98547961874},"median_abs_dev":{"confidence_interval":{"confidence_level":0.95,"lower_bound":708233.5596263409,"upper_bound":1082589.3116801977},"point_estimate":861979.9181967974,"standard_error":99900.46882305869},"slope":null,"std_dev":{"confidence_interval":{"confidence_level":0.95,"lower_bound":942597.6510961854,"upper_bound":1634429.529345363},"point_estimate":1306210.8392505562,"standard_error":177384.57102744194}}