{"mean":{"confidence_interval":{"confidence_level":0.95,"lower_bound":177276856.944,"upper_bound":177463201.2305},"point_estimate":177357915.25,"standard_error":47920.99820800909},"median":{"confidence_interval":{"confidence_level":0.95,"lower_bound":177247913.0,"upper_bound":177373069.5},"point_estimate":177308611.5,"standard_error":28420.170279094487},"median_abs_dev":{"confidence_interval":{"confidence_level":0.95,"lower_bound":172127.3735891284,"upper_bound":296528.1119705728},"point_estimate":239306.46175146103,"standard_error":33040.44198173439},"slope":null,"std_dev":{"confidence_interval":{"confidence_level":0.95,"lower_bound":247890.40808687496,"upper_bound":732392.4459149746},"point_estimate":481476.6368529629,"standard_error":150359.8341612993}}