{"mean":{"confidence_interval":{"confidence_level":0.95,"lower_bound":100298005.07775001,"upper_bound":101762476.6985},"point_estimate":101008685.04,"standard_error":373032.4725826279},"median":{"confidence_interval":{"confidence_level":0.95,"lower_bound":99751134.0,"upper_bound":101217243.5},"point_estimate":100637736.0,"standard_error":405587.00932371663},"median_abs_dev":{"confidence_interval":{"confidence_level":0.95,"lower_bound":2472392.611706257,"upper_bound":4186819.6638540886},"point_estimate":3168253.133252263,"standard_error":443792.97854684875},"slope":null,"std_dev":{"confidence_interval":{"confidence_level":0.95,"lower_bound":2986181.789611053,"upper_bound":4524453.27525745},"point_estimate":3763325.756086856,"standard_error":395923.22067840403}}