{"mean":{"confidence_interval":{"confidence_level":0.95,"lower_bound":46486563.108375,"upper_bound":46644318.041625},"point_estimate":46562498.065,"standard_error":40006.014601357565},"median":{"confidence_interval":{"confidence_level":0.95,"lower_bound":46433532.5,"upper_bound":46560259.0},"point_estimate":46499866.5,"standard_error":36462.92375772192},"median_abs_dev":{"confidence_interval":{"confidence_level":0.95,"lower_bound":180372.7421477437,"upper_bound":321528.86174172163},"point_estimate":247898.49924892187,"standard_error":36836.31414551849},"slope":null,"std_dev":{"confidence_interval":{"confidence_level":0.95,"lower_bound":296575.3326749334,"upper_bound":496958.6270692422},"point_estimate":400540.7140381742,"standard_error":51393.666802039705}}