{"mean":{"confidence_interval":{"confidence_level":0.95,"lower_bound":90582433.10325,"upper_bound":91841061.44774999},"point_estimate":91201462.14,"standard_error":321545.22125900316},"median":{"confidence_interval":{"confidence_level":0.95,"lower_bound":90040257.0,"upper_bound":91200712.5},"point_estimate":90834861.0,"standard_error":354465.65986237995},"median_abs_dev":{"confidence_interval":{"confidence_level":0.95,"lower_bound":2534965.7435953617,"upper_bound":4071830.3589105606},"point_estimate":3384866.9198065996,"standard_error":380567.31437258783},"slope":null,"std_dev":{"confidence_interval":{"confidence_level":0.95,"lower_bound":2626546.7585454783,"upper_bound":3871173.248286623},"point_estimate":3230623.103219767,"standard_error":322763.6633886765}}