{"mean":{"confidence_interval":{"confidence_level":0.95,"lower_bound":107477299.6775,"upper_bound":110087660.24999999},"point_estimate":108719121.72,"standard_error":667441.2114049512},"median":{"confidence_interval":{"confidence_level":0.95,"lower_bound":106078554.0,"upper_bound":109064759.0},"point_estimate":107668212.0,"standard_error":689563.025836889},"median_abs_dev":{"confidence_interval":{"confidence_level":0.95,"lower_bound":3819342.84209311,"upper_bound":5970143.803948759},"point_estimate":4890066.164883971,"standard_error":562211.4593801415},"slope":null,"std_dev":{"confidence_interval":{"confidence_level":0.95,"lower_bound":4945750.961750126,"upper_bound":8253122.880084147},"point_estimate":6686722.906142134,"standard_error":843730.3307724842}}