{"mean":{"confidence_interval":{"confidence_level":0.95,"lower_bound":45087297.05325,"upper_bound":45370103.67825},"point_estimate":45226250.76,"standard_error":72156.01523573644},"median":{"confidence_interval":{"confidence_level":0.95,"lower_bound":44946932.75,"upper_bound":45349222.5},"point_estimate":45155635.5,"standard_error":107990.22401773534},"median_abs_dev":{"confidence_interval":{"confidence_level":0.95,"lower_bound":543023.3674094081,"upper_bound":982723.2307031751},"point_estimate":835456.5753176808,"standard_error":113117.59664512619},"slope":null,"std_dev":{"confidence_interval":{"confidence_level":0.95,"lower_bound":625444.2468193593,"upper_bound":808417.3779376933},"point_estimate":722640.4468398627,"standard_error":46906.138579323844}}