{"mean":{"confidence_interval":{"confidence_level":0.95,"lower_bound":93421902.38575,"upper_bound":94264702.426},"point_estimate":93824150.11,"standard_error":214696.24551046352},"median":{"confidence_interval":{"confidence_level":0.95,"lower_bound":92932006.5,"upper_bound":93780089.66249998},"point_estimate":93371903.5,"standard_error":207352.92934794936},"median_abs_dev":{"confidence_interval":{"confidence_level":0.95,"lower_bound":1129119.5443066212,"upper_bound":1815273.168772459},"point_estimate":1437164.2148852348,"standard_error":173023.6411184713},"slope":null,"std_dev":{"confidence_interval":{"confidence_level":0.95,"lower_bound":1622369.712433504,"upper_bound":2608571.678321508},"point_estimate":2150083.128923172,"standard_error":251271.82635067418}}