{"mean":{"confidence_interval":{"confidence_level":0.95,"lower_bound":46296549.489,"upper_bound":46447954.603250004},"point_estimate":46370853.54,"standard_error":38609.576272649356},"median":{"confidence_interval":{"confidence_level":0.95,"lower_bound":46182544.5,"upper_bound":46458020.5},"point_estimate":46346183.5,"standard_error":75534.2475298479},"median_abs_dev":{"confidence_interval":{"confidence_level":0.95,"lower_bound":298229.8031553626,"upper_bound":443624.3054240942},"point_estimate":376251.99742019176,"standard_error":36533.71947835014},"slope":null,"std_dev":{"confidence_interval":{"confidence_level":0.95,"lower_bound":322568.8078707707,"upper_bound":445481.3150001625},"point_estimate":386891.53089804074,"standard_error":31478.665411677644}}