{"mean":{"confidence_interval":{"confidence_level":0.95,"lower_bound":43890323.105,"upper_bound":43960939.605},"point_estimate":43924068.99,"standard_error":17997.731338623304},"median":{"confidence_interval":{"confidence_level":0.95,"lower_bound":43861608.0,"upper_bound":43908936.5},"point_estimate":43881070.25,"standard_error":9939.636922596183},"median_abs_dev":{"confidence_interval":{"confidence_level":0.95,"lower_bound":65648.41488450766,"upper_bound":107632.84773163493},"point_estimate":85426.66918337345,"standard_error":10868.635993832655},"slope":null,"std_dev":{"confidence_interval":{"confidence_level":0.95,"lower_bound":130846.23968717443,"upper_bound":227801.1277864669},"point_estimate":181162.7275011654,"standard_error":24871.25577034296}}