{"mean":{"confidence_interval":{"confidence_level":0.95,"lower_bound":45739666.604624994,"upper_bound":46142310.268625},"point_estimate":45911502.71,"standard_error":104231.97963418698},"median":{"confidence_interval":{"confidence_level":0.95,"lower_bound":45569658.5,"upper_bound":45934737.0},"point_estimate":45706619.5,"standard_error":111794.71198213668},"median_abs_dev":{"confidence_interval":{"confidence_level":0.95,"lower_bound":500680.682811141,"upper_bound":859804.202735424},"point_estimate":681815.1106953621,"standard_error":86797.96881838687},"slope":null,"std_dev":{"confidence_interval":{"confidence_level":0.95,"lower_bound":536356.9955926528,"upper_bound":1613114.3236029046},"point_estimate":1045470.8314787962,"standard_error":352401.97300073004}}