{"mean":{"confidence_interval":{"confidence_level":0.95,"lower_bound":44800522.835,"upper_bound":44949765.445875},"point_estimate":44874985.525,"standard_error":38081.0907441122},"median":{"confidence_interval":{"confidence_level":0.95,"lower_bound":44779702.0,"upper_bound":44982760.0},"point_estimate":44859255.25,"standard_error":53513.32986711937},"median_abs_dev":{"confidence_interval":{"confidence_level":0.95,"lower_bound":304524.5519936085,"upper_bound":474283.34239728726},"point_estimate":399865.73785096407,"standard_error":43186.92136665955},"slope":null,"std_dev":{"confidence_interval":{"confidence_level":0.95,"lower_bound":323147.57513376075,"upper_bound":441939.27061947034},"point_estimate":382748.0276686138,"standard_error":30435.438249847404}}