{"mean":{"confidence_interval":{"confidence_level":0.95,"lower_bound":89337992.0165,"upper_bound":90168599.33525},"point_estimate":89712565.06,"standard_error":212361.6810396358},"median":{"confidence_interval":{"confidence_level":0.95,"lower_bound":88914827.0,"upper_bound":89540257.0},"point_estimate":89161616.0,"standard_error":154622.9088132708},"median_abs_dev":{"confidence_interval":{"confidence_level":0.95,"lower_bound":865137.1148407459,"upper_bound":1482184.8456859589},"point_estimate":1124860.4608297348,"standard_error":160409.3998745392},"slope":null,"std_dev":{"confidence_interval":{"confidence_level":0.95,"lower_bound":1279241.5501394384,"upper_bound":3065085.8423968484},"point_estimate":2126066.7535241176,"standard_error":531459.2914126051}}