{"mean":{"confidence_interval":{"confidence_level":0.95,"lower_bound":44880874.989874996,"upper_bound":45322500.835},"point_estimate":45089506.83,"standard_error":113177.55001959353},"median":{"confidence_interval":{"confidence_level":0.95,"lower_bound":44658468.0,"upper_bound":45062476.0},"point_estimate":44819575.25,"standard_error":102477.5805694467},"median_abs_dev":{"confidence_interval":{"confidence_level":0.95,"lower_bound":628540.8458411694,"upper_bound":1046495.8415684843},"point_estimate":771502.030903101,"standard_error":113349.17531903273},"slope":null,"std_dev":{"confidence_interval":{"confidence_level":0.95,"lower_bound":793930.7311068345,"upper_bound":1518318.0654852646},"point_estimate":1136775.937024136,"standard_error":199102.1127071172}}