{"mean":{"confidence_interval":{"confidence_level":0.95,"lower_bound":80861644.381,"upper_bound":81206535.5985},"point_estimate":81021729.27,"standard_error":88276.85795559967},"median":{"confidence_interval":{"confidence_level":0.95,"lower_bound":80665333.0,"upper_bound":81093242.0},"point_estimate":80834586.0,"standard_error":94011.958918773},"median_abs_dev":{"confidence_interval":{"confidence_level":0.95,"lower_bound":506837.17920184135,"upper_bound":789578.9831996704},"point_estimate":654138.675686717,"standard_error":70918.3756857027},"slope":null,"std_dev":{"confidence_interval":{"confidence_level":0.95,"lower_bound":576668.028724574,"upper_bound":1232672.7820763378},"point_estimate":885508.9040859679,"standard_error":186270.96359789305}}