{"mean":{"confidence_interval":{"confidence_level":0.95,"lower_bound":46623964.096125,"upper_bound":46915857.14225},"point_estimate":46765863.185,"standard_error":74438.62219087135},"median":{"confidence_interval":{"confidence_level":0.95,"lower_bound":46485302.25,"upper_bound":46797647.5},"point_estimate":46627794.25,"standard_error":71032.30843782591},"median_abs_dev":{"confidence_interval":{"confidence_level":0.95,"lower_bound":534617.7668586373,"upper_bound":910757.8279808164},"point_estimate":678504.8356041312,"standard_error":97204.93618985196},"slope":null,"std_dev":{"confidence_interval":{"confidence_level":0.95,"lower_bound":605099.177682123,"upper_bound":897363.8980542155},"point_estimate":748159.9470683332,"standard_error":75591.35037652403}}