{"mean":{"confidence_interval":{"confidence_level":0.95,"lower_bound":42519582.7845,"upper_bound":42617573.31325},"point_estimate":42566427.925,"standard_error":25074.781041041955},"median":{"confidence_interval":{"confidence_level":0.95,"lower_bound":42455635.5,"upper_bound":42557331.5},"point_estimate":42506123.25,"standard_error":28037.76921651215},"median_abs_dev":{"confidence_interval":{"confidence_level":0.95,"lower_bound":127692.62923300266,"upper_bound":250568.2911515236},"point_estimate":182303.08731347322,"standard_error":32972.21265640722},"slope":null,"std_dev":{"confidence_interval":{"confidence_level":0.95,"lower_bound":179716.8842900318,"upper_bound":336859.0502119452},"point_estimate":253805.9586701157,"standard_error":41842.95978538495}}