{"mean":{"confidence_interval":{"confidence_level":0.95,"lower_bound":47432618.615,"upper_bound":47766238.901375},"point_estimate":47589820.45,"standard_error":85049.12499342982},"median":{"confidence_interval":{"confidence_level":0.95,"lower_bound":47312893.5,"upper_bound":47651854.0},"point_estimate":47455130.0,"standard_error":102220.71149015483},"median_abs_dev":{"confidence_interval":{"confidence_level":0.95,"lower_bound":489313.5888129473,"upper_bound":892872.4831983447},"point_estimate":634592.8189337254,"standard_error":106010.65993661429},"slope":null,"std_dev":{"confidence_interval":{"confidence_level":0.95,"lower_bound":608173.0359456564,"upper_bound":1140304.987063927},"point_estimate":853303.4490903349,"standard_error":149497.85785967382}}