{"mean":{"confidence_interval":{"confidence_level":0.95,"lower_bound":44967932.970375,"upper_bound":45090745.385},"point_estimate":45028277.195,"standard_error":31088.190657963987},"median":{"confidence_interval":{"confidence_level":0.95,"lower_bound":44944912.5,"upper_bound":45105536.5},"point_estimate":45005440.0,"standard_error":35442.90235254992},"median_abs_dev":{"confidence_interval":{"confidence_level":0.95,"lower_bound":248772.86258339882,"upper_bound":405628.2332986593},"point_estimate":342745.6086650491,"standard_error":42268.11176070118},"slope":null,"std_dev":{"confidence_interval":{"confidence_level":0.95,"lower_bound":261878.93055784312,"upper_bound":369354.06379067263},"point_estimate":314733.878785937,"standard_error":27884.252068482445}}