{"mean":{"confidence_interval":{"confidence_level":0.95,"lower_bound":35460146.091125004,"upper_bound":35585503.415},"point_estimate":35520358.9,"standard_error":32041.891818228105},"median":{"confidence_interval":{"confidence_level":0.95,"lower_bound":35460439.5,"upper_bound":35556033.0},"point_estimate":35506593.5,"standard_error":24995.751795157154},"median_abs_dev":{"confidence_interval":{"confidence_level":0.95,"lower_bound":185258.6503610015,"upper_bound":305536.07435815025},"point_estimate":257970.17152011395,"standard_error":30876.79482260259},"slope":null,"std_dev":{"confidence_interval":{"confidence_level":0.95,"lower_bound":225300.7177888506,"upper_bound":423308.95443991205},"point_estimate":320421.0463240736,"standard_error":52660.674441000236}}