{"mean":{"confidence_interval":{"confidence_level":0.95,"lower_bound":85934907.74775,"upper_bound":86366312.969},"point_estimate":86147369.53,"standard_error":110260.41405689348},"median":{"confidence_interval":{"confidence_level":0.95,"lower_bound":85618995.0,"upper_bound":86359056.0},"point_estimate":85946299.0,"standard_error":229890.02783442053},"median_abs_dev":{"confidence_interval":{"confidence_level":0.95,"lower_bound":870373.6579477787,"upper_bound":1410567.8539574146},"point_estimate":1048659.2699825764,"standard_error":142049.3077772888},"slope":null,"std_dev":{"confidence_interval":{"confidence_level":0.95,"lower_bound":953093.9669314651,"upper_bound":1244444.8296025565},"point_estimate":1108020.293619287,"standard_error":74612.28705159068}}