{"mean":{"confidence_interval":{"confidence_level":0.95,"lower_bound":89199484.0735,"upper_bound":89630062.35350001},"point_estimate":89405901.18,"standard_error":110217.2311304961},"median":{"confidence_interval":{"confidence_level":0.95,"lower_bound":88959554.0,"upper_bound":89373351.0},"point_estimate":89108503.5,"standard_error":105907.30981527061},"median_abs_dev":{"confidence_interval":{"confidence_level":0.95,"lower_bound":596740.5590057373,"upper_bound":964577.3375078283},"point_estimate":773020.9545761347,"standard_error":93510.95853457043},"slope":null,"std_dev":{"confidence_interval":{"confidence_level":0.95,"lower_bound":801200.7689748718,"upper_bound":1382465.2441856915},"point_estimate":1112071.8840326315,"standard_error":148178.94498046048}}