{"mean":{"confidence_interval":{"confidence_level":0.95,"lower_bound":42373858.075,"upper_bound":42523664.169374995},"point_estimate":42444020.095,"standard_error":38276.0368781911},"median":{"confidence_interval":{"confidence_level":0.95,"lower_bound":42342573.5,"upper_bound":42493078.25},"point_estimate":42396384.5,"standard_error":41032.52964758579},"median_abs_dev":{"confidence_interval":{"confidence_level":0.95,"lower_bound":244003.3384680748,"upper_bound":385735.07750183344},"point_estimate":322818.723718822,"standard_error":35656.2652705081},"slope":null,"std_dev":{"confidence_interval":{"confidence_level":0.95,"lower_bound":276140.6899728881,"upper_bound":515156.6605239234},"point_estimate":384564.6520232208,"standard_error":66957.2812777613}}