{"mean":{"confidence_interval":{"confidence_level":0.95,"lower_bound":43548606.915,"upper_bound":43695022.41},"point_estimate":43619667.46,"standard_error":37402.54784074229},"median":{"confidence_interval":{"confidence_level":0.95,"lower_bound":43458243.5,"upper_bound":43612611.5},"point_estimate":43534548.75,"standard_error":32117.97238645589},"median_abs_dev":{"confidence_interval":{"confidence_level":0.95,"lower_bound":192477.80028283596,"upper_bound":332667.63534396887},"point_estimate":267281.6406548023,"standard_error":38439.68632662198},"slope":null,"std_dev":{"confidence_interval":{"confidence_level":0.95,"lower_bound":289000.543434899,"upper_bound":448368.5565103487},"point_estimate":374897.8559763042,"standard_error":40823.99252385137}}