{"mean":{"confidence_interval":{"confidence_level":0.95,"lower_bound":45255183.513625,"upper_bound":45629145.18825},"point_estimate":45441111.535,"standard_error":95467.9461347983},"median":{"confidence_interval":{"confidence_level":0.95,"lower_bound":44875082.5,"upper_bound":45793838.0},"point_estimate":45187113.5,"standard_error":260055.80410539283},"median_abs_dev":{"confidence_interval":{"confidence_level":0.95,"lower_bound":780646.4202870056,"upper_bound":1418111.6284097359},"point_estimate":1149406.015343964,"standard_error":168142.86991338816},"slope":null,"std_dev":{"confidence_interval":{"confidence_level":0.95,"lower_bound":866528.392535981,"upper_bound":1035660.5797146845},"point_estimate":958049.4090448957,"standard_error":43318.9919521128}}