{"mean":{"confidence_interval":{"confidence_level":0.95,"lower_bound":43712559.13,"upper_bound":43869730.378625},"point_estimate":43790376.73,"standard_error":39859.81620510292},"median":{"confidence_interval":{"confidence_level":0.95,"lower_bound":43713582.5,"upper_bound":43826877.5},"point_estimate":43753789.25,"standard_error":28963.6538779365},"median_abs_dev":{"confidence_interval":{"confidence_level":0.95,"lower_bound":249597.55881875753,"upper_bound":504522.09934294224},"point_estimate":347952.8704226017,"standard_error":70388.15898631424},"slope":null,"std_dev":{"confidence_interval":{"confidence_level":0.95,"lower_bound":332373.0116580128,"upper_bound":465208.2255724306},"point_estimate":398792.5798322035,"standard_error":34176.42833892938}}