{"mean":{"confidence_interval":{"confidence_level":0.95,"lower_bound":333773.8050654998,"upper_bound":343011.218849921},"point_estimate":337565.5193068324,"standard_error":2398.919462683397},"median":{"confidence_interval":{"confidence_level":0.95,"lower_bound":333167.1376984127,"upper_bound":333667.92622950824},"point_estimate":333388.0732323232,"standard_error":119.91177464431601},"median_abs_dev":{"confidence_interval":{"confidence_level":0.95,"lower_bound":987.0846978362312,"upper_bound":1499.6138380477094},"point_estimate":1272.5310149225365,"standard_error":134.56677178700048},"slope":{"confidence_interval":{"confidence_level":0.95,"lower_bound":333722.98826533277,"upper_bound":342041.5333707278},"point_estimate":337111.33678735036,"standard_error":2182.623445213536},"std_dev":{"confidence_interval":{"confidence_level":0.95,"lower_bound":2070.042620947172,"upper_bound":39074.172124015844},"point_estimate":24053.596495186324,"standard_error":9717.270354153621}}