{"mean":{"confidence_interval":{"confidence_level":0.95,"lower_bound":505219.4108888947,"upper_bound":506166.44238010404},"point_estimate":505674.42025499203,"standard_error":242.07918078548218},"median":{"confidence_interval":{"confidence_level":0.95,"lower_bound":504590.36666666664,"upper_bound":505377.70758222643},"point_estimate":504971.0560897436,"standard_error":185.3405205354017},"median_abs_dev":{"confidence_interval":{"confidence_level":0.95,"lower_bound":1153.6887387401587,"upper_bound":2094.991410549541},"point_estimate":1673.9321580029766,"standard_error":253.923414794213},"slope":{"confidence_interval":{"confidence_level":0.95,"lower_bound":504599.2528020362,"upper_bound":505227.87661185185},"point_estimate":504899.65097384364,"standard_error":160.5996384768994},"std_dev":{"confidence_interval":{"confidence_level":0.95,"lower_bound":1932.634630872621,"upper_bound":2859.2582048127533},"point_estimate":2426.355558892951,"standard_error":236.36115436969502}}