{"mean":{"confidence_interval":{"confidence_level":0.95,"lower_bound":330312.5962305826,"upper_bound":331278.42201959365},"point_estimate":330763.8019552673,"standard_error":246.86520092338188},"median":{"confidence_interval":{"confidence_level":0.95,"lower_bound":329810.5310747848,"upper_bound":330291.2056737589},"point_estimate":329987.22653958946,"standard_error":123.133967781471},"median_abs_dev":{"confidence_interval":{"confidence_level":0.95,"lower_bound":776.8304318495617,"upper_bound":1436.511694133293},"point_estimate":1088.9653846259912,"standard_error":189.46495953487678},"slope":{"confidence_interval":{"confidence_level":0.95,"lower_bound":329888.51088883117,"upper_bound":331248.21293963253},"point_estimate":330482.6339392148,"standard_error":351.1743199385312},"std_dev":{"confidence_interval":{"confidence_level":0.95,"lower_bound":1642.2435035648396,"upper_bound":3192.234451088779},"point_estimate":2480.5375690676456,"standard_error":395.86244728502317}}