{"mean":{"confidence_interval":{"confidence_level":0.95,"lower_bound":421894.1003679125,"upper_bound":423051.1518625295},"point_estimate":422452.9478729911,"standard_error":295.4604432650473},"median":{"confidence_interval":{"confidence_level":0.95,"lower_bound":420848.3888888889,"upper_bound":421713.9108391608},"point_estimate":421372.1428916828,"standard_error":222.65525821818642},"median_abs_dev":{"confidence_interval":{"confidence_level":0.95,"lower_bound":1133.2071166972144,"upper_bound":2604.295831200467},"point_estimate":1704.7311526867481,"standard_error":344.7215879702116},"slope":{"confidence_interval":{"confidence_level":0.95,"lower_bound":420788.97638327576,"upper_bound":421288.5039492718},"point_estimate":421026.36036500667,"standard_error":127.29507610060726},"std_dev":{"confidence_interval":{"confidence_level":0.95,"lower_bound":2428.1645652068355,"upper_bound":3397.765056421746},"point_estimate":2956.2098038977706,"standard_error":247.78064408976314}}