{"mean":{"confidence_interval":{"confidence_level":0.95,"lower_bound":334164.7730496685,"upper_bound":334851.7759259798},"point_estimate":334479.8229796924,"standard_error":175.72667215256087},"median":{"confidence_interval":{"confidence_level":0.95,"lower_bound":333852.8946672236,"upper_bound":334328.6984496124},"point_estimate":334127.2062937063,"standard_error":117.94613307644683},"median_abs_dev":{"confidence_interval":{"confidence_level":0.95,"lower_bound":729.5623643478232,"upper_bound":1232.2849286364253},"point_estimate":1074.6058494404856,"standard_error":133.1681063177116},"slope":{"confidence_interval":{"confidence_level":0.95,"lower_bound":334018.0167852649,"upper_bound":334675.0835718392},"point_estimate":334314.68608048867,"standard_error":167.95618207659263},"std_dev":{"confidence_interval":{"confidence_level":0.95,"lower_bound":1035.3484828265632,"upper_bound":2435.9133351854666},"point_estimate":1764.4154046910985,"standard_error":361.07521396793646}}