{"mean":{"confidence_interval":{"confidence_level":0.95,"lower_bound":466137.53940270614,"upper_bound":467169.2299764721},"point_estimate":466636.4787358663,"standard_error":263.23082582999405},"median":{"confidence_interval":{"confidence_level":0.95,"lower_bound":465662.4828358209,"upper_bound":466456.87174095877},"point_estimate":465986.81868686865,"standard_error":240.87998994073558},"median_abs_dev":{"confidence_interval":{"confidence_level":0.95,"lower_bound":1644.821425166023,"upper_bound":2617.838152042343},"point_estimate":2175.0643130300286,"standard_error":243.89396046389078},"slope":{"confidence_interval":{"confidence_level":0.95,"lower_bound":465320.49502360006,"upper_bound":465988.9022569503},"point_estimate":465649.3024915029,"standard_error":169.81603061204265},"std_dev":{"confidence_interval":{"confidence_level":0.95,"lower_bound":2045.1057428479724,"upper_bound":3243.7630174592805},"point_estimate":2652.977626363424,"standard_error":308.25648891897265}}