{"mean":{"confidence_interval":{"confidence_level":0.95,"lower_bound":332831.2750798592,"upper_bound":333464.1051815885},"point_estimate":333132.9449608162,"standard_error":161.41236359888498},"median":{"confidence_interval":{"confidence_level":0.95,"lower_bound":332475.5977011494,"upper_bound":332949.9086044674},"point_estimate":332652.82659932657,"standard_error":122.52695391310088},"median_abs_dev":{"confidence_interval":{"confidence_level":0.95,"lower_bound":742.744523429817,"upper_bound":1311.7041191368637},"point_estimate":947.3418078219097,"standard_error":150.53861643301718},"slope":{"confidence_interval":{"confidence_level":0.95,"lower_bound":332468.83779404487,"upper_bound":333026.3025415521},"point_estimate":332723.42916211026,"standard_error":142.00420859054594},"std_dev":{"confidence_interval":{"confidence_level":0.95,"lower_bound":1214.6002514273484,"upper_bound":1996.204798715384},"point_estimate":1622.037149430661,"standard_error":200.03513186498057}}