{"mean":{"confidence_interval":{"confidence_level":0.95,"lower_bound":503628.9472247329,"upper_bound":505374.4084416996},"point_estimate":504532.1226289094,"standard_error":446.9147256795662},"median":{"confidence_interval":{"confidence_level":0.95,"lower_bound":504662.29761904763,"upper_bound":505628.26923076925},"point_estimate":505163.9061965812,"standard_error":219.14466562794865},"median_abs_dev":{"confidence_interval":{"confidence_level":0.95,"lower_bound":1272.5829025813869,"upper_bound":2659.794592100817},"point_estimate":1849.6214284006496,"standard_error":354.8406294229415},"slope":{"confidence_interval":{"confidence_level":0.95,"lower_bound":504535.32977619395,"upper_bound":505658.7721281011},"point_estimate":505095.8094236737,"standard_error":286.7214368926662},"std_dev":{"confidence_interval":{"confidence_level":0.95,"lower_bound":3296.716519029817,"upper_bound":5579.135048096131},"point_estimate":4505.616664080279,"standard_error":582.5062332097319}}