{"mean":{"confidence_interval":{"confidence_level":0.95,"lower_bound":421907.441605872,"upper_bound":422715.68053958745},"point_estimate":422295.29261975246,"standard_error":206.40047828897957},"median":{"confidence_interval":{"confidence_level":0.95,"lower_bound":421557.3097826087,"upper_bound":422040.9392857143},"point_estimate":421732.2502688172,"standard_error":129.74324288072978},"median_abs_dev":{"confidence_interval":{"confidence_level":0.95,"lower_bound":867.2932442015981,"upper_bound":1907.4261766627203},"point_estimate":1341.321523496743,"standard_error":297.31734441199734},"slope":{"confidence_interval":{"confidence_level":0.95,"lower_bound":421456.0488934942,"upper_bound":422165.6680880569},"point_estimate":421790.0534742131,"standard_error":181.45247369593903},"std_dev":{"confidence_interval":{"confidence_level":0.95,"lower_bound":1604.9884065054223,"upper_bound":2527.104489836218},"point_estimate":2081.2008304930055,"standard_error":237.0565358404247}}