{"mean":{"confidence_interval":{"confidence_level":0.95,"lower_bound":332299.4567468221,"upper_bound":333512.6647116918},"point_estimate":332910.5883172529,"standard_error":309.1695107012336},"median":{"confidence_interval":{"confidence_level":0.95,"lower_bound":332692.30822649575,"upper_bound":333270.8911564626},"point_estimate":332961.632996633,"standard_error":131.2633744371488},"median_abs_dev":{"confidence_interval":{"confidence_level":0.95,"lower_bound":826.5739560032598,"upper_bound":1558.0502209502433},"point_estimate":1243.2942179271026,"standard_error":190.17401173817808},"slope":{"confidence_interval":{"confidence_level":0.95,"lower_bound":332395.25821757986,"upper_bound":333338.905870022},"point_estimate":332868.6798541944,"standard_error":240.04225621789556},"std_dev":{"confidence_interval":{"confidence_level":0.95,"lower_bound":2173.1713910282347,"upper_bound":3967.340192904152},"point_estimate":3119.4286351969236,"standard_error":458.20978057733885}}