{"mean":{"confidence_interval":{"confidence_level":0.95,"lower_bound":333484.53847705765,"upper_bound":335102.9000020689},"point_estimate":334170.6972483424,"standard_error":418.3671847129194},"median":{"confidence_interval":{"confidence_level":0.95,"lower_bound":333007.6217320261,"upper_bound":333555.1666666666},"point_estimate":333143.1804158283,"standard_error":156.40224136507405},"median_abs_dev":{"confidence_interval":{"confidence_level":0.95,"lower_bound":951.0224916583445,"upper_bound":1618.8316812118946},"point_estimate":1328.240058421894,"standard_error":179.19206368353153},"slope":{"confidence_interval":{"confidence_level":0.95,"lower_bound":333277.86987409863,"upper_bound":337253.2194406369},"point_estimate":334906.2446125807,"standard_error":1057.9325349083724},"std_dev":{"confidence_interval":{"confidence_level":0.95,"lower_bound":1508.7145711678181,"upper_bound":6540.81022726424},"point_estimate":4209.521728615886,"standard_error":1388.4923153491286}}