{"mean":{"confidence_interval":{"confidence_level":0.95,"lower_bound":334830.17341087846,"upper_bound":335973.75964034465},"point_estimate":335318.0136507016,"standard_error":295.15684281685213},"median":{"confidence_interval":{"confidence_level":0.95,"lower_bound":334281.69929453265,"upper_bound":334994.2957575758},"point_estimate":334714.4875,"standard_error":200.29808211734195},"median_abs_dev":{"confidence_interval":{"confidence_level":0.95,"lower_bound":907.05138248818,"upper_bound":1699.1973468029234},"point_estimate":1363.4445149805213,"standard_error":202.97956125376874},"slope":{"confidence_interval":{"confidence_level":0.95,"lower_bound":334450.00140910374,"upper_bound":335291.4089491421},"point_estimate":334833.758708438,"standard_error":215.56140478930405},"std_dev":{"confidence_interval":{"confidence_level":0.95,"lower_bound":1372.6784716892662,"upper_bound":4582.1557085815775},"point_estimate":2958.4491773691525,"standard_error":1004.3388557207227}}