{"mean":{"confidence_interval":{"confidence_level":0.95,"lower_bound":332716.65450544236,"upper_bound":333244.11097688583},"point_estimate":332969.0799954888,"standard_error":134.8567535210025},"median":{"confidence_interval":{"confidence_level":0.95,"lower_bound":332405.97777777776,"upper_bound":332831.37596899224},"point_estimate":332688.07763424516,"standard_error":107.08952449544825},"median_abs_dev":{"confidence_interval":{"confidence_level":0.95,"lower_bound":675.4692216618614,"upper_bound":1209.3232981380488},"point_estimate":988.7248146716746,"standard_error":139.36343882719527},"slope":{"confidence_interval":{"confidence_level":0.95,"lower_bound":332466.1037811442,"upper_bound":332786.8965704222},"point_estimate":332626.1268794641,"standard_error":81.80657852688721},"std_dev":{"confidence_interval":{"confidence_level":0.95,"lower_bound":994.9146331127953,"upper_bound":1696.5484273544191},"point_estimate":1356.2214349889362,"standard_error":180.2538568076066}}