{"mean":{"confidence_interval":{"confidence_level":0.95,"lower_bound":421109.1284628704,"upper_bound":421977.379722713},"point_estimate":421501.6178902162,"standard_error":221.57054967004368},"median":{"confidence_interval":{"confidence_level":0.95,"lower_bound":420656.75,"upper_bound":421146.4126984127},"point_estimate":420872.3610292147,"standard_error":139.58855733824586},"median_abs_dev":{"confidence_interval":{"confidence_level":0.95,"lower_bound":757.7581388602374,"upper_bound":1402.2964798283897},"point_estimate":1021.0045806559403,"standard_error":174.03997223137264},"slope":{"confidence_interval":{"confidence_level":0.95,"lower_bound":420893.1610761361,"upper_bound":421537.73691261944},"point_estimate":421200.35777597164,"standard_error":164.80973385930753},"std_dev":{"confidence_interval":{"confidence_level":0.95,"lower_bound":1157.4806464668554,"upper_bound":3159.1403070040333},"point_estimate":2226.3246230364925,"standard_error":513.3422751474915}}