{"mean":{"confidence_interval":{"confidence_level":0.95,"lower_bound":505245.10983876424,"upper_bound":506268.05663850514},"point_estimate":505728.65054892545,"standard_error":260.50080592620486},"median":{"confidence_interval":{"confidence_level":0.95,"lower_bound":504935.9086193397,"upper_bound":505415.06976744183},"point_estimate":505189.0716706539,"standard_error":114.07992186595565},"median_abs_dev":{"confidence_interval":{"confidence_level":0.95,"lower_bound":1183.339489949803,"upper_bound":2092.3933936862063},"point_estimate":1665.5949665145147,"standard_error":254.62612575213237},"slope":{"confidence_interval":{"confidence_level":0.95,"lower_bound":504939.02403929934,"upper_bound":506182.16615354933},"point_estimate":505466.1145116004,"standard_error":324.0378653598618},"std_dev":{"confidence_interval":{"confidence_level":0.95,"lower_bound":1792.9397839402293,"upper_bound":3328.266925151092},"point_estimate":2611.9158471524906,"standard_error":390.91684727811736}}