{"mean":{"confidence_interval":{"confidence_level":0.95,"lower_bound":1044760.2955449154,"upper_bound":1050932.1739802924},"point_estimate":1047856.0832875356,"standard_error":1580.5146683218816},"median":{"confidence_interval":{"confidence_level":0.95,"lower_bound":1046652.3888888889,"upper_bound":1053218.8260869565},"point_estimate":1049527.802210366,"standard_error":1757.046482152167},"median_abs_dev":{"confidence_interval":{"confidence_level":0.95,"lower_bound":11095.686808317432,"upper_bound":20059.014815322313},"point_estimate":16828.63115507818,"standard_error":2337.1325757389454},"slope":{"confidence_interval":{"confidence_level":0.95,"lower_bound":1039958.9927915325,"upper_bound":1048236.0654830143},"point_estimate":1044173.4563588001,"standard_error":2118.507799366169},"std_dev":{"confidence_interval":{"confidence_level":0.95,"lower_bound":13658.104717435614,"upper_bound":17910.729686206352},"point_estimate":15865.599073541654,"standard_error":1084.4913707641404}}