{"mean":{"confidence_interval":{"confidence_level":0.95,"lower_bound":339037.92164482153,"upper_bound":339804.8775326209},"point_estimate":339413.82885503315,"standard_error":195.6446304066929},"median":{"confidence_interval":{"confidence_level":0.95,"lower_bound":338613.6679645457,"upper_bound":339528.8521062271},"point_estimate":339152.36521098216,"standard_error":229.79531651790614},"median_abs_dev":{"confidence_interval":{"confidence_level":0.95,"lower_bound":1312.66861259434,"upper_bound":2154.861719319319},"point_estimate":1685.2266948397466,"standard_error":208.769153248245},"slope":{"confidence_interval":{"confidence_level":0.95,"lower_bound":338806.52151977253,"upper_bound":339855.5010662786},"point_estimate":339305.32040589134,"standard_error":269.1208332217259},"std_dev":{"confidence_interval":{"confidence_level":0.95,"lower_bound":1636.8098865357981,"upper_bound":2259.992735699305},"point_estimate":1960.8275352247215,"standard_error":159.10617488888448}}