{"mean":{"confidence_interval":{"confidence_level":0.95,"lower_bound":500586.0937884319,"upper_bound":502572.2301591951},"point_estimate":501609.63725584315,"standard_error":506.02669650501673},"median":{"confidence_interval":{"confidence_level":0.95,"lower_bound":501292.1275173819,"upper_bound":503885.04098360654},"point_estimate":502855.2836734694,"standard_error":618.5267715911597},"median_abs_dev":{"confidence_interval":{"confidence_level":0.95,"lower_bound":3295.654092971908,"upper_bound":5753.08706079949},"point_estimate":4422.111025337969,"standard_error":659.6454037079745},"slope":{"confidence_interval":{"confidence_level":0.95,"lower_bound":501115.1594798265,"upper_bound":503052.52100659773},"point_estimate":502100.31600709324,"standard_error":494.3901129397493},"std_dev":{"confidence_interval":{"confidence_level":0.95,"lower_bound":3951.1069468428263,"upper_bound":6163.612279240264},"point_estimate":5032.436219945621,"standard_error":574.4405979183101}}