{"mean":{"confidence_interval":{"confidence_level":0.95,"lower_bound":1062710.620714695,"upper_bound":1064951.3965949258},"point_estimate":1063879.5778480724,"standard_error":570.8276147408029},"median":{"confidence_interval":{"confidence_level":0.95,"lower_bound":1063918.6153846155,"upper_bound":1065908.6794871795},"point_estimate":1064928.3208955224,"standard_error":509.29100922796886},"median_abs_dev":{"confidence_interval":{"confidence_level":0.95,"lower_bound":2563.5598183567486,"upper_bound":4838.600617756158},"point_estimate":3555.1415596108445,"standard_error":621.8915937872092},"slope":{"confidence_interval":{"confidence_level":0.95,"lower_bound":1063463.7285047767,"upper_bound":1065297.9721035976},"point_estimate":1064407.7083611644,"standard_error":467.38466963404255},"std_dev":{"confidence_interval":{"confidence_level":0.95,"lower_bound":3973.9462755166323,"upper_bound":7573.400770178002},"point_estimate":5700.397980286166,"standard_error":955.8489851618896}}