{"mean":{"confidence_interval":{"confidence_level":0.95,"lower_bound":334340.49460368865,"upper_bound":335076.87516017066},"point_estimate":334688.91213558713,"standard_error":187.71560727592083},"median":{"confidence_interval":{"confidence_level":0.95,"lower_bound":333862.7946563241,"upper_bound":334419.55},"point_estimate":334110.19444444444,"standard_error":135.7204187279448},"median_abs_dev":{"confidence_interval":{"confidence_level":0.95,"lower_bound":788.0547423332838,"upper_bound":1510.7822841887667},"point_estimate":1108.1064531970194,"standard_error":185.37011705318025},"slope":{"confidence_interval":{"confidence_level":0.95,"lower_bound":333944.8701761311,"upper_bound":334769.6292037873},"point_estimate":334311.6176129255,"standard_error":212.6697053282095},"std_dev":{"confidence_interval":{"confidence_level":0.95,"lower_bound":1345.6471388216144,"upper_bound":2394.1097000386853},"point_estimate":1887.1271991644903,"standard_error":270.90967219094557}}