{"mean":{"confidence_interval":{"confidence_level":0.95,"lower_bound":466794.0749394684,"upper_bound":468306.0837946582},"point_estimate":467495.36322790675,"standard_error":388.23004415829087},"median":{"confidence_interval":{"confidence_level":0.95,"lower_bound":466061.762295082,"upper_bound":467077.64010989014},"point_estimate":466458.5268065268,"standard_error":257.65575572758746},"median_abs_dev":{"confidence_interval":{"confidence_level":0.95,"lower_bound":1610.0291371267915,"upper_bound":2649.8495962430325},"point_estimate":2101.335888147945,"standard_error":267.7136937535567},"slope":{"confidence_interval":{"confidence_level":0.95,"lower_bound":465917.0660126177,"upper_bound":466686.49073457863},"point_estimate":466285.84339441406,"standard_error":196.63876375604602},"std_dev":{"confidence_interval":{"confidence_level":0.95,"lower_bound":2515.6294465550773,"upper_bound":5092.515042450867},"point_estimate":3901.688535980283,"standard_error":657.8670928639017}}