{"mean":{"confidence_interval":{"confidence_level":0.95,"lower_bound":334630.18337386305,"upper_bound":335285.4662774137},"point_estimate":334941.5819247714,"standard_error":167.7357038330881},"median":{"confidence_interval":{"confidence_level":0.95,"lower_bound":334221.1310846561,"upper_bound":334734.37916666665},"point_estimate":334461.86451471236,"standard_error":116.5928249283784},"median_abs_dev":{"confidence_interval":{"confidence_level":0.95,"lower_bound":865.814418481693,"upper_bound":1436.2992108641997},"point_estimate":1182.9837657395396,"standard_error":143.62051671415074},"slope":{"confidence_interval":{"confidence_level":0.95,"lower_bound":334382.93460602406,"upper_bound":335112.2055825756},"point_estimate":334718.58544997784,"standard_error":186.15559529043705},"std_dev":{"confidence_interval":{"confidence_level":0.95,"lower_bound":1243.2140810291487,"upper_bound":2106.2808477802937},"point_estimate":1690.689103540859,"standard_error":221.53175693959318}}