{"mean":{"confidence_interval":{"confidence_level":0.95,"lower_bound":333258.3560604989,"upper_bound":333952.00549347926},"point_estimate":333578.61080069677,"standard_error":177.69544934469982},"median":{"confidence_interval":{"confidence_level":0.95,"lower_bound":332875.56038647343,"upper_bound":333578.08531746035},"point_estimate":333207.3070220842,"standard_error":164.4288195810058},"median_abs_dev":{"confidence_interval":{"confidence_level":0.95,"lower_bound":849.569855187325,"upper_bound":1509.6135828764184},"point_estimate":1232.4463490617366,"standard_error":175.79938530274916},"slope":{"confidence_interval":{"confidence_level":0.95,"lower_bound":333024.603599447,"upper_bound":333718.504630257},"point_estimate":333344.2104615536,"standard_error":177.68568250883297},"std_dev":{"confidence_interval":{"confidence_level":0.95,"lower_bound":1154.2241396289119,"upper_bound":2479.381766382626},"point_estimate":1787.761709333746,"standard_error":368.62450468613747}}