{"mean":{"confidence_interval":{"confidence_level":0.95,"lower_bound":1002298.2468095738,"upper_bound":1016664.9116258239},"point_estimate":1009640.9474275582,"standard_error":3666.6818355854457},"median":{"confidence_interval":{"confidence_level":0.95,"lower_bound":1003527.3150684931,"upper_bound":1020143.1805555555},"point_estimate":1012088.7208188153,"standard_error":4111.806827140529},"median_abs_dev":{"confidence_interval":{"confidence_level":0.95,"lower_bound":25237.708324948864,"upper_bound":42631.72916787227},"point_estimate":32728.93758527733,"standard_error":4442.136182087884},"slope":{"confidence_interval":{"confidence_level":0.95,"lower_bound":1007687.1793888231,"upper_bound":1020445.8233787299},"point_estimate":1013952.5504832275,"standard_error":3252.9926682315954},"std_dev":{"confidence_interval":{"confidence_level":0.95,"lower_bound":29506.86472174159,"upper_bound":43585.66144990474},"point_estimate":36656.5353735462,"standard_error":3614.514446030045}}