{"mean":{"confidence_interval":{"confidence_level":0.95,"lower_bound":504951.48235027795,"upper_bound":505751.58007827325},"point_estimate":505338.6185650565,"standard_error":203.8476235529965},"median":{"confidence_interval":{"confidence_level":0.95,"lower_bound":504605.0930232558,"upper_bound":505410.4492753623},"point_estimate":504979.43094339623,"standard_error":182.79647935184605},"median_abs_dev":{"confidence_interval":{"confidence_level":0.95,"lower_bound":1136.7158484321603,"upper_bound":1838.574972914328},"point_estimate":1572.969933185319,"standard_error":177.36828061049349},"slope":{"confidence_interval":{"confidence_level":0.95,"lower_bound":504744.0628401068,"upper_bound":505465.6124171561},"point_estimate":505097.10990690114,"standard_error":184.44683624450346},"std_dev":{"confidence_interval":{"confidence_level":0.95,"lower_bound":1569.3595929611934,"upper_bound":2462.965696296058},"point_estimate":2045.4206406295996,"standard_error":228.7750374505568}}