{"mean":{"confidence_interval":{"confidence_level":0.95,"lower_bound":330988.2367143526,"upper_bound":331694.70144124614},"point_estimate":331325.8335710449,"standard_error":180.58132455872172},"median":{"confidence_interval":{"confidence_level":0.95,"lower_bound":330505.6876558867,"upper_bound":331119.81893004116},"point_estimate":330724.29271604936,"standard_error":167.79777105304268},"median_abs_dev":{"confidence_interval":{"confidence_level":0.95,"lower_bound":733.2091939656312,"upper_bound":1425.8992126761013},"point_estimate":1072.3926199355774,"standard_error":186.24236981324538},"slope":{"confidence_interval":{"confidence_level":0.95,"lower_bound":330714.3805299309,"upper_bound":331905.79258451157},"point_estimate":331243.14872863406,"standard_error":306.90925132092804},"std_dev":{"confidence_interval":{"confidence_level":0.95,"lower_bound":1370.1790462594302,"upper_bound":2203.5056587438953},"point_estimate":1813.9090848611381,"standard_error":213.458016567878}}