{"mean":{"confidence_interval":{"confidence_level":0.95,"lower_bound":333744.3327611336,"upper_bound":335045.200496612},"point_estimate":334304.1420480866,"standard_error":335.7726149770273},"median":{"confidence_interval":{"confidence_level":0.95,"lower_bound":333060.5915375645,"upper_bound":334010.4437551696},"point_estimate":333725.7753046384,"standard_error":240.07190229555252},"median_abs_dev":{"confidence_interval":{"confidence_level":0.95,"lower_bound":1035.195029361626,"upper_bound":1787.7219352790821},"point_estimate":1448.5990142822468,"standard_error":185.28043394771962},"slope":{"confidence_interval":{"confidence_level":0.95,"lower_bound":333287.3173874997,"upper_bound":334222.6878943572},"point_estimate":333702.6332939264,"standard_error":241.12543989941054},"std_dev":{"confidence_interval":{"confidence_level":0.95,"lower_bound":1439.7924922570178,"upper_bound":5164.5687138106305},"point_estimate":3354.5910099748876,"standard_error":1050.5721457481836}}