{"mean":{"confidence_interval":{"confidence_level":0.95,"lower_bound":514706.89390454674,"upper_bound":526779.9298730525},"point_estimate":520624.27782001265,"standard_error":3082.9371787537248},"median":{"confidence_interval":{"confidence_level":0.95,"lower_bound":508284.1555555556,"upper_bound":523939.7562656642},"point_estimate":516400.08355367533,"standard_error":3812.134169434889},"median_abs_dev":{"confidence_interval":{"confidence_level":0.95,"lower_bound":25371.612765950395,"upper_bound":41256.64764508254},"point_estimate":35139.57041943386,"standard_error":4369.854359408141},"slope":{"confidence_interval":{"confidence_level":0.95,"lower_bound":521921.00141118374,"upper_bound":538956.7670774275},"point_estimate":530162.6950539382,"standard_error":4342.364237119432},"std_dev":{"confidence_interval":{"confidence_level":0.95,"lower_bound":25781.55311530446,"upper_bound":36285.018036652444},"point_estimate":31093.566879160837,"standard_error":2699.2561474699232}}