{"mean":{"confidence_interval":{"confidence_level":0.95,"lower_bound":448647.01343067194,"upper_bound":462849.1753427283},"point_estimate":455717.92992953694,"standard_error":3622.9183233471344},"median":{"confidence_interval":{"confidence_level":0.95,"lower_bound":446065.75,"upper_bound":455992.53623188403},"point_estimate":451279.7531746032,"standard_error":2503.758527468683},"median_abs_dev":{"confidence_interval":{"confidence_level":0.95,"lower_bound":22771.20886150209,"upper_bound":47880.58231201368},"point_estimate":36008.331331802176,"standard_error":5717.870916966399},"slope":{"confidence_interval":{"confidence_level":0.95,"lower_bound":452234.7959155283,"upper_bound":466587.09429726854},"point_estimate":459081.03968671494,"standard_error":3654.903600789475},"std_dev":{"confidence_interval":{"confidence_level":0.95,"lower_bound":31736.23277154793,"upper_bound":40725.71646748316},"point_estimate":36550.786272649595,"standard_error":2290.4459359679213}}