{"mean":{"confidence_interval":{"confidence_level":0.95,"lower_bound":4046082.935365385,"upper_bound":4075033.3889423087},"point_estimate":4056368.301538461,"standard_error":8638.942551361739},"median":{"confidence_interval":{"confidence_level":0.95,"lower_bound":4045295.153846154,"upper_bound":4049469.923076923},"point_estimate":4046811.423076923,"standard_error":976.8534635085595},"median_abs_dev":{"confidence_interval":{"confidence_level":0.95,"lower_bound":8266.692337852683,"upper_bound":14040.221750736237},"point_estimate":10696.445602408035,"standard_error":1405.3938847264724},"slope":null,"std_dev":{"confidence_interval":{"confidence_level":0.95,"lower_bound":10219.071397441558,"upper_bound":148089.3278090361},"point_estimate":86752.56812000583,"standard_error":49092.047689770756}}