{"mean":{"confidence_interval":{"confidence_level":0.95,"lower_bound":9657074.003875002,"upper_bound":9672333.652999995},"point_estimate":9663299.655,"standard_error":3965.2510847156836},"median":{"confidence_interval":{"confidence_level":0.95,"lower_bound":9653151.666666666,"upper_bound":9659543.416666668},"point_estimate":9656260.083333334,"standard_error":1537.6799233853712},"median_abs_dev":{"confidence_interval":{"confidence_level":0.95,"lower_bound":10526.706913112674,"upper_bound":17754.381784795794},"point_estimate":14591.501840949979,"standard_error":1760.0689418946777},"slope":null,"std_dev":{"confidence_interval":{"confidence_level":0.95,"lower_bound":13522.662182422899,"upper_bound":63754.17632973185},"point_estimate":39731.351078317944,"standard_error":15273.396046176682}}