{"mean":{"confidence_interval":{"confidence_level":0.95,"lower_bound":11343386.812050005,"upper_bound":11393961.0823},"point_estimate":11369846.606,"standard_error":12933.882666757068},"median":{"confidence_interval":{"confidence_level":0.95,"lower_bound":11395798.2,"upper_bound":11419789.7},"point_estimate":11411579.4,"standard_error":6590.888621293196},"median_abs_dev":{"confidence_interval":{"confidence_level":0.95,"lower_bound":36829.265946149826,"upper_bound":81459.2316538092},"point_estimate":53732.09172606579,"standard_error":11761.913506403684},"slope":null,"std_dev":{"confidence_interval":{"confidence_level":0.95,"lower_bound":96084.03907442917,"upper_bound":162029.80126007073},"point_estimate":130496.92131436686,"standard_error":16848.423881407783}}