{"mean":{"confidence_interval":{"confidence_level":0.95,"lower_bound":8416733.855458334,"upper_bound":8443843.179541666},"point_estimate":8430116.049999997,"standard_error":6940.504900062612},"median":{"confidence_interval":{"confidence_level":0.95,"lower_bound":8407396.166666666,"upper_bound":8443188.0},"point_estimate":8422946.5,"standard_error":9245.599138474945},"median_abs_dev":{"confidence_interval":{"confidence_level":0.95,"lower_bound":50280.27775734686,"upper_bound":80233.12147557667},"point_estimate":64233.520309627515,"standard_error":7621.235947750649},"slope":null,"std_dev":{"confidence_interval":{"confidence_level":0.95,"lower_bound":59360.11812012761,"upper_bound":78804.92958045185},"point_estimate":69675.81198932504,"standard_error":4966.628018569345}}