{"mean":{"confidence_interval":{"confidence_level":0.95,"lower_bound":4028177.7612499995,"upper_bound":4037649.2349423068},"point_estimate":4032486.2276923065,"standard_error":2414.6301544578723},"median":{"confidence_interval":{"confidence_level":0.95,"lower_bound":4024136.846153846,"upper_bound":4029703.076923077},"point_estimate":4026894.153846154,"standard_error":1299.4296466140147},"median_abs_dev":{"confidence_interval":{"confidence_level":0.95,"lower_bound":8834.391272389288,"upper_bound":15891.019725570099},"point_estimate":11728.90541484728,"standard_error":1819.7081101715933},"slope":null,"std_dev":{"confidence_interval":{"confidence_level":0.95,"lower_bound":13964.435789254245,"upper_bound":34560.62155013969},"point_estimate":24232.230919437978,"standard_error":5556.876427930612}}