{"mean":{"confidence_interval":{"confidence_level":0.95,"lower_bound":4059260.314557693,"upper_bound":4067784.5150769227},"point_estimate":4063322.158461539,"standard_error":2177.8844008731785},"median":{"confidence_interval":{"confidence_level":0.95,"lower_bound":4054347.692307692,"upper_bound":4063906.846153846},"point_estimate":4057771.076923077,"standard_error":2656.362555674965},"median_abs_dev":{"confidence_interval":{"confidence_level":0.95,"lower_bound":12592.576922591712,"upper_bound":21704.750406971558},"point_estimate":17946.41649677195,"standard_error":2305.2616329748635},"slope":null,"std_dev":{"confidence_interval":{"confidence_level":0.95,"lower_bound":15817.335236176557,"upper_bound":27810.766026810845},"point_estimate":21911.69238263361,"standard_error":3094.6519304374865}}