{"mean":{"confidence_interval":{"confidence_level":0.95,"lower_bound":42105288.262875,"upper_bound":42180643.421375},"point_estimate":42142719.875,"standard_error":19224.270664136864},"median":{"confidence_interval":{"confidence_level":0.95,"lower_bound":42065117.25,"upper_bound":42151163.25},"point_estimate":42097699.0,"standard_error":19726.034706368093},"median_abs_dev":{"confidence_interval":{"confidence_level":0.95,"lower_bound":133363.57413232327,"upper_bound":223822.9289263487},"point_estimate":178373.0854332447,"standard_error":22632.777990309078},"slope":null,"std_dev":{"confidence_interval":{"confidence_level":0.95,"lower_bound":166881.56702998574,"upper_bound":216886.38965423446},"point_estimate":193863.95021499353,"standard_error":12738.892139787124}}