{"mean":{"confidence_interval":{"confidence_level":0.95,"lower_bound":10989300.995550001,"upper_bound":11056788.313949998},"point_estimate":11023577.082,"standard_error":17250.03861466605},"median":{"confidence_interval":{"confidence_level":0.95,"lower_bound":10982645.6,"upper_bound":11085292.0},"point_estimate":11047021.899999999,"standard_error":28401.047738992183},"median_abs_dev":{"confidence_interval":{"confidence_level":0.95,"lower_bound":129688.65357756587,"upper_bound":211683.6968618634},"point_estimate":159309.51845168765,"standard_error":21287.441168812336},"slope":null,"std_dev":{"confidence_interval":{"confidence_level":0.95,"lower_bound":145362.02336502288,"upper_bound":198745.90550242053},"point_estimate":172710.56679720499,"standard_error":13718.09847125167}}