{"mean":{"confidence_interval":{"confidence_level":0.95,"lower_bound":4469890.137854167,"upper_bound":4486423.810958334},"point_estimate":4477397.295833335,"standard_error":4248.478370302451},"median":{"confidence_interval":{"confidence_level":0.95,"lower_bound":4462994.5,"upper_bound":4470452.291666666},"point_estimate":4465779.5,"standard_error":2164.274651235507},"median_abs_dev":{"confidence_interval":{"confidence_level":0.95,"lower_bound":10615.539361536043,"upper_bound":18986.298812925354},"point_estimate":14214.921447634928,"standard_error":2116.2903698507007},"slope":null,"std_dev":{"confidence_interval":{"confidence_level":0.95,"lower_bound":24285.940745676915,"upper_bound":57539.533220500474},"point_estimate":42762.441937515294,"standard_error":8582.5998187974}}