{"mean":{"confidence_interval":{"confidence_level":0.95,"lower_bound":8536435.558416666,"upper_bound":8558904.34941667},"point_estimate":8547535.245000003,"standard_error":5735.866725066222},"median":{"confidence_interval":{"confidence_level":0.95,"lower_bound":8531695.833333334,"upper_bound":8563788.166666666},"point_estimate":8544796.666666668,"standard_error":7036.891545748116},"median_abs_dev":{"confidence_interval":{"confidence_level":0.95,"lower_bound":38090.464323758155,"upper_bound":61070.146165788174},"point_estimate":46540.91352373269,"standard_error":5834.984292091167},"slope":null,"std_dev":{"confidence_interval":{"confidence_level":0.95,"lower_bound":47170.61244291977,"upper_bound":67502.91057470192},"point_estimate":57729.40848405014,"standard_error":5192.846721591491}}