{"mean":{"confidence_interval":{"confidence_level":0.95,"lower_bound":9737072.335166672,"upper_bound":9741567.86395833},"point_estimate":9739220.729999999,"standard_error":1150.4516174092796},"median":{"confidence_interval":{"confidence_level":0.95,"lower_bound":9734376.583333332,"upper_bound":9739335.5},"point_estimate":9737368.333333332,"standard_error":1237.170875841822},"median_abs_dev":{"confidence_interval":{"confidence_level":0.95,"lower_bound":6560.010683535609,"upper_bound":11687.706242503116},"point_estimate":9612.313379346404,"standard_error":1374.3594107479921},"slope":null,"std_dev":{"confidence_interval":{"confidence_level":0.95,"lower_bound":8557.255264212103,"upper_bound":14647.697851499675},"point_estimate":11528.565661058401,"standard_error":1594.9643423471261}}