{"mean":{"confidence_interval":{"confidence_level":0.95,"lower_bound":10644365.5035,"upper_bound":10831235.880599998},"point_estimate":10736923.985999998,"standard_error":47625.23990428949},"median":{"confidence_interval":{"confidence_level":0.95,"lower_bound":10570205.2,"upper_bound":10866347.6},"point_estimate":10713486.4,"standard_error":61888.73437287626},"median_abs_dev":{"confidence_interval":{"confidence_level":0.95,"lower_bound":361149.4927883148,"upper_bound":542265.2399128667},"point_estimate":456258.8741397863,"standard_error":44846.3960927837},"slope":null,"std_dev":{"confidence_interval":{"confidence_level":0.95,"lower_bound":401029.1425254441,"upper_bound":549546.5982801187},"point_estimate":477091.11099039513,"standard_error":38097.012421008105}}