{"mean":{"confidence_interval":{"confidence_level":0.95,"lower_bound":4429176.9429791635,"upper_bound":4436275.545166668},"point_estimate":4432574.480833331,"standard_error":1810.8810946287085},"median":{"confidence_interval":{"confidence_level":0.95,"lower_bound":4424760.833333333,"upper_bound":4432654.916666667},"point_estimate":4429901.791666666,"standard_error":1607.91268715027},"median_abs_dev":{"confidence_interval":{"confidence_level":0.95,"lower_bound":10917.31023117969,"upper_bound":17736.244645119183},"point_estimate":14755.885113030212,"standard_error":1709.5127054628688},"slope":null,"std_dev":{"confidence_interval":{"confidence_level":0.95,"lower_bound":13734.180719845112,"upper_bound":22235.45774104559},"point_estimate":18205.719513726086,"standard_error":2180.6265000139606}}