{"mean":{"confidence_interval":{"confidence_level":0.95,"lower_bound":4442087.610333334,"upper_bound":4454292.719958334},"point_estimate":4447822.703333333,"standard_error":3120.9454357660447},"median":{"confidence_interval":{"confidence_level":0.95,"lower_bound":4435105.708333334,"upper_bound":4443131.083333333},"point_estimate":4439748.083333333,"standard_error":1947.7964390410839},"median_abs_dev":{"confidence_interval":{"confidence_level":0.95,"lower_bound":11514.52312182591,"upper_bound":22188.929424192513},"point_estimate":17303.177192806736,"standard_error":2825.581304524104},"slope":null,"std_dev":{"confidence_interval":{"confidence_level":0.95,"lower_bound":20839.982805267464,"upper_bound":40613.811402589854},"point_estimate":31432.10285374285,"standard_error":5046.728245151694}}