{"mean":{"confidence_interval":{"confidence_level":0.95,"lower_bound":4026311.720346154,"upper_bound":4035171.687884617},"point_estimate":4030201.792307694,"standard_error":2277.442328493701},"median":{"confidence_interval":{"confidence_level":0.95,"lower_bound":4023004.846153846,"upper_bound":4027669.8076923075},"point_estimate":4024670.269230769,"standard_error":1180.330369159902},"median_abs_dev":{"confidence_interval":{"confidence_level":0.95,"lower_bound":7959.965212528416,"upper_bound":12900.900694040205},"point_estimate":9653.721636304621,"standard_error":1282.489997798799},"slope":null,"std_dev":{"confidence_interval":{"confidence_level":0.95,"lower_bound":10915.369574494813,"upper_bound":34553.07401260659},"point_estimate":22924.300163610933,"standard_error":6698.386522511181}}