{"mean":{"confidence_interval":{"confidence_level":0.95,"lower_bound":10215138.977650002,"upper_bound":10304976.7302},"point_estimate":10257326.122,"standard_error":22961.973691979318},"median":{"confidence_interval":{"confidence_level":0.95,"lower_bound":10169281.0,"upper_bound":10204772.7},"point_estimate":10188592.1,"standard_error":9460.679468007427},"median_abs_dev":{"confidence_interval":{"confidence_level":0.95,"lower_bound":68929.33449625858,"upper_bound":141994.97465908638},"point_estimate":104780.08445978054,"standard_error":18908.399759887772},"slope":null,"std_dev":{"confidence_interval":{"confidence_level":0.95,"lower_bound":160305.08831728657,"upper_bound":287203.4576717082},"point_estimate":230660.1674442951,"standard_error":32296.285560374574}}