{"mean":{"confidence_interval":{"confidence_level":0.95,"lower_bound":11335320.49185,"upper_bound":11344040.610149996},"point_estimate":11339635.336000001,"standard_error":2213.5525404259024},"median":{"confidence_interval":{"confidence_level":0.95,"lower_bound":11332623.0,"upper_bound":11343723.6},"point_estimate":11338993.3,"standard_error":2863.5488575864733},"median_abs_dev":{"confidence_interval":{"confidence_level":0.95,"lower_bound":16724.617263078137,"upper_bound":26702.95986592825},"point_estimate":21543.511957525378,"standard_error":2587.7263225543006},"slope":null,"std_dev":{"confidence_interval":{"confidence_level":0.95,"lower_bound":18879.652196691088,"upper_bound":25097.999247218788},"point_estimate":22153.702746058272,"standard_error":1585.1633683187522}}