{"mean":{"confidence_interval":{"confidence_level":0.95,"lower_bound":4039402.440865385,"upper_bound":4094923.5834615384},"point_estimate":4062182.2838461543,"standard_error":14585.04693451439},"median":{"confidence_interval":{"confidence_level":0.95,"lower_bound":4033475.846153846,"upper_bound":4038520.6923076925},"point_estimate":4036565.076923077,"standard_error":1252.002996902125},"median_abs_dev":{"confidence_interval":{"confidence_level":0.95,"lower_bound":7880.532067785029,"upper_bound":12441.237679123878},"point_estimate":10637.654811143875,"standard_error":1151.5251239508318},"slope":null,"std_dev":{"confidence_interval":{"confidence_level":0.95,"lower_bound":23178.949055854235,"upper_bound":235785.42939188474},"point_estimate":146561.46147608658,"standard_error":58053.90310489029}}