{"mean":{"confidence_interval":{"confidence_level":0.95,"lower_bound":4037848.9404615387,"upper_bound":4052028.9275576943},"point_estimate":4044161.758461541,"standard_error":3648.843505215366},"median":{"confidence_interval":{"confidence_level":0.95,"lower_bound":4033433.846153846,"upper_bound":4039039.6923076925},"point_estimate":4035095.846153846,"standard_error":1641.1943633149479},"median_abs_dev":{"confidence_interval":{"confidence_level":0.95,"lower_bound":8461.483165163525,"upper_bound":14644.609332314118},"point_estimate":11232.747631347936,"standard_error":1624.728627593082},"slope":null,"std_dev":{"confidence_interval":{"confidence_level":0.95,"lower_bound":14205.361198929655,"upper_bound":51955.53553765903},"point_estimate":36658.485819235415,"standard_error":9083.630450114822}}