{"mean":{"confidence_interval":{"confidence_level":0.95,"lower_bound":9624536.250916662,"upper_bound":9639718.200000001},"point_estimate":9630578.628333332,"standard_error":4001.0303859993064},"median":{"confidence_interval":{"confidence_level":0.95,"lower_bound":9622513.166666666,"upper_bound":9631171.666666668},"point_estimate":9626404.916666668,"standard_error":2295.930391970586},"median_abs_dev":{"confidence_interval":{"confidence_level":0.95,"lower_bound":13024.76431876651,"upper_bound":20694.99528259131},"point_estimate":16765.981802344322,"standard_error":1954.9445762574046},"slope":null,"std_dev":{"confidence_interval":{"confidence_level":0.95,"lower_bound":14111.978583558259,"upper_bound":65337.45333752496},"point_estimate":40070.456579754864,"standard_error":17178.79730137862}}