{"mean":{"confidence_interval":{"confidence_level":0.95,"lower_bound":-0.005419957170203015,"upper_bound":-0.0032386061254477184},"point_estimate":-0.004279965443405698,"standard_error":0.0005555686889408356},"median":{"confidence_interval":{"confidence_level":0.95,"lower_bound":-0.005346793841197184,"upper_bound":-0.003636581530029659},"point_estimate":-0.004762265686901301,"standard_error":0.0004409211360227907}}