{"mean":{"confidence_interval":{"confidence_level":0.95,"lower_bound":-0.08562617007537449,"upper_bound":-0.06380839639927693},"point_estimate":-0.07448922383986956,"standard_error":0.005580894885779898},"median":{"confidence_interval":{"confidence_level":0.95,"lower_bound":-0.08144786600323617,"upper_bound":-0.06145311176546708},"point_estimate":-0.07099944191872021,"standard_error":0.005111623164384722}}