{"mean":{"confidence_interval":{"confidence_level":0.95,"lower_bound":-0.03796142140901025,"upper_bound":-0.03230237061411298},"point_estimate":-0.03526674388020479,"standard_error":0.001442291889085442},"median":{"confidence_interval":{"confidence_level":0.95,"lower_bound":-0.036190663800098055,"upper_bound":-0.03248438295186984},"point_estimate":-0.034327869739386396,"standard_error":0.000910153497105808}}