{"mean":{"confidence_interval":{"confidence_level":0.95,"lower_bound":0.0012078422842112968,"upper_bound":0.00416369382269377},"point_estimate":0.0026694122966688383,"standard_error":0.0007534777649526674},"median":{"confidence_interval":{"confidence_level":0.95,"lower_bound":0.0021444882716827873,"upper_bound":0.0037767032876703244},"point_estimate":0.0029321915571043355,"standard_error":0.0004159155259419744}}