{"mean":{"confidence_interval":{"confidence_level":0.95,"lower_bound":-0.22019544628527646,"upper_bound":-0.19867643224352416},"point_estimate":-0.20894506378393474,"standard_error":0.00550198308407027},"median":{"confidence_interval":{"confidence_level":0.95,"lower_bound":-0.21818484769552204,"upper_bound":-0.19070857578611788},"point_estimate":-0.20135656820511172,"standard_error":0.007627331641610855}}