{"mean":{"confidence_interval":{"confidence_level":0.95,"lower_bound":0.013302434809547842,"upper_bound":0.021330047855919528},"point_estimate":0.016776837982834136,"standard_error":0.0021181725474567533},"median":{"confidence_interval":{"confidence_level":0.95,"lower_bound":0.01064742518240115,"upper_bound":0.013182314056508382},"point_estimate":0.012034795924157127,"standard_error":0.0006592045956607155}}