{"mean":{"confidence_interval":{"confidence_level":0.95,"lower_bound":0.07838030758039785,"upper_bound":0.09114705515964593},"point_estimate":0.08487820451257755,"standard_error":0.0032614536040359854},"median":{"confidence_interval":{"confidence_level":0.95,"lower_bound":0.08116736815902192,"upper_bound":0.09571643304964203},"point_estimate":0.0873660453478462,"standard_error":0.0038475013555445818}}