{"mean":{"confidence_interval":{"confidence_level":0.95,"lower_bound":0.02871852696334373,"upper_bound":0.032994588071709643},"point_estimate":0.03074912934402274,"standard_error":0.0010786377941827809},"median":{"confidence_interval":{"confidence_level":0.95,"lower_bound":0.0304681397362474,"upper_bound":0.033303699115041795},"point_estimate":0.03154615892813939,"standard_error":0.0006858304599845785}}