{"mean":{"confidence_interval":{"confidence_level":0.95,"lower_bound":-0.05927229282804845,"upper_bound":-0.04638624721049495},"point_estimate":-0.05399094166532814,"standard_error":0.003322510970197857},"median":{"confidence_interval":{"confidence_level":0.95,"lower_bound":-0.06609161402158359,"upper_bound":-0.055485427518247366},"point_estimate":-0.06202891251322884,"standard_error":0.00257824858157882}}