{"mean":{"confidence_interval":{"confidence_level":0.95,"lower_bound":0.053250184532600775,"upper_bound":0.059794699612542086},"point_estimate":0.05605653063208038,"standard_error":0.0016341552378303773},"median":{"confidence_interval":{"confidence_level":0.95,"lower_bound":0.05447647678651135,"upper_bound":0.05909621111727238},"point_estimate":0.05668578795131629,"standard_error":0.0010772648070460958}}