{"mean":{"confidence_interval":{"confidence_level":0.95,"lower_bound":-0.14160796029034697,"upper_bound":-0.12509153764951794},"point_estimate":-0.13348946942255058,"standard_error":0.0042109047376418605},"median":{"confidence_interval":{"confidence_level":0.95,"lower_bound":-0.15054976902651873,"upper_bound":-0.12515012849117893},"point_estimate":-0.1376513988393867,"standard_error":0.006747927375551082}}