{"mean":{"confidence_interval":{"confidence_level":0.95,"lower_bound":-0.00683380268816816,"upper_bound":0.00010638499032045127},"point_estimate":-0.0034138560607096524,"standard_error":0.0017632309257871234},"median":{"confidence_interval":{"confidence_level":0.95,"lower_bound":-0.00922271130447716,"upper_bound":0.005697646028969494},"point_estimate":-0.0029850092911127835,"standard_error":0.003622050913961297}}