{"mean":{"confidence_interval":{"confidence_level":0.95,"lower_bound":0.0038468649000303235,"upper_bound":0.017286264044379874},"point_estimate":0.011547957013716248,"standard_error":0.0034813231364937483},"median":{"confidence_interval":{"confidence_level":0.95,"lower_bound":0.015760656509337556,"upper_bound":0.01723769887648791},"point_estimate":0.016393230673713344,"standard_error":0.0003805057528652503}}