{"mean":{"confidence_interval":{"confidence_level":0.95,"lower_bound":-0.03438603832028829,"upper_bound":-0.02906557041424586},"point_estimate":-0.03174633895421164,"standard_error":0.0013557020805108734},"median":{"confidence_interval":{"confidence_level":0.95,"lower_bound":-0.03486347525025579,"upper_bound":-0.030724943681034733},"point_estimate":-0.033115006419919824,"standard_error":0.0011360744533695669}}