{"mean":{"confidence_interval":{"confidence_level":0.95,"lower_bound":-0.03747503674180673,"upper_bound":-0.029417769259454357},"point_estimate":-0.03401244553322713,"standard_error":0.0020083099880395193},"median":{"confidence_interval":{"confidence_level":0.95,"lower_bound":-0.039782629208195384,"upper_bound":-0.036067578196064765},"point_estimate":-0.038145508209570966,"standard_error":0.000974612564559076}}