{"mean":{"confidence_interval":{"confidence_level":0.95,"lower_bound":-0.0045691700050946495,"upper_bound":-0.0009031386895597469},"point_estimate":-0.0026823172489294222,"standard_error":0.00093366455956187},"median":{"confidence_interval":{"confidence_level":0.95,"lower_bound":-0.0028690910961240265,"upper_bound":-0.0009288437728260934},"point_estimate":-0.0019029836911574893,"standard_error":0.0005019028566062793}}