{"mean":{"confidence_interval":{"confidence_level":0.95,"lower_bound":-0.003093564038123456,"upper_bound":-0.0006928916907766097},"point_estimate":-0.0018052329129351063,"standard_error":0.0006156450821053418},"median":{"confidence_interval":{"confidence_level":0.95,"lower_bound":-0.0012252058601721655,"upper_bound":-0.0001812911099569363},"point_estimate":-0.000679929409011959,"standard_error":0.00026908470961930836}}