{"mean":{"confidence_interval":{"confidence_level":0.95,"lower_bound":-0.25483381429101976,"upper_bound":-0.2457046619318365},"point_estimate":-0.2508060265090891,"standard_error":0.0023250387344646386},"median":{"confidence_interval":{"confidence_level":0.95,"lower_bound":-0.25930215878278084,"upper_bound":-0.2550419634278973},"point_estimate":-0.2574367343139009,"standard_error":0.0010567977824462607}}