{"mean":{"confidence_interval":{"confidence_level":0.95,"lower_bound":0.02202558900114244,"upper_bound":0.025524698570400028},"point_estimate":0.023714574772051966,"standard_error":0.0008932233500597552},"median":{"confidence_interval":{"confidence_level":0.95,"lower_bound":0.02340855138603537,"upper_bound":0.025130635390592015},"point_estimate":0.02450761923828071,"standard_error":0.00044730824791001906}}