{"mean":{"confidence_interval":{"confidence_level":0.95,"lower_bound":0.06451531989833682,"upper_bound":0.06901913941641899},"point_estimate":0.06679163834874968,"standard_error":0.0011508923476537408},"median":{"confidence_interval":{"confidence_level":0.95,"lower_bound":0.06581991232811535,"upper_bound":0.07041446067010515},"point_estimate":0.06844018278745079,"standard_error":0.0012961278382728953}}