{"mean":{"confidence_interval":{"confidence_level":0.95,"lower_bound":0.20597206403834023,"upper_bound":0.24848203303917593},"point_estimate":0.22795144798102096,"standard_error":0.01087176128075294},"median":{"confidence_interval":{"confidence_level":0.95,"lower_bound":0.25260679195279057,"upper_bound":0.2711184497437409},"point_estimate":0.2645202327348404,"standard_error":0.004677007610128133}}