{"mean":{"confidence_interval":{"confidence_level":0.95,"lower_bound":0.028329809537946737,"upper_bound":0.031725998558416554},"point_estimate":0.030190901219187438,"standard_error":0.0008720564654943423},"median":{"confidence_interval":{"confidence_level":0.95,"lower_bound":0.029849083714688307,"upper_bound":0.031218325979173178},"point_estimate":0.030650624761146217,"standard_error":0.00035074424023023176}}