{"mean":{"confidence_interval":{"confidence_level":0.95,"lower_bound":-0.03778231427039462,"upper_bound":-0.03365763348466476},"point_estimate":-0.035701684605507045,"standard_error":0.0010544767672960355},"median":{"confidence_interval":{"confidence_level":0.95,"lower_bound":-0.03786567894805348,"upper_bound":-0.03295526930106818},"point_estimate":-0.03554805268750261,"standard_error":0.00123589513524432}}