{"mean":{"confidence_interval":{"confidence_level":0.95,"lower_bound":-0.14225787263377654,"upper_bound":-0.14070919517962657},"point_estimate":-0.14146117577559192,"standard_error":0.0003950026920182293},"median":{"confidence_interval":{"confidence_level":0.95,"lower_bound":-0.14144129485702306,"upper_bound":-0.1404513781510034},"point_estimate":-0.14106382907807435,"standard_error":0.0002578609273429685}}