{"mean":{"confidence_interval":{"confidence_level":0.95,"lower_bound":0.0020048023919389704,"upper_bound":0.016194196289201393},"point_estimate":0.008509170920061981,"standard_error":0.0037042725088605793},"median":{"confidence_interval":{"confidence_level":0.95,"lower_bound":-0.010054727174136135,"upper_bound":-0.0009449770610991948},"point_estimate":-0.006050706424162722,"standard_error":0.0023605496422793542}}