{"mean":{"confidence_interval":{"confidence_level":0.95,"lower_bound":0.023600625340736547,"upper_bound":0.048056104212077067},"point_estimate":0.03589258162682296,"standard_error":0.006094540734693433},"median":{"confidence_interval":{"confidence_level":0.95,"lower_bound":0.011253766071674942,"upper_bound":0.04009666305109438},"point_estimate":0.026855663169534916,"standard_error":0.007733891579733046}}