{"mean":{"confidence_interval":{"confidence_level":0.95,"lower_bound":0.04731245616363615,"upper_bound":0.0525984311565226},"point_estimate":0.04988489946812802,"standard_error":0.001376960147162956},"median":{"confidence_interval":{"confidence_level":0.95,"lower_bound":0.04718302610591363,"upper_bound":0.052756670554777285},"point_estimate":0.04970215325931737,"standard_error":0.0012848496518362569}}