{"mean":{"confidence_interval":{"confidence_level":0.95,"lower_bound":-0.15179091859706917,"upper_bound":-0.1243785434329669},"point_estimate":-0.13714376867331324,"standard_error":0.006978252504591594},"median":{"confidence_interval":{"confidence_level":0.95,"lower_bound":-0.14361737536925778,"upper_bound":-0.12073113599683483},"point_estimate":-0.13068312247347746,"standard_error":0.006549425304133744}}