{"mean":{"confidence_interval":{"confidence_level":0.95,"lower_bound":0.003962541888994087,"upper_bound":0.00834612839667877},"point_estimate":0.006016771907501939,"standard_error":0.0011322832447196484},"median":{"confidence_interval":{"confidence_level":0.95,"lower_bound":0.00412357648256978,"upper_bound":0.0058637076148173595},"point_estimate":0.0049803322797090654,"standard_error":0.0004102364578222799}}