{"mean":{"confidence_interval":{"confidence_level":0.95,"lower_bound":0.005125568989975482,"upper_bound":0.008002430730794112},"point_estimate":0.006566734985367084,"standard_error":0.0007348609035268332},"median":{"confidence_interval":{"confidence_level":0.95,"lower_bound":0.006109702824421026,"upper_bound":0.007893585136469386},"point_estimate":0.007076192208154364,"standard_error":0.00044845034148811}}