{"mean":{"confidence_interval":{"confidence_level":0.95,"lower_bound":-0.01434146888280488,"upper_bound":-0.011900267844489719},"point_estimate":-0.013136289916840349,"standard_error":0.0006202870315148818},"median":{"confidence_interval":{"confidence_level":0.95,"lower_bound":-0.013186257155217596,"upper_bound":-0.011564795363652403},"point_estimate":-0.012296175302289991,"standard_error":0.0004144056185074564}}