{"mean":{"confidence_interval":{"confidence_level":0.95,"lower_bound":0.004443095755511495,"upper_bound":0.008053737182863637},"point_estimate":0.006286819254786025,"standard_error":0.00092284998110621},"median":{"confidence_interval":{"confidence_level":0.95,"lower_bound":0.004341156871770613,"upper_bound":0.00629878457984274},"point_estimate":0.005545931418452943,"standard_error":0.0005125616135199555}}