{"mean":{"confidence_interval":{"confidence_level":0.95,"lower_bound":0.042743153014400126,"upper_bound":0.047866732763676534},"point_estimate":0.04531626520881993,"standard_error":0.00131366250377628},"median":{"confidence_interval":{"confidence_level":0.95,"lower_bound":0.04359640085770233,"upper_bound":0.04701795512396734},"point_estimate":0.04503885294945942,"standard_error":0.0008478707519168324}}