{"mean":{"confidence_interval":{"confidence_level":0.95,"lower_bound":-0.018238660779218988,"upper_bound":-0.014525728483658698},"point_estimate":-0.016322594211935826,"standard_error":0.0009580047857412616},"median":{"confidence_interval":{"confidence_level":0.95,"lower_bound":-0.018934989577457116,"upper_bound":-0.016318733574703703},"point_estimate":-0.018025552684754143,"standard_error":0.0006934086584238607}}