{"mean":{"confidence_interval":{"confidence_level":0.95,"lower_bound":0.1739068501164621,"upper_bound":0.17812849865753308},"point_estimate":0.17585998465079866,"standard_error":0.0010306617914987272},"median":{"confidence_interval":{"confidence_level":0.95,"lower_bound":0.17851774944166143,"upper_bound":0.18036771246132877},"point_estimate":0.17962288377997582,"standard_error":0.0004911191442058207}}