{"mean":{"confidence_interval":{"confidence_level":0.95,"lower_bound":0.04063059874933388,"upper_bound":0.046542648553734245},"point_estimate":0.043467394526569114,"standard_error":0.0015019170856474021},"median":{"confidence_interval":{"confidence_level":0.95,"lower_bound":0.0408842081612284,"upper_bound":0.04490185688654247},"point_estimate":0.042886516047915935,"standard_error":0.0011976803199034828}}