{"mean":{"confidence_interval":{"confidence_level":0.95,"lower_bound":0.0007924615438151762,"upper_bound":0.0022149218469083567},"point_estimate":0.0014365907108653264,"standard_error":0.0003620995382939127},"median":{"confidence_interval":{"confidence_level":0.95,"lower_bound":0.0006385613726052064,"upper_bound":0.001537368843064879},"point_estimate":0.0011819020564707294,"standard_error":0.00023177570130834924}}