{"mean":{"confidence_interval":{"confidence_level":0.95,"lower_bound":0.1760673799243301,"upper_bound":0.178002847173282},"point_estimate":0.17709438367344799,"standard_error":0.0004926634390982169},"median":{"confidence_interval":{"confidence_level":0.95,"lower_bound":0.17720500567550768,"upper_bound":0.17817069732932156},"point_estimate":0.17772755692618492,"standard_error":0.0002461777045802083}}