{"mean":{"confidence_interval":{"confidence_level":0.95,"lower_bound":0.05174241386130826,"upper_bound":0.06225781522317432},"point_estimate":0.057029519675996676,"standard_error":0.0026734215966051854},"median":{"confidence_interval":{"confidence_level":0.95,"lower_bound":0.05014388731856356,"upper_bound":0.06985144481630032},"point_estimate":0.0653512578975326,"standard_error":0.00527601271392456}}