{"mean":{"confidence_interval":{"confidence_level":0.95,"lower_bound":0.011219158856196954,"upper_bound":0.04078192874836151},"point_estimate":0.026518298677721708,"standard_error":0.007562363909174721},"median":{"confidence_interval":{"confidence_level":0.95,"lower_bound":0.028677698335996427,"upper_bound":0.05574690942387961},"point_estimate":0.04595673240812248,"standard_error":0.007072159402289715}}