{"mean":{"confidence_interval":{"confidence_level":0.95,"lower_bound":0.16008789487619968,"upper_bound":0.1765341335059462},"point_estimate":0.1685046397870662,"standard_error":0.004200131563979132},"median":{"confidence_interval":{"confidence_level":0.95,"lower_bound":0.1673127221564159,"upper_bound":0.1824899568474212},"point_estimate":0.1738130639304547,"standard_error":0.0041150436137770245}}