{"mean":{"confidence_interval":{"confidence_level":0.95,"lower_bound":0.0601892175623033,"upper_bound":0.06533687624618933},"point_estimate":0.06281909510215922,"standard_error":0.0013178103618824049},"median":{"confidence_interval":{"confidence_level":0.95,"lower_bound":0.05985685166203858,"upper_bound":0.06475108783229633},"point_estimate":0.06236084989810453,"standard_error":0.0012149241415376074}}