{"mean":{"confidence_interval":{"confidence_level":0.95,"lower_bound":-0.017640603924836837,"upper_bound":-0.01207075392181714},"point_estimate":-0.014983153363687496,"standard_error":0.0014251776229224882},"median":{"confidence_interval":{"confidence_level":0.95,"lower_bound":-0.019779984864578815,"upper_bound":-0.014886955573386929},"point_estimate":-0.017768145454602813,"standard_error":0.0013130756684818353}}