{"mean":{"confidence_interval":{"confidence_level":0.95,"lower_bound":0.15800389140850024,"upper_bound":0.15978931527898593},"point_estimate":0.15889227580498555,"standard_error":0.0004546207235298329},"median":{"confidence_interval":{"confidence_level":0.95,"lower_bound":0.1586525797030316,"upper_bound":0.1601234838313652},"point_estimate":0.1593272299801869,"standard_error":0.00036378048743218664}}