{"mean":{"confidence_interval":{"confidence_level":0.95,"lower_bound":0.07721516952951013,"upper_bound":0.08806209122078781},"point_estimate":0.0832745527054326,"standard_error":0.0028679149505835915},"median":{"confidence_interval":{"confidence_level":0.95,"lower_bound":0.08004265718760672,"upper_bound":0.09368635566413941},"point_estimate":0.08826779957141961,"standard_error":0.0035329236053354644}}