{"mean":{"confidence_interval":{"confidence_level":0.95,"lower_bound":0.007413750530886194,"upper_bound":0.009901650361293928},"point_estimate":0.008597087215170385,"standard_error":0.0006331054638685835},"median":{"confidence_interval":{"confidence_level":0.95,"lower_bound":0.007506222909235305,"upper_bound":0.008914371996278536},"point_estimate":0.0083275590521108,"standard_error":0.0003781634127778022}}