{"mean":{"confidence_interval":{"confidence_level":0.95,"lower_bound":0.2484048826067576,"upper_bound":0.2798282222812371},"point_estimate":0.26386333592766986,"standard_error":0.007723293164281102},"median":{"confidence_interval":{"confidence_level":0.95,"lower_bound":0.23887161908692822,"upper_bound":0.26350801381008737},"point_estimate":0.25014990069639964,"standard_error":0.006859098586572243}}