{"mean":{"confidence_interval":{"confidence_level":0.95,"lower_bound":-0.0022076334201720947,"upper_bound":0.00034890433909231947},"point_estimate":-0.0009090529356295951,"standard_error":0.000650515966781059},"median":{"confidence_interval":{"confidence_level":0.95,"lower_bound":-0.0028988346125461417,"upper_bound":-0.0002715845615749446},"point_estimate":-0.0011537126915146523,"standard_error":0.0006846049522675468}}