{"mean":{"confidence_interval":{"confidence_level":0.95,"lower_bound":-0.002085762139461769,"upper_bound":0.0015081965841870582},"point_estimate":-0.00044836625499566907,"standard_error":0.0009044896404181331},"median":{"confidence_interval":{"confidence_level":0.95,"lower_bound":-0.00201101039706586,"upper_bound":0.0010100255732530261},"point_estimate":-0.00005062086952500877,"standard_error":0.0008129392080526559}}