{"mean":{"confidence_interval":{"confidence_level":0.95,"lower_bound":0.16481839980478488,"upper_bound":0.17537398048059546},"point_estimate":0.1696724115327899,"standard_error":0.002611381007437361},"median":{"confidence_interval":{"confidence_level":0.95,"lower_bound":0.16194189556035155,"upper_bound":0.17376384746091378},"point_estimate":0.1669041637101898,"standard_error":0.002505781741982528}}