{"mean":{"confidence_interval":{"confidence_level":0.95,"lower_bound":0.18123852557255932,"upper_bound":0.2093352336568778},"point_estimate":0.19438884433554793,"standard_error":0.007441448566793733},"median":{"confidence_interval":{"confidence_level":0.95,"lower_bound":0.17265197655666054,"upper_bound":0.2090335312227467},"point_estimate":0.19244562165976586,"standard_error":0.0101636067446214}}