{"mean":{"confidence_interval":{"confidence_level":0.95,"lower_bound":-0.003959040188384846,"upper_bound":0.010459751853843586},"point_estimate":0.0029349633553523713,"standard_error":0.003683914414555621},"median":{"confidence_interval":{"confidence_level":0.95,"lower_bound":-0.006150586096910865,"upper_bound":0.016211085499733935},"point_estimate":0.004302906245631677,"standard_error":0.005858746362537959}}