{"mean":{"confidence_interval":{"confidence_level":0.95,"lower_bound":0.20972207339518315,"upper_bound":0.22909558517428413},"point_estimate":0.22094361328849055,"standard_error":0.004744378175820791},"median":{"confidence_interval":{"confidence_level":0.95,"lower_bound":0.20657646016417974,"upper_bound":0.22973670438351168},"point_estimate":0.21719406356847015,"standard_error":0.0061983206106380655}}