{"mean":{"confidence_interval":{"confidence_level":0.95,"lower_bound":0.023812605527390455,"upper_bound":0.048829232160655135},"point_estimate":0.035759710832754976,"standard_error":0.006286174210931101},"median":{"confidence_interval":{"confidence_level":0.95,"lower_bound":0.007465742884292137,"upper_bound":0.03992269755538547},"point_estimate":0.02443414959790413,"standard_error":0.007783882356635437}}