{"mean":{"confidence_interval":{"confidence_level":0.95,"lower_bound":-0.09781311711629988,"upper_bound":-0.09501485615496852},"point_estimate":-0.0963805095200474,"standard_error":0.000720773943655016},"median":{"confidence_interval":{"confidence_level":0.95,"lower_bound":-0.09813468751188281,"upper_bound":-0.09613229825738911},"point_estimate":-0.09718698378260093,"standard_error":0.0005099279345660011}}