{"mean":{"confidence_interval":{"confidence_level":0.95,"lower_bound":0.1962764867467088,"upper_bound":0.22173240833745303},"point_estimate":0.20759434395004783,"standard_error":0.00656408479050247},"median":{"confidence_interval":{"confidence_level":0.95,"lower_bound":0.18722329848455166,"upper_bound":0.20948087827741446},"point_estimate":0.1941926955264146,"standard_error":0.0055944903077902505}}