{"mean":{"confidence_interval":{"confidence_level":0.95,"lower_bound":-0.0024235828878665182,"upper_bound":0.0038130064362987327},"point_estimate":0.0011659145326419207,"standard_error":0.0016075850832310153},"median":{"confidence_interval":{"confidence_level":0.95,"lower_bound":0.0029256553899839055,"upper_bound":0.005894078041344342},"point_estimate":0.004389751796887387,"standard_error":0.0007759075079198548}}