{"mean":{"confidence_interval":{"confidence_level":0.95,"lower_bound":-0.20582537053594982,"upper_bound":-0.19109763289623888},"point_estimate":-0.19809836823816895,"standard_error":0.0034593381249149826},"median":{"confidence_interval":{"confidence_level":0.95,"lower_bound":-0.21314392475069335,"upper_bound":-0.2020172988120987},"point_estimate":-0.20764905254050714,"standard_error":0.003360317972736111}}