{"mean":{"confidence_interval":{"confidence_level":0.95,"lower_bound":-0.06933665252356234,"upper_bound":-0.04406103957921693},"point_estimate":-0.056448127732981246,"standard_error":0.006405216785689931},"median":{"confidence_interval":{"confidence_level":0.95,"lower_bound":-0.08254393064724563,"upper_bound":-0.044883732441637014},"point_estimate":-0.06689356920041944,"standard_error":0.009529117287315066}}