{"mean":{"confidence_interval":{"confidence_level":0.95,"lower_bound":-0.003891468553600724,"upper_bound":-0.00123424603869124},"point_estimate":-0.0024901779337086483,"standard_error":0.0006862621800229288},"median":{"confidence_interval":{"confidence_level":0.95,"lower_bound":-0.0038146950240808275,"upper_bound":-0.0017549811583075225},"point_estimate":-0.0027021850138859715,"standard_error":0.0005316444245837666}}