{"mean":{"confidence_interval":{"confidence_level":0.95,"lower_bound":-0.0012770445172946092,"upper_bound":0.0018140457785856925},"point_estimate":0.00021591340270288306,"standard_error":0.0007836506393591174},"median":{"confidence_interval":{"confidence_level":0.95,"lower_bound":-0.0014850803329053974,"upper_bound":0.0008558285766405874},"point_estimate":-0.0005736037329304722,"standard_error":0.0006140290161414429}}