{"mean":{"confidence_interval":{"confidence_level":0.95,"lower_bound":0.0037891795895661734,"upper_bound":0.012946895548132853},"point_estimate":0.007705080964779176,"standard_error":0.0023976745170873025},"median":{"confidence_interval":{"confidence_level":0.95,"lower_bound":0.004657815600925597,"upper_bound":0.0073286139021513375},"point_estimate":0.006370627400326345,"standard_error":0.0007251338748620541}}