{"mean":{"confidence_interval":{"confidence_level":0.95,"lower_bound":-0.0014523726486419465,"upper_bound":0.0012907464404871782},"point_estimate":3.966438995695043e-6,"standard_error":0.0006995635569249259},"median":{"confidence_interval":{"confidence_level":0.95,"lower_bound":-0.0006652286980257154,"upper_bound":0.001695640176908153},"point_estimate":0.0005585810203569963,"standard_error":0.0006130813675810375}}