{"mean":{"confidence_interval":{"confidence_level":0.95,"lower_bound":0.18068361896241916,"upper_bound":0.2615259877838605},"point_estimate":0.21305723683587185,"standard_error":0.022049470928429047},"median":{"confidence_interval":{"confidence_level":0.95,"lower_bound":0.18030360348736507,"upper_bound":0.20174450022842566},"point_estimate":0.19134635601887084,"standard_error":0.005328048483633081}}