{"mean":{"confidence_interval":{"confidence_level":0.95,"lower_bound":-0.002378946032750018,"upper_bound":0.0003133883877424352},"point_estimate":-0.0011682663470968802,"standard_error":0.0006797916110584514},"median":{"confidence_interval":{"confidence_level":0.95,"lower_bound":-0.002296977855683724,"upper_bound":-0.0004994189959302009},"point_estimate":-0.0013837708506742041,"standard_error":0.00045600321311567915}}