{"mean":{"confidence_interval":{"confidence_level":0.95,"lower_bound":0.12985158291555807,"upper_bound":0.15562709199478264},"point_estimate":0.14259562889296107,"standard_error":0.006613214653221798},"median":{"confidence_interval":{"confidence_level":0.95,"lower_bound":0.11630617710821256,"upper_bound":0.148159439133322},"point_estimate":0.12739442847293359,"standard_error":0.008384140083148322}}