{"mean":{"confidence_interval":{"confidence_level":0.95,"lower_bound":0.10461273113180702,"upper_bound":0.10694465494011696},"point_estimate":0.10605779542893456,"standard_error":0.0006371455644584381},"median":{"confidence_interval":{"confidence_level":0.95,"lower_bound":0.10628998139188006,"upper_bound":0.1068936907341087},"point_estimate":0.10663349610161466,"standard_error":0.00015150298497524744}}