{"mean":{"confidence_interval":{"confidence_level":0.95,"lower_bound":0.10391491137783132,"upper_bound":0.11074014630618556},"point_estimate":0.10677543860287253,"standard_error":0.0017589696942316645},"median":{"confidence_interval":{"confidence_level":0.95,"lower_bound":0.10339046414670529,"upper_bound":0.10759145947354365},"point_estimate":0.10596449302260802,"standard_error":0.0010807964723171658}}