{"mean":{"confidence_interval":{"confidence_level":0.95,"lower_bound":-0.00441943216849483,"upper_bound":-0.001456315739439934},"point_estimate":-0.002835231774400815,"standard_error":0.0007556034221491519},"median":{"confidence_interval":{"confidence_level":0.95,"lower_bound":-0.004793975517297988,"upper_bound":-0.002085702557812588},"point_estimate":-0.0036943049502541347,"standard_error":0.0006957616455050447}}