{"mean":{"confidence_interval":{"confidence_level":0.95,"lower_bound":0.012877202444384773,"upper_bound":0.017228478265205852},"point_estimate":0.014918983572860256,"standard_error":0.0011217346697694603},"median":{"confidence_interval":{"confidence_level":0.95,"lower_bound":0.01245458969122959,"upper_bound":0.01498179706962377},"point_estimate":0.013405110077381543,"standard_error":0.0006076539915434956}}