{"mean":{"confidence_interval":{"confidence_level":0.95,"lower_bound":0.0013056834689401673,"upper_bound":0.024548533535700832},"point_estimate":0.011356630750438246,"standard_error":0.005769431127625427},"median":{"confidence_interval":{"confidence_level":0.95,"lower_bound":-0.0034705032431446847,"upper_bound":-0.000326120168798405},"point_estimate":-0.0016838890224906145,"standard_error":0.0008405798460098839}}