{"mean":{"confidence_interval":{"confidence_level":0.95,"lower_bound":-0.034235339011160944,"upper_bound":-0.02486084686639055},"point_estimate":-0.02960940475776086,"standard_error":0.002412400689285768},"median":{"confidence_interval":{"confidence_level":0.95,"lower_bound":-0.03311930966392673,"upper_bound":-0.02120730570593421},"point_estimate":-0.0262799143541933,"standard_error":0.003432037183519348}}