{"mean":{"confidence_interval":{"confidence_level":0.95,"lower_bound":-0.001058130727738374,"upper_bound":0.007791772600437655},"point_estimate":0.0033233684181148693,"standard_error":0.0022705451962609156},"median":{"confidence_interval":{"confidence_level":0.95,"lower_bound":-0.0009449097315454846,"upper_bound":0.0012154425001921314},"point_estimate":0.00005664199286492533,"standard_error":0.0005580424501252636}}