{"mean":{"confidence_interval":{"confidence_level":0.95,"lower_bound":-0.19517685722407285,"upper_bound":-0.180999405340303},"point_estimate":-0.18781649200012696,"standard_error":0.003615157772846097},"median":{"confidence_interval":{"confidence_level":0.95,"lower_bound":-0.18802378411878265,"upper_bound":-0.17706821307367515},"point_estimate":-0.18426340464685398,"standard_error":0.0032706177365622643}}