{"mean":{"confidence_interval":{"confidence_level":0.95,"lower_bound":-0.004273438830125972,"upper_bound":-0.002144356366423181},"point_estimate":-0.0031957507605877566,"standard_error":0.0005411418327910218},"median":{"confidence_interval":{"confidence_level":0.95,"lower_bound":-0.0037721977282582086,"upper_bound":-0.0018188475499419932},"point_estimate":-0.0026636841587522886,"standard_error":0.0004912751536671611}}