{"mean":{"confidence_interval":{"confidence_level":0.95,"lower_bound":0.12842750953365556,"upper_bound":0.13724215601484202},"point_estimate":0.1326102636270703,"standard_error":0.002219063916158288},"median":{"confidence_interval":{"confidence_level":0.95,"lower_bound":0.1260741899114155,"upper_bound":0.13389529310655793},"point_estimate":0.13032130478205328,"standard_error":0.0019326621207465826}}