{"mean":{"confidence_interval":{"confidence_level":0.95,"lower_bound":-0.008838220924214765,"upper_bound":-0.0032023652977512004},"point_estimate":-0.005647975998327115,"standard_error":0.001452836136589546},"median":{"confidence_interval":{"confidence_level":0.95,"lower_bound":-0.005450732476687148,"upper_bound":-0.0025877106529710314},"point_estimate":-0.0036775366648825747,"standard_error":0.0007335413259171621}}