{"mean":{"confidence_interval":{"confidence_level":0.95,"lower_bound":309210.35305753787,"upper_bound":309700.0023542128},"point_estimate":309425.0514214916,"standard_error":126.96367824354768},"median":{"confidence_interval":{"confidence_level":0.95,"lower_bound":309086.15,"upper_bound":309201.1000256586},"point_estimate":309137.90311004786,"standard_error":26.287815763227126},"median_abs_dev":{"confidence_interval":{"confidence_level":0.95,"lower_bound":155.7925169934957,"upper_bound":247.27337555854555},"point_estimate":204.05371493686513,"standard_error":23.96744159386275},"slope":{"confidence_interval":{"confidence_level":0.95,"lower_bound":309225.90174039017,"upper_bound":309820.73286030773},"point_estimate":309488.01140682725,"standard_error":153.12884997956132},"std_dev":{"confidence_interval":{"confidence_level":0.95,"lower_bound":478.520431177399,"upper_bound":1884.8730869030844},"point_estimate":1274.4873087571527,"standard_error":361.39107081747505}}