{"mean":{"confidence_interval":{"confidence_level":0.95,"lower_bound":309127.8776777224,"upper_bound":309550.82064712944},"point_estimate":309310.2705816831,"standard_error":108.75257710771596},"median":{"confidence_interval":{"confidence_level":0.95,"lower_bound":309049.6450892857,"upper_bound":309120.4166666667},"point_estimate":309070.1392045454,"standard_error":19.428957987273687},"median_abs_dev":{"confidence_interval":{"confidence_level":0.95,"lower_bound":141.34347698405867,"upper_bound":235.13359402735657},"point_estimate":182.6954218285718,"standard_error":25.764738275254206},"slope":{"confidence_interval":{"confidence_level":0.95,"lower_bound":309166.97484034096,"upper_bound":309744.17383801815},"point_estimate":309422.6379747303,"standard_error":148.34827639678332},"std_dev":{"confidence_interval":{"confidence_level":0.95,"lower_bound":370.5019848643267,"upper_bound":1662.1874421424595},"point_estimate":1095.5143865544972,"standard_error":330.0743075974964}}