{"mean":{"confidence_interval":{"confidence_level":0.95,"lower_bound":692488.0328351804,"upper_bound":709573.6518938824},"point_estimate":700758.7571470292,"standard_error":4336.963402072103},"median":{"confidence_interval":{"confidence_level":0.95,"lower_bound":686653.8112244898,"upper_bound":702853.2872049264},"point_estimate":692282.3024193548,"standard_error":3944.2229809092105},"median_abs_dev":{"confidence_interval":{"confidence_level":0.95,"lower_bound":24738.6865860651,"upper_bound":42728.50877778099},"point_estimate":34123.859115315645,"standard_error":4577.255392457345},"slope":{"confidence_interval":{"confidence_level":0.95,"lower_bound":698859.4757596144,"upper_bound":713253.4569495902},"point_estimate":705944.1967696173,"standard_error":3685.3548784058316},"std_dev":{"confidence_interval":{"confidence_level":0.95,"lower_bound":33092.64388406685,"upper_bound":53409.90409627234},"point_estimate":43530.71418616721,"standard_error":5211.099452100223}}