{"mean":{"confidence_interval":{"confidence_level":0.95,"lower_bound":309299.1612375357,"upper_bound":309861.0539668533},"point_estimate":309542.4440215095,"standard_error":146.02929688900758},"median":{"confidence_interval":{"confidence_level":0.95,"lower_bound":309164.31333333335,"upper_bound":309239.97364253394},"point_estimate":309205.61548913043,"standard_error":21.348708850036974},"median_abs_dev":{"confidence_interval":{"confidence_level":0.95,"lower_bound":139.87231131164657,"upper_bound":265.0396864992862},"point_estimate":209.11712754278543,"standard_error":32.47816223235617},"slope":{"confidence_interval":{"confidence_level":0.95,"lower_bound":309346.0661099789,"upper_bound":309937.1516616748},"point_estimate":309611.0503480124,"standard_error":152.02327251724418},"std_dev":{"confidence_interval":{"confidence_level":0.95,"lower_bound":560.1839239936126,"upper_bound":2248.4731511500045},"point_estimate":1467.6553323113303,"standard_error":454.1435245322558}}