{"mean":{"confidence_interval":{"confidence_level":0.95,"lower_bound":309311.0066660114,"upper_bound":312195.8848226697},"point_estimate":310375.2348752934,"standard_error":786.4028228933917},"median":{"confidence_interval":{"confidence_level":0.95,"lower_bound":309186.1458333333,"upper_bound":309340.1369047619},"point_estimate":309229.1202651515,"standard_error":34.21401630885792},"median_abs_dev":{"confidence_interval":{"confidence_level":0.95,"lower_bound":203.57844988577136,"upper_bound":347.4501818945628},"point_estimate":257.072420141531,"standard_error":36.8323551435248},"slope":{"confidence_interval":{"confidence_level":0.95,"lower_bound":309306.4752151409,"upper_bound":310099.1672554581},"point_estimate":309600.6539374908,"standard_error":210.2425962211426},"std_dev":{"confidence_interval":{"confidence_level":0.95,"lower_bound":368.9880750964249,"upper_bound":13315.321369574933},"point_estimate":7939.043019028532,"standard_error":3946.430396817648}}