{"mean":{"confidence_interval":{"confidence_level":0.95,"lower_bound":309335.9648963758,"upper_bound":310539.4860593421},"point_estimate":309816.30497537786,"standard_error":316.8067370420104},"median":{"confidence_interval":{"confidence_level":0.95,"lower_bound":309170.20719696966,"upper_bound":309262.9771205357},"point_estimate":309195.2025434243,"standard_error":24.599878488942114},"median_abs_dev":{"confidence_interval":{"confidence_level":0.95,"lower_bound":151.4595226849305,"upper_bound":252.79394637408274},"point_estimate":188.5873700413063,"standard_error":25.770059717138206},"slope":{"confidence_interval":{"confidence_level":0.95,"lower_bound":309300.16125067935,"upper_bound":310311.52435738064},"point_estimate":309739.6542529925,"standard_error":262.4788524491198},"std_dev":{"confidence_interval":{"confidence_level":0.95,"lower_bound":727.4817291731727,"upper_bound":5193.591384392983},"point_estimate":3179.438432762278,"standard_error":1343.4487317045139}}