{"mean":{"confidence_interval":{"confidence_level":0.95,"lower_bound":273782.8398874248,"upper_bound":276202.304001212},"point_estimate":274947.62924867,"standard_error":621.4399471653644},"median":{"confidence_interval":{"confidence_level":0.95,"lower_bound":273049.2779611845,"upper_bound":275059.7475079745},"point_estimate":273872.37443181814,"standard_error":606.4536617520359},"median_abs_dev":{"confidence_interval":{"confidence_level":0.95,"lower_bound":2597.2133307659556,"upper_bound":4964.988662459881},"point_estimate":3559.0516045773616,"standard_error":632.0833276002513},"slope":{"confidence_interval":{"confidence_level":0.95,"lower_bound":274132.3006431987,"upper_bound":276065.8235058142},"point_estimate":275111.31890202453,"standard_error":491.0659598695678},"std_dev":{"confidence_interval":{"confidence_level":0.95,"lower_bound":4531.88824439023,"upper_bound":7833.74294058477},"point_estimate":6232.650448634915,"standard_error":847.2236627665757}}