{"mean":{"confidence_interval":{"confidence_level":0.95,"lower_bound":448766.4788999437,"upper_bound":450015.77299769886},"point_estimate":449470.10658046225,"standard_error":320.06686055826617},"median":{"confidence_interval":{"confidence_level":0.95,"lower_bound":449708.06018518517,"upper_bound":450409.0929027113},"point_estimate":450031.88507625274,"standard_error":167.9371359395515},"median_abs_dev":{"confidence_interval":{"confidence_level":0.95,"lower_bound":1325.7843132845214,"upper_bound":2219.601660202394},"point_estimate":1728.6548596904304,"standard_error":222.14587198962508},"slope":{"confidence_interval":{"confidence_level":0.95,"lower_bound":449638.4411188227,"upper_bound":450414.85235250945},"point_estimate":450055.18986453867,"standard_error":197.31288285770887},"std_dev":{"confidence_interval":{"confidence_level":0.95,"lower_bound":1720.2290324958462,"upper_bound":4860.18322720841},"point_estimate":3225.9595508872,"standard_error":971.8631101626123}}