{"mean":{"confidence_interval":{"confidence_level":0.95,"lower_bound":309101.7250269192,"upper_bound":309476.0679232753},"point_estimate":309250.0626999681,"standard_error":99.48281179889787},"median":{"confidence_interval":{"confidence_level":0.95,"lower_bound":309010.12677845533,"upper_bound":309120.00925925927},"point_estimate":309039.8953525641,"standard_error":26.142540407023798},"median_abs_dev":{"confidence_interval":{"confidence_level":0.95,"lower_bound":131.03382817744543,"upper_bound":243.70743618605755},"point_estimate":170.84345764858062,"standard_error":27.649679830380265},"slope":{"confidence_interval":{"confidence_level":0.95,"lower_bound":309122.389326571,"upper_bound":309397.11367236095},"point_estimate":309239.7100990099,"standard_error":70.89760572856206},"std_dev":{"confidence_interval":{"confidence_level":0.95,"lower_bound":246.23974470176609,"upper_bound":1645.5801069727502},"point_estimate":1002.7550303007597,"standard_error":436.21678898297534}}