{"mean":{"confidence_interval":{"confidence_level":0.95,"lower_bound":309400.73102646193,"upper_bound":310209.9301281994},"point_estimate":309759.3972519156,"standard_error":208.28924154390631},"median":{"confidence_interval":{"confidence_level":0.95,"lower_bound":309173.6039266222,"upper_bound":309293.05},"point_estimate":309210.3607520564,"standard_error":33.595807517651366},"median_abs_dev":{"confidence_interval":{"confidence_level":0.95,"lower_bound":165.32305739879624,"upper_bound":337.0023249617373},"point_estimate":222.63538704626015,"standard_error":44.96989587464881},"slope":{"confidence_interval":{"confidence_level":0.95,"lower_bound":309307.5730528643,"upper_bound":310393.7839053215},"point_estimate":309731.0170873356,"standard_error":286.79273936270096},"std_dev":{"confidence_interval":{"confidence_level":0.95,"lower_bound":837.4860673158951,"upper_bound":3061.2720557162666},"point_estimate":2081.206177511682,"standard_error":569.6057664950184}}