{"mean":{"confidence_interval":{"confidence_level":0.95,"lower_bound":375143.0390744157,"upper_bound":376104.0656297804},"point_estimate":375755.9345036104,"standard_error":270.3624443132169},"median":{"confidence_interval":{"confidence_level":0.95,"lower_bound":376011.5909090909,"upper_bound":376094.24906581256},"point_estimate":376055.1699275363,"standard_error":22.049067576132224},"median_abs_dev":{"confidence_interval":{"confidence_level":0.95,"lower_bound":122.64866083423395,"upper_bound":217.5279402557643},"point_estimate":174.9969671019053,"standard_error":25.292739238218775},"slope":{"confidence_interval":{"confidence_level":0.95,"lower_bound":375870.65558954224,"upper_bound":376168.6626226976},"point_estimate":376036.98402344715,"standard_error":76.32574998279678},"std_dev":{"confidence_interval":{"confidence_level":0.95,"lower_bound":287.90494437913003,"upper_bound":4579.558486837673},"point_estimate":2702.3096286923114,"standard_error":1422.03982214067}}