{"mean":{"confidence_interval":{"confidence_level":0.95,"lower_bound":449971.45657122246,"upper_bound":450948.3862981904},"point_estimate":450568.14967283985,"standard_error":261.3392514960095},"median":{"confidence_interval":{"confidence_level":0.95,"lower_bound":451076.7591065292,"upper_bound":451198.4930555555},"point_estimate":451144.0377141848,"standard_error":33.21572139141208},"median_abs_dev":{"confidence_interval":{"confidence_level":0.95,"lower_bound":189.87409986248204,"upper_bound":410.0050180730738},"point_estimate":293.81673662223545,"standard_error":58.26927229610825},"slope":{"confidence_interval":{"confidence_level":0.95,"lower_bound":450949.2235720935,"upper_bound":451192.41679453047},"point_estimate":451089.4466223339,"standard_error":63.096889344046566},"std_dev":{"confidence_interval":{"confidence_level":0.95,"lower_bound":686.9409085538864,"upper_bound":4343.841146692239},"point_estimate":2630.3841488490575,"standard_error":1197.2682983825769}}