{"mean":{"confidence_interval":{"confidence_level":0.95,"lower_bound":310899.322062286,"upper_bound":311269.9541810499},"point_estimate":311063.45558007335,"standard_error":95.25834716084745},"median":{"confidence_interval":{"confidence_level":0.95,"lower_bound":310774.1567460317,"upper_bound":310897.8629032258},"point_estimate":310833.0326976103,"standard_error":33.20789989135387},"median_abs_dev":{"confidence_interval":{"confidence_level":0.95,"lower_bound":152.90541203016335,"upper_bound":286.89123797484524},"point_estimate":192.29182100475253,"standard_error":34.98670461361281},"slope":{"confidence_interval":{"confidence_level":0.95,"lower_bound":310918.88761784567,"upper_bound":311819.4334588636},"point_estimate":311320.2940690114,"standard_error":231.02257983670765},"std_dev":{"confidence_interval":{"confidence_level":0.95,"lower_bound":331.8644929698985,"upper_bound":1395.1518523779023},"point_estimate":958.5536845767515,"standard_error":260.6730975047905}}