{"mean":{"confidence_interval":{"confidence_level":0.95,"lower_bound":449465.15654930385,"upper_bound":450829.7759046966},"point_estimate":450253.2818725577,"standard_error":354.07332402400317},"median":{"confidence_interval":{"confidence_level":0.95,"lower_bound":451139.5850340136,"upper_bound":451240.231372549},"point_estimate":451197.11587301583,"standard_error":20.66624301469771},"median_abs_dev":{"confidence_interval":{"confidence_level":0.95,"lower_bound":146.34809989952285,"upper_bound":279.05404399445206},"point_estimate":206.54309775244766,"standard_error":32.64014542212768},"slope":{"confidence_interval":{"confidence_level":0.95,"lower_bound":450216.8119835831,"upper_bound":450946.42000505625},"point_estimate":450623.76077434607,"standard_error":187.39024469926605},"std_dev":{"confidence_interval":{"confidence_level":0.95,"lower_bound":1415.7133305182933,"upper_bound":5567.9995506084615},"point_estimate":3559.816440766726,"standard_error":1240.5022571778898}}