{"mean":{"confidence_interval":{"confidence_level":0.95,"lower_bound":309288.2614897636,"upper_bound":309614.77003994153},"point_estimate":309437.7929728708,"standard_error":83.70837863427181},"median":{"confidence_interval":{"confidence_level":0.95,"lower_bound":309130.45898520085,"upper_bound":309244.5396341463},"point_estimate":309170.7865853659,"standard_error":27.988918038413825},"median_abs_dev":{"confidence_interval":{"confidence_level":0.95,"lower_bound":164.9759145187474,"upper_bound":370.0238686524563},"point_estimate":269.2221391057861,"standard_error":57.25618837279141},"slope":{"confidence_interval":{"confidence_level":0.95,"lower_bound":309338.8092182781,"upper_bound":309755.1559031662},"point_estimate":309530.77136545,"standard_error":107.55525272130103},"std_dev":{"confidence_interval":{"confidence_level":0.95,"lower_bound":491.3759658304677,"upper_bound":1152.2191328335252},"point_estimate":841.9242268262384,"standard_error":169.92250753571162}}