{"mean":{"confidence_interval":{"confidence_level":0.95,"lower_bound":309326.2240993617,"upper_bound":310578.4994125979},"point_estimate":309862.8445132969,"standard_error":322.56895006729786},"median":{"confidence_interval":{"confidence_level":0.95,"lower_bound":309066.3939393939,"upper_bound":309141.7395833333},"point_estimate":309097.4979345671,"standard_error":16.906415666071133},"median_abs_dev":{"confidence_interval":{"confidence_level":0.95,"lower_bound":113.71541798116503,"upper_bound":233.31837945152074},"point_estimate":172.05655968252051,"standard_error":30.625908278458265},"slope":{"confidence_interval":{"confidence_level":0.95,"lower_bound":309280.34757435194,"upper_bound":309929.9135191801},"point_estimate":309564.737755283,"standard_error":166.5742943637791},"std_dev":{"confidence_interval":{"confidence_level":0.95,"lower_bound":1093.62085329872,"upper_bound":4990.19929330069},"point_estimate":3254.210575963776,"standard_error":1015.2228952291616}}