{"mean":{"confidence_interval":{"confidence_level":0.95,"lower_bound":309284.59271629475,"upper_bound":310055.5866091093},"point_estimate":309621.0896956854,"standard_error":197.91354061376322},"median":{"confidence_interval":{"confidence_level":0.95,"lower_bound":309124.7091836735,"upper_bound":309209.83965053764},"point_estimate":309176.95735294116,"standard_error":21.79655548741442},"median_abs_dev":{"confidence_interval":{"confidence_level":0.95,"lower_bound":146.0905448140836,"upper_bound":280.87847138143303},"point_estimate":210.668190009892,"standard_error":34.77166175132812},"slope":{"confidence_interval":{"confidence_level":0.95,"lower_bound":309300.82001647877,"upper_bound":310442.5074136053},"point_estimate":309785.66427294223,"standard_error":295.2833210311561},"std_dev":{"confidence_interval":{"confidence_level":0.95,"lower_bound":757.806437064516,"upper_bound":2939.7944776863787},"point_estimate":1989.1553003145013,"standard_error":561.5236741082786}}