{"mean":{"confidence_interval":{"confidence_level":0.95,"lower_bound":375325.4287067895,"upper_bound":377568.96725401346},"point_estimate":376352.2890826264,"standard_error":567.8678575782073},"median":{"confidence_interval":{"confidence_level":0.95,"lower_bound":375990.95736434107,"upper_bound":376081.8617021277},"point_estimate":376022.03028876334,"standard_error":23.164233801527647},"median_abs_dev":{"confidence_interval":{"confidence_level":0.95,"lower_bound":148.7810895804733,"upper_bound":271.42207680292574},"point_estimate":192.22056301098195,"standard_error":31.7316629539567},"slope":{"confidence_interval":{"confidence_level":0.95,"lower_bound":375745.3825992355,"upper_bound":377178.460136762},"point_estimate":376349.18075267226,"standard_error":368.54693806555207},"std_dev":{"confidence_interval":{"confidence_level":0.95,"lower_bound":1418.1114524316454,"upper_bound":8677.944330056278},"point_estimate":5667.011793047118,"standard_error":1784.6805400572505}}