{"mean":{"confidence_interval":{"confidence_level":0.95,"lower_bound":309237.644149531,"upper_bound":310093.23029150005},"point_estimate":309571.92643035663,"standard_error":228.99384926349603},"median":{"confidence_interval":{"confidence_level":0.95,"lower_bound":309044.07558139536,"upper_bound":309185.7038539554},"point_estimate":309103.0525240385,"standard_error":33.22291336131875},"median_abs_dev":{"confidence_interval":{"confidence_level":0.95,"lower_bound":155.01020857268617,"upper_bound":317.14482990503217},"point_estimate":198.7232771640558,"standard_error":42.33167555556783},"slope":{"confidence_interval":{"confidence_level":0.95,"lower_bound":309309.3252300287,"upper_bound":311389.6194538765},"point_estimate":310091.2815597754,"standard_error":566.6078232453606},"std_dev":{"confidence_interval":{"confidence_level":0.95,"lower_bound":505.21761557200347,"upper_bound":3816.8282744311973},"point_estimate":2310.3724220828226,"standard_error":1043.6100842190958}}