{"mean":{"confidence_interval":{"confidence_level":0.95,"lower_bound":310840.13540674065,"upper_bound":311012.13292131893},"point_estimate":310918.9225447688,"standard_error":44.12312096883574},"median":{"confidence_interval":{"confidence_level":0.95,"lower_bound":310769.0615942029,"upper_bound":310846.1621621622},"point_estimate":310793.37916666665,"standard_error":22.09946986506822},"median_abs_dev":{"confidence_interval":{"confidence_level":0.95,"lower_bound":141.9074559156468,"upper_bound":230.1641974083305},"point_estimate":171.67834788959553,"standard_error":25.84869472412285},"slope":{"confidence_interval":{"confidence_level":0.95,"lower_bound":310844.3229348526,"upper_bound":311119.35418224824},"point_estimate":310953.8320400473,"standard_error":72.28913387517058},"std_dev":{"confidence_interval":{"confidence_level":0.95,"lower_bound":273.86227099682594,"upper_bound":592.7594129868118},"point_estimate":442.2705858722328,"standard_error":82.364650759177}}