{"mean":{"confidence_interval":{"confidence_level":0.95,"lower_bound":375228.5397446682,"upper_bound":376068.1677580872},"point_estimate":375780.1001658652,"standard_error":267.26700062000276},"median":{"confidence_interval":{"confidence_level":0.95,"lower_bound":376009.4285714286,"upper_bound":376071.18984962406},"point_estimate":376033.52192982455,"standard_error":16.373966997847972},"median_abs_dev":{"confidence_interval":{"confidence_level":0.95,"lower_bound":77.05796438536207,"upper_bound":134.51061916031028},"point_estimate":94.49788167481975,"standard_error":15.51296641873544},"slope":{"confidence_interval":{"confidence_level":0.95,"lower_bound":376034.8283252306,"upper_bound":376100.80044108245},"point_estimate":376064.6682094478,"standard_error":16.95115665064036},"std_dev":{"confidence_interval":{"confidence_level":0.95,"lower_bound":113.84302173829835,"upper_bound":4584.644818952517},"point_estimate":2674.563446956432,"standard_error":1618.6926341155367}}