{"mean":{"confidence_interval":{"confidence_level":0.95,"lower_bound":281680.27627458115,"upper_bound":286585.56231655186},"point_estimate":284009.97288150346,"standard_error":1256.7512081684285},"median":{"confidence_interval":{"confidence_level":0.95,"lower_bound":279847.1818181818,"upper_bound":283359.37648809527},"point_estimate":281439.521875,"standard_error":862.8454368684885},"median_abs_dev":{"confidence_interval":{"confidence_level":0.95,"lower_bound":6203.339340853676,"upper_bound":9506.99336540827},"point_estimate":7499.862714616631,"standard_error":838.4893817040644},"slope":{"confidence_interval":{"confidence_level":0.95,"lower_bound":280081.09694111143,"upper_bound":283092.89278817986},"point_estimate":281464.51804935717,"standard_error":767.2795419111211},"std_dev":{"confidence_interval":{"confidence_level":0.95,"lower_bound":8465.8722751517,"upper_bound":16410.99256362818},"point_estimate":12642.259698758946,"standard_error":2040.5765476606823}}