{"mean":{"confidence_interval":{"confidence_level":0.95,"lower_bound":375533.1935383063,"upper_bound":377162.14916095196},"point_estimate":376369.3507487317,"standard_error":410.37844888295376},"median":{"confidence_interval":{"confidence_level":0.95,"lower_bound":375939.2831541219,"upper_bound":376031.3333333333},"point_estimate":375993.1451950773,"standard_error":21.72193874730621},"median_abs_dev":{"confidence_interval":{"confidence_level":0.95,"lower_bound":143.7124019599238,"upper_bound":242.5556090547067},"point_estimate":200.5750519229799,"standard_error":24.125145197738128},"slope":{"confidence_interval":{"confidence_level":0.95,"lower_bound":376184.144334535,"upper_bound":377744.504756336},"point_estimate":376854.6946879464,"standard_error":400.17446223734976},"std_dev":{"confidence_interval":{"confidence_level":0.95,"lower_bound":1732.045631507681,"upper_bound":6160.397421754368},"point_estimate":4143.997495901788,"standard_error":1174.1745011150879}}