{"mean":{"confidence_interval":{"confidence_level":0.95,"lower_bound":374992.8046563029,"upper_bound":376017.176506403},"point_estimate":375633.77049657085,"standard_error":281.07626753586976},"median":{"confidence_interval":{"confidence_level":0.95,"lower_bound":375982.18699186994,"upper_bound":376046.4266666667},"point_estimate":376011.72862903227,"standard_error":13.685492196291037},"median_abs_dev":{"confidence_interval":{"confidence_level":0.95,"lower_bound":110.08244549835129,"upper_bound":198.5577256264259},"point_estimate":154.01024658201888,"standard_error":22.345403816869393},"slope":{"confidence_interval":{"confidence_level":0.95,"lower_bound":375522.61778855673,"upper_bound":375999.0302929914},"point_estimate":375771.843368307,"standard_error":121.10860023890568},"std_dev":{"confidence_interval":{"confidence_level":0.95,"lower_bound":592.5439449055958,"upper_bound":4759.885422161621},"point_estimate":2834.709708579758,"standard_error":1413.9119233029064}}