{"mean":{"confidence_interval":{"confidence_level":0.95,"lower_bound":374912.95912511693,"upper_bound":376071.4085315111},"point_estimate":375597.2818420005,"standard_error":303.1248146511479},"median":{"confidence_interval":{"confidence_level":0.95,"lower_bound":375969.29761904763,"upper_bound":376032.582309847},"point_estimate":376013.05987795576,"standard_error":16.593263703701073},"median_abs_dev":{"confidence_interval":{"confidence_level":0.95,"lower_bound":102.98906584045874,"upper_bound":253.0370929777788},"point_estimate":141.20271287775014,"standard_error":41.317888709457144},"slope":{"confidence_interval":{"confidence_level":0.95,"lower_bound":375412.62694946915,"upper_bound":376180.2122022478},"point_estimate":375768.02838382346,"standard_error":195.00185781868888},"std_dev":{"confidence_interval":{"confidence_level":0.95,"lower_bound":781.6449100499512,"upper_bound":5005.087573116732},"point_estimate":3041.6867412752795,"standard_error":1299.3067877850717}}