{"mean":{"confidence_interval":{"confidence_level":0.95,"lower_bound":469259.7428239588,"upper_bound":470206.8920904867},"point_estimate":469865.94182959246,"standard_error":281.7504643188691},"median":{"confidence_interval":{"confidence_level":0.95,"lower_bound":470069.1698872786,"upper_bound":470133.97222222225},"point_estimate":470101.37108170916,"standard_error":14.424459299809563},"median_abs_dev":{"confidence_interval":{"confidence_level":0.95,"lower_bound":114.18915181162662,"upper_bound":198.02473898204462},"point_estimate":156.37837749055998,"standard_error":21.03207524609557},"slope":{"confidence_interval":{"confidence_level":0.95,"lower_bound":470089.89513955085,"upper_bound":470158.8689421805},"point_estimate":470122.4328279395,"standard_error":17.60275381944557},"std_dev":{"confidence_interval":{"confidence_level":0.95,"lower_bound":217.0742109149666,"upper_bound":4843.273745619783},"point_estimate":2831.2850355940195,"standard_error":1603.7891888238164}}