{"mean":{"confidence_interval":{"confidence_level":0.95,"lower_bound":429756.61711330194,"upper_bound":439447.36721428216},"point_estimate":434307.29484705353,"standard_error":2475.7637317578365},"median":{"confidence_interval":{"confidence_level":0.95,"lower_bound":431452.00347222225,"upper_bound":438194.81782945734},"point_estimate":435607.38762762764,"standard_error":1739.51027897134},"median_abs_dev":{"confidence_interval":{"confidence_level":0.95,"lower_bound":10364.100776864161,"upper_bound":18410.534655490337},"point_estimate":15176.150862362198,"standard_error":1994.740381861879},"slope":{"confidence_interval":{"confidence_level":0.95,"lower_bound":428975.4814994756,"upper_bound":438593.17188977613},"point_estimate":433460.16973449587,"standard_error":2452.556412563614},"std_dev":{"confidence_interval":{"confidence_level":0.95,"lower_bound":16114.53900841003,"upper_bound":33709.339053244454},"point_estimate":24928.658923174808,"standard_error":4623.352916296488}}