{"mean":{"confidence_interval":{"confidence_level":0.95,"lower_bound":0.04644210524839499,"upper_bound":0.0477295084488895},"point_estimate":0.04716900608954333,"standard_error":0.00033303963943364057},"median":{"confidence_interval":{"confidence_level":0.95,"lower_bound":0.047581494889249454,"upper_bound":0.04804713655183712},"point_estimate":0.04784814364384182,"standard_error":0.00011810914606555982}}