{"mean":{"confidence_interval":{"confidence_level":0.95,"lower_bound":-0.00781811895507159,"upper_bound":0.005847491426292364},"point_estimate":-0.0009023373646561694,"standard_error":0.003492440111514493},"median":{"confidence_interval":{"confidence_level":0.95,"lower_bound":-0.0013423006853909847,"upper_bound":-0.0005081738095643606},"point_estimate":-0.000817820813757808,"standard_error":0.00021644813639709896}}