{"mean":{"confidence_interval":{"confidence_level":0.95,"lower_bound":-0.00621732699723186,"upper_bound":0.008457998539124444},"point_estimate":0.0007551448820422024,"standard_error":0.003712241875447617},"median":{"confidence_interval":{"confidence_level":0.95,"lower_bound":-0.000551002712562032,"upper_bound":0.0013210262678096107},"point_estimate":0.00025819865469722814,"standard_error":0.0004199771425068121}}