{"mean":{"confidence_interval":{"confidence_level":0.95,"lower_bound":-0.011585121816051612,"upper_bound":0.0009682407004249983},"point_estimate":-0.0047984622199149785,"standard_error":0.0032141322325689127},"median":{"confidence_interval":{"confidence_level":0.95,"lower_bound":0.000058389281359705336,"upper_bound":0.0016068791611616123},"point_estimate":0.0006117005340762205,"standard_error":0.0003779266854230252}}