{"mean":{"confidence_interval":{"confidence_level":0.95,"lower_bound":0.0025330488887507392,"upper_bound":0.015502795991932508},"point_estimate":0.008369610520466475,"standard_error":0.0033047777354636397},"median":{"confidence_interval":{"confidence_level":0.95,"lower_bound":-0.00012685242621002235,"upper_bound":0.0007690145920258296},"point_estimate":0.00015792072998688234,"standard_error":0.00024519263636458384}}