{"mean":{"confidence_interval":{"confidence_level":0.95,"lower_bound":-0.007469044104136603,"upper_bound":0.008694392349974642},"point_estimate":0.0006493476538158571,"standard_error":0.004137735705935333},"median":{"confidence_interval":{"confidence_level":0.95,"lower_bound":0.00039717050047689015,"upper_bound":0.0014668468196858964},"point_estimate":0.0008432524430621591,"standard_error":0.00027698854159344927}}