{"mean":{"confidence_interval":{"confidence_level":0.95,"lower_bound":-0.1603606641809776,"upper_bound":-0.14598328489588341},"point_estimate":-0.15297194405438685,"standard_error":0.0036779080863182526},"median":{"confidence_interval":{"confidence_level":0.95,"lower_bound":-0.15211077585566601,"upper_bound":-0.14031635711459},"point_estimate":-0.14698897658999033,"standard_error":0.0025073967495886185}}