{"mean":{"confidence_interval":{"confidence_level":0.95,"lower_bound":-0.0049008437407138394,"upper_bound":0.003150900395253701},"point_estimate":-0.0009400093712927937,"standard_error":0.0020564237334980873},"median":{"confidence_interval":{"confidence_level":0.95,"lower_bound":-0.0009752860954166387,"upper_bound":0.0005252321117952263},"point_estimate":0.000013469579452252134,"standard_error":0.00039087773196971073}}