{"mean":{"confidence_interval":{"confidence_level":0.95,"lower_bound":-0.09900177118724993,"upper_bound":-0.08613592068518788},"point_estimate":-0.093075708736442,"standard_error":0.0035277821946530312},"median":{"confidence_interval":{"confidence_level":0.95,"lower_bound":-0.10621728428573951,"upper_bound":-0.08200607851165295},"point_estimate":-0.09289173601353007,"standard_error":0.006081657292365933}}