{"mean":{"confidence_interval":{"confidence_level":0.95,"lower_bound":-0.011847855326995345,"upper_bound":0.006377697801043025},"point_estimate":-0.0027807175203035106,"standard_error":0.004645982898092751},"median":{"confidence_interval":{"confidence_level":0.95,"lower_bound":-0.013077714099904658,"upper_bound":0.008383420145902098},"point_estimate":-0.0013683537337568774,"standard_error":0.00535990841814929}}