{"mean":{"confidence_interval":{"confidence_level":0.95,"lower_bound":0.027230665965112484,"upper_bound":0.03439275472478057},"point_estimate":0.030907883693658267,"standard_error":0.0017887783808469668},"median":{"confidence_interval":{"confidence_level":0.95,"lower_bound":0.03451192657416752,"upper_bound":0.0414248369032455},"point_estimate":0.037621019661826516,"standard_error":0.001778900830508922}}