{"mean":{"confidence_interval":{"confidence_level":0.95,"lower_bound":-0.011107221222077784,"upper_bound":0.002251210458655372},"point_estimate":-0.004018496806586724,"standard_error":0.003404690556731033},"median":{"confidence_interval":{"confidence_level":0.95,"lower_bound":-0.0006026201297093525,"upper_bound":-7.382396881869468e-7},"point_estimate":-0.0002793142216868105,"standard_error":0.00016342919803380337}}