{"mean":{"confidence_interval":{"confidence_level":0.95,"lower_bound":-0.6465526352982348,"upper_bound":-0.641632994941262},"point_estimate":-0.6441619702012449,"standard_error":0.0012276560805873189},"median":{"confidence_interval":{"confidence_level":0.95,"lower_bound":-0.6491664394821051,"upper_bound":-0.6484573058047096},"point_estimate":-0.6488872504760093,"standard_error":0.00019127165017747668}}