{"mean":{"confidence_interval":{"confidence_level":0.95,"lower_bound":-0.1271241509848015,"upper_bound":-0.1263708472826384},"point_estimate":-0.12677942763323413,"standard_error":0.00019331344134550623},"median":{"confidence_interval":{"confidence_level":0.95,"lower_bound":-0.12733222768111296,"upper_bound":-0.12705211334266164},"point_estimate":-0.12723787944134257,"standard_error":0.00007400067589576061}}