{"mean":{"confidence_interval":{"confidence_level":0.95,"lower_bound":-0.0029490558274478905,"upper_bound":0.012076782134168327},"point_estimate":0.003946277725267233,"standard_error":0.0037881323868829402},"median":{"confidence_interval":{"confidence_level":0.95,"lower_bound":-0.0007224442336710712,"upper_bound":0.00010405427835445792},"point_estimate":-0.00026526515573077614,"standard_error":0.00018868525758067463}}