{"mean":{"confidence_interval":{"confidence_level":0.95,"lower_bound":-0.0035389777614254552,"upper_bound":0.010906530497378105},"point_estimate":0.003548529854137339,"standard_error":0.0036923763899762824},"median":{"confidence_interval":{"confidence_level":0.95,"lower_bound":0.0017100731956243287,"upper_bound":0.0031947385386650283},"point_estimate":0.002365571896231655,"standard_error":0.0003689766990870539}}