{"mean":{"confidence_interval":{"confidence_level":0.95,"lower_bound":0.00043929623814623064,"upper_bound":0.0009635204202577185},"point_estimate":0.0006765708725999797,"standard_error":0.00013065515305374332},"median":{"confidence_interval":{"confidence_level":0.95,"lower_bound":0.0004736573507140296,"upper_bound":0.0007350964935750604},"point_estimate":0.0005994698479820926,"standard_error":0.00006786300474032152}}