{"mean":{"confidence_interval":{"confidence_level":0.95,"lower_bound":-0.01695231181416516,"upper_bound":-0.002649438611494168},"point_estimate":-0.009388068429236118,"standard_error":0.003675640454028091},"median":{"confidence_interval":{"confidence_level":0.95,"lower_bound":-0.0010683991136545186,"upper_bound":-0.00008841766277767338},"point_estimate":-0.0006741555950737776,"standard_error":0.00025419623353172547}}