{"mean":{"confidence_interval":{"confidence_level":0.95,"lower_bound":-0.0005053019915406409,"upper_bound":0.00021697435352034382},"point_estimate":-0.00009202579817801926,"standard_error":0.00018672721437696825},"median":{"confidence_interval":{"confidence_level":0.95,"lower_bound":-0.000057878597017335665,"upper_bound":0.00013083122703405614},"point_estimate":0.000038611499400875715,"standard_error":0.00004565157726810419}}