{"mean":{"confidence_interval":{"confidence_level":0.95,"lower_bound":-0.023363264526340174,"upper_bound":0.009717089226436586},"point_estimate":-0.0029090610089653746,"standard_error":0.009203279815877687},"median":{"confidence_interval":{"confidence_level":0.95,"lower_bound":-0.000477045444058799,"upper_bound":0.00036172746516771603},"point_estimate":-0.00008414114584720522,"standard_error":0.00021683454339553292}}