{"mean":{"confidence_interval":{"confidence_level":0.95,"lower_bound":-0.03035666009297518,"upper_bound":-0.02699955572731244},"point_estimate":-0.028561761861703783,"standard_error":0.0008439085800677579},"median":{"confidence_interval":{"confidence_level":0.95,"lower_bound":-0.027701320063014734,"upper_bound":-0.024848343147127028},"point_estimate":-0.026180883747238592,"standard_error":0.0006719838659696438}}