{"mean":{"confidence_interval":{"confidence_level":0.95,"lower_bound":-0.007851283019725208,"upper_bound":0.0712690467364526},"point_estimate":0.017047051365473687,"standard_error":0.020074052071880052},"median":{"confidence_interval":{"confidence_level":0.95,"lower_bound":-0.004817512256644951,"upper_bound":-0.0032374905268515164},"point_estimate":-0.004067801260330128,"standard_error":0.00040304865551325363}}