{"mean":{"confidence_interval":{"confidence_level":0.95,"lower_bound":-0.0005567791410071408,"upper_bound":-0.00014364413234899153},"point_estimate":-0.0003392824426801111,"standard_error":0.00010558077125184719},"median":{"confidence_interval":{"confidence_level":0.95,"lower_bound":-0.00033060602068581135,"upper_bound":-0.000029263245817312544},"point_estimate":-0.00018487918079002075,"standard_error":0.00007693330950831037}}