{"mean":{"confidence_interval":{"confidence_level":0.95,"lower_bound":0.004222448093593871,"upper_bound":0.023752718457040894},"point_estimate":0.014307075429323302,"standard_error":0.0049571132127162985},"median":{"confidence_interval":{"confidence_level":0.95,"lower_bound":0.008116102633069867,"upper_bound":0.015317804227446219},"point_estimate":0.012108733805518801,"standard_error":0.0019623788569677393}}