{"mean":{"confidence_interval":{"confidence_level":0.95,"lower_bound":-0.009284566426336554,"upper_bound":0.003906621241385499},"point_estimate":-0.003733839533959449,"standard_error":0.003315008217978661},"median":{"confidence_interval":{"confidence_level":0.95,"lower_bound":-0.0004036154467697006,"upper_bound":0.00006542668341324998},"point_estimate":-0.0001605478771901092,"standard_error":0.00012470906828742614}}