{"mean":{"confidence_interval":{"confidence_level":0.95,"lower_bound":0.17756858125557481,"upper_bound":0.1780323371680252},"point_estimate":0.17782719325775576,"standard_error":0.00011895561457793032},"median":{"confidence_interval":{"confidence_level":0.95,"lower_bound":0.17781196808556632,"upper_bound":0.1779986674782179},"point_estimate":0.1779210081159932,"standard_error":0.00004671133410409398}}