{"mean":{"confidence_interval":{"confidence_level":0.95,"lower_bound":-0.0031615794224306715,"upper_bound":0.0072216666433688554},"point_estimate":0.0018333536215773272,"standard_error":0.0026451539996101376},"median":{"confidence_interval":{"confidence_level":0.95,"lower_bound":-0.0001490744057183191,"upper_bound":0.0007598298905580059},"point_estimate":0.0004310651784356079,"standard_error":0.000227648642215618}}