{"mean":{"confidence_interval":{"confidence_level":0.95,"lower_bound":-0.014923479332911481,"upper_bound":0.0037157688261311083},"point_estimate":-0.005488216993582151,"standard_error":0.004757367236020008},"median":{"confidence_interval":{"confidence_level":0.95,"lower_bound":-0.000948557643444814,"upper_bound":-0.00016237457896746218},"point_estimate":-0.0005649810134679134,"standard_error":0.00019552024193666563}}