{"mean":{"confidence_interval":{"confidence_level":0.95,"lower_bound":-0.01212651402767381,"upper_bound":0.002365956811533097},"point_estimate":-0.004319985272235205,"standard_error":0.0037179391418122342},"median":{"confidence_interval":{"confidence_level":0.95,"lower_bound":-0.0003995490427043391,"upper_bound":0.00038781376042851257},"point_estimate":0.00008819519251601626,"standard_error":0.00022904591048268947}}