{"mean":{"confidence_interval":{"confidence_level":0.95,"lower_bound":-0.007535662317361551,"upper_bound":0.005934327684330376},"point_estimate":-0.0013576552927061503,"standard_error":0.003457259562701501},"median":{"confidence_interval":{"confidence_level":0.95,"lower_bound":-0.0005153377864940412,"upper_bound":-4.378127260493563e-6},"point_estimate":-0.0003407771072305721,"standard_error":0.00013463895706124343}}