{"mean":{"confidence_interval":{"confidence_level":0.95,"lower_bound":-0.008746621240815666,"upper_bound":0.0013370382607840508},"point_estimate":-0.003669733828274624,"standard_error":0.002572997183142267},"median":{"confidence_interval":{"confidence_level":0.95,"lower_bound":0.00046938369413651593,"upper_bound":0.0012691946823042421},"point_estimate":0.0008556771180279199,"standard_error":0.00021293942455893457}}