{"mean":{"confidence_interval":{"confidence_level":0.95,"lower_bound":-0.0024522356768991596,"upper_bound":0.014468230220671558},"point_estimate":0.006226903471078016,"standard_error":0.004340194496637479},"median":{"confidence_interval":{"confidence_level":0.95,"lower_bound":0.0025506915607400593,"upper_bound":0.003833185759998914},"point_estimate":0.002938978709527973,"standard_error":0.00030414356848960743}}