{"mean":{"confidence_interval":{"confidence_level":0.95,"lower_bound":-0.1379964796970088,"upper_bound":-0.11869515499676321},"point_estimate":-0.12823312482342375,"standard_error":0.004958339252225312},"median":{"confidence_interval":{"confidence_level":0.95,"lower_bound":-0.12328613464508154,"upper_bound":-0.10744897080294735},"point_estimate":-0.11507326526494444,"standard_error":0.003850868383936462}}