{"mean":{"confidence_interval":{"confidence_level":0.95,"lower_bound":0.14556212357741938,"upper_bound":0.14592811472305636},"point_estimate":0.14574609719695886,"standard_error":0.00009314476753750746},"median":{"confidence_interval":{"confidence_level":0.95,"lower_bound":0.1457063021644242,"upper_bound":0.14597906732320998},"point_estimate":0.1458644997676357,"standard_error":0.00006806609448052741}}