{"mean":{"confidence_interval":{"confidence_level":0.95,"lower_bound":-0.018246969968986896,"upper_bound":-0.005541180925664212},"point_estimate":-0.011409013020452496,"standard_error":0.0032490217476355346},"median":{"confidence_interval":{"confidence_level":0.95,"lower_bound":-0.00042850243043357494,"upper_bound":0.00011455730310228063},"point_estimate":-0.00016625232378320032,"standard_error":0.000145754811296243}}