{"mean":{"confidence_interval":{"confidence_level":0.95,"lower_bound":-0.006401460061264901,"upper_bound":0.008596207049312844},"point_estimate":0.0009157910858854645,"standard_error":0.0038118271373548643},"median":{"confidence_interval":{"confidence_level":0.95,"lower_bound":-0.0001315853901353592,"upper_bound":0.0009757433643029501},"point_estimate":0.00021286124002473095,"standard_error":0.00029371504811007154}}