{"mean":{"confidence_interval":{"confidence_level":0.95,"lower_bound":-0.016632493306541152,"upper_bound":-0.0023731185188318182},"point_estimate":-0.008877718332812146,"standard_error":0.0036606859034532652},"median":{"confidence_interval":{"confidence_level":0.95,"lower_bound":-0.00020438590924543032,"upper_bound":0.00034364446302159735},"point_estimate":0.00010374271630531062,"standard_error":0.0001406464941818342}}