{"mean":{"confidence_interval":{"confidence_level":0.95,"lower_bound":-0.001218957581490354,"upper_bound":0.028084313588920398},"point_estimate":0.010097775099026318,"standard_error":0.007848550579821947},"median":{"confidence_interval":{"confidence_level":0.95,"lower_bound":0.0020971938862492934,"upper_bound":0.00312628161195061},"point_estimate":0.002550462594742342,"standard_error":0.00025241564756819663}}