{"mean":{"confidence_interval":{"confidence_level":0.95,"lower_bound":-0.22636100137900017,"upper_bound":-0.20614905977274522},"point_estimate":-0.2159656664500914,"standard_error":0.0051415422365081636},"median":{"confidence_interval":{"confidence_level":0.95,"lower_bound":-0.21100595694903068,"upper_bound":-0.19244228584083767},"point_estimate":-0.20083251009871383,"standard_error":0.0047328342297893004}}