{"mean":{"confidence_interval":{"confidence_level":0.95,"lower_bound":-0.09439113203708246,"upper_bound":-0.07775030858058139},"point_estimate":-0.08608682962861802,"standard_error":0.004230937669134324},"median":{"confidence_interval":{"confidence_level":0.95,"lower_bound":-0.08968475424310729,"upper_bound":-0.07186304451172854},"point_estimate":-0.08195362907226267,"standard_error":0.004492049895671155}}