{"mean":{"confidence_interval":{"confidence_level":0.95,"lower_bound":-0.16060581027766554,"upper_bound":-0.1566194771255196},"point_estimate":-0.1586925546841833,"standard_error":0.001017806937590679},"median":{"confidence_interval":{"confidence_level":0.95,"lower_bound":-0.16424637399037534,"upper_bound":-0.1598572699745755},"point_estimate":-0.16207883007634938,"standard_error":0.0011565456414590768}}