{"mean":{"confidence_interval":{"confidence_level":0.95,"lower_bound":-0.15203592407518335,"upper_bound":-0.14863071085599014},"point_estimate":-0.15032015536825194,"standard_error":0.0008692192943592277},"median":{"confidence_interval":{"confidence_level":0.95,"lower_bound":-0.15189777457130804,"upper_bound":-0.14923681754396778},"point_estimate":-0.14978017389580522,"standard_error":0.0008004346390958567}}