{"mean":{"confidence_interval":{"confidence_level":0.95,"lower_bound":-0.012739939350831269,"upper_bound":-0.0015696918297454746},"point_estimate":-0.00693517531647303,"standard_error":0.002863068061552254},"median":{"confidence_interval":{"confidence_level":0.95,"lower_bound":-0.0004042886430574155,"upper_bound":0.00023916138274060472},"point_estimate":-0.000013349066680157229,"standard_error":0.00016321183729359288}}