{"mean":{"confidence_interval":{"confidence_level":0.95,"lower_bound":-0.002780018166609953,"upper_bound":0.008905609444747355},"point_estimate":0.0031692786843602327,"standard_error":0.0030234432607564535},"median":{"confidence_interval":{"confidence_level":0.95,"lower_bound":-0.0005542268207103795,"upper_bound":0.0013746114427748424},"point_estimate":0.0006645602016204233,"standard_error":0.0004906179603706628}}