{"mean":{"confidence_interval":{"confidence_level":0.95,"lower_bound":-0.005700628118896811,"upper_bound":0.004456896207735242},"point_estimate":-0.00101939816558827,"standard_error":0.002552795076934272},"median":{"confidence_interval":{"confidence_level":0.95,"lower_bound":-0.004404181235220017,"upper_bound":-0.003093161696580804},"point_estimate":-0.0037914124812183925,"standard_error":0.0003532659718813573}}