{"mean":{"confidence_interval":{"confidence_level":0.95,"lower_bound":-0.0025768544297216918,"upper_bound":0.007862434002660734},"point_estimate":0.002618669521447403,"standard_error":0.002636369450723115},"median":{"confidence_interval":{"confidence_level":0.95,"lower_bound":0.0009703442027013676,"upper_bound":0.001627775569432055},"point_estimate":0.0013053692920135251,"standard_error":0.00015271126282125405}}