{"mean":{"confidence_interval":{"confidence_level":0.95,"lower_bound":-0.02467460441423516,"upper_bound":-0.015255695573279635},"point_estimate":-0.01986693480360857,"standard_error":0.0024072194675056877},"median":{"confidence_interval":{"confidence_level":0.95,"lower_bound":-0.02325407780066857,"upper_bound":-0.011176003499912657},"point_estimate":-0.017602384226039547,"standard_error":0.0035065554897682526}}