{"mean":{"confidence_interval":{"confidence_level":0.95,"lower_bound":1.8206932210629478,"upper_bound":1.842672941577117},"point_estimate":1.8321200575383676,"standard_error":0.005614154162550439},"median":{"confidence_interval":{"confidence_level":0.95,"lower_bound":1.8549955059688232,"upper_bound":1.8581464480712948},"point_estimate":1.8569341530999735,"standard_error":0.0009039700262166668}}