{"mean":{"confidence_interval":{"confidence_level":0.95,"lower_bound":0.05867639514725876,"upper_bound":0.09037773618637072},"point_estimate":0.07455712988530361,"standard_error":0.008086937952822025},"median":{"confidence_interval":{"confidence_level":0.95,"lower_bound":0.0621093692685859,"upper_bound":0.09433997243518233},"point_estimate":0.07788542078171234,"standard_error":0.008543700295329604}}