{"mean":{"confidence_interval":{"confidence_level":0.95,"lower_bound":-0.0003814395312654483,"upper_bound":0.00030259205799520995},"point_estimate":-0.000039287836077095406,"standard_error":0.00017544466696646605},"median":{"confidence_interval":{"confidence_level":0.95,"lower_bound":-0.00042510654672500703,"upper_bound":0.00046290868206733116},"point_estimate":-0.0000330032330010388,"standard_error":0.0002400599677938318}}