{"mean":{"confidence_interval":{"confidence_level":0.95,"lower_bound":0.2004771070032648,"upper_bound":0.2009450859370906},"point_estimate":0.200728035343946,"standard_error":0.00011969560861977674},"median":{"confidence_interval":{"confidence_level":0.95,"lower_bound":0.20058592592204208,"upper_bound":0.2008941181720263},"point_estimate":0.20079043070358593,"standard_error":0.0000767762046322391}}