{"mean":{"confidence_interval":{"confidence_level":0.95,"lower_bound":-0.0005999665232581247,"upper_bound":0.00042987775109658006},"point_estimate":0.000019367434163530817,"standard_error":0.00027016231739452105},"median":{"confidence_interval":{"confidence_level":0.95,"lower_bound":0.00004865707737611302,"upper_bound":0.000462559640010642},"point_estimate":0.0003122917824540661,"standard_error":0.00010757033749032527}}