{"mean":{"confidence_interval":{"confidence_level":0.95,"lower_bound":-0.00026068443878200776,"upper_bound":0.0013331769989972594},"point_estimate":0.0002292113880988378,"standard_error":0.0003960655435781027},"median":{"confidence_interval":{"confidence_level":0.95,"lower_bound":-0.00011045490514560719,"upper_bound":0.00002957143139803442},"point_estimate":-0.00003702493385104866,"standard_error":0.00003494292957030452}}