{"mean":{"confidence_interval":{"confidence_level":0.95,"lower_bound":-0.00022063762774015514,"upper_bound":0.002758507275818122},"point_estimate":0.0012141402625402975,"standard_error":0.000804267214195423},"median":{"confidence_interval":{"confidence_level":0.95,"lower_bound":-0.0010453947074356956,"upper_bound":-0.0007493742729710595},"point_estimate":-0.0008851835340235592,"standard_error":0.00007782956485327814}}