{"mean":{"confidence_interval":{"confidence_level":0.95,"lower_bound":-0.007959559780599923,"upper_bound":0.002439534784728803},"point_estimate":-0.00271694591164795,"standard_error":0.0026391311340348373},"median":{"confidence_interval":{"confidence_level":0.95,"lower_bound":0.000020262495428191585,"upper_bound":0.0005898258184011684},"point_estimate":0.00023900399713139286,"standard_error":0.00014752745738505472}}