{"mean":{"confidence_interval":{"confidence_level":0.95,"lower_bound":-0.007760840780507652,"upper_bound":0.0024833718406514207},"point_estimate":-0.0024150883366680365,"standard_error":0.002618095732383327},"median":{"confidence_interval":{"confidence_level":0.95,"lower_bound":-0.0006254293930015864,"upper_bound":0.0001295552340145889},"point_estimate":-0.00024479910717356557,"standard_error":0.00018893535331706535}}