{"mean":{"confidence_interval":{"confidence_level":0.95,"lower_bound":-0.127923330763222,"upper_bound":-0.12638706129257848},"point_estimate":-0.1270818068996007,"standard_error":0.0003815867469465986},"median":{"confidence_interval":{"confidence_level":0.95,"lower_bound":-0.12726347123845283,"upper_bound":-0.12692768611008076},"point_estimate":-0.12715098774731237,"standard_error":0.0000866254534343395}}