{"mean":{"confidence_interval":{"confidence_level":0.95,"lower_bound":-0.003159726631444276,"upper_bound":0.010638771459923407},"point_estimate":0.003289498120793599,"standard_error":0.0035004720587142528},"median":{"confidence_interval":{"confidence_level":0.95,"lower_bound":-0.0005372631402321693,"upper_bound":0.00003575492826568549},"point_estimate":-0.000219705631495426,"standard_error":0.00014322742462839538}}