{"mean":{"confidence_interval":{"confidence_level":0.95,"lower_bound":-0.15502702675867897,"upper_bound":-0.14932785111125568},"point_estimate":-0.15222742945145873,"standard_error":0.0014564127600078373},"median":{"confidence_interval":{"confidence_level":0.95,"lower_bound":-0.1598225468012051,"upper_bound":-0.1528264296026025},"point_estimate":-0.1555390856131449,"standard_error":0.002021928944387088}}