{"mean":{"confidence_interval":{"confidence_level":0.95,"lower_bound":-0.158909806604744,"upper_bound":-0.13558891412477725},"point_estimate":-0.14644534651566565,"standard_error":0.006006018825259728},"median":{"confidence_interval":{"confidence_level":0.95,"lower_bound":-0.1343779637610022,"upper_bound":-0.12081293851557218},"point_estimate":-0.12897591811777387,"standard_error":0.0034801054733984457}}