{"mean":{"confidence_interval":{"confidence_level":0.95,"lower_bound":0.00021175088106447084,"upper_bound":0.0007327928758632472},"point_estimate":0.00045056267079157664,"standard_error":0.0001293867634171444},"median":{"confidence_interval":{"confidence_level":0.95,"lower_bound":0.00028861506171695694,"upper_bound":0.0005088674825250994},"point_estimate":0.00038067351159254414,"standard_error":0.00005433265060175726}}