{"mean":{"confidence_interval":{"confidence_level":0.95,"lower_bound":129446.360545942,"upper_bound":133610.4214619383},"point_estimate":131677.8808630241,"standard_error":1063.8488364341197},"median":{"confidence_interval":{"confidence_level":0.95,"lower_bound":130599.8023838141,"upper_bound":132696.42411616162},"point_estimate":131564.3793103448,"standard_error":543.4971087755732},"median_abs_dev":{"confidence_interval":{"confidence_level":0.95,"lower_bound":3284.171374212723,"upper_bound":6034.713845882146},"point_estimate":4596.771360474318,"standard_error":768.8273555568588},"slope":{"confidence_interval":{"confidence_level":0.95,"lower_bound":132471.8915914826,"upper_bound":135222.9945125674},"point_estimate":133805.0082141274,"standard_error":703.2256094229618},"std_dev":{"confidence_interval":{"confidence_level":0.95,"lower_bound":6353.33432864572,"upper_bound":15049.452564661959},"point_estimate":10671.007941815807,"standard_error":2328.5017360556853}}