{"mean":{"confidence_interval":{"confidence_level":0.95,"lower_bound":102645.24624816958,"upper_bound":104715.61181040971},"point_estimate":103820.14581161477,"standard_error":530.6642438993035},"median":{"confidence_interval":{"confidence_level":0.95,"lower_bound":104259.8,"upper_bound":104842.68912563132},"point_estimate":104566.5714869281,"standard_error":141.7862691369882},"median_abs_dev":{"confidence_interval":{"confidence_level":0.95,"lower_bound":1046.9099633067701,"upper_bound":2041.701644618768},"point_estimate":1661.6718575267078,"standard_error":255.78859180584712},"slope":{"confidence_interval":{"confidence_level":0.95,"lower_bound":105179.06637653311,"upper_bound":105722.86121808522},"point_estimate":105437.87145795774,"standard_error":138.5772543787864},"std_dev":{"confidence_interval":{"confidence_level":0.95,"lower_bound":2221.5899903725585,"upper_bound":8170.391358223898},"point_estimate":5333.060165828613,"standard_error":1656.9335461028716}}