{"mean":{"confidence_interval":{"confidence_level":0.95,"lower_bound":75517.5544195298,"upper_bound":76842.54702729537},"point_estimate":76245.3599067199,"standard_error":338.7504297256256},"median":{"confidence_interval":{"confidence_level":0.95,"lower_bound":76370.00556070436,"upper_bound":76715.5608974359},"point_estimate":76534.29180602008,"standard_error":99.66473690812364},"median_abs_dev":{"confidence_interval":{"confidence_level":0.95,"lower_bound":523.4229327043728,"upper_bound":926.1915757112362},"point_estimate":702.712384141608,"standard_error":103.3064703606257},"slope":{"confidence_interval":{"confidence_level":0.95,"lower_bound":76842.28929024782,"upper_bound":78028.46516476148},"point_estimate":77384.8257723568,"standard_error":304.121667731221},"std_dev":{"confidence_interval":{"confidence_level":0.95,"lower_bound":1752.5135610191228,"upper_bound":5051.362885460437},"point_estimate":3391.81685807528,"standard_error":914.822889985328}}