{"mean":{"confidence_interval":{"confidence_level":0.95,"lower_bound":75930.55196394818,"upper_bound":77244.52268427888},"point_estimate":76648.71845608596,"standard_error":336.012176333983},"median":{"confidence_interval":{"confidence_level":0.95,"lower_bound":76871.12570356473,"upper_bound":77089.54568610503},"point_estimate":76928.24406407546,"standard_error":64.29868607344527},"median_abs_dev":{"confidence_interval":{"confidence_level":0.95,"lower_bound":331.279302286475,"upper_bound":717.272054853285},"point_estimate":458.64064414647214,"standard_error":95.76187743350748},"slope":{"confidence_interval":{"confidence_level":0.95,"lower_bound":77239.79365599719,"upper_bound":77898.23121591465},"point_estimate":77530.31199940889,"standard_error":170.01650749248958},"std_dev":{"confidence_interval":{"confidence_level":0.95,"lower_bound":1743.0368538665884,"upper_bound":4983.847506220671},"point_estimate":3365.028274638836,"standard_error":888.3713459535668}}