{"mean":{"confidence_interval":{"confidence_level":0.95,"lower_bound":125170.75460613501,"upper_bound":128559.64626654009},"point_estimate":126991.54806573204,"standard_error":862.1664151313093},"median":{"confidence_interval":{"confidence_level":0.95,"lower_bound":126374.53983718487,"upper_bound":128646.86508441258},"point_estimate":127434.37721153846,"standard_error":553.3528477702409},"median_abs_dev":{"confidence_interval":{"confidence_level":0.95,"lower_bound":4659.693713446973,"upper_bound":7355.564356695379},"point_estimate":5690.31993530355,"standard_error":736.0952462861306},"slope":{"confidence_interval":{"confidence_level":0.95,"lower_bound":128730.15690208212,"upper_bound":131348.11251021078},"point_estimate":130006.39780959066,"standard_error":668.3074716383312},"std_dev":{"confidence_interval":{"confidence_level":0.95,"lower_bound":5419.7717573296095,"upper_bound":12200.015104408607},"point_estimate":8670.655029260786,"standard_error":1865.9131509542462}}