{"mean":{"confidence_interval":{"confidence_level":0.95,"lower_bound":75282.4662735208,"upper_bound":76423.65053885746},"point_estimate":75938.31790028671,"standard_error":294.1136631825803},"median":{"confidence_interval":{"confidence_level":0.95,"lower_bound":76434.03004807692,"upper_bound":76625.36298076923},"point_estimate":76535.57530032014,"standard_error":51.6848193841748},"median_abs_dev":{"confidence_interval":{"confidence_level":0.95,"lower_bound":357.6898271879745,"upper_bound":613.65041717881},"point_estimate":466.01751290420026,"standard_error":65.55255816079445},"slope":{"confidence_interval":{"confidence_level":0.95,"lower_bound":76700.79518129237,"upper_bound":76976.06873472218},"point_estimate":76822.81678325812,"standard_error":70.79372983470839},"std_dev":{"confidence_interval":{"confidence_level":0.95,"lower_bound":1091.2177914358795,"upper_bound":4614.878984313647},"point_estimate":2958.618897261868,"standard_error":979.7997135619564}}