{"mean":{"confidence_interval":{"confidence_level":0.95,"lower_bound":113088.70604929511,"upper_bound":117082.90530221941},"point_estimate":115148.13739143279,"standard_error":1014.7443296942258},"median":{"confidence_interval":{"confidence_level":0.95,"lower_bound":113526.89641203705,"upper_bound":118388.49459411556},"point_estimate":115554.50154320989,"standard_error":1406.6570568901186},"median_abs_dev":{"confidence_interval":{"confidence_level":0.95,"lower_bound":7475.986494326217,"upper_bound":11632.011817059534},"point_estimate":9420.95017545482,"standard_error":1048.5209922716338},"slope":{"confidence_interval":{"confidence_level":0.95,"lower_bound":116302.22355703938,"upper_bound":119951.18732428498},"point_estimate":118109.25594666929,"standard_error":929.1522619852021},"std_dev":{"confidence_interval":{"confidence_level":0.95,"lower_bound":8009.233920405251,"upper_bound":12683.176137159888},"point_estimate":10197.135642880106,"standard_error":1233.5664110226912}}