{"mean":{"confidence_interval":{"confidence_level":0.95,"lower_bound":76666.17920081782,"upper_bound":78022.5433170197},"point_estimate":77369.17982591008,"standard_error":345.06621524052224},"median":{"confidence_interval":{"confidence_level":0.95,"lower_bound":77019.03242932282,"upper_bound":77195.45384615385},"point_estimate":77131.25876915158,"standard_error":40.31643686589495},"median_abs_dev":{"confidence_interval":{"confidence_level":0.95,"lower_bound":374.41754583814173,"upper_bound":723.2760501171183},"point_estimate":492.91537137046646,"standard_error":90.73277553928023},"slope":{"confidence_interval":{"confidence_level":0.95,"lower_bound":77464.33516526895,"upper_bound":78439.68999953153},"point_estimate":77923.14656739152,"standard_error":250.15786116570084},"std_dev":{"confidence_interval":{"confidence_level":0.95,"lower_bound":1964.2010265534639,"upper_bound":4830.552064675195},"point_estimate":3477.4808700695635,"standard_error":735.6428319582242}}