{"mean":{"confidence_interval":{"confidence_level":0.95,"lower_bound":78739.2290313807,"upper_bound":82451.11967346258},"point_estimate":80549.14395296658,"standard_error":947.7075966122652},"median":{"confidence_interval":{"confidence_level":0.95,"lower_bound":76881.44702467344,"upper_bound":77060.89028162355},"point_estimate":76976.64491589493,"standard_error":45.099903594475535},"median_abs_dev":{"confidence_interval":{"confidence_level":0.95,"lower_bound":356.0437092086173,"upper_bound":1393.9093819241516},"point_estimate":569.3734664981171,"standard_error":238.4819499403898},"slope":{"confidence_interval":{"confidence_level":0.95,"lower_bound":77917.8705049825,"upper_bound":79556.10990323615},"point_estimate":78627.21844630617,"standard_error":418.5421412527481},"std_dev":{"confidence_interval":{"confidence_level":0.95,"lower_bound":7849.7325811013725,"upper_bound":10923.176559165466},"point_estimate":9538.943394306852,"standard_error":778.2769683094243}}