{"mean":{"confidence_interval":{"confidence_level":0.95,"lower_bound":76188.31497614433,"upper_bound":77418.58265380458},"point_estimate":76851.00339636458,"standard_error":312.37409416214854},"median":{"confidence_interval":{"confidence_level":0.95,"lower_bound":76881.09285379254,"upper_bound":77160.38802059286},"point_estimate":77051.61686091687,"standard_error":76.90727005640053},"median_abs_dev":{"confidence_interval":{"confidence_level":0.95,"lower_bound":383.0840367853485,"upper_bound":900.1398989575395},"point_estimate":621.0947394007163,"standard_error":141.18696263607205},"slope":{"confidence_interval":{"confidence_level":0.95,"lower_bound":77412.53221367707,"upper_bound":78182.99179630479},"point_estimate":77768.86002932784,"standard_error":196.868799490281},"std_dev":{"confidence_interval":{"confidence_level":0.95,"lower_bound":1693.2973915807129,"upper_bound":4601.189379398917},"point_estimate":3142.671734606621,"standard_error":789.6816603025447}}