{"mean":{"confidence_interval":{"confidence_level":0.95,"lower_bound":118833.77065536029,"upper_bound":122073.75412882044},"point_estimate":120512.0288262839,"standard_error":823.7664409327307},"median":{"confidence_interval":{"confidence_level":0.95,"lower_bound":119614.51279685,"upper_bound":121295.58658008659},"point_estimate":120081.68739596338,"standard_error":469.42151003709836},"median_abs_dev":{"confidence_interval":{"confidence_level":0.95,"lower_bound":2074.3585240427456,"upper_bound":3365.316482684941},"point_estimate":2535.4989291379898,"standard_error":325.49595397157697},"slope":{"confidence_interval":{"confidence_level":0.95,"lower_bound":121002.43560016088,"upper_bound":122728.06129735977},"point_estimate":121815.70282711853,"standard_error":441.9071747895679},"std_dev":{"confidence_interval":{"confidence_level":0.95,"lower_bound":5180.02910817885,"upper_bound":11138.594694523832},"point_estimate":8279.23570736736,"standard_error":1538.1653600298202}}