{"mean":{"confidence_interval":{"confidence_level":0.95,"lower_bound":75677.22705941084,"upper_bound":76917.80073621812},"point_estimate":76374.16551252705,"standard_error":318.34446623736847},"median":{"confidence_interval":{"confidence_level":0.95,"lower_bound":76787.85096153847,"upper_bound":76997.48178137651},"point_estimate":76902.6685401177,"standard_error":58.76782178217747},"median_abs_dev":{"confidence_interval":{"confidence_level":0.95,"lower_bound":336.9142579893946,"upper_bound":699.8772675078118},"point_estimate":487.3717946807548,"standard_error":89.49920621496656},"slope":{"confidence_interval":{"confidence_level":0.95,"lower_bound":77086.17911404624,"upper_bound":77387.78767075151},"point_estimate":77222.92748519398,"standard_error":77.38178727337325},"std_dev":{"confidence_interval":{"confidence_level":0.95,"lower_bound":1372.3731509635925,"upper_bound":4885.359059320232},"point_estimate":3190.922496806581,"standard_error":971.4625161761136}}