{"mean":{"confidence_interval":{"confidence_level":0.95,"lower_bound":75626.02870229649,"upper_bound":77058.42549217945},"point_estimate":76378.75438609939,"standard_error":363.08641899731066},"median":{"confidence_interval":{"confidence_level":0.95,"lower_bound":76568.74948758139,"upper_bound":76820.86966796644},"point_estimate":76763.34556213018,"standard_error":66.87888253825457},"median_abs_dev":{"confidence_interval":{"confidence_level":0.95,"lower_bound":410.1347746054041,"upper_bound":808.3140840451692},"point_estimate":562.2331420050837,"standard_error":102.13240754815428},"slope":{"confidence_interval":{"confidence_level":0.95,"lower_bound":76989.02389649628,"upper_bound":77410.63610939615},"point_estimate":77179.34901046936,"standard_error":108.23033306117239},"std_dev":{"confidence_interval":{"confidence_level":0.95,"lower_bound":1732.7620299564471,"upper_bound":5283.20318100965},"point_estimate":3642.206928060896,"standard_error":918.5657249412825}}