{"mean":{"confidence_interval":{"confidence_level":0.95,"lower_bound":75735.68111788637,"upper_bound":76971.22814933445},"point_estimate":76422.53830695842,"standard_error":318.6125741181247},"median":{"confidence_interval":{"confidence_level":0.95,"lower_bound":76670.21632326007,"upper_bound":76873.88198103267},"point_estimate":76783.39657133757,"standard_error":53.71536063513249},"median_abs_dev":{"confidence_interval":{"confidence_level":0.95,"lower_bound":324.00612170840884,"upper_bound":580.7338055266831},"point_estimate":413.72318658115057,"standard_error":67.00966686102088},"slope":{"confidence_interval":{"confidence_level":0.95,"lower_bound":77098.39191207565,"upper_bound":77864.7940978084},"point_estimate":77449.33001352719,"standard_error":196.76568193030388},"std_dev":{"confidence_interval":{"confidence_level":0.95,"lower_bound":1528.4791215453724,"upper_bound":4819.36540695718},"point_estimate":3195.076168941107,"standard_error":927.3270231262782}}