{"mean":{"confidence_interval":{"confidence_level":0.95,"lower_bound":75619.9051363515,"upper_bound":76832.63188625163},"point_estimate":76300.92417617167,"standard_error":311.22907002006707},"median":{"confidence_interval":{"confidence_level":0.95,"lower_bound":76710.09049773756,"upper_bound":76812.01881868132},"point_estimate":76752.60428994082,"standard_error":26.311806461275296},"median_abs_dev":{"confidence_interval":{"confidence_level":0.95,"lower_bound":230.26518382435535,"upper_bound":604.0634376841201},"point_estimate":410.41170905989475,"standard_error":89.0185272966974},"slope":{"confidence_interval":{"confidence_level":0.95,"lower_bound":76962.30012923693,"upper_bound":77654.67823708359},"point_estimate":77270.49682236192,"standard_error":178.15214522383152},"std_dev":{"confidence_interval":{"confidence_level":0.95,"lower_bound":1340.2140235538118,"upper_bound":4761.415790226951},"point_estimate":3121.736184633595,"standard_error":943.1603550430569}}