{"mean":{"confidence_interval":{"confidence_level":0.95,"lower_bound":0.04019985008081797,"upper_bound":0.05048216319009463},"point_estimate":0.044641613838887206,"standard_error":0.002649680793063907},"median":{"confidence_interval":{"confidence_level":0.95,"lower_bound":0.03886788837525912,"upper_bound":0.061850391443802},"point_estimate":0.050242215190642314,"standard_error":0.007281857874865056}}