{"mean":{"confidence_interval":{"confidence_level":0.95,"lower_bound":-0.5068138056700929,"upper_bound":-0.4907462961362165},"point_estimate":-0.49895419115974926,"standard_error":0.004097255726403193},"median":{"confidence_interval":{"confidence_level":0.95,"lower_bound":-0.5177538698568136,"upper_bound":-0.50336091979842},"point_estimate":-0.5130635979918219,"standard_error":0.003957748163068543}}