{"mean":{"confidence_interval":{"confidence_level":0.95,"lower_bound":-0.005461638842590183,"upper_bound":-0.0005840009607466197},"point_estimate":-0.0029045543648396066,"standard_error":0.001243072688037585},"median":{"confidence_interval":{"confidence_level":0.95,"lower_bound":-0.0047896822404610425,"upper_bound":-0.0013459964011480752},"point_estimate":-0.0031915247363771826,"standard_error":0.0008524868200129007}}