{"mean":{"confidence_interval":{"confidence_level":0.95,"lower_bound":-0.48738438713092536,"upper_bound":-0.47192327965420866},"point_estimate":-0.4798933254979061,"standard_error":0.003951439508724028},"median":{"confidence_interval":{"confidence_level":0.95,"lower_bound":-0.49258699026317354,"upper_bound":-0.4781429783415808},"point_estimate":-0.4859489179120583,"standard_error":0.0038950162163819426}}