{"mean":{"confidence_interval":{"confidence_level":0.95,"lower_bound":-0.004602510199897696,"upper_bound":0.002092385210668118},"point_estimate":-0.0012534595497849521,"standard_error":0.0016801053359379718},"median":{"confidence_interval":{"confidence_level":0.95,"lower_bound":-0.004049202986539878,"upper_bound":-0.0011180764796402398},"point_estimate":-0.0024159425353258435,"standard_error":0.0007535293616594862}}