{"mean":{"confidence_interval":{"confidence_level":0.95,"lower_bound":-0.005024628195976782,"upper_bound":0.00010974932151866974},"point_estimate":-0.002555376681133259,"standard_error":0.0013173198388079365},"median":{"confidence_interval":{"confidence_level":0.95,"lower_bound":-0.004513857068440208,"upper_bound":-0.0022152678674562942},"point_estimate":-0.003605221942573622,"standard_error":0.0005673058218705042}}