{"mean":{"confidence_interval":{"confidence_level":0.95,"lower_bound":-0.011507730953062314,"upper_bound":-0.004315496466283329},"point_estimate":-0.007972722256512244,"standard_error":0.0018134627465965557},"median":{"confidence_interval":{"confidence_level":0.95,"lower_bound":-0.01019980290783018,"upper_bound":-0.005782063103902502},"point_estimate":-0.00732629816634689,"standard_error":0.0011345455941639306}}