{"mean":{"confidence_interval":{"confidence_level":0.95,"lower_bound":-0.007482719463692513,"upper_bound":0.051544438131713805},"point_estimate":0.02148696040878373,"standard_error":0.015040490892829963},"median":{"confidence_interval":{"confidence_level":0.95,"lower_bound":0.006747894387657105,"upper_bound":0.028580824082796052},"point_estimate":0.012695579617211017,"standard_error":0.005786815417047899}}