{"mean":{"confidence_interval":{"confidence_level":0.95,"lower_bound":-0.4913226813506175,"upper_bound":-0.46650368464516045},"point_estimate":-0.4789536835545213,"standard_error":0.0063185564188393715},"median":{"confidence_interval":{"confidence_level":0.95,"lower_bound":-0.4368843008471107,"upper_bound":-0.432538673150327},"point_estimate":-0.4340280859886366,"standard_error":0.0022227634985413497}}