{"mean":{"confidence_interval":{"confidence_level":0.95,"lower_bound":-0.1317422354298214,"upper_bound":-0.11615414307024455},"point_estimate":-0.12399658527127755,"standard_error":0.003957998105712122},"median":{"confidence_interval":{"confidence_level":0.95,"lower_bound":-0.14022046442127323,"upper_bound":-0.10685425551748517},"point_estimate":-0.12206920302070057,"standard_error":0.008283661743033596}}