{"mean":{"confidence_interval":{"confidence_level":0.95,"lower_bound":-0.004461466166296038,"upper_bound":0.0013701814863612603},"point_estimate":-0.0015692837263888704,"standard_error":0.0014903676265490358},"median":{"confidence_interval":{"confidence_level":0.95,"lower_bound":-0.00509495316038,"upper_bound":-0.0012428534741905084},"point_estimate":-0.002892815995218956,"standard_error":0.0010333791912089647}}