{"mean":{"confidence_interval":{"confidence_level":0.95,"lower_bound":-0.46940210034205854,"upper_bound":-0.4488103399858506},"point_estimate":-0.45952152854385053,"standard_error":0.005256582155733762},"median":{"confidence_interval":{"confidence_level":0.95,"lower_bound":-0.48584671714604977,"upper_bound":-0.46245656169191895},"point_estimate":-0.4727746003442983,"standard_error":0.0059402269136191455}}