{"mean":{"confidence_interval":{"confidence_level":0.95,"lower_bound":0.008924084785988651,"upper_bound":0.01671357001190344},"point_estimate":0.012638491599600288,"standard_error":0.00198507767817133},"median":{"confidence_interval":{"confidence_level":0.95,"lower_bound":0.0063637359157979745,"upper_bound":0.01280628346740742},"point_estimate":0.008382396127688096,"standard_error":0.0016476099788904919}}