{"mean":{"confidence_interval":{"confidence_level":0.95,"lower_bound":-0.0041122006269240915,"upper_bound":0.0021484709391540726},"point_estimate":-0.0010468357378161652,"standard_error":0.0016704461146600223},"median":{"confidence_interval":{"confidence_level":0.95,"lower_bound":-0.004880660598929332,"upper_bound":-0.0011485437524320075},"point_estimate":-0.003458849748145809,"standard_error":0.0009693992538704564}}