{"mean":{"confidence_interval":{"confidence_level":0.95,"lower_bound":-0.03832192205782459,"upper_bound":0.015175734403202067},"point_estimate":-0.006562891166182028,"standard_error":0.014341169243995016},"median":{"confidence_interval":{"confidence_level":0.95,"lower_bound":0.011344621103940078,"upper_bound":0.015355123440447649},"point_estimate":0.013105649646181217,"standard_error":0.0010432276332946158}}