{"mean":{"confidence_interval":{"confidence_level":0.95,"lower_bound":-0.0006075835149843901,"upper_bound":0.008131977342300171},"point_estimate":0.004326687875873869,"standard_error":0.0022420415257094046},"median":{"confidence_interval":{"confidence_level":0.95,"lower_bound":0.0055943289094220194,"upper_bound":0.008437654419296314},"point_estimate":0.00718684580841078,"standard_error":0.0007071734781992092}}