{"mean":{"confidence_interval":{"confidence_level":0.95,"lower_bound":0.13920537908589126,"upper_bound":0.17066146685753475},"point_estimate":0.15488002433419545,"standard_error":0.007854922668491443},"median":{"confidence_interval":{"confidence_level":0.95,"lower_bound":0.1303774502733963,"upper_bound":0.1644511905619186},"point_estimate":0.1476350483887361,"standard_error":0.009642774874382268}}