{"mean":{"confidence_interval":{"confidence_level":0.95,"lower_bound":-0.010319820530191728,"upper_bound":-0.0000793627152801791},"point_estimate":-0.005529524362093974,"standard_error":0.002680610187023976},"median":{"confidence_interval":{"confidence_level":0.95,"lower_bound":-0.00984183322125376,"upper_bound":-0.005668595247528385},"point_estimate":-0.007262084252999235,"standard_error":0.0010135418916146922}}