{"mean":{"confidence_interval":{"confidence_level":0.95,"lower_bound":-0.0017171037643446535,"upper_bound":0.00293665415552462},"point_estimate":0.000766040906954979,"standard_error":0.0011880351812167558},"median":{"confidence_interval":{"confidence_level":0.95,"lower_bound":0.001563298651844347,"upper_bound":0.005273776943244934},"point_estimate":0.0035206836405103914,"standard_error":0.0009531316831877261}}