{"mean":{"confidence_interval":{"confidence_level":0.95,"lower_bound":-0.034283254695283656,"upper_bound":-0.027273663321612265},"point_estimate":-0.03061109036316534,"standard_error":0.0017856665782731722},"median":{"confidence_interval":{"confidence_level":0.95,"lower_bound":-0.03150360168579336,"upper_bound":-0.028062568255703968},"point_estimate":-0.03007382866553765,"standard_error":0.0008637394282079204}}