{"mean":{"confidence_interval":{"confidence_level":0.95,"lower_bound":-0.06983271621134667,"upper_bound":-0.05848550862772315},"point_estimate":-0.06410163042613148,"standard_error":0.0028652344061782346},"median":{"confidence_interval":{"confidence_level":0.95,"lower_bound":-0.07070053828199108,"upper_bound":-0.06359045665396038},"point_estimate":-0.0684271197713493,"standard_error":0.0019900694018915935}}