{"mean":{"confidence_interval":{"confidence_level":0.95,"lower_bound":-0.001017390307268437,"upper_bound":0.000060581239592072176},"point_estimate":-0.0004848531129415523,"standard_error":0.0002733248143589354},"median":{"confidence_interval":{"confidence_level":0.95,"lower_bound":-0.0010596263251345661,"upper_bound":-0.00018582688321078233},"point_estimate":-0.0006482629207503754,"standard_error":0.00022466798691833182}}