{"mean":{"confidence_interval":{"confidence_level":0.95,"lower_bound":0.9157953777103658,"upper_bound":1.0175578595182362},"point_estimate":0.9623030647699906,"standard_error":0.026500083897906042},"median":{"confidence_interval":{"confidence_level":0.95,"lower_bound":0.7644019119182097,"upper_bound":0.9501641809425914},"point_estimate":0.7774507290116037,"standard_error":0.051413904981500634}}