{"mean":{"confidence_interval":{"confidence_level":0.95,"lower_bound":-0.15502179416537287,"upper_bound":-0.120700400872659},"point_estimate":-0.13726923278321457,"standard_error":0.008759580484401595},"median":{"confidence_interval":{"confidence_level":0.95,"lower_bound":-0.13795558605887304,"upper_bound":-0.10942802450377764},"point_estimate":-0.12201824812411532,"standard_error":0.007724101649724383}}