{"mean":{"confidence_interval":{"confidence_level":0.95,"lower_bound":-0.0002656178621332048,"upper_bound":0.009620678103626133},"point_estimate":0.0046312202408445025,"standard_error":0.0025204017353781735},"median":{"confidence_interval":{"confidence_level":0.95,"lower_bound":0.0028614765991095137,"upper_bound":0.005658968954853183},"point_estimate":0.004391043449411436,"standard_error":0.0007267627014915459}}