{"mean":{"confidence_interval":{"confidence_level":0.95,"lower_bound":-0.0059570295728417445,"upper_bound":0.0008601066922666613},"point_estimate":-0.002510241659914758,"standard_error":0.0017066096036934962},"median":{"confidence_interval":{"confidence_level":0.95,"lower_bound":-0.003610102342977317,"upper_bound":-0.0001175132878310503},"point_estimate":-0.0017783665605520804,"standard_error":0.0009015281413899292}}