{"mean":{"confidence_interval":{"confidence_level":0.95,"lower_bound":0.007421862801101975,"upper_bound":0.012559013936362173},"point_estimate":0.010096972402741766,"standard_error":0.001311242244255376},"median":{"confidence_interval":{"confidence_level":0.95,"lower_bound":0.0075800132260470665,"upper_bound":0.012488758444366033},"point_estimate":0.009492445475492328,"standard_error":0.0012100501687249499}}