{"mean":{"confidence_interval":{"confidence_level":0.95,"lower_bound":0.009377705517203988,"upper_bound":0.0148529272364405},"point_estimate":0.011841556151386046,"standard_error":0.001390416333901294},"median":{"confidence_interval":{"confidence_level":0.95,"lower_bound":0.009682730823840302,"upper_bound":0.013494176975175076},"point_estimate":0.011252860974890089,"standard_error":0.0010104064970510463}}