{"mean":{"confidence_interval":{"confidence_level":0.95,"lower_bound":0.10595258051078077,"upper_bound":0.1187632374923707},"point_estimate":0.11208786815686933,"standard_error":0.00329168634792871},"median":{"confidence_interval":{"confidence_level":0.95,"lower_bound":0.10094840780324231,"upper_bound":0.12119673019279498},"point_estimate":0.1116809195183901,"standard_error":0.005230609043455329}}