{"mean":{"confidence_interval":{"confidence_level":0.95,"lower_bound":-0.047805329452476786,"upper_bound":-0.03655018259747071},"point_estimate":-0.04223497878365545,"standard_error":0.0028780992853336402},"median":{"confidence_interval":{"confidence_level":0.95,"lower_bound":-0.05786799781007623,"upper_bound":-0.041085993959449674},"point_estimate":-0.05384311892185001,"standard_error":0.004242782736154697}}