{"mean":{"confidence_interval":{"confidence_level":0.95,"lower_bound":1.296869100828508,"upper_bound":1.323727827047347},"point_estimate":1.3126552520480352,"standard_error":0.007004351982014177},"median":{"confidence_interval":{"confidence_level":0.95,"lower_bound":1.3214106682398046,"upper_bound":1.3278558932889708},"point_estimate":1.3243880336246812,"standard_error":0.0015161654206341474}}