{"mean":{"confidence_interval":{"confidence_level":0.95,"lower_bound":0.9612979806114021,"upper_bound":1.0615243824685974},"point_estimate":1.0072334302316355,"standard_error":0.025533010993057416},"median":{"confidence_interval":{"confidence_level":0.95,"lower_bound":0.8586260092248184,"upper_bound":1.009453984562097},"point_estimate":0.9312339994498005,"standard_error":0.037588505859465327}}