{"mean":{"confidence_interval":{"confidence_level":0.95,"lower_bound":-0.4580994045283727,"upper_bound":-0.4429983560051356},"point_estimate":-0.45029301944998434,"standard_error":0.0038705621356740372},"median":{"confidence_interval":{"confidence_level":0.95,"lower_bound":-0.43703932861877537,"upper_bound":-0.43236144097991125},"point_estimate":-0.4342533382975763,"standard_error":0.0012957357184227758}}