{"mean":{"confidence_interval":{"confidence_level":0.95,"lower_bound":0.003507407226451393,"upper_bound":0.008468824052790485},"point_estimate":0.005803256774312704,"standard_error":0.0012510620483385281},"median":{"confidence_interval":{"confidence_level":0.95,"lower_bound":0.0034797152602037418,"upper_bound":0.006620473550154715},"point_estimate":0.0053891673446515576,"standard_error":0.0008433288684795529}}