{"mean":{"confidence_interval":{"confidence_level":0.95,"lower_bound":-0.00790583832153308,"upper_bound":0.003083198753267296},"point_estimate":-0.0010281125281876857,"standard_error":0.003023223381142196},"median":{"confidence_interval":{"confidence_level":0.95,"lower_bound":0.0004968958038558124,"upper_bound":0.004120731531402022},"point_estimate":0.0027907551765258276,"standard_error":0.0009490638611624627}}