{"mean":{"confidence_interval":{"confidence_level":0.95,"lower_bound":-0.0013390558255657048,"upper_bound":0.0002752267294350335},"point_estimate":-0.0005007780283041718,"standard_error":0.00041114988610788474},"median":{"confidence_interval":{"confidence_level":0.95,"lower_bound":-0.001822329893698349,"upper_bound":0.0000321172517325774},"point_estimate":-0.0009699849479399836,"standard_error":0.0004890979025671952}}