{"mean":{"confidence_interval":{"confidence_level":0.95,"lower_bound":0.07212859712095426,"upper_bound":0.08673983225831572},"point_estimate":0.07991560731534464,"standard_error":0.0037304081817101857},"median":{"confidence_interval":{"confidence_level":0.95,"lower_bound":0.08403200051712001,"upper_bound":0.09228829839731567},"point_estimate":0.089253536633354,"standard_error":0.0021114339776766564}}