{"mean":{"confidence_interval":{"confidence_level":0.95,"lower_bound":0.020212820394876242,"upper_bound":0.046443655035403014},"point_estimate":0.03173545299489011,"standard_error":0.006319932673373772},"median":{"confidence_interval":{"confidence_level":0.95,"lower_bound":0.0037691289845862563,"upper_bound":0.020421112114288542},"point_estimate":0.011235533170079748,"standard_error":0.00486389844968941}}