{"mean":{"confidence_interval":{"confidence_level":0.95,"lower_bound":-0.43222873894974173,"upper_bound":-0.4140942576837621},"point_estimate":-0.4233665097713295,"standard_error":0.004634257748442586},"median":{"confidence_interval":{"confidence_level":0.95,"lower_bound":-0.44213464199328845,"upper_bound":-0.4267746316245856},"point_estimate":-0.4341595612268693,"standard_error":0.004193878785579464}}