{"mean":{"confidence_interval":{"confidence_level":0.95,"lower_bound":-0.06187377635650058,"upper_bound":-0.05099574309312618},"point_estimate":-0.05616796815873237,"standard_error":0.002803012619906349},"median":{"confidence_interval":{"confidence_level":0.95,"lower_bound":-0.06014330548542912,"upper_bound":-0.046832859929486936},"point_estimate":-0.052081334063987184,"standard_error":0.003796250864702876}}