{"mean":{"confidence_interval":{"confidence_level":0.95,"lower_bound":-0.017410198247975593,"upper_bound":-0.0033846628954590013},"point_estimate":-0.009873418303474657,"standard_error":0.003572205776071151},"median":{"confidence_interval":{"confidence_level":0.95,"lower_bound":-0.010474329742712674,"upper_bound":-0.006430672011125238},"point_estimate":-0.008422970190447132,"standard_error":0.0011524221565740126}}