{"mean":{"confidence_interval":{"confidence_level":0.95,"lower_bound":0.0007353909311558217,"upper_bound":0.007279752008091944},"point_estimate":0.004169516993564937,"standard_error":0.0016773167245661435},"median":{"confidence_interval":{"confidence_level":0.95,"lower_bound":0.0007977348118408667,"upper_bound":0.004276702909423724},"point_estimate":0.002612498357416282,"standard_error":0.000881291733459628}}