{"mean":{"confidence_interval":{"confidence_level":0.95,"lower_bound":-0.002090439530592783,"upper_bound":-0.0009921783638924407},"point_estimate":-0.0015308649280284525,"standard_error":0.00027965762553951146},"median":{"confidence_interval":{"confidence_level":0.95,"lower_bound":-0.0016245592501732409,"upper_bound":-0.0005556128519638159},"point_estimate":-0.0009882090843750246,"standard_error":0.0002779217317841555}}