{"mean":{"confidence_interval":{"confidence_level":0.95,"lower_bound":-0.19260590715391226,"upper_bound":-0.1777009756266788},"point_estimate":-0.18489414392917303,"standard_error":0.0038012886194768994},"median":{"confidence_interval":{"confidence_level":0.95,"lower_bound":-0.18808244681573616,"upper_bound":-0.174061600639131},"point_estimate":-0.1793992688684941,"standard_error":0.0040446689021106826}}