{"mean":{"confidence_interval":{"confidence_level":0.95,"lower_bound":-0.015131374974753533,"upper_bound":-0.0037414717988223773},"point_estimate":-0.009712849501562815,"standard_error":0.002906462899021046},"median":{"confidence_interval":{"confidence_level":0.95,"lower_bound":-0.009267285361092448,"upper_bound":-0.00376224431078398},"point_estimate":-0.0069341541567398135,"standard_error":0.0014283864201755246}}