{"mean":{"confidence_interval":{"confidence_level":0.95,"lower_bound":-0.0077743366535737305,"upper_bound":-0.0007391873145236643},"point_estimate":-0.004209495940458163,"standard_error":0.001794952428508982},"median":{"confidence_interval":{"confidence_level":0.95,"lower_bound":-0.002617437077968243,"upper_bound":0.003742928749626895},"point_estimate":0.0012799194673123182,"standard_error":0.0016293070951991077}}