{"mean":{"confidence_interval":{"confidence_level":0.95,"lower_bound":-0.006295502322402918,"upper_bound":-0.00027709740758287323},"point_estimate":-0.003202166756868796,"standard_error":0.0015350006212898693},"median":{"confidence_interval":{"confidence_level":0.95,"lower_bound":-0.005390183190646436,"upper_bound":0.0024446654562642056},"point_estimate":-0.0020172974323953152,"standard_error":0.001980280685648286}}