{"mean":{"confidence_interval":{"confidence_level":0.95,"lower_bound":-0.01135412560295455,"upper_bound":-0.004752805687844181},"point_estimate":-0.008057263487660005,"standard_error":0.0016858765769376433},"median":{"confidence_interval":{"confidence_level":0.95,"lower_bound":-0.011052480942647436,"upper_bound":-0.002677601653942707},"point_estimate":-0.006843556197440259,"standard_error":0.0023136253014615685}}