{"mean":{"confidence_interval":{"confidence_level":0.95,"lower_bound":-0.2010874701676879,"upper_bound":-0.18667584631572132},"point_estimate":-0.19388670934068086,"standard_error":0.0036793148841013142},"median":{"confidence_interval":{"confidence_level":0.95,"lower_bound":-0.20542323116194783,"upper_bound":-0.186310416475441},"point_estimate":-0.19611051629894105,"standard_error":0.005283142036967371}}