{"mean":{"confidence_interval":{"confidence_level":0.95,"lower_bound":-0.1922599879614385,"upper_bound":-0.19107628403928997},"point_estimate":-0.19166493587425038,"standard_error":0.00030095971710411833},"median":{"confidence_interval":{"confidence_level":0.95,"lower_bound":-0.19246567229809697,"upper_bound":-0.19137198592775606},"point_estimate":-0.1918713374351958,"standard_error":0.0002794677396607315}}