{"mean":{"confidence_interval":{"confidence_level":0.95,"lower_bound":0.20347892605358844,"upper_bound":0.2425879138830145},"point_estimate":0.22343177483382948,"standard_error":0.008943040928060777},"median":{"confidence_interval":{"confidence_level":0.95,"lower_bound":0.19107244811014223,"upper_bound":0.21094893273379348},"point_estimate":0.19770722936043184,"standard_error":0.005748109885957175}}