{"mean":{"confidence_interval":{"confidence_level":0.95,"lower_bound":0.04705283110210874,"upper_bound":0.06467373819146659},"point_estimate":0.05484510011252275,"standard_error":0.004837993391179967},"median":{"confidence_interval":{"confidence_level":0.95,"lower_bound":0.039087192275950144,"upper_bound":0.04999856775321532},"point_estimate":0.04414548540174623,"standard_error":0.002387458343419516}}