{"mean":{"confidence_interval":{"confidence_level":0.95,"lower_bound":0.1592045588477057,"upper_bound":0.17318309672695542},"point_estimate":0.1652213915665408,"standard_error":0.003599852430453819},"median":{"confidence_interval":{"confidence_level":0.95,"lower_bound":0.1509748985173136,"upper_bound":0.16642427458519007},"point_estimate":0.15831678635749746,"standard_error":0.0035188889774193355}}