{"mean":{"confidence_interval":{"confidence_level":0.95,"lower_bound":-0.07917862723291992,"upper_bound":-0.07740478429855926},"point_estimate":-0.0782457783532644,"standard_error":0.00045030363033432265},"median":{"confidence_interval":{"confidence_level":0.95,"lower_bound":-0.07870528328170823,"upper_bound":-0.07731639456912531},"point_estimate":-0.07793370235109853,"standard_error":0.00034123046103245655}}