{"mean":{"confidence_interval":{"confidence_level":0.95,"lower_bound":0.010883359409326271,"upper_bound":0.013957850986041145},"point_estimate":0.012322888929399589,"standard_error":0.0007851054862708671},"median":{"confidence_interval":{"confidence_level":0.95,"lower_bound":0.01099630679448449,"upper_bound":0.012873987846934165},"point_estimate":0.011902988528054825,"standard_error":0.00046307231549803934}}