{"mean":{"confidence_interval":{"confidence_level":0.95,"lower_bound":-0.02242466707984233,"upper_bound":-0.01919971228895745},"point_estimate":-0.020826285331409067,"standard_error":0.0008212625335944668},"median":{"confidence_interval":{"confidence_level":0.95,"lower_bound":-0.022125304300691595,"upper_bound":-0.020139923558632367},"point_estimate":-0.0211587190526632,"standard_error":0.0004878281054433228}}