{"mean":{"confidence_interval":{"confidence_level":0.95,"lower_bound":-0.2764281274753022,"upper_bound":-0.26623709298729803},"point_estimate":-0.270967560562716,"standard_error":0.002603813075129107},"median":{"confidence_interval":{"confidence_level":0.95,"lower_bound":-0.26556339497119663,"upper_bound":-0.26022823360602265},"point_estimate":-0.2622978571619583,"standard_error":0.0012619685612625764}}