{"mean":{"confidence_interval":{"confidence_level":0.95,"lower_bound":-0.00028667119690288154,"upper_bound":0.01736254888426511},"point_estimate":0.00783340264347121,"standard_error":0.004411396606994979},"median":{"confidence_interval":{"confidence_level":0.95,"lower_bound":-0.003132499440337333,"upper_bound":-0.0005092244047733008},"point_estimate":-0.0014592702669526947,"standard_error":0.0007314486019122394}}