{"mean":{"confidence_interval":{"confidence_level":0.95,"lower_bound":-0.013776524777069194,"upper_bound":-0.008521853562834684},"point_estimate":-0.011151337070324785,"standard_error":0.0013305910793655882},"median":{"confidence_interval":{"confidence_level":0.95,"lower_bound":-0.01874160686718085,"upper_bound":-0.01496856833011917},"point_estimate":-0.01709963108194701,"standard_error":0.0009558501211597059}}