{"mean":{"confidence_interval":{"confidence_level":0.95,"lower_bound":0.13877996206173934,"upper_bound":0.1406869430255151},"point_estimate":0.13974745433036428,"standard_error":0.00048403044846985244},"median":{"confidence_interval":{"confidence_level":0.95,"lower_bound":0.1390487705992698,"upper_bound":0.14115794909042756},"point_estimate":0.1397253326636423,"standard_error":0.0005493835485225215}}