{"mean":{"confidence_interval":{"confidence_level":0.95,"lower_bound":0.011269652308068579,"upper_bound":0.01936506711583632},"point_estimate":0.015359293510478045,"standard_error":0.0020600012440637103},"median":{"confidence_interval":{"confidence_level":0.95,"lower_bound":0.01688818743602205,"upper_bound":0.019497271285187745},"point_estimate":0.0182131474122067,"standard_error":0.0006620254335074903}}