{"mean":{"confidence_interval":{"confidence_level":0.95,"lower_bound":0.024295953847921832,"upper_bound":0.0280050984243704},"point_estimate":0.026116899669847538,"standard_error":0.0009617500539447361},"median":{"confidence_interval":{"confidence_level":0.95,"lower_bound":0.02398021251752569,"upper_bound":0.02639507034668509},"point_estimate":0.02519449829748721,"standard_error":0.0006370248109736217}}