{"mean":{"confidence_interval":{"confidence_level":0.95,"lower_bound":0.19935186400870678,"upper_bound":0.20098026066985997},"point_estimate":0.20019960235248724,"standard_error":0.00041525796184794427},"median":{"confidence_interval":{"confidence_level":0.95,"lower_bound":0.1991220637319091,"upper_bound":0.20145199909634037},"point_estimate":0.20034685404101404,"standard_error":0.0006011662118834605}}