{"mean":{"confidence_interval":{"confidence_level":0.95,"lower_bound":0.01485529021779043,"upper_bound":0.01846302232329088},"point_estimate":0.016728932573023325,"standard_error":0.0009196572140847928},"median":{"confidence_interval":{"confidence_level":0.95,"lower_bound":0.017540468265435205,"upper_bound":0.01978107404930629},"point_estimate":0.01857590057828329,"standard_error":0.0005462896791317271}}