{"mean":{"confidence_interval":{"confidence_level":0.95,"lower_bound":0.004124220632140164,"upper_bound":0.012276996157790725},"point_estimate":0.0077410230461012475,"standard_error":0.0021051772144058288},"median":{"confidence_interval":{"confidence_level":0.95,"lower_bound":0.007716482692727622,"upper_bound":0.013658302342152817},"point_estimate":0.012406541919508518,"standard_error":0.0016238572176504797}}