{"mean":{"confidence_interval":{"confidence_level":0.95,"lower_bound":-0.11134832606153088,"upper_bound":-0.05441052180684575},"point_estimate":-0.07740578371689155,"standard_error":0.015155649313648378},"median":{"confidence_interval":{"confidence_level":0.95,"lower_bound":-0.056564724366857444,"upper_bound":-0.043974233044091315},"point_estimate":-0.04936034702975978,"standard_error":0.0029834306409610976}}