{"mean":{"confidence_interval":{"confidence_level":0.95,"lower_bound":-0.19614210847501712,"upper_bound":-0.18642928590126254},"point_estimate":-0.19134040242243378,"standard_error":0.002478286544201081},"median":{"confidence_interval":{"confidence_level":0.95,"lower_bound":-0.19962629258397624,"upper_bound":-0.1928825583815853},"point_estimate":-0.19627797173050232,"standard_error":0.0017093773736862412}}