{"mean":{"confidence_interval":{"confidence_level":0.95,"lower_bound":-0.009554626441356729,"upper_bound":-0.006490640289325146},"point_estimate":-0.008034877489183523,"standard_error":0.0007731576607199666},"median":{"confidence_interval":{"confidence_level":0.95,"lower_bound":-0.011199411283359346,"upper_bound":-0.008465470723649227},"point_estimate":-0.010316426980223392,"standard_error":0.0006470055701645631}}