{"mean":{"confidence_interval":{"confidence_level":0.95,"lower_bound":-0.028707072905747016,"upper_bound":-0.016762514830791105},"point_estimate":-0.02185627489599884,"standard_error":0.003090636665630064},"median":{"confidence_interval":{"confidence_level":0.95,"lower_bound":-0.01777146634848481,"upper_bound":-0.016128541959167797},"point_estimate":-0.016811060042600356,"standard_error":0.00041241986586084973}}