{"mean":{"confidence_interval":{"confidence_level":0.95,"lower_bound":-0.01768323094939119,"upper_bound":-0.014459619052204054},"point_estimate":-0.0159746886255846,"standard_error":0.0008406119154142328},"median":{"confidence_interval":{"confidence_level":0.95,"lower_bound":-0.02047233027103712,"upper_bound":-0.016854247913996923},"point_estimate":-0.01865648435103806,"standard_error":0.0008986793140247279}}