{"mean":{"confidence_interval":{"confidence_level":0.95,"lower_bound":0.06627874843811049,"upper_bound":0.09291605018550189},"point_estimate":0.07965392945454797,"standard_error":0.006830049933745405},"median":{"confidence_interval":{"confidence_level":0.95,"lower_bound":0.07668130327015521,"upper_bound":0.10138061669538367},"point_estimate":0.08866032017535042,"standard_error":0.006205767778080145}}