{"mean":{"confidence_interval":{"confidence_level":0.95,"lower_bound":-0.021736838009053683,"upper_bound":-0.017708203144907043},"point_estimate":-0.01976860531758884,"standard_error":0.0010169089258286784},"median":{"confidence_interval":{"confidence_level":0.95,"lower_bound":-0.024376977713042924,"upper_bound":-0.021679796767023363},"point_estimate":-0.023171366567356855,"standard_error":0.0006601341781714855}}