{"mean":{"confidence_interval":{"confidence_level":0.95,"lower_bound":-0.0029481880321939285,"upper_bound":0.004730149580249358},"point_estimate":0.000871084358846641,"standard_error":0.0019522910070113235},"median":{"confidence_interval":{"confidence_level":0.95,"lower_bound":-0.010950264220549455,"upper_bound":0.010294274664780945},"point_estimate":-0.0013824776840292152,"standard_error":0.005070940509274242}}