{"mean":{"confidence_interval":{"confidence_level":0.95,"lower_bound":-0.07620217359107186,"upper_bound":-0.07399043496202375},"point_estimate":-0.07513444860924379,"standard_error":0.0005663846778578387},"median":{"confidence_interval":{"confidence_level":0.95,"lower_bound":-0.07594040406420732,"upper_bound":-0.07405526955136865},"point_estimate":-0.07501176574472823,"standard_error":0.00048542732183538834}}