{"mean":{"confidence_interval":{"confidence_level":0.95,"lower_bound":-0.08011289900571976,"upper_bound":-0.07871463441419457},"point_estimate":-0.07943190214569507,"standard_error":0.0003594680057334053},"median":{"confidence_interval":{"confidence_level":0.95,"lower_bound":-0.0799095938775306,"upper_bound":-0.07879652221677824},"point_estimate":-0.07928528831032633,"standard_error":0.0003084154196406249}}