{"mean":{"confidence_interval":{"confidence_level":0.95,"lower_bound":0.14504680687610164,"upper_bound":0.16281846393681135},"point_estimate":0.15481348334436995,"standard_error":0.00419233640516592},"median":{"confidence_interval":{"confidence_level":0.95,"lower_bound":0.1497920018299379,"upper_bound":0.17543161078372638},"point_estimate":0.16242796418009564,"standard_error":0.007173085224414909}}