{"mean":{"confidence_interval":{"confidence_level":0.95,"lower_bound":-0.0590832384128126,"upper_bound":-0.053078419538864795},"point_estimate":-0.056058557420423316,"standard_error":0.0015670564537744885},"median":{"confidence_interval":{"confidence_level":0.95,"lower_bound":-0.0625295233484009,"upper_bound":-0.056623040419635645},"point_estimate":-0.059540459370636345,"standard_error":0.0017037200765305093}}