{"mean":{"confidence_interval":{"confidence_level":0.95,"lower_bound":-0.0307270790651642,"upper_bound":-0.028396107006908977},"point_estimate":-0.02970180535869482,"standard_error":0.0005780965768485013},"median":{"confidence_interval":{"confidence_level":0.95,"lower_bound":-0.030668113732642333,"upper_bound":-0.02957571181216756},"point_estimate":-0.030099304875477628,"standard_error":0.0002712850456087041}}