{"mean":{"confidence_interval":{"confidence_level":0.95,"lower_bound":-0.007155736737057605,"upper_bound":-0.005097227584960959},"point_estimate":-0.006151689838906349,"standard_error":0.0005218888432492511},"median":{"confidence_interval":{"confidence_level":0.95,"lower_bound":-0.007087165042860111,"upper_bound":-0.005045353315831225},"point_estimate":-0.006084446428766488,"standard_error":0.000534095862170645}}