{"mean":{"confidence_interval":{"confidence_level":0.95,"lower_bound":0.010984645790194586,"upper_bound":0.015276946565550852},"point_estimate":0.01307777070880256,"standard_error":0.001096433452477439},"median":{"confidence_interval":{"confidence_level":0.95,"lower_bound":0.005596421758424119,"upper_bound":0.01582940704584442},"point_estimate":0.008090588769274376,"standard_error":0.0026456877542997688}}