{"mean":{"confidence_interval":{"confidence_level":0.95,"lower_bound":0.006414434717928153,"upper_bound":0.010469571355085134},"point_estimate":0.008445290914475212,"standard_error":0.0010296742033228058},"median":{"confidence_interval":{"confidence_level":0.95,"lower_bound":0.0024567353443294415,"upper_bound":0.014477945907621859},"point_estimate":0.011491461220056287,"standard_error":0.0035136300355341652}}