{"mean":{"confidence_interval":{"confidence_level":0.95,"lower_bound":-0.000024466672306305824,"upper_bound":0.0007740324277035526},"point_estimate":0.00035664535397406105,"standard_error":0.00020445003484571698},"median":{"confidence_interval":{"confidence_level":0.95,"lower_bound":0.00012807307929920138,"upper_bound":0.0008189959689087949},"point_estimate":0.00047463730116303893,"standard_error":0.00017221112398484647}}