{"mean":{"confidence_interval":{"confidence_level":0.95,"lower_bound":-0.00653217501655326,"upper_bound":-0.004267770365152455},"point_estimate":-0.005353359285533044,"standard_error":0.0005785013092936062},"median":{"confidence_interval":{"confidence_level":0.95,"lower_bound":-0.005700130840860074,"upper_bound":-0.0038804340134700466},"point_estimate":-0.004879149212982048,"standard_error":0.00046304699694862245}}