{"mean":{"confidence_interval":{"confidence_level":0.95,"lower_bound":0.1867053844326707,"upper_bound":0.19379860473536323},"point_estimate":0.1905484732224929,"standard_error":0.0018605331865332467},"median":{"confidence_interval":{"confidence_level":0.95,"lower_bound":0.18554033151485094,"upper_bound":0.1945061633986304},"point_estimate":0.18983561774126523,"standard_error":0.002161214752209331}}