{"mean":{"confidence_interval":{"confidence_level":0.95,"lower_bound":-0.006413639703097829,"upper_bound":-0.004785642470864955},"point_estimate":-0.00555821063565809,"standard_error":0.0004129358985076184},"median":{"confidence_interval":{"confidence_level":0.95,"lower_bound":-0.0061104824805632285,"upper_bound":-0.00500847360968845},"point_estimate":-0.005574449708310003,"standard_error":0.0002815448044756756}}