{"mean":{"confidence_interval":{"confidence_level":0.95,"lower_bound":-0.028494510104099004,"upper_bound":-0.01854982987603082},"point_estimate":-0.022897916931336804,"standard_error":0.002564759088850415},"median":{"confidence_interval":{"confidence_level":0.95,"lower_bound":-0.019682196087452777,"upper_bound":-0.017804536990726927},"point_estimate":-0.01858244416524424,"standard_error":0.00046932755469481635}}