{"mean":{"confidence_interval":{"confidence_level":0.95,"lower_bound":-0.0011448569629661782,"upper_bound":0.0022165711717656287},"point_estimate":0.0005939772515830555,"standard_error":0.0008566207610247769},"median":{"confidence_interval":{"confidence_level":0.95,"lower_bound":-0.00016780474129818312,"upper_bound":0.002669225805243869},"point_estimate":0.0012286052038839035,"standard_error":0.0007526332412932266}}