{"mean":{"confidence_interval":{"confidence_level":0.95,"lower_bound":-0.13958383314895284,"upper_bound":-0.1130467334494358},"point_estimate":-0.12571105491792323,"standard_error":0.0066278414470956875},"median":{"confidence_interval":{"confidence_level":0.95,"lower_bound":-0.14223053066492608,"upper_bound":-0.12646993645872162},"point_estimate":-0.13335099665220118,"standard_error":0.00400705301155954}}