{"mean":{"confidence_interval":{"confidence_level":0.95,"lower_bound":0.002148097347161188,"upper_bound":0.007005081258011114},"point_estimate":0.004584691502110827,"standard_error":0.0012574142322908522},"median":{"confidence_interval":{"confidence_level":0.95,"lower_bound":0.00010514664425365083,"upper_bound":0.015044896742667513},"point_estimate":0.0059458023211675926,"standard_error":0.004971426620981809}}