{"mean":{"confidence_interval":{"confidence_level":0.95,"lower_bound":0.33275166743903334,"upper_bound":0.35845047624749726},"point_estimate":0.3444164224154207,"standard_error":0.006633204241984548},"median":{"confidence_interval":{"confidence_level":0.95,"lower_bound":0.3230789734980637,"upper_bound":0.3494258016170546},"point_estimate":0.33501959151179284,"standard_error":0.0072142009505332776}}