{"mean":{"confidence_interval":{"confidence_level":0.95,"lower_bound":-0.003895646166776792,"upper_bound":-0.0024129574858751113},"point_estimate":-0.0031686117247541334,"standard_error":0.0003791708045465773},"median":{"confidence_interval":{"confidence_level":0.95,"lower_bound":-0.004035348701566743,"upper_bound":-0.0027478405704853825},"point_estimate":-0.003536439599169605,"standard_error":0.0003475192604284411}}