{"mean":{"confidence_interval":{"confidence_level":0.95,"lower_bound":-0.27015487362590623,"upper_bound":-0.2543442611553917},"point_estimate":-0.26214137388976333,"standard_error":0.004038030618517568},"median":{"confidence_interval":{"confidence_level":0.95,"lower_bound":-0.2623011449556688,"upper_bound":-0.24807434669946626},"point_estimate":-0.25580900556456765,"standard_error":0.004045656484722112}}