{"mean":{"confidence_interval":{"confidence_level":0.95,"lower_bound":0.02289665622819352,"upper_bound":0.04304478813456582},"point_estimate":0.032685662931408954,"standard_error":0.005009702441889218},"median":{"confidence_interval":{"confidence_level":0.95,"lower_bound":0.011693801323564568,"upper_bound":0.0421034847922821},"point_estimate":0.026780052407634702,"standard_error":0.007333569257384966}}