{"mean":{"confidence_interval":{"confidence_level":0.95,"lower_bound":-0.006909350833032701,"upper_bound":-0.0013223544803148577},"point_estimate":-0.003959783271549666,"standard_error":0.0014237328831002434},"median":{"confidence_interval":{"confidence_level":0.95,"lower_bound":-0.0010052584575593881,"upper_bound":0.0022208275276931477},"point_estimate":0.00036366016045707994,"standard_error":0.0008597827345217618}}