{"mean":{"confidence_interval":{"confidence_level":0.95,"lower_bound":-0.21178125683393778,"upper_bound":-0.19080183478265733},"point_estimate":-0.20141183171443777,"standard_error":0.005322821689236211},"median":{"confidence_interval":{"confidence_level":0.95,"lower_bound":-0.2198017893944555,"upper_bound":-0.19595573624736096},"point_estimate":-0.20622528471889323,"standard_error":0.006916727924922901}}