{"mean":{"confidence_interval":{"confidence_level":0.95,"lower_bound":-0.00990589522177777,"upper_bound":-0.0050210019121260056},"point_estimate":-0.007453921401189945,"standard_error":0.001246973408509026},"median":{"confidence_interval":{"confidence_level":0.95,"lower_bound":-0.014564209416573326,"upper_bound":-0.003241261220002567},"point_estimate":-0.011728644657973741,"standard_error":0.003315425318045135}}