{"mean":{"confidence_interval":{"confidence_level":0.95,"lower_bound":-0.007612588497751604,"upper_bound":0.020825025751018255},"point_estimate":0.003910359297860433,"standard_error":0.007368785665757638},"median":{"confidence_interval":{"confidence_level":0.95,"lower_bound":-0.01597245254945845,"upper_bound":-0.0015979766335612543},"point_estimate":-0.006938368795395,"standard_error":0.00479067584481537}}