{"mean":{"confidence_interval":{"confidence_level":0.95,"lower_bound":0.0012024449053581023,"upper_bound":0.02053562502061999},"point_estimate":0.009955625768699461,"standard_error":0.004936663422464687},"median":{"confidence_interval":{"confidence_level":0.95,"lower_bound":-0.0070324027125601195,"upper_bound":0.012337499625292953},"point_estimate":0.0005306042635320196,"standard_error":0.0046753801111631185}}