{"mean":{"confidence_interval":{"confidence_level":0.95,"lower_bound":-0.01569024080080737,"upper_bound":0.007625611701914472},"point_estimate":-0.004154649891345841,"standard_error":0.005953216997569362},"median":{"confidence_interval":{"confidence_level":0.95,"lower_bound":-0.008488682529409819,"upper_bound":0.018694671296270338},"point_estimate":0.004973240214602104,"standard_error":0.0070903928421947975}}