{"mean":{"confidence_interval":{"confidence_level":0.95,"lower_bound":0.0024875627148867488,"upper_bound":0.006306019917927896},"point_estimate":0.0044351908252933114,"standard_error":0.0009803437212518471},"median":{"confidence_interval":{"confidence_level":0.95,"lower_bound":0.004022807390660077,"upper_bound":0.006207525921073209},"point_estimate":0.005018663984073024,"standard_error":0.000559613175673524}}