{"mean":{"confidence_interval":{"confidence_level":0.95,"lower_bound":0.009331047268803839,"upper_bound":0.013846020286361891},"point_estimate":0.011647170985631394,"standard_error":0.0011445229250457785},"median":{"confidence_interval":{"confidence_level":0.95,"lower_bound":0.007590827495712604,"upper_bound":0.019154590958395},"point_estimate":0.016369083583926747,"standard_error":0.003684986499442904}}