{"mean":{"confidence_interval":{"confidence_level":0.95,"lower_bound":0.055309493284369224,"upper_bound":0.08046619840704904},"point_estimate":0.06614534073561562,"standard_error":0.0067582386664120815},"median":{"confidence_interval":{"confidence_level":0.95,"lower_bound":0.027532016310185536,"upper_bound":0.06988695396886668},"point_estimate":0.04574949059273026,"standard_error":0.011644638657058237}}