{"mean":{"confidence_interval":{"confidence_level":0.95,"lower_bound":0.12874139214205468,"upper_bound":0.13050021263818937},"point_estimate":0.12957662434849726,"standard_error":0.0004453406367214012},"median":{"confidence_interval":{"confidence_level":0.95,"lower_bound":0.12833509080190542,"upper_bound":0.13064726964100837},"point_estimate":0.12930946358242634,"standard_error":0.0005928281357990081}}