{"mean":{"confidence_interval":{"confidence_level":0.95,"lower_bound":0.3116116566063596,"upper_bound":0.33540136400055054},"point_estimate":0.32412439625327294,"standard_error":0.00600744566545537},"median":{"confidence_interval":{"confidence_level":0.95,"lower_bound":0.29645190986861203,"upper_bound":0.3194043730734628},"point_estimate":0.30774194415206524,"standard_error":0.0061349439537864755}}