{"mean":{"confidence_interval":{"confidence_level":0.95,"lower_bound":0.018764597914114545,"upper_bound":0.022974001942756117},"point_estimate":0.020800007876359716,"standard_error":0.0010656071192781682},"median":{"confidence_interval":{"confidence_level":0.95,"lower_bound":0.018787558914669517,"upper_bound":0.021443278965437518},"point_estimate":0.02021327387922578,"standard_error":0.0006813136032218642}}