{"mean":{"confidence_interval":{"confidence_level":0.95,"lower_bound":0.012107475077509795,"upper_bound":0.01599898674132727},"point_estimate":0.014086603420575328,"standard_error":0.0009926227301654798},"median":{"confidence_interval":{"confidence_level":0.95,"lower_bound":0.014248444694158868,"upper_bound":0.0185847037545126},"point_estimate":0.016581497479876806,"standard_error":0.0011185594582808075}}