{"mean":{"confidence_interval":{"confidence_level":0.95,"lower_bound":0.0015330752611215637,"upper_bound":0.005203649498888296},"point_estimate":0.003335608357118325,"standard_error":0.0009329890408343026},"median":{"confidence_interval":{"confidence_level":0.95,"lower_bound":0.0020037768140175327,"upper_bound":0.003851147503914687},"point_estimate":0.003051480398723827,"standard_error":0.000497085084014806}}