{"mean":{"confidence_interval":{"confidence_level":0.95,"lower_bound":-0.0549433080157565,"upper_bound":-0.03680997315734581},"point_estimate":-0.045487763070355625,"standard_error":0.0046537902362424185},"median":{"confidence_interval":{"confidence_level":0.95,"lower_bound":-0.0468541740770847,"upper_bound":-0.025783712418282367},"point_estimate":-0.03498976836282586,"standard_error":0.005287833148388432}}