{"mean":{"confidence_interval":{"confidence_level":0.95,"lower_bound":-0.007613434430525331,"upper_bound":-0.0005722215430702119},"point_estimate":-0.004463817303840045,"standard_error":0.0018048388861055247},"median":{"confidence_interval":{"confidence_level":0.95,"lower_bound":-0.003781309109818114,"upper_bound":-0.001758151163946462},"point_estimate":-0.0027649064411392477,"standard_error":0.0005446327621055486}}