{"mean":{"confidence_interval":{"confidence_level":0.95,"lower_bound":-0.1678040875439096,"upper_bound":-0.1624374039220791},"point_estimate":-0.1654451961720267,"standard_error":0.0013842035387661138},"median":{"confidence_interval":{"confidence_level":0.95,"lower_bound":-0.16987471362032225,"upper_bound":-0.1661063051032251},"point_estimate":-0.16819702308846152,"standard_error":0.0009675051487233396}}