{"mean":{"confidence_interval":{"confidence_level":0.95,"lower_bound":-0.1123873061119421,"upper_bound":-0.10284142906615396},"point_estimate":-0.10794154932679256,"standard_error":0.00265103096229426},"median":{"confidence_interval":{"confidence_level":0.95,"lower_bound":-0.11739547187472932,"upper_bound":-0.10656092617938095},"point_estimate":-0.11166263116451902,"standard_error":0.002477826160492399}}