{"mean":{"confidence_interval":{"confidence_level":0.95,"lower_bound":-0.0009816621760808952,"upper_bound":0.001823173287689472},"point_estimate":0.00037971244535950355,"standard_error":0.0007182735610298717},"median":{"confidence_interval":{"confidence_level":0.95,"lower_bound":-0.00021289808850610825,"upper_bound":0.0012257800440074185},"point_estimate":0.0003904400548842002,"standard_error":0.00041260347487880977}}