{"mean":{"confidence_interval":{"confidence_level":0.95,"lower_bound":0.1987720248427849,"upper_bound":0.20088314650231265},"point_estimate":0.19978826611099132,"standard_error":0.00053752400283538},"median":{"confidence_interval":{"confidence_level":0.95,"lower_bound":0.19849351997005882,"upper_bound":0.2010989431398691},"point_estimate":0.19954488405625037,"standard_error":0.0006515474218791191}}