{"mean":{"confidence_interval":{"confidence_level":0.95,"lower_bound":-0.006880504706749691,"upper_bound":0.001345553490237128},"point_estimate":-0.0018811648025773842,"standard_error":0.0022041018250895995},"median":{"confidence_interval":{"confidence_level":0.95,"lower_bound":0.00011056777225015857,"upper_bound":0.0019566303156171028},"point_estimate":0.0012070580355185712,"standard_error":0.000459042040044566}}