{"mean":{"confidence_interval":{"confidence_level":0.95,"lower_bound":-0.21180795300869545,"upper_bound":-0.19516872032731422},"point_estimate":-0.20308031762833978,"standard_error":0.004144805801621716},"median":{"confidence_interval":{"confidence_level":0.95,"lower_bound":-0.22442903625150545,"upper_bound":-0.19698068786601375},"point_estimate":-0.21757008285453605,"standard_error":0.006756725857032828}}