{"mean":{"confidence_interval":{"confidence_level":0.95,"lower_bound":0.00021084006245681458,"upper_bound":0.003202449263188134},"point_estimate":0.0017685853018458708,"standard_error":0.0007645418774085545},"median":{"confidence_interval":{"confidence_level":0.95,"lower_bound":0.0023540169130382704,"upper_bound":0.005218229808910737},"point_estimate":0.004089529221811494,"standard_error":0.0007219347151195761}}