{"mean":{"confidence_interval":{"confidence_level":0.95,"lower_bound":-0.014105575437827932,"upper_bound":-0.004890497742479027},"point_estimate":-0.009480982246774516,"standard_error":0.002354892134742063},"median":{"confidence_interval":{"confidence_level":0.95,"lower_bound":-0.014322580366185833,"upper_bound":-0.008582949186765802},"point_estimate":-0.012094405288245347,"standard_error":0.0014530481875966485}}