{"mean":{"confidence_interval":{"confidence_level":0.95,"lower_bound":0.08068805846398841,"upper_bound":0.09364099919524582},"point_estimate":0.08733227070363125,"standard_error":0.003306943334325399},"median":{"confidence_interval":{"confidence_level":0.95,"lower_bound":0.0838728274132623,"upper_bound":0.09807426477732582},"point_estimate":0.09155069093072421,"standard_error":0.0037289967039477352}}