{"mean":{"confidence_interval":{"confidence_level":0.95,"lower_bound":-0.02111786786016485,"upper_bound":-0.004537338927742171},"point_estimate":-0.010891115051472777,"standard_error":0.004526712809625783},"median":{"confidence_interval":{"confidence_level":0.95,"lower_bound":-0.006856339487389507,"upper_bound":-0.000870099043127298},"point_estimate":-0.0025237453083369887,"standard_error":0.0013244496451677052}}