{"mean":{"confidence_interval":{"confidence_level":0.95,"lower_bound":-0.0051209360516457575,"upper_bound":-0.0019962791055675977},"point_estimate":-0.003437959029825244,"standard_error":0.000801573420108686},"median":{"confidence_interval":{"confidence_level":0.95,"lower_bound":-0.0024649203731264002,"upper_bound":-0.001489294348381076},"point_estimate":-0.002050116893056675,"standard_error":0.0002622427473606766}}