{"mean":{"confidence_interval":{"confidence_level":0.95,"lower_bound":0.008773451298725622,"upper_bound":0.018466877572674914},"point_estimate":0.013379977804268695,"standard_error":0.002620944980392923},"median":{"confidence_interval":{"confidence_level":0.95,"lower_bound":0.004613141542303856,"upper_bound":0.012130604092486896},"point_estimate":0.005784375912582629,"standard_error":0.0016488765189265708}}