{"mean":{"confidence_interval":{"confidence_level":0.95,"lower_bound":-0.003291971936260074,"upper_bound":0.001515765982206041},"point_estimate":-0.0007886938910207641,"standard_error":0.001229908558008261},"median":{"confidence_interval":{"confidence_level":0.95,"lower_bound":-0.001982925045063033,"upper_bound":-0.0007320247186839435},"point_estimate":-0.001427896406258622,"standard_error":0.0003223187179752715}}