{"mean":{"confidence_interval":{"confidence_level":0.95,"lower_bound":-0.007004363934853486,"upper_bound":0.009810302469334677},"point_estimate":0.0015057107577418627,"standard_error":0.0042937924946734275},"median":{"confidence_interval":{"confidence_level":0.95,"lower_bound":-0.0016957700550889188,"upper_bound":0.01965324636393384},"point_estimate":0.009504827964189833,"standard_error":0.004843257080720794}}