{"mean":{"confidence_interval":{"confidence_level":0.95,"lower_bound":0.19954339006746047,"upper_bound":0.2027492072359609},"point_estimate":0.20103679460280288,"standard_error":0.000840441689453797},"median":{"confidence_interval":{"confidence_level":0.95,"lower_bound":0.1996970509188405,"upper_bound":0.20086661678679896},"point_estimate":0.20024447243901444,"standard_error":0.00030440790769754487}}