{"mean":{"confidence_interval":{"confidence_level":0.95,"lower_bound":-0.0010602713363822072,"upper_bound":0.015176110218577918},"point_estimate":0.007219494471514265,"standard_error":0.00415219113963981},"median":{"confidence_interval":{"confidence_level":0.95,"lower_bound":0.00010889987730111628,"upper_bound":0.019538948261993427},"point_estimate":0.008084577777061952,"standard_error":0.005085359451991616}}