{"mean":{"confidence_interval":{"confidence_level":0.95,"lower_bound":-0.009844209384717322,"upper_bound":0.035708472343866385},"point_estimate":0.010562284365266628,"standard_error":0.011726084741597295},"median":{"confidence_interval":{"confidence_level":0.95,"lower_bound":0.0009701959034314707,"upper_bound":0.002595496621776716},"point_estimate":0.001640944001209732,"standard_error":0.00046308110301653563}}