{"mean":{"confidence_interval":{"confidence_level":0.95,"lower_bound":-0.3392049524561719,"upper_bound":-0.3334968678881028},"point_estimate":-0.33614526625661856,"standard_error":0.0014606976697807425},"median":{"confidence_interval":{"confidence_level":0.95,"lower_bound":-0.33819370260526743,"upper_bound":-0.3330067101912566},"point_estimate":-0.33579640184228954,"standard_error":0.0013002840735534696}}