{"mean":{"confidence_interval":{"confidence_level":0.95,"lower_bound":-0.0033726372004502345,"upper_bound":0.002972363919775867},"point_estimate":-0.0002604357252156131,"standard_error":0.0016109995906147011},"median":{"confidence_interval":{"confidence_level":0.95,"lower_bound":-0.0009905805529243335,"upper_bound":0.000252329326508427},"point_estimate":-0.00028641820941199825,"standard_error":0.0003193991567010862}}