{"mean":{"confidence_interval":{"confidence_level":0.95,"lower_bound":0.0032813557316876798,"upper_bound":0.03288508534051326},"point_estimate":0.013787631146864099,"standard_error":0.00876510957805221},"median":{"confidence_interval":{"confidence_level":0.95,"lower_bound":0.004497495200656898,"upper_bound":0.006151859406319682},"point_estimate":0.005544778935129058,"standard_error":0.0004415117527645153}}