{"mean":{"confidence_interval":{"confidence_level":0.95,"lower_bound":-0.0030696600523613575,"upper_bound":0.020667415452505056},"point_estimate":0.0037875786106760234,"standard_error":0.006241030717239981},"median":{"confidence_interval":{"confidence_level":0.95,"lower_bound":-0.0011269699165999958,"upper_bound":-0.00008343378540853763},"point_estimate":-0.0007454940868614202,"standard_error":0.0002765395629229714}}