{"mean":{"confidence_interval":{"confidence_level":0.95,"lower_bound":-0.14580614460807415,"upper_bound":-0.13970213300192064},"point_estimate":-0.14271176367209626,"standard_error":0.001556409295697453},"median":{"confidence_interval":{"confidence_level":0.95,"lower_bound":-0.14467031045961698,"upper_bound":-0.13627195868408992},"point_estimate":-0.14010249165870303,"standard_error":0.002326972031267757}}