{"mean":{"confidence_interval":{"confidence_level":0.95,"lower_bound":-0.0072138954232018795,"upper_bound":-0.0031830551050432516},"point_estimate":-0.0051473713420369105,"standard_error":0.001029209885641258},"median":{"confidence_interval":{"confidence_level":0.95,"lower_bound":-0.005760580267898385,"upper_bound":-0.00333047169477374},"point_estimate":-0.004727455702262184,"standard_error":0.0006170583322495344}}