{"mean":{"confidence_interval":{"confidence_level":0.95,"lower_bound":-0.3550005865601212,"upper_bound":-0.34430634295592166},"point_estimate":-0.3491951763247373,"standard_error":0.00262185232685489},"median":{"confidence_interval":{"confidence_level":0.95,"lower_bound":-0.36026829740083166,"upper_bound":-0.3486233047434518},"point_estimate":-0.35490624320436026,"standard_error":0.002693452557391552}}