{"mean":{"confidence_interval":{"confidence_level":0.95,"lower_bound":-0.16742086680675447,"upper_bound":-0.16468254919966424},"point_estimate":-0.16622571691007237,"standard_error":0.0006835117580800022},"median":{"confidence_interval":{"confidence_level":0.95,"lower_bound":-0.16867236131652796,"upper_bound":-0.16597585753481306},"point_estimate":-0.16716672305677527,"standard_error":0.000669907592181283}}