{"mean":{"confidence_interval":{"confidence_level":0.95,"lower_bound":-0.0023774847942016892,"upper_bound":0.002298380704454143},"point_estimate":0.00005781679799587991,"standard_error":0.001198040047323558},"median":{"confidence_interval":{"confidence_level":0.95,"lower_bound":-0.0022991630153449405,"upper_bound":0.002147717444434427},"point_estimate":-0.0002866873175172424,"standard_error":0.0010501498450986816}}