{"mean":{"confidence_interval":{"confidence_level":0.95,"lower_bound":-0.07068959151767107,"upper_bound":-0.06487467011963283},"point_estimate":-0.06774499298719183,"standard_error":0.0014733407792061905},"median":{"confidence_interval":{"confidence_level":0.95,"lower_bound":-0.07114058962420233,"upper_bound":-0.06398566682341511},"point_estimate":-0.06815752491219507,"standard_error":0.0017880657683447202}}