{"mean":{"confidence_interval":{"confidence_level":0.95,"lower_bound":-0.01627989626362393,"upper_bound":-0.004089456185072792},"point_estimate":-0.008863844721796355,"standard_error":0.0032525630035988382},"median":{"confidence_interval":{"confidence_level":0.95,"lower_bound":-0.005941465226392939,"upper_bound":-0.0018225521691266344},"point_estimate":-0.0031269608529036486,"standard_error":0.001198764011328438}}