{"mean":{"confidence_interval":{"confidence_level":0.95,"lower_bound":-0.00042710323280680516,"upper_bound":0.002249680941742326},"point_estimate":0.0009836786892150062,"standard_error":0.0006801145389208293},"median":{"confidence_interval":{"confidence_level":0.95,"lower_bound":0.0007445813513582422,"upper_bound":0.002596944550760316},"point_estimate":0.0018603650509920744,"standard_error":0.00048552838133254626}}