{"mean":{"confidence_interval":{"confidence_level":0.95,"lower_bound":-0.0009569613768187934,"upper_bound":0.0021888441038255633},"point_estimate":0.0007088634865084487,"standard_error":0.0008013672348099914},"median":{"confidence_interval":{"confidence_level":0.95,"lower_bound":-0.0002726805068433702,"upper_bound":0.0017235851104088812},"point_estimate":0.0005187094632208566,"standard_error":0.000492953603745368}}