{"mean":{"confidence_interval":{"confidence_level":0.95,"lower_bound":-0.003396188379671927,"upper_bound":0.004401448873249478},"point_estimate":0.00017727011861667918,"standard_error":0.001955743697415955},"median":{"confidence_interval":{"confidence_level":0.95,"lower_bound":-0.000295483911164629,"upper_bound":0.00171835709672985},"point_estimate":0.0008552736658826721,"standard_error":0.000537574619550221}}