{"mean":{"confidence_interval":{"confidence_level":0.95,"lower_bound":0.005315523746041891,"upper_bound":0.010599231175798834},"point_estimate":0.007917364742005217,"standard_error":0.0013369712274565368},"median":{"confidence_interval":{"confidence_level":0.95,"lower_bound":0.005009025761315122,"upper_bound":0.014103325625602237},"point_estimate":0.007065436772563549,"standard_error":0.002547644272545902}}