{"mean":{"confidence_interval":{"confidence_level":0.95,"lower_bound":-0.009161224216616578,"upper_bound":0.001817069620340855},"point_estimate":-0.003013194993242929,"standard_error":0.0028122202854739286},"median":{"confidence_interval":{"confidence_level":0.95,"lower_bound":-0.0015381047171348916,"upper_bound":-0.00025401545765380007},"point_estimate":-0.0009427203705977272,"standard_error":0.0003311098356808469}}