{"mean":{"confidence_interval":{"confidence_level":0.95,"lower_bound":-0.017295981386545645,"upper_bound":-0.008097684392876687},"point_estimate":-0.012793682625724667,"standard_error":0.002383136214869874},"median":{"confidence_interval":{"confidence_level":0.95,"lower_bound":-0.016133361201671526,"upper_bound":-0.003309425127337895},"point_estimate":-0.012859779048680076,"standard_error":0.003574123941677911}}