{"mean":{"confidence_interval":{"confidence_level":0.95,"lower_bound":0.1456666318919208,"upper_bound":0.16053812055726369},"point_estimate":0.15360552269569272,"standard_error":0.003690459312077256},"median":{"confidence_interval":{"confidence_level":0.95,"lower_bound":0.14209709059996123,"upper_bound":0.15670907959454583},"point_estimate":0.15035880215425257,"standard_error":0.004342940850276535}}