{"mean":{"confidence_interval":{"confidence_level":0.95,"lower_bound":0.33774630377886494,"upper_bound":0.3484386149695477},"point_estimate":0.34298792718880367,"standard_error":0.0026399608377164576},"median":{"confidence_interval":{"confidence_level":0.95,"lower_bound":0.33808690531256913,"upper_bound":0.34951735143838963},"point_estimate":0.3427642688848407,"standard_error":0.0029336434062533995}}