{"mean":{"confidence_interval":{"confidence_level":0.95,"lower_bound":0.0038404803999506744,"upper_bound":0.009419046427233721},"point_estimate":0.006674026713888281,"standard_error":0.001423334074052438},"median":{"confidence_interval":{"confidence_level":0.95,"lower_bound":0.0011716672107520143,"upper_bound":0.013229504877333653},"point_estimate":0.004433571085146859,"standard_error":0.003162603333712247}}