{"mean":{"confidence_interval":{"confidence_level":0.95,"lower_bound":-0.003003606825694629,"upper_bound":0.0011204983484845164},"point_estimate":-0.000889295853064187,"standard_error":0.0010473355803443942},"median":{"confidence_interval":{"confidence_level":0.95,"lower_bound":-0.0013909321860475776,"upper_bound":-0.0004275524611505599},"point_estimate":-0.0008253819543689866,"standard_error":0.0002468137562089713}}