{"mean":{"confidence_interval":{"confidence_level":0.95,"lower_bound":0.23145293849847084,"upper_bound":0.2462726384940992},"point_estimate":0.2386614046069928,"standard_error":0.003564091935161334},"median":{"confidence_interval":{"confidence_level":0.95,"lower_bound":0.2287582998805846,"upper_bound":0.2387503885264418},"point_estimate":0.23321736263675796,"standard_error":0.0025222458339464664}}