{"mean":{"confidence_interval":{"confidence_level":0.95,"lower_bound":-0.0885895986014842,"upper_bound":-0.08149803551837308},"point_estimate":-0.08540216734286099,"standard_error":0.0018568032643306186},"median":{"confidence_interval":{"confidence_level":0.95,"lower_bound":-0.09189355953724143,"upper_bound":-0.08540524262061566},"point_estimate":-0.08868342008964902,"standard_error":0.0015844335030961779}}