{"mean":{"confidence_interval":{"confidence_level":0.95,"lower_bound":-0.0017815470953901644,"upper_bound":0.0003223396600819939},"point_estimate":-0.0007184197710349283,"standard_error":0.000538241787229161},"median":{"confidence_interval":{"confidence_level":0.95,"lower_bound":-0.0020543592816154588,"upper_bound":0.000026511808637108558},"point_estimate":-0.001113770343793341,"standard_error":0.0004986136333936957}}