{"mean":{"confidence_interval":{"confidence_level":0.95,"lower_bound":-0.004078408906941777,"upper_bound":0.0013074657998099087},"point_estimate":-0.001401343710430658,"standard_error":0.001368647861768049},"median":{"confidence_interval":{"confidence_level":0.95,"lower_bound":-0.0014271220765840198,"upper_bound":-0.000013262425932913935},"point_estimate":-0.0005317001256757159,"standard_error":0.00036396031295418945}}