{"mean":{"confidence_interval":{"confidence_level":0.95,"lower_bound":-0.003788713656852921,"upper_bound":0.004512330479394946},"point_estimate":-0.0001675173672958108,"standard_error":0.002206880914455876},"median":{"confidence_interval":{"confidence_level":0.95,"lower_bound":-0.001610787432487104,"upper_bound":0.0005451095691269555},"point_estimate":-0.0003889560401075798,"standard_error":0.000661912500199354}}