{"mean":{"confidence_interval":{"confidence_level":0.95,"lower_bound":0.0010270399300239543,"upper_bound":0.004899701162705005},"point_estimate":0.0028417415403128032,"standard_error":0.0009917594219874355},"median":{"confidence_interval":{"confidence_level":0.95,"lower_bound":0.000555414409423749,"upper_bound":0.005191366770226358},"point_estimate":0.002884235785966194,"standard_error":0.0011817124630685665}}