{"mean":{"confidence_interval":{"confidence_level":0.95,"lower_bound":-0.008825479179913418,"upper_bound":0.005002971528599961},"point_estimate":-0.0033321554044644097,"standard_error":0.003602512920251348},"median":{"confidence_interval":{"confidence_level":0.95,"lower_bound":-0.013323369369220517,"upper_bound":-0.004164726446495792},"point_estimate":-0.006579073180451478,"standard_error":0.002585241041908601}}