{"mean":{"confidence_interval":{"confidence_level":0.95,"lower_bound":0.006833618602224973,"upper_bound":0.017699639078131955},"point_estimate":0.01120757087006563,"standard_error":0.002881581541750321},"median":{"confidence_interval":{"confidence_level":0.95,"lower_bound":0.008158170885811389,"upper_bound":0.012008513995322545},"point_estimate":0.010543597837636254,"standard_error":0.0010977535920978383}}