{"mean":{"confidence_interval":{"confidence_level":0.95,"lower_bound":-0.03664587855249645,"upper_bound":-0.015952997027637354},"point_estimate":-0.024204794425353837,"standard_error":0.005512849222459971},"median":{"confidence_interval":{"confidence_level":0.95,"lower_bound":-0.017711912604619573,"upper_bound":-0.007638886859934524},"point_estimate":-0.013270847285988596,"standard_error":0.002864862041559835}}