{"mean":{"confidence_interval":{"confidence_level":0.95,"lower_bound":-0.0029868347786779713,"upper_bound":0.00013820897803521262},"point_estimate":-0.0013769844373572315,"standard_error":0.0007973835312518108},"median":{"confidence_interval":{"confidence_level":0.95,"lower_bound":-0.000693738308808034,"upper_bound":0.0005256261150596853},"point_estimate":-0.00015161807631947077,"standard_error":0.00031077315645911593}}