{"mean":{"confidence_interval":{"confidence_level":0.95,"lower_bound":-0.23159565988611394,"upper_bound":-0.22115955289540729},"point_estimate":-0.22699366947316202,"standard_error":0.00254622068489919},"median":{"confidence_interval":{"confidence_level":0.95,"lower_bound":-0.2359037617051758,"upper_bound":-0.22450309044261685},"point_estimate":-0.22997638711464263,"standard_error":0.002710283694699838}}