{"mean":{"confidence_interval":{"confidence_level":0.95,"lower_bound":0.36738051518809933,"upper_bound":0.39828039804728055},"point_estimate":0.38317728434833964,"standard_error":0.007918912812250753},"median":{"confidence_interval":{"confidence_level":0.95,"lower_bound":0.3872826902290011,"upper_bound":0.42093165028627666},"point_estimate":0.40981608460608343,"standard_error":0.007898890354498502}}