{"mean":{"confidence_interval":{"confidence_level":0.95,"lower_bound":0.004022368887693218,"upper_bound":0.014452498985713885},"point_estimate":0.00828114314888495,"standard_error":0.002584176117603693},"median":{"confidence_interval":{"confidence_level":0.95,"lower_bound":0.00237872125312959,"upper_bound":0.0035806961398294757},"point_estimate":0.002931647961450512,"standard_error":0.00030853363329615905}}