{"mean":{"confidence_interval":{"confidence_level":0.95,"lower_bound":-0.0011137944611961323,"upper_bound":0.002382032305299818},"point_estimate":0.0006760069384248446,"standard_error":0.0008879248903921972},"median":{"confidence_interval":{"confidence_level":0.95,"lower_bound":0.0007677725236134858,"upper_bound":0.0031911872683274556},"point_estimate":0.002176530699012247,"standard_error":0.0006105887523877291}}