{"mean":{"confidence_interval":{"confidence_level":0.95,"lower_bound":157345326.56274998,"upper_bound":157935551.47275},"point_estimate":157642158.0,"standard_error":150395.95453020607},"median":{"confidence_interval":{"confidence_level":0.95,"lower_bound":157391414.0,"upper_bound":158040777.0},"point_estimate":157718691.5,"standard_error":163458.88385884266},"median_abs_dev":{"confidence_interval":{"confidence_level":0.95,"lower_bound":1057597.8652238846,"upper_bound":1813949.948295951},"point_estimate":1474350.0461250544,"standard_error":193032.25252622887},"slope":null,"std_dev":{"confidence_interval":{"confidence_level":0.95,"lower_bound":1299347.7735427392,"upper_bound":1713421.0227437096},"point_estimate":1517410.7185326582,"standard_error":105550.78296161874}}