{"mean":{"confidence_interval":{"confidence_level":0.95,"lower_bound":148915633.158,"upper_bound":150007718.95425},"point_estimate":149445063.81,"standard_error":279035.9504969882},"median":{"confidence_interval":{"confidence_level":0.95,"lower_bound":148247755.0,"upper_bound":149276276.0},"point_estimate":148704770.5,"standard_error":264247.1805343072},"median_abs_dev":{"confidence_interval":{"confidence_level":0.95,"lower_bound":1602852.1749436855,"upper_bound":2968934.616690874},"point_estimate":2364085.7184290886,"standard_error":343257.0857170291},"slope":null,"std_dev":{"confidence_interval":{"confidence_level":0.95,"lower_bound":2225615.5516129294,"upper_bound":3341296.2043305286},"point_estimate":2800633.743660757,"standard_error":286591.769779064}}