{"mean":{"confidence_interval":{"confidence_level":0.95,"lower_bound":305654674.66950005,"upper_bound":306115089.83125},"point_estimate":305882060.24,"standard_error":116818.44017426508},"median":{"confidence_interval":{"confidence_level":0.95,"lower_bound":305554762.0,"upper_bound":306074536.0},"point_estimate":305844938.0,"standard_error":123180.0918182563},"median_abs_dev":{"confidence_interval":{"confidence_level":0.95,"lower_bound":785338.3951574564,"upper_bound":1370144.024375081},"point_estimate":1059831.4020842314,"standard_error":153145.26945622466},"slope":null,"std_dev":{"confidence_interval":{"confidence_level":0.95,"lower_bound":943242.3337591352,"upper_bound":1387502.047818418},"point_estimate":1161693.6495635612,"standard_error":114420.42672025865}}