{"mean":{"confidence_interval":{"confidence_level":0.95,"lower_bound":119718618.04925,"upper_bound":120455947.3145},"point_estimate":120067407.12,"standard_error":188189.06186755345},"median":{"confidence_interval":{"confidence_level":0.95,"lower_bound":119497260.0,"upper_bound":120156858.0},"point_estimate":119641159.5,"standard_error":181950.62497453406},"median_abs_dev":{"confidence_interval":{"confidence_level":0.95,"lower_bound":974653.1054614488,"upper_bound":1629593.0893689394},"point_estimate":1158277.5229364634,"standard_error":165398.58710405717},"slope":null,"std_dev":{"confidence_interval":{"confidence_level":0.95,"lower_bound":1321423.8011164218,"upper_bound":2443181.8099629125},"point_estimate":1886367.1159878583,"standard_error":290387.5202463517}}