{"mean":{"confidence_interval":{"confidence_level":0.95,"lower_bound":75056480.2845,"upper_bound":75952071.56899999},"point_estimate":75438503.8,"standard_error":231323.1782667847},"median":{"confidence_interval":{"confidence_level":0.95,"lower_bound":74648161.5,"upper_bound":75081469.5},"point_estimate":74896144.0,"standard_error":113641.2586275798},"median_abs_dev":{"confidence_interval":{"confidence_level":0.95,"lower_bound":545962.9925072193,"upper_bound":964495.0346767902},"point_estimate":712579.0601491928,"standard_error":107178.70806734309},"slope":null,"std_dev":{"confidence_interval":{"confidence_level":0.95,"lower_bound":1089990.4825414733,"upper_bound":3572882.105883993},"point_estimate":2318804.5624032137,"standard_error":774428.033938225}}