{"mean":{"confidence_interval":{"confidence_level":0.95,"lower_bound":77975441.88,"upper_bound":79117058.36},"point_estimate":78485625.29,"standard_error":292736.53113680874},"median":{"confidence_interval":{"confidence_level":0.95,"lower_bound":77374350.5,"upper_bound":77898562.0},"point_estimate":77550239.5,"standard_error":134891.85077518097},"median_abs_dev":{"confidence_interval":{"confidence_level":0.95,"lower_bound":682652.4090304972,"upper_bound":1194368.4540957212},"point_estimate":906114.6955132484,"standard_error":129975.58049149784},"slope":null,"std_dev":{"confidence_interval":{"confidence_level":0.95,"lower_bound":1567822.0388762993,"upper_bound":4226845.0193010485},"point_estimate":2935765.1008617403,"standard_error":702316.5151846199}}