{"mean":{"confidence_interval":{"confidence_level":0.95,"lower_bound":147133224.071,"upper_bound":147395487.01275},"point_estimate":147255278.95,"standard_error":66958.74399742835},"median":{"confidence_interval":{"confidence_level":0.95,"lower_bound":147104167.0,"upper_bound":147325370.0},"point_estimate":147207470.5,"standard_error":59145.021628468334},"median_abs_dev":{"confidence_interval":{"confidence_level":0.95,"lower_bound":359679.4949144125,"upper_bound":592231.2311857939},"point_estimate":459907.70093500614,"standard_error":61683.32827164351},"slope":null,"std_dev":{"confidence_interval":{"confidence_level":0.95,"lower_bound":415569.01273270807,"upper_bound":927998.2785615274},"point_estimate":673293.9600787106,"standard_error":135639.20965510982}}