{"mean":{"confidence_interval":{"confidence_level":0.95,"lower_bound":147831259.1105,"upper_bound":148175484.0365},"point_estimate":148003763.74,"standard_error":88019.55110483718},"median":{"confidence_interval":{"confidence_level":0.95,"lower_bound":147664647.0,"upper_bound":148148708.0},"point_estimate":147972037.0,"standard_error":109893.5147145399},"median_abs_dev":{"confidence_interval":{"confidence_level":0.95,"lower_bound":667969.1095411777,"upper_bound":1109095.2340096235},"point_estimate":886393.1506633759,"standard_error":110706.79815591095},"slope":null,"std_dev":{"confidence_interval":{"confidence_level":0.95,"lower_bound":755557.8464318641,"upper_bound":1005766.565147255},"point_estimate":883011.166374991,"standard_error":63854.538227867015}}