{"mean":{"confidence_interval":{"confidence_level":0.95,"lower_bound":146575547.4465,"upper_bound":146802816.10875},"point_estimate":146687054.34,"standard_error":58270.05080096557},"median":{"confidence_interval":{"confidence_level":0.95,"lower_bound":146444579.0,"upper_bound":146763996.0},"point_estimate":146586193.0,"standard_error":89887.29227126468},"median_abs_dev":{"confidence_interval":{"confidence_level":0.95,"lower_bound":396825.2959549427,"upper_bound":645051.0791480541},"point_estimate":513820.96637785435,"standard_error":61971.82660041079},"slope":null,"std_dev":{"confidence_interval":{"confidence_level":0.95,"lower_bound":488154.81711517257,"upper_bound":674748.4027775074},"point_estimate":587615.268584437,"standard_error":47629.03320346609}}