{"mean":{"confidence_interval":{"confidence_level":0.95,"lower_bound":77140001.25,"upper_bound":77612594.821},"point_estimate":77363917.84,"standard_error":120479.46304568795},"median":{"confidence_interval":{"confidence_level":0.95,"lower_bound":76801353.0,"upper_bound":77185347.0},"point_estimate":77007291.5,"standard_error":97275.82760325306},"median_abs_dev":{"confidence_interval":{"confidence_level":0.95,"lower_bound":558102.5210916996,"upper_bound":1106594.0878540277},"point_estimate":738064.2123967409,"standard_error":144638.99443006105},"slope":null,"std_dev":{"confidence_interval":{"confidence_level":0.95,"lower_bound":954634.2235495275,"upper_bound":1430720.7434026375},"point_estimate":1206526.350590356,"standard_error":121857.28339385902}}