{"mean":{"confidence_interval":{"confidence_level":0.95,"lower_bound":74832786.74125,"upper_bound":75290877.9},"point_estimate":75052737.39,"standard_error":116423.50329283754},"median":{"confidence_interval":{"confidence_level":0.95,"lower_bound":74541173.0,"upper_bound":74974022.0},"point_estimate":74806626.5,"standard_error":112678.93571210672},"median_abs_dev":{"confidence_interval":{"confidence_level":0.95,"lower_bound":558123.2774913311,"upper_bound":959675.1021623611},"point_estimate":748887.9335045815,"standard_error":99999.70023292089},"slope":null,"std_dev":{"confidence_interval":{"confidence_level":0.95,"lower_bound":910346.4940836059,"upper_bound":1394877.7576262185},"point_estimate":1170855.034546897,"standard_error":124264.00896105423}}