{"mean":{"confidence_interval":{"confidence_level":0.95,"lower_bound":74562951.9,"upper_bound":75097311.12},"point_estimate":74819495.88,"standard_error":136378.97438684598},"median":{"confidence_interval":{"confidence_level":0.95,"lower_bound":74337772.0,"upper_bound":74827755.0},"point_estimate":74483639.0,"standard_error":127849.608085121},"median_abs_dev":{"confidence_interval":{"confidence_level":0.95,"lower_bound":715212.157702446,"upper_bound":1237732.2794258595},"point_estimate":932301.8588483334,"standard_error":133199.4537522655},"slope":null,"std_dev":{"confidence_interval":{"confidence_level":0.95,"lower_bound":1085256.2414947243,"upper_bound":1610224.3745780028},"point_estimate":1372122.6118411806,"standard_error":134609.19458058858}}