{"mean":{"confidence_interval":{"confidence_level":0.95,"lower_bound":78320511.15,"upper_bound":79662124.502},"point_estimate":78969516.63,"standard_error":342417.94025945256},"median":{"confidence_interval":{"confidence_level":0.95,"lower_bound":77374231.0,"upper_bound":78575267.0},"point_estimate":77921552.0,"standard_error":289372.0644255127},"median_abs_dev":{"confidence_interval":{"confidence_level":0.95,"lower_bound":1744882.287222147,"upper_bound":3473418.9097344875},"point_estimate":2482592.8995251656,"standard_error":436916.9157813845},"slope":null,"std_dev":{"confidence_interval":{"confidence_level":0.95,"lower_bound":2715423.8352500983,"upper_bound":4081587.5190349934},"point_estimate":3428012.312245697,"standard_error":350389.68699033913}}