{"mean":{"confidence_interval":{"confidence_level":0.95,"lower_bound":155793850.24475,"upper_bound":156201589.756},"point_estimate":155997705.83,"standard_error":104324.49384108617},"median":{"confidence_interval":{"confidence_level":0.95,"lower_bound":155759984.5,"upper_bound":156254993.0},"point_estimate":155915988.0,"standard_error":150955.8060603164},"median_abs_dev":{"confidence_interval":{"confidence_level":0.95,"lower_bound":639531.3594460487,"upper_bound":1082317.6808325197},"point_estimate":823375.2387821674,"standard_error":113827.32816027543},"slope":null,"std_dev":{"confidence_interval":{"confidence_level":0.95,"lower_bound":892825.1632314029,"upper_bound":1193999.8452391743},"point_estimate":1053537.0815188296,"standard_error":76973.16077305375}}