{"mean":{"confidence_interval":{"confidence_level":0.95,"lower_bound":76311034.28,"upper_bound":76704272.0895},"point_estimate":76499250.35,"standard_error":100540.21534824235},"median":{"confidence_interval":{"confidence_level":0.95,"lower_bound":76043611.0,"upper_bound":76386244.5},"point_estimate":76214834.5,"standard_error":82821.18760168024},"median_abs_dev":{"confidence_interval":{"confidence_level":0.95,"lower_bound":437664.9948298931,"upper_bound":732476.2930959463},"point_estimate":599566.3945555687,"standard_error":76554.5722781264},"slope":null,"std_dev":{"confidence_interval":{"confidence_level":0.95,"lower_bound":760457.5234237981,"upper_bound":1208197.9453667002},"point_estimate":1008223.3244761826,"standard_error":114523.33860230699}}