{"mean":{"confidence_interval":{"confidence_level":0.95,"lower_bound":74201708.87,"upper_bound":75352214.16},"point_estimate":74691457.14,"standard_error":297216.5269850498},"median":{"confidence_interval":{"confidence_level":0.95,"lower_bound":73902100.0,"upper_bound":74141052.5},"point_estimate":74045080.5,"standard_error":57223.60896980001},"median_abs_dev":{"confidence_interval":{"confidence_level":0.95,"lower_bound":342923.8913118839,"upper_bound":601381.8382233381},"point_estimate":442991.23523533344,"standard_error":66164.00149255269},"slope":null,"std_dev":{"confidence_interval":{"confidence_level":0.95,"lower_bound":866094.0529925163,"upper_bound":4611169.731939231},"point_estimate":3004907.594869651,"standard_error":1004142.751409571}}