{"mean":{"confidence_interval":{"confidence_level":0.95,"lower_bound":76896792.11,"upper_bound":78379678.25075},"point_estimate":77515252.16,"standard_error":385103.1634759022},"median":{"confidence_interval":{"confidence_level":0.95,"lower_bound":76480015.0,"upper_bound":76900825.5},"point_estimate":76625577.0,"standard_error":119443.3860478936},"median_abs_dev":{"confidence_interval":{"confidence_level":0.95,"lower_bound":501284.84230041504,"upper_bound":887518.3513808991},"point_estimate":589326.0765373707,"standard_error":101258.37803214663},"slope":null,"std_dev":{"confidence_interval":{"confidence_level":0.95,"lower_bound":1005137.8444071878,"upper_bound":5997620.876539089},"point_estimate":3856381.0962582696,"standard_error":1349560.2771042963}}