{"mean":{"confidence_interval":{"confidence_level":0.95,"lower_bound":183212705.24925002,"upper_bound":184994602.37150002},"point_estimate":184086156.6,"standard_error":455516.5088913717},"median":{"confidence_interval":{"confidence_level":0.95,"lower_bound":182485934.0,"upper_bound":184564321.0},"point_estimate":183622047.0,"standard_error":623210.9380972808},"median_abs_dev":{"confidence_interval":{"confidence_level":0.95,"lower_bound":3094126.841068268,"upper_bound":4767202.36376524},"point_estimate":3953848.018205166,"standard_error":416903.7775615539},"slope":null,"std_dev":{"confidence_interval":{"confidence_level":0.95,"lower_bound":3755087.872569894,"upper_bound":5421828.232228662},"point_estimate":4605337.185636977,"standard_error":426164.10917296796}}