{"mean":{"confidence_interval":{"confidence_level":0.95,"lower_bound":76655877.35,"upper_bound":77059940.798},"point_estimate":76850179.4,"standard_error":103360.70182937401},"median":{"confidence_interval":{"confidence_level":0.95,"lower_bound":76356157.0,"upper_bound":76731447.0},"point_estimate":76563253.5,"standard_error":89087.7491243854},"median_abs_dev":{"confidence_interval":{"confidence_level":0.95,"lower_bound":464273.9578574896,"upper_bound":794109.4566017389},"point_estimate":658181.7258149385,"standard_error":84841.85279381194},"slope":null,"std_dev":{"confidence_interval":{"confidence_level":0.95,"lower_bound":799338.079343946,"upper_bound":1240980.7977696694},"point_estimate":1041290.2325665718,"standard_error":112470.8910517467}}