{"mean":{"confidence_interval":{"confidence_level":0.95,"lower_bound":77029834.96925,"upper_bound":77707650.53},"point_estimate":77333722.13,"standard_error":174078.01422912744},"median":{"confidence_interval":{"confidence_level":0.95,"lower_bound":76773466.0,"upper_bound":77023771.0},"point_estimate":76861160.0,"standard_error":65697.46541783158},"median_abs_dev":{"confidence_interval":{"confidence_level":0.95,"lower_bound":444213.8613036279,"upper_bound":802549.8982518911},"point_estimate":582813.7561529875,"standard_error":91405.88151068945},"slope":null,"std_dev":{"confidence_interval":{"confidence_level":0.95,"lower_bound":984713.1218547416,"upper_bound":2557316.5023231218},"point_estimate":1749438.2200463272,"standard_error":464655.23980329436}}