{"mean":{"confidence_interval":{"confidence_level":0.95,"lower_bound":118395676.00899999,"upper_bound":118645514.393},"point_estimate":118519304.14,"standard_error":63936.21698773068},"median":{"confidence_interval":{"confidence_level":0.95,"lower_bound":118323642.0,"upper_bound":118546191.0},"point_estimate":118459427.0,"standard_error":67496.56449997879},"median_abs_dev":{"confidence_interval":{"confidence_level":0.95,"lower_bound":442728.0737400055,"upper_bound":775828.0537687978},"point_estimate":596918.4710025787,"standard_error":83327.53486885721},"slope":null,"std_dev":{"confidence_interval":{"confidence_level":0.95,"lower_bound":550703.9462371423,"upper_bound":719827.0356547647},"point_estimate":640698.8197632337,"standard_error":43345.368205274026}}