{"mean":{"confidence_interval":{"confidence_level":0.95,"lower_bound":76676119.85925001,"upper_bound":77139586.18625},"point_estimate":76904514.38,"standard_error":118303.02725169856},"median":{"confidence_interval":{"confidence_level":0.95,"lower_bound":76466415.0,"upper_bound":76904301.0},"point_estimate":76761641.5,"standard_error":115799.84690095244},"median_abs_dev":{"confidence_interval":{"confidence_level":0.95,"lower_bound":754658.2126021385,"upper_bound":1242046.6453492641},"point_estimate":984023.8415300846,"standard_error":128103.68946355279},"slope":null,"std_dev":{"confidence_interval":{"confidence_level":0.95,"lower_bound":980876.3587304341,"upper_bound":1368417.5464215784},"point_estimate":1193088.694614091,"standard_error":98995.40034134468}}