{"mean":{"confidence_interval":{"confidence_level":0.95,"lower_bound":74706781.67,"upper_bound":75131188.68849999},"point_estimate":74906554.46,"standard_error":108561.08646050622},"median":{"confidence_interval":{"confidence_level":0.95,"lower_bound":74454048.0,"upper_bound":74592736.0},"point_estimate":74533569.5,"standard_error":35939.56573103021},"median_abs_dev":{"confidence_interval":{"confidence_level":0.95,"lower_bound":239601.49914622307,"upper_bound":443942.32311844826},"point_estimate":357151.6619592905,"standard_error":52334.737177547715},"slope":null,"std_dev":{"confidence_interval":{"confidence_level":0.95,"lower_bound":761169.5799757709,"upper_bound":1368607.8333472314},"point_estimate":1096043.9937708431,"standard_error":154969.87388707505}}