{"mean":{"confidence_interval":{"confidence_level":0.95,"lower_bound":77690288.68,"upper_bound":78425468.7},"point_estimate":78045230.87,"standard_error":186804.76773585225},"median":{"confidence_interval":{"confidence_level":0.95,"lower_bound":77147296.0,"upper_bound":77997269.0},"point_estimate":77452623.5,"standard_error":216512.67961244067},"median_abs_dev":{"confidence_interval":{"confidence_level":0.95,"lower_bound":1020973.9393740892,"upper_bound":1964635.479220748},"point_estimate":1371903.8705438375,"standard_error":239661.44232351615},"slope":null,"std_dev":{"confidence_interval":{"confidence_level":0.95,"lower_bound":1519804.5751734062,"upper_bound":2215388.8842079565},"point_estimate":1882016.2461681622,"standard_error":178216.543180835}}