{"mean":{"confidence_interval":{"confidence_level":0.95,"lower_bound":328281045.757,"upper_bound":328962948.042},"point_estimate":328619367.82,"standard_error":174068.00846036247},"median":{"confidence_interval":{"confidence_level":0.95,"lower_bound":328413452.5,"upper_bound":328880243.5},"point_estimate":328686238.5,"standard_error":143627.20112717367},"median_abs_dev":{"confidence_interval":{"confidence_level":0.95,"lower_bound":1277597.8174556058,"upper_bound":2169385.815838202},"point_estimate":1700483.6071103811,"standard_error":236332.32049371128},"slope":null,"std_dev":{"confidence_interval":{"confidence_level":0.95,"lower_bound":1469740.58570159,"upper_bound":2012105.954915377},"point_estimate":1743679.903059922,"standard_error":138154.99621829542}}