{"mean":{"confidence_interval":{"confidence_level":0.95,"lower_bound":76421865.40075,"upper_bound":76876050.49425},"point_estimate":76639690.39,"standard_error":116511.36942544351},"median":{"confidence_interval":{"confidence_level":0.95,"lower_bound":76124841.0,"upper_bound":76456139.0},"point_estimate":76277711.5,"standard_error":82026.67984549976},"median_abs_dev":{"confidence_interval":{"confidence_level":0.95,"lower_bound":505346.42492830753,"upper_bound":937849.0066498518},"point_estimate":770573.9233195782,"standard_error":116165.1401645591},"slope":null,"std_dev":{"confidence_interval":{"confidence_level":0.95,"lower_bound":920541.8723660151,"upper_bound":1379051.477574024},"point_estimate":1167908.1011009861,"standard_error":117149.28099659605}}