{"mean":{"confidence_interval":{"confidence_level":0.95,"lower_bound":334892969.89525,"upper_bound":339959560.95225},"point_estimate":337169933.17,"standard_error":1295899.8333462963},"median":{"confidence_interval":{"confidence_level":0.95,"lower_bound":333631007.0,"upper_bound":337619828.5},"point_estimate":335909031.0,"standard_error":1158812.8521130988},"median_abs_dev":{"confidence_interval":{"confidence_level":0.95,"lower_bound":6218798.948094249,"upper_bound":10120389.023727179},"point_estimate":7996664.636930823,"standard_error":983264.6823252456},"slope":null,"std_dev":{"confidence_interval":{"confidence_level":0.95,"lower_bound":7703243.677421061,"upper_bound":19204516.931556795},"point_estimate":13065673.018676866,"standard_error":3526002.4997039586}}