{"mean":{"confidence_interval":{"confidence_level":0.95,"lower_bound":76227944.58275,"upper_bound":76956911.43},"point_estimate":76555929.63,"standard_error":186453.7956707734},"median":{"confidence_interval":{"confidence_level":0.95,"lower_bound":75894297.0,"upper_bound":76441565.0},"point_estimate":76082660.5,"standard_error":123911.24599961509},"median_abs_dev":{"confidence_interval":{"confidence_level":0.95,"lower_bound":791470.428648591,"upper_bound":1469232.8523159027},"point_estimate":1185336.4550560713,"standard_error":170913.06308174934},"slope":null,"std_dev":{"confidence_interval":{"confidence_level":0.95,"lower_bound":1102766.8579050417,"upper_bound":2755514.7903994415},"point_estimate":1882270.3369757594,"standard_error":505929.7643109529}}