{"mean":{"confidence_interval":{"confidence_level":0.95,"lower_bound":0.020661438533348564,"upper_bound":0.026769094589968345},"point_estimate":0.023826618814233758,"standard_error":0.0015609658484094034},"median":{"confidence_interval":{"confidence_level":0.95,"lower_bound":0.018886276589792805,"upper_bound":0.026339018230371103},"point_estimate":0.02218241728590087,"standard_error":0.0020750397245476826}}