{"mean":{"confidence_interval":{"confidence_level":0.95,"lower_bound":0.2443646710426941,"upper_bound":0.2534312170253943},"point_estimate":0.24877060421007968,"standard_error":0.0023282243242499986},"median":{"confidence_interval":{"confidence_level":0.95,"lower_bound":0.2414576163976732,"upper_bound":0.25187519754899923},"point_estimate":0.24669863088237376,"standard_error":0.0026030401092256507}}