{"mean":{"confidence_interval":{"confidence_level":0.95,"lower_bound":-0.22765830122621727,"upper_bound":-0.22275544167246286},"point_estimate":-0.22553345312433326,"standard_error":0.001297374898625602},"median":{"confidence_interval":{"confidence_level":0.95,"lower_bound":-0.2301214726188341,"upper_bound":-0.22633594091901765},"point_estimate":-0.22804351715479776,"standard_error":0.0010243668383704727}}