{"mean":{"confidence_interval":{"confidence_level":0.95,"lower_bound":0.07987921325533594,"upper_bound":0.08992871330527945},"point_estimate":0.0850212086077633,"standard_error":0.002587944529177179},"median":{"confidence_interval":{"confidence_level":0.95,"lower_bound":0.08552125006952394,"upper_bound":0.09534645295611166},"point_estimate":0.09156660644892889,"standard_error":0.002823882288457631}}