{"mean":{"confidence_interval":{"confidence_level":0.95,"lower_bound":-0.1935827511589464,"upper_bound":-0.17940135064985144},"point_estimate":-0.1868792723069328,"standard_error":0.003718662540940642},"median":{"confidence_interval":{"confidence_level":0.95,"lower_bound":-0.19827138513691123,"upper_bound":-0.1876891958205864},"point_estimate":-0.1933121899328849,"standard_error":0.0025997716681475463}}