{"mean":{"confidence_interval":{"confidence_level":0.95,"lower_bound":0.08470790162641768,"upper_bound":0.11671698085101173},"point_estimate":0.10154729695261389,"standard_error":0.008091961608772793},"median":{"confidence_interval":{"confidence_level":0.95,"lower_bound":0.1507531946249845,"upper_bound":0.1619611519825752},"point_estimate":0.15607223572164863,"standard_error":0.00306356588661225}}