{"mean":{"confidence_interval":{"confidence_level":0.95,"lower_bound":-0.12360282787966104,"upper_bound":-0.10015974200252108},"point_estimate":-0.11144531693002635,"standard_error":0.005985255833855626},"median":{"confidence_interval":{"confidence_level":0.95,"lower_bound":-0.10539326816399563,"upper_bound":-0.10330979220078607},"point_estimate":-0.10437570775275662,"standard_error":0.00051475277531267}}