{"mean":{"confidence_interval":{"confidence_level":0.95,"lower_bound":-0.15331357617618116,"upper_bound":-0.14135236823195768},"point_estimate":-0.14750613032496518,"standard_error":0.0030626724217865144},"median":{"confidence_interval":{"confidence_level":0.95,"lower_bound":-0.15719609297836146,"upper_bound":-0.14107064746606846},"point_estimate":-0.15094827118453302,"standard_error":0.004011737899889068}}