{"mean":{"confidence_interval":{"confidence_level":0.95,"lower_bound":0.09971834075694083,"upper_bound":0.13971894226743345},"point_estimate":0.11975413137222701,"standard_error":0.010209986331386775},"median":{"confidence_interval":{"confidence_level":0.95,"lower_bound":0.19130703820932693,"upper_bound":0.19560426871214465},"point_estimate":0.1944054759085232,"standard_error":0.0031273890955395597}}