{"mean":{"confidence_interval":{"confidence_level":0.95,"lower_bound":0.1534551741175427,"upper_bound":0.16089130631881574},"point_estimate":0.15693162017180207,"standard_error":0.0019004749555409928},"median":{"confidence_interval":{"confidence_level":0.95,"lower_bound":0.155763707592532,"upper_bound":0.16517572637119413},"point_estimate":0.15867096624821797,"standard_error":0.0022329100397827793}}