{"mean":{"confidence_interval":{"confidence_level":0.95,"lower_bound":1.287947077293355,"upper_bound":1.329198475289469},"point_estimate":1.3084972729568314,"standard_error":0.010459284270913681},"median":{"confidence_interval":{"confidence_level":0.95,"lower_bound":1.2807869320309915,"upper_bound":1.3322335949676498},"point_estimate":1.2999124881147255,"standard_error":0.011978718117735801}}