{"mean":{"confidence_interval":{"confidence_level":0.95,"lower_bound":-0.009880631090061973,"upper_bound":0.0008562515192217508},"point_estimate":-0.005207383338172833,"standard_error":0.0027811908848948573},"median":{"confidence_interval":{"confidence_level":0.95,"lower_bound":-0.01005547888952818,"upper_bound":-0.006847657294709597},"point_estimate":-0.00849820415104341,"standard_error":0.0008420527458373294}}