{"mean":{"confidence_interval":{"confidence_level":0.95,"lower_bound":-0.295600481378944,"upper_bound":-0.2893838450181646},"point_estimate":-0.29226751973920406,"standard_error":0.0016032662307959846},"median":{"confidence_interval":{"confidence_level":0.95,"lower_bound":-0.3001514642684833,"upper_bound":-0.29315358458538454},"point_estimate":-0.2965520100053681,"standard_error":0.001814539577843424}}