{"mean":{"confidence_interval":{"confidence_level":0.95,"lower_bound":-0.06743070125957473,"upper_bound":-0.05287881353898634},"point_estimate":-0.06102393808794082,"standard_error":0.003698644858648792},"median":{"confidence_interval":{"confidence_level":0.95,"lower_bound":-0.07074397515199415,"upper_bound":-0.06044968301079101},"point_estimate":-0.06610885477819739,"standard_error":0.0022527374314609177}}