{"mean":{"confidence_interval":{"confidence_level":0.95,"lower_bound":0.016774069548050708,"upper_bound":0.022130267609482113},"point_estimate":0.01931864625026014,"standard_error":0.001376917068999324},"median":{"confidence_interval":{"confidence_level":0.95,"lower_bound":0.016604639826143852,"upper_bound":0.023683131490509046},"point_estimate":0.02032298990292758,"standard_error":0.0018805171031731438}}