{"mean":{"confidence_interval":{"confidence_level":0.95,"lower_bound":0.35688680918604,"upper_bound":0.36829768842924393},"point_estimate":0.36279509751156436,"standard_error":0.0029053264191216607},"median":{"confidence_interval":{"confidence_level":0.95,"lower_bound":0.36276186211679406,"upper_bound":0.37365259114101207},"point_estimate":0.36855731153213234,"standard_error":0.0024447026268000814}}