{"mean":{"confidence_interval":{"confidence_level":0.95,"lower_bound":0.026574455098988606,"upper_bound":0.062457917977137394},"point_estimate":0.045209010984225806,"standard_error":0.009266384026697268},"median":{"confidence_interval":{"confidence_level":0.95,"lower_bound":-0.017408867225377156,"upper_bound":0.12937038372292164},"point_estimate":0.052146589122001874,"standard_error":0.04281371785868155}}