{"mean":{"confidence_interval":{"confidence_level":0.95,"lower_bound":-0.08249805013614477,"upper_bound":-0.07363976835540756},"point_estimate":-0.07780357128546966,"standard_error":0.002243569369655058},"median":{"confidence_interval":{"confidence_level":0.95,"lower_bound":-0.07718310026116681,"upper_bound":-0.06988547201042128},"point_estimate":-0.07424402169523137,"standard_error":0.0019416251134950482}}