{"mean":{"confidence_interval":{"confidence_level":0.95,"lower_bound":-0.18279083139145844,"upper_bound":-0.1766104376544233},"point_estimate":-0.17964082179071783,"standard_error":0.0015757917368918535},"median":{"confidence_interval":{"confidence_level":0.95,"lower_bound":-0.18024093840223998,"upper_bound":-0.17665256805862362},"point_estimate":-0.1787285092682236,"standard_error":0.0008381321760674888}}