{"mean":{"confidence_interval":{"confidence_level":0.95,"lower_bound":-0.055294790752811886,"upper_bound":-0.04642402801580254},"point_estimate":-0.05100148697875795,"standard_error":0.0022701210377394556},"median":{"confidence_interval":{"confidence_level":0.95,"lower_bound":-0.05229120092485173,"upper_bound":-0.03817779929122734},"point_estimate":-0.04190348308585046,"standard_error":0.0033250631765681746}}