{"mean":{"confidence_interval":{"confidence_level":0.95,"lower_bound":-0.19271896398774024,"upper_bound":-0.1848035718892554},"point_estimate":-0.1883417152504654,"standard_error":0.0020204826651157894},"median":{"confidence_interval":{"confidence_level":0.95,"lower_bound":-0.18836865340540762,"upper_bound":-0.18380772577393967},"point_estimate":-0.18612107131596345,"standard_error":0.0011523209344278355}}