{"mean":{"confidence_interval":{"confidence_level":0.95,"lower_bound":-0.00466427613304661,"upper_bound":0.013817680937949588},"point_estimate":0.004412772471159343,"standard_error":0.004796162430714201},"median":{"confidence_interval":{"confidence_level":0.95,"lower_bound":-0.019788888276495574,"upper_bound":0.010260585310246031},"point_estimate":-0.003758609796839285,"standard_error":0.007057223670026634}}