{"mean":{"confidence_interval":{"confidence_level":0.95,"lower_bound":-0.17404387086719275,"upper_bound":-0.16325834976128972},"point_estimate":-0.16851914624310316,"standard_error":0.002748987637792595},"median":{"confidence_interval":{"confidence_level":0.95,"lower_bound":-0.17004944183280102,"upper_bound":-0.16227080204554734},"point_estimate":-0.16539970484194355,"standard_error":0.0020438116964092406}}