{"mean":{"confidence_interval":{"confidence_level":0.95,"lower_bound":0.19133054264329408,"upper_bound":0.19648934328782616},"point_estimate":0.19387143095355253,"standard_error":0.001314896008403896},"median":{"confidence_interval":{"confidence_level":0.95,"lower_bound":0.19048262791479506,"upper_bound":0.19609465545138804},"point_estimate":0.19285375293083296,"standard_error":0.0015297796448900728}}