{"mean":{"confidence_interval":{"confidence_level":0.95,"lower_bound":-0.001419290212714033,"upper_bound":0.010514587807959629},"point_estimate":0.004562300250871676,"standard_error":0.003041279633682508},"median":{"confidence_interval":{"confidence_level":0.95,"lower_bound":-0.0033317150345285595,"upper_bound":0.015743487002358503},"point_estimate":0.005110406615154384,"standard_error":0.005390405483938429}}