{"mean":{"confidence_interval":{"confidence_level":0.95,"lower_bound":0.1456283180702715,"upper_bound":0.15097315074310416},"point_estimate":0.14829809709567243,"standard_error":0.0013635959433749387},"median":{"confidence_interval":{"confidence_level":0.95,"lower_bound":0.1469318063974272,"upper_bound":0.15318218034316175},"point_estimate":0.15066272822779925,"standard_error":0.0015395092458145576}}