{"mean":{"confidence_interval":{"confidence_level":0.95,"lower_bound":-0.1772148708610797,"upper_bound":-0.1722389465857796},"point_estimate":-0.17444700958342385,"standard_error":0.0012751031010471538},"median":{"confidence_interval":{"confidence_level":0.95,"lower_bound":-0.1736079917807105,"upper_bound":-0.1702337166040783},"point_estimate":-0.17154830248378972,"standard_error":0.0007742735483102162}}