{"mean":{"confidence_interval":{"confidence_level":0.95,"lower_bound":-0.14147364292333786,"upper_bound":-0.13148572873719214},"point_estimate":-0.1361606171795242,"standard_error":0.0025378681580474284},"median":{"confidence_interval":{"confidence_level":0.95,"lower_bound":-0.13368494404877662,"upper_bound":-0.12160535987234655},"point_estimate":-0.12596606320113557,"standard_error":0.00309239938982471}}