{"mean":{"confidence_interval":{"confidence_level":0.95,"lower_bound":-0.09623130338045412,"upper_bound":-0.07443108147427091},"point_estimate":-0.0852452879169423,"standard_error":0.005540118781402089},"median":{"confidence_interval":{"confidence_level":0.95,"lower_bound":-0.09503748050224703,"upper_bound":-0.06206131719309438},"point_estimate":-0.08267716753185383,"standard_error":0.008263450528102612}}