{"mean":{"confidence_interval":{"confidence_level":0.95,"lower_bound":0.10338505690894456,"upper_bound":0.12013509062728334},"point_estimate":0.11219327429013459,"standard_error":0.0043202635583165306},"median":{"confidence_interval":{"confidence_level":0.95,"lower_bound":0.09517948262089004,"upper_bound":0.11540738083640267},"point_estimate":0.10503871157333688,"standard_error":0.00514865560202541}}