{"mean":{"confidence_interval":{"confidence_level":0.95,"lower_bound":0.04195827164553001,"upper_bound":0.06888585195383869},"point_estimate":0.05549495657557668,"standard_error":0.006875832026127037},"median":{"confidence_interval":{"confidence_level":0.95,"lower_bound":0.0485925947531205,"upper_bound":0.07768048487207871},"point_estimate":0.06321539751492233,"standard_error":0.007904020955877987}}