{"mean":{"confidence_interval":{"confidence_level":0.95,"lower_bound":-0.1593031415896702,"upper_bound":-0.13613226247294086},"point_estimate":-0.1478720953037974,"standard_error":0.005933739656745431},"median":{"confidence_interval":{"confidence_level":0.95,"lower_bound":-0.15740328510824664,"upper_bound":-0.13426498337996018},"point_estimate":-0.14681880897436983,"standard_error":0.007229184006570675}}