{"mean":{"confidence_interval":{"confidence_level":0.95,"lower_bound":0.04498886951649236,"upper_bound":0.05079531192084619},"point_estimate":0.04791354551114768,"standard_error":0.0014644302107479127},"median":{"confidence_interval":{"confidence_level":0.95,"lower_bound":0.04545633568592189,"upper_bound":0.04717310498558125},"point_estimate":0.046287482740172026,"standard_error":0.00042995633171823594}}