{"mean":{"confidence_interval":{"confidence_level":0.95,"lower_bound":-0.05532314241859566,"upper_bound":-0.050149503532786},"point_estimate":-0.05267968666392542,"standard_error":0.0013319648500135723},"median":{"confidence_interval":{"confidence_level":0.95,"lower_bound":-0.05873629808550108,"upper_bound":-0.04913618256389962},"point_estimate":-0.0561467420235745,"standard_error":0.002428037517799451}}