{"mean":{"confidence_interval":{"confidence_level":0.95,"lower_bound":0.19954258809903047,"upper_bound":0.21097910642913317},"point_estimate":0.20489134914456186,"standard_error":0.0028426558764963867},"median":{"confidence_interval":{"confidence_level":0.95,"lower_bound":0.19499315099936743,"upper_bound":0.20894648632481969},"point_estimate":0.20131017869386647,"standard_error":0.0033313763141670366}}