{"mean":{"confidence_interval":{"confidence_level":0.95,"lower_bound":-0.055207283543286634,"upper_bound":-0.0389450451018184},"point_estimate":-0.04692790827666582,"standard_error":0.004143222674015081},"median":{"confidence_interval":{"confidence_level":0.95,"lower_bound":-0.05857872667716779,"upper_bound":-0.03589960720785512},"point_estimate":-0.04805635951585874,"standard_error":0.005712370894873947}}