{"mean":{"confidence_interval":{"confidence_level":0.95,"lower_bound":-0.14068651788350922,"upper_bound":-0.1131934473723414},"point_estimate":-0.12645378214691372,"standard_error":0.006938096406461555},"median":{"confidence_interval":{"confidence_level":0.95,"lower_bound":-0.10126390785730333,"upper_bound":-0.09176298243871017},"point_estimate":-0.09560464870146601,"standard_error":0.0025048104274150726}}