{"mean":{"confidence_interval":{"confidence_level":0.95,"lower_bound":0.10559877642076776,"upper_bound":0.10911222214574347},"point_estimate":0.10733065330455593,"standard_error":0.0009121131989434232},"median":{"confidence_interval":{"confidence_level":0.95,"lower_bound":0.10295001519529379,"upper_bound":0.10851957838430049},"point_estimate":0.10636461574757528,"standard_error":0.0013958914316385906}}