{"mean":{"confidence_interval":{"confidence_level":0.95,"lower_bound":-0.1805680545399614,"upper_bound":-0.17149236603793988},"point_estimate":-0.1765206582826485,"standard_error":0.0022829977762083217},"median":{"confidence_interval":{"confidence_level":0.95,"lower_bound":-0.18189885090779512,"upper_bound":-0.17676316604847853},"point_estimate":-0.17936493035295853,"standard_error":0.0012753363900672857}}