{"mean":{"confidence_interval":{"confidence_level":0.95,"lower_bound":0.26840823693768306,"upper_bound":0.2805095931880016},"point_estimate":0.2742195430603511,"standard_error":0.0031264002740490873},"median":{"confidence_interval":{"confidence_level":0.95,"lower_bound":0.26559995174113626,"upper_bound":0.27700472045819313},"point_estimate":0.2709546416664015,"standard_error":0.0029944268568723002}}