{"mean":{"confidence_interval":{"confidence_level":0.95,"lower_bound":-0.03120923536611463,"upper_bound":-0.009771123180358483},"point_estimate":-0.020496138950956033,"standard_error":0.005479948648770976},"median":{"confidence_interval":{"confidence_level":0.95,"lower_bound":-0.03152019404452777,"upper_bound":-0.004004881758760015},"point_estimate":-0.01908599522409593,"standard_error":0.0071824641524440265}}