{"mean":{"confidence_interval":{"confidence_level":0.95,"lower_bound":0.1830361943659558,"upper_bound":0.20257629522989973},"point_estimate":0.1925844779653756,"standard_error":0.004555308726052686},"median":{"confidence_interval":{"confidence_level":0.95,"lower_bound":0.17620692640156732,"upper_bound":0.18715281565429054},"point_estimate":0.18244268661349627,"standard_error":0.0025645270275745273}}