{"mean":{"confidence_interval":{"confidence_level":0.95,"lower_bound":0.18690737040344674,"upper_bound":0.20473671507613028},"point_estimate":0.19590900100460407,"standard_error":0.004410429828011145},"median":{"confidence_interval":{"confidence_level":0.95,"lower_bound":0.18312751848103437,"upper_bound":0.2067769830679318},"point_estimate":0.19716235661336978,"standard_error":0.005498945387963177}}