{"mean":{"confidence_interval":{"confidence_level":0.95,"lower_bound":0.18387465820524812,"upper_bound":0.18726911936090257},"point_estimate":0.18560506944154498,"standard_error":0.0008632702234168113},"median":{"confidence_interval":{"confidence_level":0.95,"lower_bound":0.1843599208255713,"upper_bound":0.18690071759178337},"point_estimate":0.18540520474142297,"standard_error":0.000637467491284639}}