{"mean":{"confidence_interval":{"confidence_level":0.95,"lower_bound":0.19987829350508135,"upper_bound":0.20601907892311588},"point_estimate":0.20312827265353528,"standard_error":0.0015538773746229656},"median":{"confidence_interval":{"confidence_level":0.95,"lower_bound":0.20296803892904935,"upper_bound":0.20749046879788832},"point_estimate":0.2049013516068081,"standard_error":0.0012099900868127293}}