{"mean":{"confidence_interval":{"confidence_level":0.95,"lower_bound":0.004078811076849026,"upper_bound":0.009178982639102879},"point_estimate":0.006620690271513352,"standard_error":0.0013005186929268575},"median":{"confidence_interval":{"confidence_level":0.95,"lower_bound":0.00474718492770454,"upper_bound":0.007028546662064095},"point_estimate":0.005742734383024528,"standard_error":0.0005887633860210921}}