{"mean":{"confidence_interval":{"confidence_level":0.95,"lower_bound":-0.16413515517392663,"upper_bound":-0.15646502168176993},"point_estimate":-0.16024016677152397,"standard_error":0.0019499576273883355},"median":{"confidence_interval":{"confidence_level":0.95,"lower_bound":-0.1652621510397032,"upper_bound":-0.15509842475906066},"point_estimate":-0.1587234722080918,"standard_error":0.0024241136387227235}}