{"mean":{"confidence_interval":{"confidence_level":0.95,"lower_bound":0.30837459965830627,"upper_bound":0.3312685836624171},"point_estimate":0.31762649192315373,"standard_error":0.006198557562306633},"median":{"confidence_interval":{"confidence_level":0.95,"lower_bound":0.3093225957388326,"upper_bound":0.3165392551675492},"point_estimate":0.31216383495701416,"standard_error":0.0018274360556054306}}