{"mean":{"confidence_interval":{"confidence_level":0.95,"lower_bound":0.31203008469106797,"upper_bound":0.3490556519443301},"point_estimate":0.3306791889156866,"standard_error":0.009499477050566857},"median":{"confidence_interval":{"confidence_level":0.95,"lower_bound":0.31168839368022305,"upper_bound":0.3599389008119056},"point_estimate":0.33551087347827413,"standard_error":0.01235702950392584}}