{"mean":{"confidence_interval":{"confidence_level":0.95,"lower_bound":-0.09825502926191036,"upper_bound":-0.09451805854595206},"point_estimate":-0.09648773885634698,"standard_error":0.0009445854754703577},"median":{"confidence_interval":{"confidence_level":0.95,"lower_bound":-0.09928581290877048,"upper_bound":-0.09595521047653799},"point_estimate":-0.09741654995575966,"standard_error":0.0008531404059981793}}