{"mean":{"confidence_interval":{"confidence_level":0.95,"lower_bound":0.2479812108173839,"upper_bound":0.2644344824907019},"point_estimate":0.25608504179141045,"standard_error":0.004122371399000623},"median":{"confidence_interval":{"confidence_level":0.95,"lower_bound":0.2464822608821172,"upper_bound":0.26299174414057425},"point_estimate":0.2555384116079087,"standard_error":0.0040327942354524}}