{"mean":{"confidence_interval":{"confidence_level":0.95,"lower_bound":-0.001413939669039768,"upper_bound":0.00357554330415459},"point_estimate":0.0010718822709174791,"standard_error":0.0012753825035252216},"median":{"confidence_interval":{"confidence_level":0.95,"lower_bound":-0.0008515423168877767,"upper_bound":0.0011291601784881866},"point_estimate":0.00009054637782424102,"standard_error":0.0005019099966520357}}