{"mean":{"confidence_interval":{"confidence_level":0.95,"lower_bound":0.07114731508365879,"upper_bound":0.07731895922301076},"point_estimate":0.07462283870367603,"standard_error":0.0015925231040686254},"median":{"confidence_interval":{"confidence_level":0.95,"lower_bound":0.07414738603896476,"upper_bound":0.07837693619865727},"point_estimate":0.07583759081309349,"standard_error":0.0010780876147382398}}