{"mean":{"confidence_interval":{"confidence_level":0.95,"lower_bound":0.1414875042942673,"upper_bound":0.15944435910701263},"point_estimate":0.15057506178609836,"standard_error":0.004611354361277929},"median":{"confidence_interval":{"confidence_level":0.95,"lower_bound":0.1340154769485813,"upper_bound":0.14910003080561274},"point_estimate":0.1409678032717263,"standard_error":0.0044950082785559006}}