{"mean":{"confidence_interval":{"confidence_level":0.95,"lower_bound":-0.08519059644634991,"upper_bound":-0.05997281514793829},"point_estimate":-0.07287769532369015,"standard_error":0.006437929080634065},"median":{"confidence_interval":{"confidence_level":0.95,"lower_bound":-0.09432726279375137,"upper_bound":-0.06542280192767452},"point_estimate":-0.07703430030998715,"standard_error":0.007661331244766067}}