{"mean":{"confidence_interval":{"confidence_level":0.95,"lower_bound":-0.001439493457439996,"upper_bound":0.0043863358006551775},"point_estimate":0.001135510560589914,"standard_error":0.00144641290893628},"median":{"confidence_interval":{"confidence_level":0.95,"lower_bound":0.0002747729756303512,"upper_bound":0.0022199762008323263},"point_estimate":0.0011872172543154758,"standard_error":0.0004949777946700806}}