{"mean":{"confidence_interval":{"confidence_level":0.95,"lower_bound":-0.3007099417224395,"upper_bound":-0.28860931471606904},"point_estimate":-0.2945692710637563,"standard_error":0.0030870433959716776},"median":{"confidence_interval":{"confidence_level":0.95,"lower_bound":-0.29669471684598425,"upper_bound":-0.28702038389808104},"point_estimate":-0.29232507518296413,"standard_error":0.002289791123202948}}