{"mean":{"confidence_interval":{"confidence_level":0.95,"lower_bound":-0.15829081463846578,"upper_bound":-0.15123137447852616},"point_estimate":-0.15420387875437191,"standard_error":0.001829200380914891},"median":{"confidence_interval":{"confidence_level":0.95,"lower_bound":-0.15580624093616313,"upper_bound":-0.15134373619449903},"point_estimate":-0.15350273958037974,"standard_error":0.0011538560592223854}}