{"mean":{"confidence_interval":{"confidence_level":0.95,"lower_bound":-0.00126161332545614,"upper_bound":0.014420157301625325},"point_estimate":0.0051655436551028,"standard_error":0.003968434775693132},"median":{"confidence_interval":{"confidence_level":0.95,"lower_bound":-0.003639915903183466,"upper_bound":-0.0015174994369966388},"point_estimate":-0.002486992686161704,"standard_error":0.0005305232779554036}}