{"mean":{"confidence_interval":{"confidence_level":0.95,"lower_bound":-0.007865400800903989,"upper_bound":-0.0018611472923952713},"point_estimate":-0.004809923199143085,"standard_error":0.0015004169103161082},"median":{"confidence_interval":{"confidence_level":0.95,"lower_bound":-0.005272474873085464,"upper_bound":-0.0037857202736466425},"point_estimate":-0.00463839165250457,"standard_error":0.00038231910460155}}