{"mean":{"confidence_interval":{"confidence_level":0.95,"lower_bound":-0.013766406869569136,"upper_bound":0.0015013585778308467},"point_estimate":-0.004126558223244481,"standard_error":0.004436816599234809},"median":{"confidence_interval":{"confidence_level":0.95,"lower_bound":-0.0007358718083320725,"upper_bound":0.0009708686563205671},"point_estimate":0.0001549514490954973,"standard_error":0.00041472625839922826}}