{"mean":{"confidence_interval":{"confidence_level":0.95,"lower_bound":0.27981891262920383,"upper_bound":0.30832106413392146},"point_estimate":0.2929312376540192,"standard_error":0.007005409850108441},"median":{"confidence_interval":{"confidence_level":0.95,"lower_bound":0.27051087626029346,"upper_bound":0.2921262776115381},"point_estimate":0.28256226495145054,"standard_error":0.005610230305671343}}