{"mean":{"confidence_interval":{"confidence_level":0.95,"lower_bound":0.004742738009250242,"upper_bound":0.009000072656550924},"point_estimate":0.006556744298025441,"standard_error":0.0010894157849160762},"median":{"confidence_interval":{"confidence_level":0.95,"lower_bound":0.004213623399415889,"upper_bound":0.005630650045978625},"point_estimate":0.004906831047054139,"standard_error":0.00036231121018290486}}