{"mean":{"confidence_interval":{"confidence_level":0.95,"lower_bound":0.013387231405780357,"upper_bound":0.02358949888772282},"point_estimate":0.018825655121015528,"standard_error":0.002579048463163005},"median":{"confidence_interval":{"confidence_level":0.95,"lower_bound":0.014044013708741697,"upper_bound":0.02248726373045873},"point_estimate":0.017121179834732603,"standard_error":0.0020834942978879526}}