{"mean":{"confidence_interval":{"confidence_level":0.95,"lower_bound":-0.00037819013193251784,"upper_bound":0.003665852631107946},"point_estimate":0.0015528879282402652,"standard_error":0.001045745961086222},"median":{"confidence_interval":{"confidence_level":0.95,"lower_bound":0.0002549126251485401,"upper_bound":0.0025949191425413964},"point_estimate":0.0014191360170452416,"standard_error":0.0006196189300383669}}