{"mean":{"confidence_interval":{"confidence_level":0.95,"lower_bound":0.02413082530339726,"upper_bound":0.042031242929973844},"point_estimate":0.031790051290889965,"standard_error":0.004548820502914846},"median":{"confidence_interval":{"confidence_level":0.95,"lower_bound":0.010343817456720306,"upper_bound":0.031417337722515246},"point_estimate":0.020416066196013327,"standard_error":0.005374154033817897}}