{"mean":{"confidence_interval":{"confidence_level":0.95,"lower_bound":-0.006200625138983881,"upper_bound":-0.0010349322002966735},"point_estimate":-0.003616947984769636,"standard_error":0.001296828626816905},"median":{"confidence_interval":{"confidence_level":0.95,"lower_bound":-0.003934725792511973,"upper_bound":-0.0019131426952484487},"point_estimate":-0.002719578942980805,"standard_error":0.0005083499609357375}}