{"mean":{"confidence_interval":{"confidence_level":0.95,"lower_bound":0.00008752346941780676,"upper_bound":0.008392584959927084},"point_estimate":0.0036108578963305327,"standard_error":0.002185319827315729},"median":{"confidence_interval":{"confidence_level":0.95,"lower_bound":0.0002430506312900986,"upper_bound":0.0021578165789122306},"point_estimate":0.0011038888755103837,"standard_error":0.000510693517501792}}