{"mean":{"confidence_interval":{"confidence_level":0.95,"lower_bound":-0.014185992749873363,"upper_bound":-0.011341672608707607},"point_estimate":-0.012723258034447182,"standard_error":0.0007244360435013893},"median":{"confidence_interval":{"confidence_level":0.95,"lower_bound":-0.014741907266489046,"upper_bound":-0.011572011795090154},"point_estimate":-0.013148395852215167,"standard_error":0.0007853458348926508}}