{"mean":{"confidence_interval":{"confidence_level":0.95,"lower_bound":0.14867431937549466,"upper_bound":0.16065734086837655},"point_estimate":0.15409536837240534,"standard_error":0.0030114792865210314},"median":{"confidence_interval":{"confidence_level":0.95,"lower_bound":0.14894360521682648,"upper_bound":0.16823729301928775},"point_estimate":0.16004485093747833,"standard_error":0.005061461647881511}}