{"mean":{"confidence_interval":{"confidence_level":0.95,"lower_bound":-0.0009888283488131504,"upper_bound":0.0036293081383296437},"point_estimate":0.0013691458163220815,"standard_error":0.0011785560867488222},"median":{"confidence_interval":{"confidence_level":0.95,"lower_bound":0.001002627190726857,"upper_bound":0.003513274530540622},"point_estimate":0.0022201340961154337,"standard_error":0.0006258029273752265}}