{"mean":{"confidence_interval":{"confidence_level":0.95,"lower_bound":-0.008336741702448233,"upper_bound":-0.0034603730224194635},"point_estimate":-0.005734781497094055,"standard_error":0.0012373419413917244},"median":{"confidence_interval":{"confidence_level":0.95,"lower_bound":-0.005244649057953299,"upper_bound":-0.0038830517667557407},"point_estimate":-0.004694910590849699,"standard_error":0.00034176470130658154}}