{"mean":{"confidence_interval":{"confidence_level":0.95,"lower_bound":-0.00001512057873561649,"upper_bound":0.0032203362689418808},"point_estimate":0.0017573710956086952,"standard_error":0.0008282800138390146},"median":{"confidence_interval":{"confidence_level":0.95,"lower_bound":0.0019656711850406516,"upper_bound":0.0033943581397657407},"point_estimate":0.002652038892764219,"standard_error":0.00036836670765141}}