{"mean":{"confidence_interval":{"confidence_level":0.95,"lower_bound":-0.0038983277440448856,"upper_bound":0.0026253195839054653},"point_estimate":-0.00034171628191037584,"standard_error":0.001667788480948314},"median":{"confidence_interval":{"confidence_level":0.95,"lower_bound":-0.000743755235880772,"upper_bound":0.001227475443064785},"point_estimate":0.00044979622730445534,"standard_error":0.0004971595136891131}}