{"mean":{"confidence_interval":{"confidence_level":0.95,"lower_bound":-0.0029684742562577915,"upper_bound":0.0028776580256097404},"point_estimate":0.00030182715289162054,"standard_error":0.0015077927947241498},"median":{"confidence_interval":{"confidence_level":0.95,"lower_bound":0.0015758463685009438,"upper_bound":0.004061314279687922},"point_estimate":0.003030607695273524,"standard_error":0.000629439722417314}}