{"mean":{"confidence_interval":{"confidence_level":0.95,"lower_bound":-0.033839278119732655,"upper_bound":-0.00017845287565338726},"point_estimate":-0.014553378842362963,"standard_error":0.008771509498597604},"median":{"confidence_interval":{"confidence_level":0.95,"lower_bound":-0.00003191469939667346,"upper_bound":0.0015240788785446657},"point_estimate":0.0006427997135278751,"standard_error":0.00040830761026305787}}