{"mean":{"confidence_interval":{"confidence_level":0.95,"lower_bound":0.03298319167810319,"upper_bound":0.05472759219088359},"point_estimate":0.04250044937763775,"standard_error":0.00573711061385063},"median":{"confidence_interval":{"confidence_level":0.95,"lower_bound":0.020002033229402638,"upper_bound":0.042356237463800905},"point_estimate":0.03354598163323663,"standard_error":0.005694240215491427}}