{"mean":{"confidence_interval":{"confidence_level":0.95,"lower_bound":0.014814947586164208,"upper_bound":0.01738612021461085},"point_estimate":0.01609838555976073,"standard_error":0.000656246377166041},"median":{"confidence_interval":{"confidence_level":0.95,"lower_bound":0.014206673235876467,"upper_bound":0.017977670157291348},"point_estimate":0.016082971698667237,"standard_error":0.000990603719676156}}