{"mean":{"confidence_interval":{"confidence_level":0.95,"lower_bound":-0.06900947655745511,"upper_bound":-0.06507552514689958},"point_estimate":-0.06696982355622472,"standard_error":0.001005154678956588},"median":{"confidence_interval":{"confidence_level":0.95,"lower_bound":-0.0682676018109552,"upper_bound":-0.06481611680405908},"point_estimate":-0.06639758776771254,"standard_error":0.00083824515793071}}