{"mean":{"confidence_interval":{"confidence_level":0.95,"lower_bound":-0.0013545843901807723,"upper_bound":0.006487369530740943},"point_estimate":0.002364039674378482,"standard_error":0.001970883916471377},"median":{"confidence_interval":{"confidence_level":0.95,"lower_bound":-0.000486101433269992,"upper_bound":0.0015567567276026928},"point_estimate":0.0006678577016405729,"standard_error":0.0005151568010766323}}