{"mean":{"confidence_interval":{"confidence_level":0.95,"lower_bound":0.16090295978201635,"upper_bound":0.1817455885978768},"point_estimate":0.17052645741329697,"standard_error":0.0053760199178207015},"median":{"confidence_interval":{"confidence_level":0.95,"lower_bound":0.155718565708725,"upper_bound":0.17344044248161872},"point_estimate":0.16505915068767152,"standard_error":0.004949236308338668}}