{"mean":{"confidence_interval":{"confidence_level":0.95,"lower_bound":0.0020536518788134227,"upper_bound":0.007644033013691436},"point_estimate":0.004995165340767382,"standard_error":0.0014225842724979757},"median":{"confidence_interval":{"confidence_level":0.95,"lower_bound":0.006383084864965083,"upper_bound":0.008281862434580178},"point_estimate":0.007394421983190069,"standard_error":0.0004720889833313515}}