{"mean":{"confidence_interval":{"confidence_level":0.95,"lower_bound":0.13449701258456165,"upper_bound":0.16291613796610885},"point_estimate":0.14628765004458888,"standard_error":0.007469557227644026},"median":{"confidence_interval":{"confidence_level":0.95,"lower_bound":0.12262957444575018,"upper_bound":0.13390774966828434},"point_estimate":0.12750855360413005,"standard_error":0.0033062931967912093}}