{"mean":{"confidence_interval":{"confidence_level":0.95,"lower_bound":-0.011207686813540544,"upper_bound":-0.0031622655216715758},"point_estimate":-0.006813348241565098,"standard_error":0.002064105182890104},"median":{"confidence_interval":{"confidence_level":0.95,"lower_bound":-0.00340094449575834,"upper_bound":-0.0014389079063976888},"point_estimate":-0.0026848392423091116,"standard_error":0.0004929447921305041}}