{"mean":{"confidence_interval":{"confidence_level":0.95,"lower_bound":0.28536636945926,"upper_bound":0.3147552890085755},"point_estimate":0.29852815373445574,"standard_error":0.007170433273629527},"median":{"confidence_interval":{"confidence_level":0.95,"lower_bound":0.2832086489397805,"upper_bound":0.31721271824555},"point_estimate":0.2984843411029614,"standard_error":0.007903055685306103}}