{"mean":{"confidence_interval":{"confidence_level":0.95,"lower_bound":-0.2753071106426638,"upper_bound":-0.26550988296525396},"point_estimate":-0.2702488574271855,"standard_error":0.002507442104030159},"median":{"confidence_interval":{"confidence_level":0.95,"lower_bound":-0.26891868335433894,"upper_bound":-0.2583778779145204},"point_estimate":-0.26514902366683923,"standard_error":0.002944700229970694}}