{"mean":{"confidence_interval":{"confidence_level":0.95,"lower_bound":-0.3150368808856263,"upper_bound":-0.31216663208811224},"point_estimate":-0.313640556619157,"standard_error":0.000727528177702525},"median":{"confidence_interval":{"confidence_level":0.95,"lower_bound":-0.3147905860865592,"upper_bound":-0.3127542950178379},"point_estimate":-0.31363810411290904,"standard_error":0.0005401874305629918}}