{"mean":{"confidence_interval":{"confidence_level":0.95,"lower_bound":-0.011434720666142331,"upper_bound":-0.007590425660261801},"point_estimate":-0.00955349084134649,"standard_error":0.0009784234989817396},"median":{"confidence_interval":{"confidence_level":0.95,"lower_bound":-0.011855946387146044,"upper_bound":-0.00705575426504379},"point_estimate":-0.009095614402008678,"standard_error":0.0011715274277080221}}