{"mean":{"confidence_interval":{"confidence_level":0.95,"lower_bound":0.14013752198190724,"upper_bound":0.16979408197266166},"point_estimate":0.1558575492219254,"standard_error":0.007383966373178609},"median":{"confidence_interval":{"confidence_level":0.95,"lower_bound":0.11975434778087002,"upper_bound":0.13267578867466945},"point_estimate":0.12402365773398882,"standard_error":0.0031915945002937798}}