{"mean":{"confidence_interval":{"confidence_level":0.95,"lower_bound":-0.153110137642661,"upper_bound":-0.13786606592060957},"point_estimate":-0.14520310017324356,"standard_error":0.003904017863755645},"median":{"confidence_interval":{"confidence_level":0.95,"lower_bound":-0.1422354231816687,"upper_bound":-0.1282168440607428},"point_estimate":-0.13440586061985615,"standard_error":0.003411124889730489}}