{"mean":{"confidence_interval":{"confidence_level":0.95,"lower_bound":-0.014465648588727321,"upper_bound":-0.006686291220394872},"point_estimate":-0.010445304087044471,"standard_error":0.0019847193425070733},"median":{"confidence_interval":{"confidence_level":0.95,"lower_bound":-0.006774191835373755,"upper_bound":-0.002592392458300896},"point_estimate":-0.004251369644731273,"standard_error":0.0010733463671712049}}