{"mean":{"confidence_interval":{"confidence_level":0.95,"lower_bound":0.018561905741823037,"upper_bound":0.022947763453748438},"point_estimate":0.020440501741402883,"standard_error":0.0011103932722732242},"median":{"confidence_interval":{"confidence_level":0.95,"lower_bound":0.018716690268147707,"upper_bound":0.020585827094248277},"point_estimate":0.019885765076706585,"standard_error":0.0005015261191435365}}