{"mean":{"confidence_interval":{"confidence_level":0.95,"lower_bound":0.1017196512118813,"upper_bound":0.10675535839350123},"point_estimate":0.10416318538049363,"standard_error":0.0013212069199633938},"median":{"confidence_interval":{"confidence_level":0.95,"lower_bound":0.10309682728131442,"upper_bound":0.10936792362422065},"point_estimate":0.10737279328623872,"standard_error":0.001818117835142715}}