{"mean":{"confidence_interval":{"confidence_level":0.95,"lower_bound":0.0012703103672923822,"upper_bound":0.0038378742795948874},"point_estimate":0.0025468115989668583,"standard_error":0.0006486391499629815},"median":{"confidence_interval":{"confidence_level":0.95,"lower_bound":0.0016811106402989662,"upper_bound":0.00415192014024357},"point_estimate":0.0029445057284369636,"standard_error":0.0006360802982381977}}