{"mean":{"confidence_interval":{"confidence_level":0.95,"lower_bound":0.19731819156962066,"upper_bound":0.21526763928408743},"point_estimate":0.2056194120843804,"standard_error":0.004574540064225854},"median":{"confidence_interval":{"confidence_level":0.95,"lower_bound":0.18933352207686105,"upper_bound":0.20137134806255652},"point_estimate":0.19433876292916463,"standard_error":0.0032819148312914523}}