{"mean":{"confidence_interval":{"confidence_level":0.95,"lower_bound":-0.20896934722232446,"upper_bound":-0.19460905150398408},"point_estimate":-0.20137049049235367,"standard_error":0.0036642033328442326},"median":{"confidence_interval":{"confidence_level":0.95,"lower_bound":-0.2000112740755905,"upper_bound":-0.1890577942242233},"point_estimate":-0.19513634744958075,"standard_error":0.0027578051024774943}}