{"mean":{"confidence_interval":{"confidence_level":0.95,"lower_bound":0.00005002173726784146,"upper_bound":0.005135966636991776},"point_estimate":0.002508447162725913,"standard_error":0.001292724907459141},"median":{"confidence_interval":{"confidence_level":0.95,"lower_bound":0.0003017891225867153,"upper_bound":0.0036330350379853832},"point_estimate":0.0015653618687272441,"standard_error":0.0008494178121494714}}