{"mean":{"confidence_interval":{"confidence_level":0.95,"lower_bound":-0.004394468142151581,"upper_bound":0.0018519286699285598},"point_estimate":-0.0011714666645074034,"standard_error":0.0015928567922634386},"median":{"confidence_interval":{"confidence_level":0.95,"lower_bound":-0.0009674488686101101,"upper_bound":0.00077159606461219},"point_estimate":-0.00017881125540930576,"standard_error":0.0004244398687560888}}