{"mean":{"confidence_interval":{"confidence_level":0.95,"lower_bound":0.09371722987276913,"upper_bound":0.11389090675183215},"point_estimate":0.10389388629250873,"standard_error":0.00517203973239273},"median":{"confidence_interval":{"confidence_level":0.95,"lower_bound":0.10151913295535508,"upper_bound":0.1271872745284106},"point_estimate":0.11849038880999618,"standard_error":0.0060366687265483035}}