{"mean":{"confidence_interval":{"confidence_level":0.95,"lower_bound":0.11258786231394623,"upper_bound":0.13136592030167263},"point_estimate":0.12134890900298889,"standard_error":0.0048647805184629305},"median":{"confidence_interval":{"confidence_level":0.95,"lower_bound":0.09837146652069939,"upper_bound":0.12039543880619719},"point_estimate":0.10866215862885875,"standard_error":0.0055168554589211495}}