{"mean":{"confidence_interval":{"confidence_level":0.95,"lower_bound":0.005853387299720737,"upper_bound":0.010649083657514158},"point_estimate":0.008252568109683889,"standard_error":0.0012162234387018641},"median":{"confidence_interval":{"confidence_level":0.95,"lower_bound":0.003686573495310874,"upper_bound":0.00616887562896995},"point_estimate":0.004834057982773254,"standard_error":0.0006790706725521292}}