{"mean":{"confidence_interval":{"confidence_level":0.95,"lower_bound":0.004057716728455126,"upper_bound":0.009950470537405087},"point_estimate":0.007023230052684681,"standard_error":0.0015585387874539572},"median":{"confidence_interval":{"confidence_level":0.95,"lower_bound":0.003504016086589487,"upper_bound":0.005930568638593758},"point_estimate":0.004649429204599986,"standard_error":0.0006549493178299102}}