{"mean":{"confidence_interval":{"confidence_level":0.95,"lower_bound":-0.013612619760552907,"upper_bound":0.001791467990946198},"point_estimate":-0.0041252296905246455,"standard_error":0.004220919369790026},"median":{"confidence_interval":{"confidence_level":0.95,"lower_bound":-0.00015403635403898885,"upper_bound":0.0016733228976515413},"point_estimate":0.0007956574759300228,"standard_error":0.0004420712305337445}}