{"mean":{"confidence_interval":{"confidence_level":0.95,"lower_bound":-0.01658943697261787,"upper_bound":0.004891174898191783},"point_estimate":-0.006018104568630389,"standard_error":0.005338179683347801},"median":{"confidence_interval":{"confidence_level":0.95,"lower_bound":-0.0147446475285552,"upper_bound":0.012780494456461674},"point_estimate":0.002573808681172851,"standard_error":0.007840006029654237}}