{"mean":{"confidence_interval":{"confidence_level":0.95,"lower_bound":-0.004673518803711729,"upper_bound":0.00016054193956961937},"point_estimate":-0.0022117299849460093,"standard_error":0.0012286880996681543},"median":{"confidence_interval":{"confidence_level":0.95,"lower_bound":-0.002802084469284649,"upper_bound":-0.0011647897802843366},"point_estimate":-0.0022138877620624386,"standard_error":0.00041580700749407174}}