{"mean":{"confidence_interval":{"confidence_level":0.95,"lower_bound":-0.007412225729755989,"upper_bound":-0.0028410339308038465},"point_estimate":-0.004881517228621068,"standard_error":0.0011668870398864719},"median":{"confidence_interval":{"confidence_level":0.95,"lower_bound":-0.005042390843242891,"upper_bound":-0.0031732237324782905},"point_estimate":-0.0040330424841020784,"standard_error":0.0004975994938065228}}