{"mean":{"confidence_interval":{"confidence_level":0.95,"lower_bound":-0.008697092875283492,"upper_bound":-0.006378033966382127},"point_estimate":-0.0075098859901600035,"standard_error":0.0005959506067228233},"median":{"confidence_interval":{"confidence_level":0.95,"lower_bound":-0.009786612134557893,"upper_bound":-0.006477358185425889},"point_estimate":-0.008184778451019059,"standard_error":0.0008348489550353697}}