{"mean":{"confidence_interval":{"confidence_level":0.95,"lower_bound":0.0029327618482704433,"upper_bound":0.005624754864738668},"point_estimate":0.004302400183647137,"standard_error":0.0006921349823959381},"median":{"confidence_interval":{"confidence_level":0.95,"lower_bound":0.002539769767100797,"upper_bound":0.004852596938581311},"point_estimate":0.003824044531989479,"standard_error":0.0005779294470383199}}