{"mean":{"confidence_interval":{"confidence_level":0.95,"lower_bound":-0.057713573721247226,"upper_bound":-0.03823308707567763},"point_estimate":-0.04797954078696143,"standard_error":0.004952470088864253},"median":{"confidence_interval":{"confidence_level":0.95,"lower_bound":-0.059544894326640896,"upper_bound":-0.03427637289618868},"point_estimate":-0.0459433175377616,"standard_error":0.006466722599700347}}