{"mean":{"confidence_interval":{"confidence_level":0.95,"lower_bound":-0.000709108711936826,"upper_bound":0.003186851768255743},"point_estimate":0.0010011992211764742,"standard_error":0.0009750649189956387},"median":{"confidence_interval":{"confidence_level":0.95,"lower_bound":-0.0005119547950153125,"upper_bound":0.0013364749178916835},"point_estimate":0.0001473393215667418,"standard_error":0.00048305818826460456}}