{"mean":{"confidence_interval":{"confidence_level":0.95,"lower_bound":0.000043473198377036595,"upper_bound":0.004894131223779424},"point_estimate":0.002284659054127891,"standard_error":0.001243986509777239},"median":{"confidence_interval":{"confidence_level":0.95,"lower_bound":0.0002450511790539345,"upper_bound":0.0021350345988973007},"point_estimate":0.001288017781953421,"standard_error":0.0004925012848796145}}