{"mean":{"confidence_interval":{"confidence_level":0.95,"lower_bound":-0.010934103625651101,"upper_bound":0.0015365689707605716},"point_estimate":-0.003561787742952127,"standard_error":0.003254128331584833},"median":{"confidence_interval":{"confidence_level":0.95,"lower_bound":0.0007168009551317134,"upper_bound":0.0024814365796030913},"point_estimate":0.0016347751903473817,"standard_error":0.0004489420688189954}}