{"mean":{"confidence_interval":{"confidence_level":0.95,"lower_bound":0.013755387799218283,"upper_bound":0.015498909331946125},"point_estimate":0.014699725379956119,"standard_error":0.00044659937368110906},"median":{"confidence_interval":{"confidence_level":0.95,"lower_bound":0.014637315672769269,"upper_bound":0.015739019963999512},"point_estimate":0.015186307547154554,"standard_error":0.00028089471449460916}}