{"mean":{"confidence_interval":{"confidence_level":0.95,"lower_bound":-0.0018644786368993938,"upper_bound":0.005003180089578068},"point_estimate":0.001811194229265345,"standard_error":0.0017581727380130757},"median":{"confidence_interval":{"confidence_level":0.95,"lower_bound":0.0009207287539568179,"upper_bound":0.0025861761541643435},"point_estimate":0.0016513218601197366,"standard_error":0.0004128108956237061}}