{"mean":{"confidence_interval":{"confidence_level":0.95,"lower_bound":-0.002492054075481728,"upper_bound":0.0021565501438080997},"point_estimate":-0.00026005833490494457,"standard_error":0.0011824884429318047},"median":{"confidence_interval":{"confidence_level":0.95,"lower_bound":-0.002367242232742428,"upper_bound":-0.0005763458075916938},"point_estimate":-0.001832115387504496,"standard_error":0.0004689434959109849}}