{"mean":{"confidence_interval":{"confidence_level":0.95,"lower_bound":-0.02326332642920529,"upper_bound":0.0052564314751540435},"point_estimate":-0.0057347586998759414,"standard_error":0.0077812180096055806},"median":{"confidence_interval":{"confidence_level":0.95,"lower_bound":0.00022884014540291986,"upper_bound":0.0019905732583233447},"point_estimate":0.0008993643909043225,"standard_error":0.00044936031516871176}}