{"mean":{"confidence_interval":{"confidence_level":0.95,"lower_bound":0.01503788512081285,"upper_bound":0.018741899179680232},"point_estimate":0.01705403249831683,"standard_error":0.0009544304838842962},"median":{"confidence_interval":{"confidence_level":0.95,"lower_bound":0.016581804393259736,"upper_bound":0.018401986209338854},"point_estimate":0.01783359659700201,"standard_error":0.0004869476021288241}}