{"mean":{"confidence_interval":{"confidence_level":0.95,"lower_bound":-0.027905552282210203,"upper_bound":-0.018885708661565276},"point_estimate":-0.023364259195757686,"standard_error":0.002304911871892886},"median":{"confidence_interval":{"confidence_level":0.95,"lower_bound":-0.02517196108983999,"upper_bound":-0.018595232400969608},"point_estimate":-0.022560231757006832,"standard_error":0.0016790816915810752}}