{"mean":{"confidence_interval":{"confidence_level":0.95,"lower_bound":0.19409449111714283,"upper_bound":0.19655478168274557},"point_estimate":0.19533357523944184,"standard_error":0.0006285737490570489},"median":{"confidence_interval":{"confidence_level":0.95,"lower_bound":0.19383340943936278,"upper_bound":0.19554382905007736},"point_estimate":0.19475471687692636,"standard_error":0.00043270214616414267}}