{"mean":{"confidence_interval":{"confidence_level":0.95,"lower_bound":-0.046216814101514604,"upper_bound":-0.00021878202462920435},"point_estimate":-0.019375255819665038,"standard_error":0.012087639936184797},"median":{"confidence_interval":{"confidence_level":0.95,"lower_bound":0.0014165442528988326,"upper_bound":0.003197231197788142},"point_estimate":0.0023256504628188512,"standard_error":0.0004362430967478207}}