{"mean":{"confidence_interval":{"confidence_level":0.95,"lower_bound":-0.002124157957889935,"upper_bound":0.001714835407496045},"point_estimate":-0.00017093883394059262,"standard_error":0.0009731957475609976},"median":{"confidence_interval":{"confidence_level":0.95,"lower_bound":-0.0002997027110412942,"upper_bound":0.0010320748997712243},"point_estimate":0.00048008510427166584,"standard_error":0.0003466965466908019}}