{"mean":{"confidence_interval":{"confidence_level":0.95,"lower_bound":0.02600474603419477,"upper_bound":0.033205752489972026},"point_estimate":0.029557283506256526,"standard_error":0.0018183542828204566},"median":{"confidence_interval":{"confidence_level":0.95,"lower_bound":0.029681355158530653,"upper_bound":0.03102948115729808},"point_estimate":0.030297589285824156,"standard_error":0.0003276783895698157}}