{"mean":{"confidence_interval":{"confidence_level":0.95,"lower_bound":0.29362166326688405,"upper_bound":0.31928899254537907},"point_estimate":0.3068692757055096,"standard_error":0.006040889118326671},"median":{"confidence_interval":{"confidence_level":0.95,"lower_bound":0.28230277441867074,"upper_bound":0.3160680585019726},"point_estimate":0.3056606154564667,"standard_error":0.009357773923595887}}