{"mean":{"confidence_interval":{"confidence_level":0.95,"lower_bound":0.00024581865104321703,"upper_bound":0.0033652057587291334},"point_estimate":0.0016580383205040405,"standard_error":0.0008127133285782953},"median":{"confidence_interval":{"confidence_level":0.95,"lower_bound":0.00031348006004972007,"upper_bound":0.0017138177012095512},"point_estimate":0.0010770538633926297,"standard_error":0.0003599210217728988}}