{"mean":{"confidence_interval":{"confidence_level":0.95,"lower_bound":0.0014910217249672123,"upper_bound":0.006276029503340203},"point_estimate":0.0035231428694930678,"standard_error":0.001219050499029635},"median":{"confidence_interval":{"confidence_level":0.95,"lower_bound":0.0009175312302633689,"upper_bound":0.0026140208702221113},"point_estimate":0.0018137764024788172,"standard_error":0.00042037137649184763}}