{"mean":{"confidence_interval":{"confidence_level":0.95,"lower_bound":0.08542883488331007,"upper_bound":0.11372888938267155},"point_estimate":0.1016988278507287,"standard_error":0.007260794716675335},"median":{"confidence_interval":{"confidence_level":0.95,"lower_bound":0.07040738406206137,"upper_bound":0.10640737689385632},"point_estimate":0.09157539267910231,"standard_error":0.008655484381470294}}