{"mean":{"confidence_interval":{"confidence_level":0.95,"lower_bound":-0.04628322851302283,"upper_bound":-0.025709118926063833},"point_estimate":-0.035757465892900964,"standard_error":0.005235579438367173},"median":{"confidence_interval":{"confidence_level":0.95,"lower_bound":-0.0314252849503579,"upper_bound":-0.010125753989852833},"point_estimate":-0.020793018242621142,"standard_error":0.004669868501145214}}