{"mean":{"confidence_interval":{"confidence_level":0.95,"lower_bound":-0.006234738138061839,"upper_bound":0.011001687437704494},"point_estimate":0.0014025672879225404,"standard_error":0.004771725814218154},"median":{"confidence_interval":{"confidence_level":0.95,"lower_bound":0.004868442484704971,"upper_bound":0.02366854028427623},"point_estimate":0.012895533189093644,"standard_error":0.00477549838749247}}