{"mean":{"confidence_interval":{"confidence_level":0.95,"lower_bound":0.23405555719320978,"upper_bound":0.25730992266008884},"point_estimate":0.2463878960456325,"standard_error":0.0059759033580951935},"median":{"confidence_interval":{"confidence_level":0.95,"lower_bound":0.22584315488124876,"upper_bound":0.23928020783179438},"point_estimate":0.23277756301048136,"standard_error":0.0032143929839046643}}