{"mean":{"confidence_interval":{"confidence_level":0.95,"lower_bound":-0.001396207680849609,"upper_bound":0.0037856589041548143},"point_estimate":0.0011503157216026239,"standard_error":0.0013159358984451413},"median":{"confidence_interval":{"confidence_level":0.95,"lower_bound":-0.0006751959809878638,"upper_bound":0.0006921963828878663},"point_estimate":-0.0000936514713993919,"standard_error":0.00035196118658043716}}