{"mean":{"confidence_interval":{"confidence_level":0.95,"lower_bound":-0.008291075805515656,"upper_bound":0.020622819038752793},"point_estimate":0.006676643025307349,"standard_error":0.007391766674642131},"median":{"confidence_interval":{"confidence_level":0.95,"lower_bound":0.01574631228160098,"upper_bound":0.045200204953267153},"point_estimate":0.025495944689642114,"standard_error":0.006651381065107837}}