{"mean":{"confidence_interval":{"confidence_level":0.95,"lower_bound":-0.0128155726938745,"upper_bound":0.002282835753555595},"point_estimate":-0.005618308189129673,"standard_error":0.0038435098873438244},"median":{"confidence_interval":{"confidence_level":0.95,"lower_bound":-0.021745906616200683,"upper_bound":0.0001019141951992264},"point_estimate":-0.01164600825786788,"standard_error":0.005392008706031382}}