{"mean":{"confidence_interval":{"confidence_level":0.95,"lower_bound":-0.0033969661611021936,"upper_bound":0.00041200203223083493},"point_estimate":-0.0014708432318627507,"standard_error":0.0009679362373928163},"median":{"confidence_interval":{"confidence_level":0.95,"lower_bound":-0.0020946644937780423,"upper_bound":-0.00042620473857457597},"point_estimate":-0.0014150484838674204,"standard_error":0.00041114417107914034}}