{"mean":{"confidence_interval":{"confidence_level":0.95,"lower_bound":-0.004073650278285519,"upper_bound":-0.0004888160569816866},"point_estimate":-0.002235896687841854,"standard_error":0.0009126100416399132},"median":{"confidence_interval":{"confidence_level":0.95,"lower_bound":-0.0029625628212586186,"upper_bound":-0.001215013214973304},"point_estimate":-0.002032905862530243,"standard_error":0.0004556168209596514}}