{"mean":{"confidence_interval":{"confidence_level":0.95,"lower_bound":0.024339588885779334,"upper_bound":0.02869177070530822},"point_estimate":0.026670989370428222,"standard_error":0.0011112400117607604},"median":{"confidence_interval":{"confidence_level":0.95,"lower_bound":0.02674794575698347,"upper_bound":0.028695758156038257},"point_estimate":0.027710614632054043,"standard_error":0.0005148117268120329}}