{"mean":{"confidence_interval":{"confidence_level":0.95,"lower_bound":-0.003833922616083987,"upper_bound":0.000015616920777887822},"point_estimate":-0.0017499796740765294,"standard_error":0.0009864127681644224},"median":{"confidence_interval":{"confidence_level":0.95,"lower_bound":-0.0009558587312787914,"upper_bound":0.0006036087292182746},"point_estimate":-0.000279475706417176,"standard_error":0.00039884988187120654}}