{"mean":{"confidence_interval":{"confidence_level":0.95,"lower_bound":-0.001152811787171312,"upper_bound":0.004114248559377409},"point_estimate":0.0015710295747783931,"standard_error":0.0013401536684286147},"median":{"confidence_interval":{"confidence_level":0.95,"lower_bound":-0.0006665868128212793,"upper_bound":0.001429043680059472},"point_estimate":0.00027479250625539464,"standard_error":0.0005230727455339041}}