{"mean":{"confidence_interval":{"confidence_level":0.95,"lower_bound":0.06461867704741862,"upper_bound":0.08953861625891005},"point_estimate":0.07672531185484366,"standard_error":0.0065473068112834815},"median":{"confidence_interval":{"confidence_level":0.95,"lower_bound":0.05428725525096145,"upper_bound":0.06970858457357343},"point_estimate":0.060328273830692725,"standard_error":0.003969908146345797}}