{"mean":{"confidence_interval":{"confidence_level":0.95,"lower_bound":-0.022006715208846894,"upper_bound":-0.019717584378350694},"point_estimate":-0.020854664383215704,"standard_error":0.0005806563916495586},"median":{"confidence_interval":{"confidence_level":0.95,"lower_bound":-0.021603640386318346,"upper_bound":-0.01963140404444219},"point_estimate":-0.02074729104859785,"standard_error":0.0004937968760835959}}