{"mean":{"confidence_interval":{"confidence_level":0.95,"lower_bound":0.13468304362744976,"upper_bound":0.16302992234033398},"point_estimate":0.14943017953406557,"standard_error":0.007275539396899289},"median":{"confidence_interval":{"confidence_level":0.95,"lower_bound":0.16629726861563365,"upper_bound":0.18064069087410958},"point_estimate":0.17566102415137697,"standard_error":0.0038244387835943876}}