{"mean":{"confidence_interval":{"confidence_level":0.95,"lower_bound":0.02965805425347199,"upper_bound":0.05260922433290095},"point_estimate":0.040532658440710634,"standard_error":0.006514619474378084},"median":{"confidence_interval":{"confidence_level":0.95,"lower_bound":0.027827399935436363,"upper_bound":0.029762937502542552},"point_estimate":0.02893604281480333,"standard_error":0.0005033928864870386}}