{"mean":{"confidence_interval":{"confidence_level":0.95,"lower_bound":-0.10453539694750247,"upper_bound":-0.08997971076033943},"point_estimate":-0.0975486637851326,"standard_error":0.0037190932653864976},"median":{"confidence_interval":{"confidence_level":0.95,"lower_bound":-0.11681215793724875,"upper_bound":-0.09675772679716954},"point_estimate":-0.10553809348959675,"standard_error":0.0049290809766747296}}