{"mean":{"confidence_interval":{"confidence_level":0.95,"lower_bound":0.16841388099535326,"upper_bound":0.17158446092746818},"point_estimate":0.17007810653543554,"standard_error":0.0008070876440840884},"median":{"confidence_interval":{"confidence_level":0.95,"lower_bound":0.1687790812858554,"upper_bound":0.17194810414057726},"point_estimate":0.1702246523223021,"standard_error":0.0007396429531997051}}