{"mean":{"confidence_interval":{"confidence_level":0.95,"lower_bound":-0.00003642485270041451,"upper_bound":0.0032191227033731506},"point_estimate":0.001620657582552365,"standard_error":0.000829374065078182},"median":{"confidence_interval":{"confidence_level":0.95,"lower_bound":0.00013215653162773126,"upper_bound":0.0017155405804505364},"point_estimate":0.0010277840466703658,"standard_error":0.00040567473833815024}}