{"mean":{"confidence_interval":{"confidence_level":0.95,"lower_bound":-0.003365443418556935,"upper_bound":0.002000011618691755},"point_estimate":-0.0007948680942719832,"standard_error":0.001355380561104677},"median":{"confidence_interval":{"confidence_level":0.95,"lower_bound":-0.0008185781310293683,"upper_bound":0.0010558100608437648},"point_estimate":0.00020570530215735516,"standard_error":0.00046279163917559325}}