{"mean":{"confidence_interval":{"confidence_level":0.95,"lower_bound":-0.03737639632674934,"upper_bound":-0.007833460815674525},"point_estimate":-0.0213508553661943,"standard_error":0.007537889265266245},"median":{"confidence_interval":{"confidence_level":0.95,"lower_bound":-0.005387229702764618,"upper_bound":0.010328988076536483},"point_estimate":0.003963083573817361,"standard_error":0.0036428748417577793}}