{"mean":{"confidence_interval":{"confidence_level":0.95,"lower_bound":-0.00035733964683361497,"upper_bound":0.0038227663216066792},"point_estimate":0.0015968902198484347,"standard_error":0.0010661388487162259},"median":{"confidence_interval":{"confidence_level":0.95,"lower_bound":-0.0006010203856367635,"upper_bound":0.001304536019705638},"point_estimate":0.00038710648984463525,"standard_error":0.00047802530755093457}}