{"mean":{"confidence_interval":{"confidence_level":0.95,"lower_bound":0.01528321457663056,"upper_bound":0.02784864387865663},"point_estimate":0.022541539384436815,"standard_error":0.0032654757670409107},"median":{"confidence_interval":{"confidence_level":0.95,"lower_bound":0.024467389585351773,"upper_bound":0.027206863090005973},"point_estimate":0.025624125344737347,"standard_error":0.00071155865030773}}