{"mean":{"confidence_interval":{"confidence_level":0.95,"lower_bound":0.18609523521950438,"upper_bound":0.18829104620867687},"point_estimate":0.1871878629057553,"standard_error":0.0005628552616657656},"median":{"confidence_interval":{"confidence_level":0.95,"lower_bound":0.1867664078695126,"upper_bound":0.18885336682730447},"point_estimate":0.1876100619768859,"standard_error":0.0004960590840620497}}