{"mean":{"confidence_interval":{"confidence_level":0.95,"lower_bound":-0.027191254010660876,"upper_bound":-0.02468442917969004},"point_estimate":-0.026008411919451357,"standard_error":0.0006329051912780558},"median":{"confidence_interval":{"confidence_level":0.95,"lower_bound":-0.028277526971045686,"upper_bound":-0.026204769806239647},"point_estimate":-0.02715164309809004,"standard_error":0.0005249397075217111}}