{"mean":{"confidence_interval":{"confidence_level":0.95,"lower_bound":-0.010234448552996095,"upper_bound":-0.0030150199209986526},"point_estimate":-0.00600534592982882,"standard_error":0.0018782425889273726},"median":{"confidence_interval":{"confidence_level":0.95,"lower_bound":-0.003995025879621084,"upper_bound":-0.0023723774886929005},"point_estimate":-0.003191614241762619,"standard_error":0.0004040705312635569}}