{"mean":{"confidence_interval":{"confidence_level":0.95,"lower_bound":-0.0018117797769027777,"upper_bound":0.004080583979738054},"point_estimate":0.0008742542957880239,"standard_error":0.0014844947452562558},"median":{"confidence_interval":{"confidence_level":0.95,"lower_bound":-0.000286694784237575,"upper_bound":0.0017681950709801742},"point_estimate":0.0006149816584875012,"standard_error":0.000541444122069301}}