{"mean":{"confidence_interval":{"confidence_level":0.95,"lower_bound":-0.0028520768269096677,"upper_bound":0.003579157381380371},"point_estimate":0.00013040620112425572,"standard_error":0.0015999227909294965},"median":{"confidence_interval":{"confidence_level":0.95,"lower_bound":-0.006308990286908108,"upper_bound":-0.0029314628716444616},"point_estimate":-0.004286346787578332,"standard_error":0.0008389614928392959}}