{"mean":{"confidence_interval":{"confidence_level":0.95,"lower_bound":0.27924392498118583,"upper_bound":0.32330243765840533},"point_estimate":0.2995027615583541,"standard_error":0.011338790032932793},"median":{"confidence_interval":{"confidence_level":0.95,"lower_bound":0.24901978518336465,"upper_bound":0.30599018578952414},"point_estimate":0.2780275986620464,"standard_error":0.014636696289707802}}