{"mean":{"confidence_interval":{"confidence_level":0.95,"lower_bound":-0.13899066822697004,"upper_bound":-0.11694426224633538},"point_estimate":-0.12929865373382632,"standard_error":0.005564137652270711},"median":{"confidence_interval":{"confidence_level":0.95,"lower_bound":-0.15272272360743777,"upper_bound":-0.14210794853443798},"point_estimate":-0.14889046892316393,"standard_error":0.0026878728198221204}}