{"mean":{"confidence_interval":{"confidence_level":0.95,"lower_bound":0.08496431226238074,"upper_bound":0.1131553990368629},"point_estimate":0.09667141393811862,"standard_error":0.0070875229407119855},"median":{"confidence_interval":{"confidence_level":0.95,"lower_bound":0.06344455076705646,"upper_bound":0.09567446852769726},"point_estimate":0.08076914118140688,"standard_error":0.008254594843567071}}