{"mean":{"confidence_interval":{"confidence_level":0.95,"lower_bound":0.34713860110240446,"upper_bound":0.40383244060127826},"point_estimate":0.37495771781237375,"standard_error":0.014386732907667062},"median":{"confidence_interval":{"confidence_level":0.95,"lower_bound":0.31577590837608027,"upper_bound":0.3619581903510729},"point_estimate":0.33993984686995504,"standard_error":0.011742488845642034}}