{"mean":{"confidence_interval":{"confidence_level":0.95,"lower_bound":-0.0015519845347251315,"upper_bound":0.0018425260862950424},"point_estimate":0.0001514630926937599,"standard_error":0.0008675098341387364},"median":{"confidence_interval":{"confidence_level":0.95,"lower_bound":-0.0007861748976990546,"upper_bound":0.00045937357033909443},"point_estimate":-0.00021018361094271576,"standard_error":0.0003179662529648534}}