{"mean":{"confidence_interval":{"confidence_level":0.95,"lower_bound":0.34834255174950074,"upper_bound":0.36962400416104646},"point_estimate":0.35823221905917224,"standard_error":0.005592913219850056},"median":{"confidence_interval":{"confidence_level":0.95,"lower_bound":0.3380610866858438,"upper_bound":0.3528839225140712},"point_estimate":0.3456972230654449,"standard_error":0.003766409649773976}}