{"mean":{"confidence_interval":{"confidence_level":0.95,"lower_bound":-0.11181503011671447,"upper_bound":-0.08910371055466838},"point_estimate":-0.09979563379073464,"standard_error":0.005821060659702599},"median":{"confidence_interval":{"confidence_level":0.95,"lower_bound":-0.08361247359433277,"upper_bound":-0.07385787977663244},"point_estimate":-0.07955348117083383,"standard_error":0.00265307130695889}}