{"mean":{"confidence_interval":{"confidence_level":0.95,"lower_bound":-0.008643348499613127,"upper_bound":-0.003085470865945423},"point_estimate":-0.005710879637810473,"standard_error":0.0014188555077264383},"median":{"confidence_interval":{"confidence_level":0.95,"lower_bound":-0.007460797733609192,"upper_bound":-0.004094562814180525},"point_estimate":-0.005773944112838381,"standard_error":0.0008567141720631075}}