{"mean":{"confidence_interval":{"confidence_level":0.95,"lower_bound":-0.18343073291310136,"upper_bound":-0.16629044821160827},"point_estimate":-0.17474360319465565,"standard_error":0.00440752987544571},"median":{"confidence_interval":{"confidence_level":0.95,"lower_bound":-0.19425703935455463,"upper_bound":-0.17255989197765398},"point_estimate":-0.18514577826543333,"standard_error":0.005739901279520239}}