{"mean":{"confidence_interval":{"confidence_level":0.95,"lower_bound":-0.0002511950609853122,"upper_bound":0.0017377474335929731},"point_estimate":0.000755240006163671,"standard_error":0.0005122892307774173},"median":{"confidence_interval":{"confidence_level":0.95,"lower_bound":0.00005081271529761011,"upper_bound":0.00206462722891132},"point_estimate":0.0009008658554363613,"standard_error":0.000529723230816085}}