{"mean":{"confidence_interval":{"confidence_level":0.95,"lower_bound":0.018592146110376552,"upper_bound":0.025563061454816613},"point_estimate":0.02221831604420821,"standard_error":0.001781432890833785},"median":{"confidence_interval":{"confidence_level":0.95,"lower_bound":0.0282089878436389,"upper_bound":0.030255547443324815},"point_estimate":0.029479476682031658,"standard_error":0.0005288203790723296}}