{"mean":{"confidence_interval":{"confidence_level":0.95,"lower_bound":333084.11725326156,"upper_bound":333720.3111989609},"point_estimate":333381.33214251173,"standard_error":162.53073541615976},"median":{"confidence_interval":{"confidence_level":0.95,"lower_bound":332677.2943196005,"upper_bound":333118.8958333333},"point_estimate":332940.8247452193,"standard_error":108.98555356828717},"median_abs_dev":{"confidence_interval":{"confidence_level":0.95,"lower_bound":627.3721893889979,"upper_bound":1262.4526231042435},"point_estimate":928.3144646856007,"standard_error":162.16919041257495},"slope":{"confidence_interval":{"confidence_level":0.95,"lower_bound":332779.3377296188,"upper_bound":333487.12746499147},"point_estimate":333083.9300103443,"standard_error":183.15301999465592},"std_dev":{"confidence_interval":{"confidence_level":0.95,"lower_bound":1102.4848313754978,"upper_bound":2173.361093941691},"point_estimate":1632.4248963635896,"standard_error":281.195184014936}}