{"mean":{"confidence_interval":{"confidence_level":0.95,"lower_bound":466528.4274233517,"upper_bound":467592.9206023493},"point_estimate":467044.1833239126,"standard_error":270.9780206566627},"median":{"confidence_interval":{"confidence_level":0.95,"lower_bound":466147.2371794872,"upper_bound":467068.82857142854},"point_estimate":466539.3593478261,"standard_error":209.17635216953502},"median_abs_dev":{"confidence_interval":{"confidence_level":0.95,"lower_bound":1496.449630950639,"upper_bound":2919.3977278907137},"point_estimate":2177.8680422009593,"standard_error":353.7671007734672},"slope":{"confidence_interval":{"confidence_level":0.95,"lower_bound":466234.5432562545,"upper_bound":467157.53575446527},"point_estimate":466679.21211762965,"standard_error":235.77443283434968},"std_dev":{"confidence_interval":{"confidence_level":0.95,"lower_bound":2193.2299798912245,"upper_bound":3219.4171234437426},"point_estimate":2724.7172255133883,"standard_error":261.5092909283342}}