{"mean":{"confidence_interval":{"confidence_level":0.95,"lower_bound":333168.79841246014,"upper_bound":333890.12109088333},"point_estimate":333509.7528238208,"standard_error":184.10355502047403},"median":{"confidence_interval":{"confidence_level":0.95,"lower_bound":332674.83838383836,"upper_bound":333305.52014652017},"point_estimate":332876.1221264368,"standard_error":184.68379851577546},"median_abs_dev":{"confidence_interval":{"confidence_level":0.95,"lower_bound":880.074837983755,"upper_bound":1670.632621665667},"point_estimate":1272.489251867912,"standard_error":221.6975584394463},"slope":{"confidence_interval":{"confidence_level":0.95,"lower_bound":333104.597107613,"upper_bound":334314.9024296162},"point_estimate":333666.3591044776,"standard_error":311.4018917595398},"std_dev":{"confidence_interval":{"confidence_level":0.95,"lower_bound":1308.5724342867481,"upper_bound":2401.1165362688885},"point_estimate":1850.3843582923073,"standard_error":285.40080533846333}}