{"mean":{"confidence_interval":{"confidence_level":0.95,"lower_bound":501831.2858694957,"upper_bound":503872.8824365278},"point_estimate":502852.7548138515,"standard_error":522.0986061140901},"median":{"confidence_interval":{"confidence_level":0.95,"lower_bound":502683.39743589744,"upper_bound":504477.4567901235},"point_estimate":504062.71105651103,"standard_error":400.01848179966754},"median_abs_dev":{"confidence_interval":{"confidence_level":0.95,"lower_bound":2390.336350001232,"upper_bound":4649.088701584998},"point_estimate":3198.6517055958398,"standard_error":560.9719702933893},"slope":{"confidence_interval":{"confidence_level":0.95,"lower_bound":501428.8202542719,"upper_bound":503940.1563621492},"point_estimate":502692.96198610903,"standard_error":642.015668409629},"std_dev":{"confidence_interval":{"confidence_level":0.95,"lower_bound":4195.341075431285,"upper_bound":6274.280019249629},"point_estimate":5259.8116778447975,"standard_error":532.3143809340654}}