{"mean":{"confidence_interval":{"confidence_level":0.95,"lower_bound":334835.56017889985,"upper_bound":335987.29392754665},"point_estimate":335344.5532163461,"standard_error":296.92465460277316},"median":{"confidence_interval":{"confidence_level":0.95,"lower_bound":334474.10476190475,"upper_bound":334970.02384947875},"point_estimate":334731.99901960784,"standard_error":125.97863489482559},"median_abs_dev":{"confidence_interval":{"confidence_level":0.95,"lower_bound":681.8629340483503,"upper_bound":1193.9844284426265},"point_estimate":898.1386860255691,"standard_error":125.00011221909077},"slope":{"confidence_interval":{"confidence_level":0.95,"lower_bound":334598.67227430455,"upper_bound":335983.59305810597},"point_estimate":335180.2613457465,"standard_error":360.34291623949036},"std_dev":{"confidence_interval":{"confidence_level":0.95,"lower_bound":1379.7512313761283,"upper_bound":4439.8924903862335},"point_estimate":2980.8397895103976,"standard_error":815.4155439934988}}