{"mean":{"confidence_interval":{"confidence_level":0.95,"lower_bound":334607.1802416865,"upper_bound":335470.2363252241},"point_estimate":335000.01597979356,"standard_error":220.54062562814627},"median":{"confidence_interval":{"confidence_level":0.95,"lower_bound":334115.79292929295,"upper_bound":334865.97642094817},"point_estimate":334531.62433862436,"standard_error":228.2274557658948},"median_abs_dev":{"confidence_interval":{"confidence_level":0.95,"lower_bound":983.7208649704364,"upper_bound":1680.2070688421247},"point_estimate":1409.7664528748517,"standard_error":190.63979422425984},"slope":{"confidence_interval":{"confidence_level":0.95,"lower_bound":334415.404963344,"upper_bound":335650.45655807154},"point_estimate":334942.23816363723,"standard_error":320.6882119037956},"std_dev":{"confidence_interval":{"confidence_level":0.95,"lower_bound":1306.3574060713022,"upper_bound":3141.496323886331},"point_estimate":2211.820302445497,"standard_error":499.6230758851376}}