{"mean":{"confidence_interval":{"confidence_level":0.95,"lower_bound":333712.16119935864,"upper_bound":337496.2550648793},"point_estimate":335078.0425243015,"standard_error":1106.5187655491704},"median":{"confidence_interval":{"confidence_level":0.95,"lower_bound":333399.69562728936,"upper_bound":333750.5333333333},"point_estimate":333537.51693404635,"standard_error":86.7111082601268},"median_abs_dev":{"confidence_interval":{"confidence_level":0.95,"lower_bound":763.8573739025105,"upper_bound":1309.1887267572909},"point_estimate":996.605199882477,"standard_error":145.11238471752623},"slope":{"confidence_interval":{"confidence_level":0.95,"lower_bound":333285.8486237182,"upper_bound":343908.49866564083},"point_estimate":336697.6346761243,"standard_error":3173.0402508417305},"std_dev":{"confidence_interval":{"confidence_level":0.95,"lower_bound":1262.525470119746,"upper_bound":18959.693609809397},"point_estimate":11150.046937564155,"standard_error":6129.804232350026}}