{"mean":{"confidence_interval":{"confidence_level":0.95,"lower_bound":422090.5949932367,"upper_bound":423220.2118558134},"point_estimate":422612.1329619607,"standard_error":288.1335426028071},"median":{"confidence_interval":{"confidence_level":0.95,"lower_bound":421649.54761904763,"upper_bound":422296.29850746266},"point_estimate":422029.8171717172,"standard_error":165.92794609521283},"median_abs_dev":{"confidence_interval":{"confidence_level":0.95,"lower_bound":1274.8090771799834,"upper_bound":2437.0219465830505},"point_estimate":1762.6440894947118,"standard_error":308.4765948878452},"slope":{"confidence_interval":{"confidence_level":0.95,"lower_bound":421209.69047249487,"upper_bound":421739.63945255143},"point_estimate":421464.3635155904,"standard_error":134.76389199248763},"std_dev":{"confidence_interval":{"confidence_level":0.95,"lower_bound":1843.6829532172353,"upper_bound":4071.5007876478176},"point_estimate":2907.1725307098686,"standard_error":632.5584291541961}}