{"mean":{"confidence_interval":{"confidence_level":0.95,"lower_bound":466920.68898559536,"upper_bound":468870.29229187354},"point_estimate":467804.0436798438,"standard_error":499.413218415949},"median":{"confidence_interval":{"confidence_level":0.95,"lower_bound":466456.82608695654,"upper_bound":467183.0308641975},"point_estimate":466768.5255102041,"standard_error":155.70925571000336},"median_abs_dev":{"confidence_interval":{"confidence_level":0.95,"lower_bound":1200.5473429820763,"upper_bound":2524.0977448978365},"point_estimate":1865.357997072929,"standard_error":342.3787381417907},"slope":{"confidence_interval":{"confidence_level":0.95,"lower_bound":466111.86218328215,"upper_bound":466781.93048821227},"point_estimate":466446.6703842175,"standard_error":170.72668266118777},"std_dev":{"confidence_interval":{"confidence_level":0.95,"lower_bound":2555.183660870435,"upper_bound":7066.896245344122},"point_estimate":5040.118144114591,"standard_error":1154.4457235889524}}