{"mean":{"confidence_interval":{"confidence_level":0.95,"lower_bound":332777.9919705269,"upper_bound":334085.5621772281},"point_estimate":333347.31070600497,"standard_error":337.1506599886451},"median":{"confidence_interval":{"confidence_level":0.95,"lower_bound":332278.1685606061,"upper_bound":332746.01481481484},"point_estimate":332479.2583144369,"standard_error":130.16563636081437},"median_abs_dev":{"confidence_interval":{"confidence_level":0.95,"lower_bound":756.0006062079683,"upper_bound":1370.0199299359078},"point_estimate":989.4531245693431,"standard_error":154.79135883748773},"slope":{"confidence_interval":{"confidence_level":0.95,"lower_bound":332365.8615860696,"upper_bound":333304.63568118174},"point_estimate":332780.82889709866,"standard_error":241.86502418671085},"std_dev":{"confidence_interval":{"confidence_level":0.95,"lower_bound":1450.190030135778,"upper_bound":5191.243281288606},"point_estimate":3396.2881116457606,"standard_error":1040.4399410175201}}