{"mean":{"confidence_interval":{"confidence_level":0.95,"lower_bound":420388.84601298877,"upper_bound":421095.4483660926},"point_estimate":420729.2766577361,"standard_error":180.75095675799327},"median":{"confidence_interval":{"confidence_level":0.95,"lower_bound":420001.88049535605,"upper_bound":420753.1785714286},"point_estimate":420308.7246130031,"standard_error":194.08757691925646},"median_abs_dev":{"confidence_interval":{"confidence_level":0.95,"lower_bound":1000.6808522343808,"upper_bound":1713.0812632670263},"point_estimate":1368.947405044157,"standard_error":176.28914924233797},"slope":{"confidence_interval":{"confidence_level":0.95,"lower_bound":420112.95143195917,"upper_bound":420887.44480649004},"point_estimate":420476.444219004,"standard_error":197.7824325631498},"std_dev":{"confidence_interval":{"confidence_level":0.95,"lower_bound":1386.5118951640752,"upper_bound":2224.681937228949},"point_estimate":1810.9159474580533,"standard_error":214.7510937516714}}