{"mean":{"confidence_interval":{"confidence_level":0.95,"lower_bound":333634.53617692116,"upper_bound":334670.9469174695},"point_estimate":334115.18705022597,"standard_error":265.2257993073231},"median":{"confidence_interval":{"confidence_level":0.95,"lower_bound":333023.0622710623,"upper_bound":333526.2028985507},"point_estimate":333149.7874475461,"standard_error":152.2232609425281},"median_abs_dev":{"confidence_interval":{"confidence_level":0.95,"lower_bound":729.1678490771026,"upper_bound":1571.9049072446362},"point_estimate":1015.6560253251276,"standard_error":214.7456451320448},"slope":{"confidence_interval":{"confidence_level":0.95,"lower_bound":333332.85942205327,"upper_bound":334515.6776313916},"point_estimate":333881.62767942465,"standard_error":303.18828359824755},"std_dev":{"confidence_interval":{"confidence_level":0.95,"lower_bound":1674.629637314828,"upper_bound":3529.4230586080093},"point_estimate":2674.073049761879,"standard_error":473.0069905239136}}