{"mean":{"confidence_interval":{"confidence_level":0.95,"lower_bound":517024.9958999735,"upper_bound":525836.277220758},"point_estimate":521401.83504073624,"standard_error":2247.5117889672647},"median":{"confidence_interval":{"confidence_level":0.95,"lower_bound":515881.27475822053,"upper_bound":526753.5666666667},"point_estimate":518585.0357142857,"standard_error":2916.3762113698317},"median_abs_dev":{"confidence_interval":{"confidence_level":0.95,"lower_bound":16991.110069892,"upper_bound":26452.28213662165},"point_estimate":21773.430855111113,"standard_error":2436.872279608669},"slope":{"confidence_interval":{"confidence_level":0.95,"lower_bound":514418.21188635763,"upper_bound":526568.4053096854},"point_estimate":520412.7871168908,"standard_error":3101.3347860270264},"std_dev":{"confidence_interval":{"confidence_level":0.95,"lower_bound":19099.206527472386,"upper_bound":25516.49398224446},"point_estimate":22473.123136936472,"standard_error":1648.612007935736}}