{"mean":{"confidence_interval":{"confidence_level":0.95,"lower_bound":333285.02790277306,"upper_bound":334048.0576895595},"point_estimate":333647.64492029784,"standard_error":195.07040793888862},"median":{"confidence_interval":{"confidence_level":0.95,"lower_bound":332802.8181818182,"upper_bound":333444.2733333333},"point_estimate":333044.77367870224,"standard_error":176.6163974377046},"median_abs_dev":{"confidence_interval":{"confidence_level":0.95,"lower_bound":902.7738208863514,"upper_bound":1668.0756265069028},"point_estimate":1226.6561227457025,"standard_error":207.09772699995688},"slope":{"confidence_interval":{"confidence_level":0.95,"lower_bound":332813.0721649537,"upper_bound":333489.3837008661},"point_estimate":333115.6528840944,"standard_error":173.86450776507462},"std_dev":{"confidence_interval":{"confidence_level":0.95,"lower_bound":1459.9608620406088,"upper_bound":2414.05102490364},"point_estimate":1966.4795841439459,"standard_error":244.7865686149574}}