{"mean":{"confidence_interval":{"confidence_level":0.95,"lower_bound":333493.4016635404,"upper_bound":334337.40903262194},"point_estimate":333890.83802089497,"standard_error":216.11982563333183},"median":{"confidence_interval":{"confidence_level":0.95,"lower_bound":332908.15338164254,"upper_bound":333525.36363636365},"point_estimate":333315.9328304598,"standard_error":189.95698089108868},"median_abs_dev":{"confidence_interval":{"confidence_level":0.95,"lower_bound":792.948761561126,"upper_bound":1534.5353441169543},"point_estimate":1153.0916071183622,"standard_error":185.87070531026262},"slope":{"confidence_interval":{"confidence_level":0.95,"lower_bound":333046.0315589531,"upper_bound":334217.85937265365},"point_estimate":333540.41354219004,"standard_error":305.492851272659},"std_dev":{"confidence_interval":{"confidence_level":0.95,"lower_bound":1512.8252604389468,"upper_bound":2735.6026069460027},"point_estimate":2177.5340763762088,"standard_error":313.0542474758035}}