{"mean":{"confidence_interval":{"confidence_level":0.95,"lower_bound":333005.75781035377,"upper_bound":333836.8463240959},"point_estimate":333382.6069843175,"standard_error":212.4932789944125},"median":{"confidence_interval":{"confidence_level":0.95,"lower_bound":332677.5990990991,"upper_bound":333202.5},"point_estimate":332896.2583126094,"standard_error":139.44333538225519},"median_abs_dev":{"confidence_interval":{"confidence_level":0.95,"lower_bound":697.5799425910112,"upper_bound":1243.1847264783537},"point_estimate":950.5931995619713,"standard_error":142.51880367453933},"slope":{"confidence_interval":{"confidence_level":0.95,"lower_bound":332833.2785826264,"upper_bound":333439.52572690655},"point_estimate":333102.84746367176,"standard_error":155.62573948765603},"std_dev":{"confidence_interval":{"confidence_level":0.95,"lower_bound":1130.3171009658017,"upper_bound":3029.1931597455964},"point_estimate":2135.3869443586846,"standard_error":489.59214911577465}}