{"mean":{"confidence_interval":{"confidence_level":0.95,"lower_bound":336727.7678032338,"upper_bound":337468.000348857},"point_estimate":337084.89214236697,"standard_error":189.3949583846253},"median":{"confidence_interval":{"confidence_level":0.95,"lower_bound":336196.19649122807,"upper_bound":336554.54054054053},"point_estimate":336378.827166982,"standard_error":106.98287636148478},"median_abs_dev":{"confidence_interval":{"confidence_level":0.95,"lower_bound":795.2825097560036,"upper_bound":1573.5840928325476},"point_estimate":1231.4304632501048,"standard_error":200.67173298756254},"slope":{"confidence_interval":{"confidence_level":0.95,"lower_bound":336360.3972969305,"upper_bound":337300.1593313534},"point_estimate":336799.80491798435,"standard_error":241.18448955494912},"std_dev":{"confidence_interval":{"confidence_level":0.95,"lower_bound":1493.739810680783,"upper_bound":2274.010982121967},"point_estimate":1906.510319729566,"standard_error":199.81732632813606}}