{"mean":{"confidence_interval":{"confidence_level":0.95,"lower_bound":466238.89396202925,"upper_bound":466985.5150818799},"point_estimate":466601.6799500407,"standard_error":190.93811701120939},"median":{"confidence_interval":{"confidence_level":0.95,"lower_bound":465834.87384868425,"upper_bound":466545.058423913},"point_estimate":466235.69476744183,"standard_error":185.9344399207513},"median_abs_dev":{"confidence_interval":{"confidence_level":0.95,"lower_bound":1109.1504903218042,"upper_bound":1908.9061523601383},"point_estimate":1518.8072474041492,"standard_error":199.7810017845084},"slope":{"confidence_interval":{"confidence_level":0.95,"lower_bound":465794.0647119051,"upper_bound":466344.98099323094},"point_estimate":466060.54603664845,"standard_error":140.62484450328895},"std_dev":{"confidence_interval":{"confidence_level":0.95,"lower_bound":1555.4119706292215,"upper_bound":2270.132170193602},"point_estimate":1922.5351224866624,"standard_error":183.63297451228127}}