{"mean":{"confidence_interval":{"confidence_level":0.95,"lower_bound":466059.12469980813,"upper_bound":467123.72247310175},"point_estimate":466566.8251270911,"standard_error":272.47479653641176},"median":{"confidence_interval":{"confidence_level":0.95,"lower_bound":465615.25,"upper_bound":466490.7154304029},"point_estimate":466104.815625,"standard_error":225.4304261643053},"median_abs_dev":{"confidence_interval":{"confidence_level":0.95,"lower_bound":1329.5280450952625,"upper_bound":2573.84151875326},"point_estimate":1875.3450088934644,"standard_error":326.61767824108006},"slope":{"confidence_interval":{"confidence_level":0.95,"lower_bound":465509.24513411033,"upper_bound":466448.8324613244},"point_estimate":465948.54316388356,"standard_error":239.091387132731},"std_dev":{"confidence_interval":{"confidence_level":0.95,"lower_bound":1978.8635454910286,"upper_bound":3471.729170024675},"point_estimate":2733.8344739908553,"standard_error":386.15576456130674}}