{"mean":{"confidence_interval":{"confidence_level":0.95,"lower_bound":333764.0748431246,"upper_bound":334476.42230528884},"point_estimate":334103.3692131168,"standard_error":182.3141304318583},"median":{"confidence_interval":{"confidence_level":0.95,"lower_bound":333273.19976076554,"upper_bound":333662.7611111111},"point_estimate":333430.1526373441,"standard_error":91.88368803733954},"median_abs_dev":{"confidence_interval":{"confidence_level":0.95,"lower_bound":704.0552264104247,"upper_bound":1470.9189623614832},"point_estimate":943.6384789631755,"standard_error":192.94226030299862},"slope":{"confidence_interval":{"confidence_level":0.95,"lower_bound":333217.5574351039,"upper_bound":333871.84118067345},"point_estimate":333504.6946022363,"standard_error":167.4767704537824},"std_dev":{"confidence_interval":{"confidence_level":0.95,"lower_bound":1344.564745063721,"upper_bound":2309.752088626791},"point_estimate":1833.5095233708987,"standard_error":249.68579426345894}}