{"mean":{"confidence_interval":{"confidence_level":0.95,"lower_bound":420855.7712457128,"upper_bound":421875.23959127755},"point_estimate":421333.9955040278,"standard_error":261.10615276681614},"median":{"confidence_interval":{"confidence_level":0.95,"lower_bound":420191.22340425535,"upper_bound":421066.55970149254},"point_estimate":420693.2391920624,"standard_error":235.5637838218606},"median_abs_dev":{"confidence_interval":{"confidence_level":0.95,"lower_bound":1179.9059027440724,"upper_bound":1966.8963750344474},"point_estimate":1583.1205802515985,"standard_error":201.44734239756903},"slope":{"confidence_interval":{"confidence_level":0.95,"lower_bound":420592.5251151193,"upper_bound":421865.57617388887},"point_estimate":421146.10192404315,"standard_error":326.77204441182937},"std_dev":{"confidence_interval":{"confidence_level":0.95,"lower_bound":1789.1920589336512,"upper_bound":3375.3801599648596},"point_estimate":2626.345674825131,"standard_error":405.6888177533788}}