{"mean":{"confidence_interval":{"confidence_level":0.95,"lower_bound":421901.0705174406,"upper_bound":422753.6398123153},"point_estimate":422308.2525956591,"standard_error":216.67956365442953},"median":{"confidence_interval":{"confidence_level":0.95,"lower_bound":421346.57954545453,"upper_bound":422131.03846153844},"point_estimate":421758.53472222225,"standard_error":199.70476369894484},"median_abs_dev":{"confidence_interval":{"confidence_level":0.95,"lower_bound":1168.8056747336504,"upper_bound":2109.8300337527435},"point_estimate":1690.1615539373968,"standard_error":250.2939317193643},"slope":{"confidence_interval":{"confidence_level":0.95,"lower_bound":421374.58684206114,"upper_bound":422050.55792962277},"point_estimate":421691.12594059407,"standard_error":172.5263745539319},"std_dev":{"confidence_interval":{"confidence_level":0.95,"lower_bound":1686.5468964071108,"upper_bound":2618.6486692280737},"point_estimate":2170.940442192133,"standard_error":238.5049222831586}}