{"mean":{"confidence_interval":{"confidence_level":0.95,"lower_bound":466065.26366331667,"upper_bound":467396.0868725327},"point_estimate":466692.88920906343,"standard_error":340.38857418832885},"median":{"confidence_interval":{"confidence_level":0.95,"lower_bound":465300.8642857143,"upper_bound":466424.2967032967},"point_estimate":465858.6614509246,"standard_error":272.6591500780289},"median_abs_dev":{"confidence_interval":{"confidence_level":0.95,"lower_bound":1537.204847406069,"upper_bound":2534.740998546308},"point_estimate":1965.0819097871558,"standard_error":255.99140565631447},"slope":{"confidence_interval":{"confidence_level":0.95,"lower_bound":465261.278657288,"upper_bound":465964.7347416505},"point_estimate":465607.6157484853,"standard_error":179.5085803119236},"std_dev":{"confidence_interval":{"confidence_level":0.95,"lower_bound":2390.3773709561883,"upper_bound":4293.716202761289},"point_estimate":3420.2441853858927,"standard_error":486.0410304495989}}