{"mean":{"confidence_interval":{"confidence_level":0.95,"lower_bound":1019161.1427477171,"upper_bound":1041533.1379280434},"point_estimate":1030204.2335873264,"standard_error":5733.28914496696},"median":{"confidence_interval":{"confidence_level":0.95,"lower_bound":1003754.3768115942,"upper_bound":1045063.1038961039},"point_estimate":1019229.9423076923,"standard_error":10673.861366835357},"median_abs_dev":{"confidence_interval":{"confidence_level":0.95,"lower_bound":49449.393976739135,"upper_bound":78058.34346231219},"point_estimate":64000.65598914582,"standard_error":7451.1367220972725},"slope":{"confidence_interval":{"confidence_level":0.95,"lower_bound":1045282.322834593,"upper_bound":1067696.9348278022},"point_estimate":1056952.465036205,"standard_error":5714.422910498911},"std_dev":{"confidence_interval":{"confidence_level":0.95,"lower_bound":50380.033511892885,"upper_bound":63471.40426615661},"point_estimate":57309.516258532705,"standard_error":3345.5026129919265}}