{"mean":{"confidence_interval":{"confidence_level":0.95,"lower_bound":425378.27679810807,"upper_bound":433371.87606074306},"point_estimate":429259.64871236554,"standard_error":2033.1977357707053},"median":{"confidence_interval":{"confidence_level":0.95,"lower_bound":420532.45662416855,"upper_bound":428097.8125},"point_estimate":424127.4973429381,"standard_error":1885.628129586063},"median_abs_dev":{"confidence_interval":{"confidence_level":0.95,"lower_bound":10721.981572583838,"upper_bound":19968.583070486784},"point_estimate":16452.970008723223,"standard_error":2232.7006924436996},"slope":{"confidence_interval":{"confidence_level":0.95,"lower_bound":427603.3093402838,"upper_bound":436945.5338845638},"point_estimate":432023.3552785577,"standard_error":2382.127269890147},"std_dev":{"confidence_interval":{"confidence_level":0.95,"lower_bound":16287.725907511358,"upper_bound":24193.50579566403},"point_estimate":20458.5981438159,"standard_error":2018.0580946222672}}