{"mean":{"confidence_interval":{"confidence_level":0.95,"lower_bound":466942.8334129286,"upper_bound":469200.9592622002},"point_estimate":467970.9065260158,"standard_error":578.9363626308366},"median":{"confidence_interval":{"confidence_level":0.95,"lower_bound":466031.82289002556,"upper_bound":466813.27192982455},"point_estimate":466281.8608905275,"standard_error":220.86150143836508},"median_abs_dev":{"confidence_interval":{"confidence_level":0.95,"lower_bound":1243.053357183209,"upper_bound":2471.0881017819206},"point_estimate":1636.081646771108,"standard_error":306.8716925101504},"slope":{"confidence_interval":{"confidence_level":0.95,"lower_bound":465979.80779442814,"upper_bound":467249.59945687174},"point_estimate":466541.483419536,"standard_error":326.9114173142024},"std_dev":{"confidence_interval":{"confidence_level":0.95,"lower_bound":3064.2017166347237,"upper_bound":7961.562350006233},"point_estimate":5813.185683630089,"standard_error":1233.5052822452303}}