{"mean":{"confidence_interval":{"confidence_level":0.95,"lower_bound":421380.48018713406,"upper_bound":422207.8135268207},"point_estimate":421775.09123322106,"standard_error":211.50141676110476},"median":{"confidence_interval":{"confidence_level":0.95,"lower_bound":420892.12599502486,"upper_bound":421567.45930232556},"point_estimate":421170.5713917526,"standard_error":163.3322646772592},"median_abs_dev":{"confidence_interval":{"confidence_level":0.95,"lower_bound":1012.5199512045209,"upper_bound":1804.4709066146454},"point_estimate":1435.8883201529861,"standard_error":209.12843637130453},"slope":{"confidence_interval":{"confidence_level":0.95,"lower_bound":420900.74583031656,"upper_bound":421441.6064574379},"point_estimate":421159.18950938375,"standard_error":138.53910501778512},"std_dev":{"confidence_interval":{"confidence_level":0.95,"lower_bound":1558.2873560722817,"upper_bound":2703.3614047982483},"point_estimate":2127.7731149836695,"standard_error":296.6476085904098}}