{"mean":{"confidence_interval":{"confidence_level":0.95,"lower_bound":992217.8546065737,"upper_bound":1005428.5518871216},"point_estimate":998839.081644831,"standard_error":3369.029404697296},"median":{"confidence_interval":{"confidence_level":0.95,"lower_bound":993383.3125,"upper_bound":1011623.1739130435},"point_estimate":1002685.5833333333,"standard_error":4974.602609194615},"median_abs_dev":{"confidence_interval":{"confidence_level":0.95,"lower_bound":28889.429668221233,"upper_bound":48071.82293470321},"point_estimate":37838.15712768349,"standard_error":5191.011092746953},"slope":{"confidence_interval":{"confidence_level":0.95,"lower_bound":990236.6705194885,"upper_bound":1008448.3878836588},"point_estimate":999468.6541805823,"standard_error":4658.495507762102},"std_dev":{"confidence_interval":{"confidence_level":0.95,"lower_bound":29823.596730000343,"upper_bound":37319.43616092898},"point_estimate":33839.54229254052,"standard_error":1912.5346272164659}}