{"mean":{"confidence_interval":{"confidence_level":0.95,"lower_bound":334076.8499103167,"upper_bound":334677.6113204169},"point_estimate":334361.4446559187,"standard_error":153.60501696241417},"median":{"confidence_interval":{"confidence_level":0.95,"lower_bound":333650.1019638913,"upper_bound":334069.09433962265},"point_estimate":333896.492622704,"standard_error":108.49875668017502},"median_abs_dev":{"confidence_interval":{"confidence_level":0.95,"lower_bound":617.4575499998255,"upper_bound":1250.0492566928117},"point_estimate":990.3175260432984,"standard_error":160.38141443696972},"slope":{"confidence_interval":{"confidence_level":0.95,"lower_bound":333659.7426080396,"upper_bound":334368.2557723607},"point_estimate":333968.76798187284,"standard_error":182.16608254292856},"std_dev":{"confidence_interval":{"confidence_level":0.95,"lower_bound":1113.528429974252,"upper_bound":1957.3179553766422},"point_estimate":1547.650589999347,"standard_error":218.3480148187354}}