{"mean":{"confidence_interval":{"confidence_level":0.95,"lower_bound":73763847.86,"upper_bound":74157158.49575001},"point_estimate":73950636.24,"standard_error":100688.05591986439},"median":{"confidence_interval":{"confidence_level":0.95,"lower_bound":73472336.0,"upper_bound":73624089.0},"point_estimate":73545699.5,"standard_error":36643.53666526346},"median_abs_dev":{"confidence_interval":{"confidence_level":0.95,"lower_bound":231599.90708827972,"upper_bound":446021.1321390418},"point_estimate":331799.20240938663,"standard_error":54959.660701279805},"slope":null,"std_dev":{"confidence_interval":{"confidence_level":0.95,"lower_bound":769529.5865841191,"upper_bound":1211655.9184137234},"point_estimate":1015141.9401357567,"standard_error":113099.0535910333}}