{"mean":{"confidence_interval":{"confidence_level":0.95,"lower_bound":75127652.78,"upper_bound":75754476.63},"point_estimate":75424899.58,"standard_error":160058.15667264885},"median":{"confidence_interval":{"confidence_level":0.95,"lower_bound":74744375.5,"upper_bound":74919389.0},"point_estimate":74820829.0,"standard_error":45405.34430620143},"median_abs_dev":{"confidence_interval":{"confidence_level":0.95,"lower_bound":338275.1990944147,"upper_bound":752239.3507450819},"point_estimate":467013.0613088608,"standard_error":107271.06416246304},"slope":null,"std_dev":{"confidence_interval":{"confidence_level":0.95,"lower_bound":1113988.42525092,"upper_bound":2039211.6388405026},"point_estimate":1600994.2272551795,"standard_error":238088.57928141378}}