{"mean":{"confidence_interval":{"confidence_level":0.95,"lower_bound":346157350.97925,"upper_bound":349963022.46425},"point_estimate":348036758.25,"standard_error":971751.5060774989},"median":{"confidence_interval":{"confidence_level":0.95,"lower_bound":345349772.0,"upper_bound":349064415.0},"point_estimate":347157182.0,"standard_error":999742.7999359185},"median_abs_dev":{"confidence_interval":{"confidence_level":0.95,"lower_bound":7097315.04509747,"upper_bound":13144433.36403966},"point_estimate":9162298.82093668,"standard_error":1485346.2111210446},"slope":null,"std_dev":{"confidence_interval":{"confidence_level":0.95,"lower_bound":8512471.770923944,"upper_bound":10924295.662870027},"point_estimate":9795922.99379304,"standard_error":614389.5589644465}}