{"mean":{"confidence_interval":{"confidence_level":0.95,"lower_bound":150689011.44924998,"upper_bound":151011924.7235},"point_estimate":150847496.76,"standard_error":82386.78092905652},"median":{"confidence_interval":{"confidence_level":0.95,"lower_bound":150513688.0,"upper_bound":151094456.0},"point_estimate":150746432.5,"standard_error":151398.48966307793},"median_abs_dev":{"confidence_interval":{"confidence_level":0.95,"lower_bound":755936.2137794495,"upper_bound":1114150.8999198675},"point_estimate":966193.3529466391,"standard_error":88564.40469709635},"slope":null,"std_dev":{"confidence_interval":{"confidence_level":0.95,"lower_bound":709048.2032039845,"upper_bound":950504.774860574},"point_estimate":829279.6470042524,"standard_error":62370.47644290483}}