{"mean":{"confidence_interval":{"confidence_level":0.95,"lower_bound":76139396.49575,"upper_bound":76695328.9},"point_estimate":76408555.52,"standard_error":141305.71902713148},"median":{"confidence_interval":{"confidence_level":0.95,"lower_bound":75701602.0,"upper_bound":76388464.0},"point_estimate":76007617.5,"standard_error":194235.65800301655},"median_abs_dev":{"confidence_interval":{"confidence_level":0.95,"lower_bound":834379.0957868099,"upper_bound":1505951.6645640135},"point_estimate":1134096.3173657656,"standard_error":187738.79724546894},"slope":null,"std_dev":{"confidence_interval":{"confidence_level":0.95,"lower_bound":1143328.4492738927,"upper_bound":1652410.706156206},"point_estimate":1412389.467962711,"standard_error":130768.06980023827}}