{"mean":{"confidence_interval":{"confidence_level":0.95,"lower_bound":124223075.23324999,"upper_bound":125006348.3295},"point_estimate":124605716.31,"standard_error":199858.3163900779},"median":{"confidence_interval":{"confidence_level":0.95,"lower_bound":123788445.0,"upper_bound":124492021.0},"point_estimate":124108173.5,"standard_error":183772.76820512113},"median_abs_dev":{"confidence_interval":{"confidence_level":0.95,"lower_bound":1233259.627422767,"upper_bound":2179808.178600669},"point_estimate":1675789.4219487906,"standard_error":244228.8604636282},"slope":null,"std_dev":{"confidence_interval":{"confidence_level":0.95,"lower_bound":1666052.1431290952,"upper_bound":2302319.3506588945},"point_estimate":2010487.3244442665,"standard_error":162851.56084267035}}