{"mean":{"confidence_interval":{"confidence_level":0.95,"lower_bound":152504932.66625,"upper_bound":152755093.50325},"point_estimate":152629806.99,"standard_error":63683.45569743361},"median":{"confidence_interval":{"confidence_level":0.95,"lower_bound":152440179.0,"upper_bound":152786123.0},"point_estimate":152604917.0,"standard_error":79268.17304198917},"median_abs_dev":{"confidence_interval":{"confidence_level":0.95,"lower_bound":444001.6271173954,"upper_bound":692275.687472149},"point_estimate":547639.071777463,"standard_error":63474.02021729483},"slope":null,"std_dev":{"confidence_interval":{"confidence_level":0.95,"lower_bound":543286.5353244123,"upper_bound":740778.1656443579},"point_estimate":645858.9095806741,"standard_error":50404.264190214046}}