{"mean":{"confidence_interval":{"confidence_level":0.95,"lower_bound":75443917.54375,"upper_bound":75864031.24925},"point_estimate":75643061.86,"standard_error":107007.79660382707},"median":{"confidence_interval":{"confidence_level":0.95,"lower_bound":75212504.0,"upper_bound":75498354.0},"point_estimate":75392002.5,"standard_error":66977.93396172734},"median_abs_dev":{"confidence_interval":{"confidence_level":0.95,"lower_bound":449255.9614241123,"upper_bound":785684.5822513103},"point_estimate":642876.1049866676,"standard_error":86799.00436799788},"slope":null,"std_dev":{"confidence_interval":{"confidence_level":0.95,"lower_bound":802657.9117375371,"upper_bound":1298389.63787334},"point_estimate":1076343.8142682924,"standard_error":126437.0888173955}}