{"mean":{"confidence_interval":{"confidence_level":0.95,"lower_bound":153068228.16775,"upper_bound":154816697.426},"point_estimate":153930024.65,"standard_error":446203.6748373157},"median":{"confidence_interval":{"confidence_level":0.95,"lower_bound":151889863.0,"upper_bound":155066219.5},"point_estimate":152758099.5,"standard_error":845778.7197406393},"median_abs_dev":{"confidence_interval":{"confidence_level":0.95,"lower_bound":3502494.919118285,"upper_bound":5736041.416364908},"point_estimate":4683834.284645319,"standard_error":559668.6621770677},"slope":null,"std_dev":{"confidence_interval":{"confidence_level":0.95,"lower_bound":3909019.3072165754,"upper_bound":4967735.423065895},"point_estimate":4477765.968163727,"standard_error":270888.2351840621}}