{"mean":{"confidence_interval":{"confidence_level":0.95,"lower_bound":77669935.45,"upper_bound":78081548.03325},"point_estimate":77868947.6,"standard_error":105474.00112141363},"median":{"confidence_interval":{"confidence_level":0.95,"lower_bound":77425039.5,"upper_bound":77808757.0},"point_estimate":77627738.5,"standard_error":113372.06614083657},"median_abs_dev":{"confidence_interval":{"confidence_level":0.95,"lower_bound":500926.79440677166,"upper_bound":857592.1635746956},"point_estimate":685059.0394377708,"standard_error":91392.2281602327},"slope":null,"std_dev":{"confidence_interval":{"confidence_level":0.95,"lower_bound":836055.7056026167,"upper_bound":1245563.9394779187},"point_estimate":1059528.653994203,"standard_error":104649.68641677537}}