{"mean":{"confidence_interval":{"confidence_level":0.95,"lower_bound":76127008.61825,"upper_bound":76765795.0325},"point_estimate":76413713.82,"standard_error":164526.14108290506},"median":{"confidence_interval":{"confidence_level":0.95,"lower_bound":75847655.0,"upper_bound":76100498.0},"point_estimate":75965235.0,"standard_error":51835.72034625204},"median_abs_dev":{"confidence_interval":{"confidence_level":0.95,"lower_bound":366151.7850995064,"upper_bound":671819.421672821},"point_estimate":497665.8157646656,"standard_error":75660.93425238859},"slope":null,"std_dev":{"confidence_interval":{"confidence_level":0.95,"lower_bound":916046.4562597868,"upper_bound":2421703.806114018},"point_estimate":1661303.8459405664,"standard_error":431881.6446629715}}