{"mean":{"confidence_interval":{"confidence_level":0.95,"lower_bound":125215230.2375,"upper_bound":125691181.36075},"point_estimate":125449819.77,"standard_error":121463.75847177333},"median":{"confidence_interval":{"confidence_level":0.95,"lower_bound":125041644.0,"upper_bound":125668642.0},"point_estimate":125345143.0,"standard_error":171561.58884045942},"median_abs_dev":{"confidence_interval":{"confidence_level":0.95,"lower_bound":863387.6468718052,"upper_bound":1327221.2725371122},"point_estimate":1126922.7573931217,"standard_error":117650.03775311835},"slope":null,"std_dev":{"confidence_interval":{"confidence_level":0.95,"lower_bound":1004540.5605153664,"upper_bound":1423076.052335547},"point_estimate":1223608.3412785158,"standard_error":106883.78148933932}}