{"mean":{"confidence_interval":{"confidence_level":0.95,"lower_bound":75737052.05,"upper_bound":76171533.77},"point_estimate":75944052.18,"standard_error":110708.18193939485},"median":{"confidence_interval":{"confidence_level":0.95,"lower_bound":75432184.0,"upper_bound":75794527.0},"point_estimate":75592313.5,"standard_error":89662.03456335005},"median_abs_dev":{"confidence_interval":{"confidence_level":0.95,"lower_bound":387959.34811234474,"upper_bound":676109.32469666},"point_estimate":544934.8094254732,"standard_error":71790.99412722643},"slope":null,"std_dev":{"confidence_interval":{"confidence_level":0.95,"lower_bound":837296.168719644,"upper_bound":1341157.1977736566},"point_estimate":1116103.6552352214,"standard_error":128668.60387479456}}