{"mean":{"confidence_interval":{"confidence_level":0.95,"lower_bound":75775551.97825,"upper_bound":76650997.52},"point_estimate":76158127.52,"standard_error":223680.51002948277},"median":{"confidence_interval":{"confidence_level":0.95,"lower_bound":75513393.5,"upper_bound":75844018.0},"point_estimate":75623374.0,"standard_error":77660.61450961864},"median_abs_dev":{"confidence_interval":{"confidence_level":0.95,"lower_bound":591147.4506050348,"upper_bound":988428.6460518837},"point_estimate":744078.3791899681,"standard_error":103840.90196412544},"slope":null,"std_dev":{"confidence_interval":{"confidence_level":0.95,"lower_bound":991731.5782721023,"upper_bound":3279339.2341906982},"point_estimate":2235339.1708590975,"standard_error":610206.0171051115}}