{"mean":{"confidence_interval":{"confidence_level":0.95,"lower_bound":124237392.81975,"upper_bound":124759022.56725},"point_estimate":124491915.58,"standard_error":133437.30050073873},"median":{"confidence_interval":{"confidence_level":0.95,"lower_bound":123962500.0,"upper_bound":124467688.0},"point_estimate":124241655.5,"standard_error":142979.29849912837},"median_abs_dev":{"confidence_interval":{"confidence_level":0.95,"lower_bound":810285.3636145592,"upper_bound":1510575.1525819302},"point_estimate":1237825.6832242012,"standard_error":166626.0581755619},"slope":null,"std_dev":{"confidence_interval":{"confidence_level":0.95,"lower_bound":1090674.2566597566,"upper_bound":1571972.4680680532},"point_estimate":1337678.5853683746,"standard_error":123580.40624136444}}