{"mean":{"confidence_interval":{"confidence_level":0.95,"lower_bound":75057516.17125,"upper_bound":75901763.95},"point_estimate":75420854.05,"standard_error":218213.83339474202},"median":{"confidence_interval":{"confidence_level":0.95,"lower_bound":74761817.0,"upper_bound":75099556.0},"point_estimate":74871939.5,"standard_error":91358.95246794591},"median_abs_dev":{"confidence_interval":{"confidence_level":0.95,"lower_bound":552668.0508881807,"upper_bound":921538.9243394136},"point_estimate":697943.5745090246,"standard_error":99063.22235620113},"slope":null,"std_dev":{"confidence_interval":{"confidence_level":0.95,"lower_bound":972568.5440742739,"upper_bound":3402626.5497952746},"point_estimate":2192877.254186083,"standard_error":741145.47839657}}