{"mean":{"confidence_interval":{"confidence_level":0.95,"lower_bound":73401716.59625,"upper_bound":74044287.01325},"point_estimate":73717918.83,"standard_error":163564.9947134785},"median":{"confidence_interval":{"confidence_level":0.95,"lower_bound":73532077.0,"upper_bound":73838105.0},"point_estimate":73655825.0,"standard_error":82028.85058036151},"median_abs_dev":{"confidence_interval":{"confidence_level":0.95,"lower_bound":567118.9528316259,"upper_bound":1433617.0573832055},"point_estimate":955117.5898432732,"standard_error":228545.15180828472},"slope":null,"std_dev":{"confidence_interval":{"confidence_level":0.95,"lower_bound":1301967.6398711,"upper_bound":1915429.974611515},"point_estimate":1627316.9338888647,"standard_error":156448.5170763229}}