{"mean":{"confidence_interval":{"confidence_level":0.95,"lower_bound":120965795.68875,"upper_bound":121424252.22525},"point_estimate":121192387.3,"standard_error":116827.7974930497},"median":{"confidence_interval":{"confidence_level":0.95,"lower_bound":120811148.0,"upper_bound":121430850.0},"point_estimate":121136999.5,"standard_error":153337.23477465857},"median_abs_dev":{"confidence_interval":{"confidence_level":0.95,"lower_bound":828109.1804981232,"upper_bound":1315069.1418528557},"point_estimate":1026110.4069828987,"standard_error":124282.99479265671},"slope":null,"std_dev":{"confidence_interval":{"confidence_level":0.95,"lower_bound":989021.9690374061,"upper_bound":1340969.509134533},"point_estimate":1173137.6653476192,"standard_error":89849.47310140594}}