{"mean":{"confidence_interval":{"confidence_level":0.95,"lower_bound":77139789.4,"upper_bound":77561954.26575},"point_estimate":77342892.85,"standard_error":107925.77935707493},"median":{"confidence_interval":{"confidence_level":0.95,"lower_bound":76795124.5,"upper_bound":77213841.0},"point_estimate":76873792.0,"standard_error":114034.98155350132},"median_abs_dev":{"confidence_interval":{"confidence_level":0.95,"lower_bound":421169.58752274513,"upper_bound":864552.2291511297},"point_estimate":576436.352366209,"standard_error":104729.05466334523},"slope":null,"std_dev":{"confidence_interval":{"confidence_level":0.95,"lower_bound":830408.7020725578,"upper_bound":1284767.97934546},"point_estimate":1080796.3921124088,"standard_error":116230.95718792932}}