{"mean":{"confidence_interval":{"confidence_level":0.95,"lower_bound":74484322.65475,"upper_bound":74893132.48},"point_estimate":74679047.44,"standard_error":104757.5947009791},"median":{"confidence_interval":{"confidence_level":0.95,"lower_bound":74174591.0,"upper_bound":74554648.0},"point_estimate":74368507.0,"standard_error":103050.95269042005},"median_abs_dev":{"confidence_interval":{"confidence_level":0.95,"lower_bound":413348.8726615906,"upper_bound":751944.3133503199},"point_estimate":535408.3632946014,"standard_error":86143.99237340692},"slope":null,"std_dev":{"confidence_interval":{"confidence_level":0.95,"lower_bound":789675.4296688327,"upper_bound":1270996.4264463703},"point_estimate":1055941.413321889,"standard_error":123034.93597907717}}