{"mean":{"confidence_interval":{"confidence_level":0.95,"lower_bound":145091407.80699998,"upper_bound":145324618.7575},"point_estimate":145201573.24,"standard_error":59477.08574214464},"median":{"confidence_interval":{"confidence_level":0.95,"lower_bound":145018338.0,"upper_bound":145300224.0},"point_estimate":145124230.5,"standard_error":67150.27674388928},"median_abs_dev":{"confidence_interval":{"confidence_level":0.95,"lower_bound":449039.50182795525,"upper_bound":650566.3510501385},"point_estimate":567399.905526638,"standard_error":51353.01324388669},"slope":null,"std_dev":{"confidence_interval":{"confidence_level":0.95,"lower_bound":428823.6107558257,"upper_bound":802004.4571832251},"point_estimate":598341.0762452851,"standard_error":106204.94266136635}}