{"mean":{"confidence_interval":{"confidence_level":0.95,"lower_bound":61854450.97,"upper_bound":62219218.91},"point_estimate":62028477.02,"standard_error":93321.4863226719},"median":{"confidence_interval":{"confidence_level":0.95,"lower_bound":61669475.0,"upper_bound":61879500.5},"point_estimate":61807172.0,"standard_error":66287.26183315745},"median_abs_dev":{"confidence_interval":{"confidence_level":0.95,"lower_bound":370151.8398284912,"upper_bound":583732.2268366814},"point_estimate":497590.203166008,"standard_error":53645.08853932127},"slope":null,"std_dev":{"confidence_interval":{"confidence_level":0.95,"lower_bound":676337.0343706848,"upper_bound":1157454.2519423522},"point_estimate":941663.5279262785,"standard_error":123799.36978865045}}