{"mean":{"confidence_interval":{"confidence_level":0.95,"lower_bound":179631597.703,"upper_bound":181277272.02449998},"point_estimate":180442100.19,"standard_error":421105.25774219615},"median":{"confidence_interval":{"confidence_level":0.95,"lower_bound":178941704.0,"upper_bound":181094971.5},"point_estimate":180013539.0,"standard_error":570169.1455345313},"median_abs_dev":{"confidence_interval":{"confidence_level":0.95,"lower_bound":3058779.4337958097,"upper_bound":4865274.128124118},"point_estimate":3966548.7108796835,"standard_error":461184.94735135586},"slope":null,"std_dev":{"confidence_interval":{"confidence_level":0.95,"lower_bound":3527287.0336776315,"upper_bound":4831521.516538054},"point_estimate":4219217.891689937,"standard_error":331246.7527811758}}