{"mean":{"confidence_interval":{"confidence_level":0.95,"lower_bound":76236758.13525,"upper_bound":77498126.16675},"point_estimate":76766466.63,"standard_error":328874.2062665512},"median":{"confidence_interval":{"confidence_level":0.95,"lower_bound":75770432.0,"upper_bound":76007637.0},"point_estimate":75897815.5,"standard_error":51349.34660726701},"median_abs_dev":{"confidence_interval":{"confidence_level":0.95,"lower_bound":367575.82237422466,"upper_bound":651461.8414342403},"point_estimate":496645.0456827879,"standard_error":74253.01472592888},"slope":null,"std_dev":{"confidence_interval":{"confidence_level":0.95,"lower_bound":1235900.0236246518,"upper_bound":5229917.4884912},"point_estimate":3317885.5248101405,"standard_error":1201150.2341606892}}