{"mean":{"confidence_interval":{"confidence_level":0.95,"lower_bound":172059588.57475,"upper_bound":174881104.57825002},"point_estimate":173458904.68,"standard_error":717145.8439896093},"median":{"confidence_interval":{"confidence_level":0.95,"lower_bound":170417279.0,"upper_bound":175820643.5},"point_estimate":174084362.0,"standard_error":1304431.6878459046},"median_abs_dev":{"confidence_interval":{"confidence_level":0.95,"lower_bound":6153652.022650838,"upper_bound":9442600.005922819},"point_estimate":7958453.587809205,"standard_error":853581.0238857836},"slope":null,"std_dev":{"confidence_interval":{"confidence_level":0.95,"lower_bound":6110257.143448407,"upper_bound":8295200.139539282},"point_estimate":7181526.671338208,"standard_error":560454.3311625995}}