{"mean":{"confidence_interval":{"confidence_level":0.95,"lower_bound":159320508.51325002,"upper_bound":159969593.43},"point_estimate":159641458.51,"standard_error":165192.85469126693},"median":{"confidence_interval":{"confidence_level":0.95,"lower_bound":159460046.5,"upper_bound":160090828.5},"point_estimate":159831820.0,"standard_error":162638.55764272064},"median_abs_dev":{"confidence_interval":{"confidence_level":0.95,"lower_bound":1057383.629527688,"upper_bound":1646276.0455727577},"point_estimate":1395123.6100316048,"standard_error":152621.9261054757},"slope":null,"std_dev":{"confidence_interval":{"confidence_level":0.95,"lower_bound":1287789.940907257,"upper_bound":2063257.7228298914},"point_estimate":1658623.3971373322,"standard_error":202041.77943330017}}