{"mean":{"confidence_interval":{"confidence_level":0.95,"lower_bound":152851744.31350002,"upper_bound":153124752.6825},"point_estimate":152986449.44,"standard_error":69565.27339609458},"median":{"confidence_interval":{"confidence_level":0.95,"lower_bound":152726173.5,"upper_bound":153039186.0},"point_estimate":152869775.5,"standard_error":82297.07416413934},"median_abs_dev":{"confidence_interval":{"confidence_level":0.95,"lower_bound":459020.1053957641,"upper_bound":778316.8016821146},"point_estimate":600747.2854346037,"standard_error":84603.11951400558},"slope":null,"std_dev":{"confidence_interval":{"confidence_level":0.95,"lower_bound":596534.0360483507,"upper_bound":786890.4256363439},"point_estimate":698394.4762105878,"standard_error":48500.8695385241}}