{"mean":{"confidence_interval":{"confidence_level":0.95,"lower_bound":75663067.18325,"upper_bound":76162321.41},"point_estimate":75905456.87,"standard_error":126668.5071101146},"median":{"confidence_interval":{"confidence_level":0.95,"lower_bound":75278005.0,"upper_bound":75714370.0},"point_estimate":75442184.5,"standard_error":123019.41230736375},"median_abs_dev":{"confidence_interval":{"confidence_level":0.95,"lower_bound":568510.3729069233,"upper_bound":1076106.643295288},"point_estimate":756317.2419726849,"standard_error":143779.0402556602},"slope":null,"std_dev":{"confidence_interval":{"confidence_level":0.95,"lower_bound":994766.6265919897,"upper_bound":1495837.3803176864},"point_estimate":1264224.4306259742,"standard_error":128551.96022944838}}