{"mean":{"confidence_interval":{"confidence_level":0.95,"lower_bound":0.20003801974147706,"upper_bound":0.20049993958137918},"point_estimate":0.20028056692628438,"standard_error":0.00011687005185068919},"median":{"confidence_interval":{"confidence_level":0.95,"lower_bound":0.2002669674663644,"upper_bound":0.20045999525521752},"point_estimate":0.20037598081385477,"standard_error":0.000049465756660658515}}