{"mean":{"confidence_interval":{"confidence_level":0.95,"lower_bound":0.00010271810170713344,"upper_bound":0.0019842826949664156},"point_estimate":0.0009517231743210175,"standard_error":0.00048005404267935457},"median":{"confidence_interval":{"confidence_level":0.95,"lower_bound":-0.00014159981715289316,"upper_bound":0.00015422729869607466},"point_estimate":-0.000016131525848672723,"standard_error":0.00007754373102645913}}