{"mean":{"confidence_interval":{"confidence_level":0.95,"lower_bound":-0.002300099852612017,"upper_bound":0.0004236618361105445},"point_estimate":-0.0006831180384127,"standard_error":0.0007117132344421894},"median":{"confidence_interval":{"confidence_level":0.95,"lower_bound":-0.0001847740054066431,"upper_bound":0.00009630219969247733},"point_estimate":-0.00006724839724336906,"standard_error":0.00006850581942854164}}