{"mean":{"confidence_interval":{"confidence_level":0.95,"lower_bound":0.00024278949899931296,"upper_bound":0.009722391639238829},"point_estimate":0.004201153947892555,"standard_error":0.002539515109563086},"median":{"confidence_interval":{"confidence_level":0.95,"lower_bound":0.00011176856696258902,"upper_bound":0.0005927059952344216},"point_estimate":0.000267352168849877,"standard_error":0.000123735473797472}}