{"mean":{"confidence_interval":{"confidence_level":0.95,"lower_bound":-0.00836883777334808,"upper_bound":0.003088556812713994},"point_estimate":-0.0014811803905391274,"standard_error":0.0030502841671710503},"median":{"confidence_interval":{"confidence_level":0.95,"lower_bound":0.00020923954368523567,"upper_bound":0.0005226806063534979},"point_estimate":0.00041125352465010145,"standard_error":0.00007907531598654102}}