{"mean":{"confidence_interval":{"confidence_level":0.95,"lower_bound":-0.22874758177949894,"upper_bound":-0.21459920709643499},"point_estimate":-0.22154364448278652,"standard_error":0.0036181976086889136},"median":{"confidence_interval":{"confidence_level":0.95,"lower_bound":-0.22074492494512643,"upper_bound":-0.20426100154380966},"point_estimate":-0.21256566879409255,"standard_error":0.0043435273881607525}}