{"mean":{"confidence_interval":{"confidence_level":0.95,"lower_bound":0.031324039961319765,"upper_bound":0.0429486597888598},"point_estimate":0.03704755046627106,"standard_error":0.0029698729375068423},"median":{"confidence_interval":{"confidence_level":0.95,"lower_bound":0.017392589803164382,"upper_bound":0.050102542827632233},"point_estimate":0.03460112846876773,"standard_error":0.00877098695619281}}