{"mean":{"confidence_interval":{"confidence_level":0.95,"lower_bound":-0.05462077868448214,"upper_bound":-0.03372038320346633},"point_estimate":-0.04429558664682054,"standard_error":0.005327815830674461},"median":{"confidence_interval":{"confidence_level":0.95,"lower_bound":-0.056367348453892685,"upper_bound":-0.02818911727320887},"point_estimate":-0.0396012830359882,"standard_error":0.0068771208603270115}}