{"mean":{"confidence_interval":{"confidence_level":0.95,"lower_bound":-0.007105580120382635,"upper_bound":-0.0003375803018371371},"point_estimate":-0.0031973117517081207,"standard_error":0.001755454822867966},"median":{"confidence_interval":{"confidence_level":0.95,"lower_bound":-0.0002695666873882008,"upper_bound":0.000027099892051074548},"point_estimate":-0.00015618135470785166,"standard_error":0.00007508502643632934}}