{"mean":{"confidence_interval":{"confidence_level":0.95,"lower_bound":0.19949700674665063,"upper_bound":0.20282445922668862},"point_estimate":0.20114101241967286,"standard_error":0.0008191550410001681},"median":{"confidence_interval":{"confidence_level":0.95,"lower_bound":0.19941294423958134,"upper_bound":0.20299007146015646},"point_estimate":0.20170820362103115,"standard_error":0.0009465629584806017}}