{"mean":{"confidence_interval":{"confidence_level":0.95,"lower_bound":-0.19553322946297091,"upper_bound":-0.18005715813547046},"point_estimate":-0.1878134611803678,"standard_error":0.003945318083655808},"median":{"confidence_interval":{"confidence_level":0.95,"lower_bound":-0.19898458646495387,"upper_bound":-0.1681146662648565},"point_estimate":-0.1821543790858967,"standard_error":0.006782696479066981}}