{"mean":{"confidence_interval":{"confidence_level":0.95,"lower_bound":-0.0018896860790477336,"upper_bound":0.000094292756453151},"point_estimate":-0.0009109385273035064,"standard_error":0.000502600803792811},"median":{"confidence_interval":{"confidence_level":0.95,"lower_bound":-0.0005238778556075787,"upper_bound":0.000024103499038696796},"point_estimate":-0.0002636571852164815,"standard_error":0.00014400023320260686}}