{"mean":{"confidence_interval":{"confidence_level":0.95,"lower_bound":0.00029950286763407726,"upper_bound":0.0034792581632496706},"point_estimate":0.0018914774428970826,"standard_error":0.0008149650428335514},"median":{"confidence_interval":{"confidence_level":0.95,"lower_bound":-0.00024714516616097804,"upper_bound":0.003548272871610525},"point_estimate":0.0020068685285332677,"standard_error":0.0009131845784320631}}