{"mean":{"confidence_interval":{"confidence_level":0.95,"lower_bound":-0.0010226843269086627,"upper_bound":-0.0007180330131097148},"point_estimate":-0.0008671000557936015,"standard_error":0.00007729878971304454},"median":{"confidence_interval":{"confidence_level":0.95,"lower_bound":-0.0009246669213488379,"upper_bound":-0.0007504709231381801},"point_estimate":-0.0008079630411934602,"standard_error":0.00004970549884128298}}