{"mean":{"confidence_interval":{"confidence_level":0.95,"lower_bound":-0.0002801729644138494,"upper_bound":0.0006464266064154233},"point_estimate":0.0002140702683419704,"standard_error":0.00023742591146193618},"median":{"confidence_interval":{"confidence_level":0.95,"lower_bound":0.0002343378505436089,"upper_bound":0.0005308889155130389},"point_estimate":0.00038975991771406093,"standard_error":0.0000762835394208591}}