{"mean":{"confidence_interval":{"confidence_level":0.95,"lower_bound":-0.0007202592094630863,"upper_bound":0.0013660350525067472},"point_estimate":0.0002939101945438338,"standard_error":0.0005256733111552646},"median":{"confidence_interval":{"confidence_level":0.95,"lower_bound":0.0001919253670306098,"upper_bound":0.0005589880251839485},"point_estimate":0.00037929262570535194,"standard_error":0.00009077907137914103}}