{"mean":{"confidence_interval":{"confidence_level":0.95,"lower_bound":-0.029225814636089198,"upper_bound":-0.01500722272628949},"point_estimate":-0.021902361657380798,"standard_error":0.0036207456452743967},"median":{"confidence_interval":{"confidence_level":0.95,"lower_bound":-0.026219934432280434,"upper_bound":-0.0071567448078387885},"point_estimate":-0.015927047313690768,"standard_error":0.004948287625900505}}