{"mean":{"confidence_interval":{"confidence_level":0.95,"lower_bound":0.18648244116330281,"upper_bound":0.19680156734286425},"point_estimate":0.19135550913319244,"standard_error":0.0026453435316558618},"median":{"confidence_interval":{"confidence_level":0.95,"lower_bound":0.1814089190563024,"upper_bound":0.1902335332414183},"point_estimate":0.18625450211804728,"standard_error":0.002201903229434171}}