{"mean":{"confidence_interval":{"confidence_level":0.95,"lower_bound":-0.0009580563278440171,"upper_bound":0.0005045238119241009},"point_estimate":-0.00023490825711425245,"standard_error":0.00037211822821251535},"median":{"confidence_interval":{"confidence_level":0.95,"lower_bound":-0.00042972068694617965,"upper_bound":0.000049948799591081894},"point_estimate":-0.00008867203614515429,"standard_error":0.00012985230180113366}}