{"mean":{"confidence_interval":{"confidence_level":0.95,"lower_bound":-0.0005382471533296656,"upper_bound":0.00003335460730243265},"point_estimate":-0.00026375019133151323,"standard_error":0.00014649971420917915},"median":{"confidence_interval":{"confidence_level":0.95,"lower_bound":-0.0005310451774038577,"upper_bound":-0.0002738747360858003},"point_estimate":-0.00040734791865348896,"standard_error":0.00006333269281999978}}