{"mean":{"confidence_interval":{"confidence_level":0.95,"lower_bound":0.052632196194910476,"upper_bound":0.07789179426770487},"point_estimate":0.0653221219686464,"standard_error":0.006411018201301657},"median":{"confidence_interval":{"confidence_level":0.95,"lower_bound":0.05029180117721066,"upper_bound":0.07534339451007455},"point_estimate":0.0642610231159284,"standard_error":0.006601418430747881}}