{"mean":{"confidence_interval":{"confidence_level":0.95,"lower_bound":0.36122699796329044,"upper_bound":0.38302327614114406},"point_estimate":0.3715588203377722,"standard_error":0.0060534964190002965},"median":{"confidence_interval":{"confidence_level":0.95,"lower_bound":0.35337686032065707,"upper_bound":0.367815668625012},"point_estimate":0.3587744110011537,"standard_error":0.004041460611561151}}