{"mean":{"confidence_interval":{"confidence_level":0.95,"lower_bound":-0.010846348760003626,"upper_bound":0.0010239806909566748},"point_estimate":-0.003763392084674577,"standard_error":0.0031431423123373485},"median":{"confidence_interval":{"confidence_level":0.95,"lower_bound":0.0002757935965584435,"upper_bound":0.0005810231253926545},"point_estimate":0.00040287903803171154,"standard_error":0.0000798736064697332}}