{"mean":{"confidence_interval":{"confidence_level":0.95,"lower_bound":0.24699096425952985,"upper_bound":0.2763303141747195},"point_estimate":0.26136968896336077,"standard_error":0.007688469023517114},"median":{"confidence_interval":{"confidence_level":0.95,"lower_bound":0.23674643080137292,"upper_bound":0.2482598954239681},"point_estimate":0.24021347429350204,"standard_error":0.002824227712559735}}