{"mean":{"confidence_interval":{"confidence_level":0.95,"lower_bound":-0.005129172981606924,"upper_bound":0.01920979917070138},"point_estimate":0.006650812240127646,"standard_error":0.006287018526004615},"median":{"confidence_interval":{"confidence_level":0.95,"lower_bound":-0.014099702797115365,"upper_bound":0.019048777448861465},"point_estimate":-0.000040096066359462945,"standard_error":0.007902909592478101}}