{"mean":{"confidence_interval":{"confidence_level":0.95,"lower_bound":-0.0005501421330760781,"upper_bound":0.0010494875996986835},"point_estimate":0.00022466254786612794,"standard_error":0.0004105928121165257},"median":{"confidence_interval":{"confidence_level":0.95,"lower_bound":-0.0001906763005862233,"upper_bound":0.00025112000523885847},"point_estimate":5.363678593717225e-6,"standard_error":0.00011833195064026557}}