{"mean":{"confidence_interval":{"confidence_level":0.95,"lower_bound":-0.11493059886190117,"upper_bound":-0.0981369700072038},"point_estimate":-0.1063106232974056,"standard_error":0.004280399912857705},"median":{"confidence_interval":{"confidence_level":0.95,"lower_bound":-0.10357243406740857,"upper_bound":-0.08585012286466859},"point_estimate":-0.09608504516702565,"standard_error":0.004374235916870295}}