{"mean":{"confidence_interval":{"confidence_level":0.95,"lower_bound":-0.0727010732223452,"upper_bound":-0.06718078706882981},"point_estimate":-0.0697564507220847,"standard_error":0.0014389019248447499},"median":{"confidence_interval":{"confidence_level":0.95,"lower_bound":-0.0723549542466152,"upper_bound":-0.06590725726962665},"point_estimate":-0.06955075644738629,"standard_error":0.0014464956079881502}}