{"mean":{"confidence_interval":{"confidence_level":0.95,"lower_bound":-0.0014552814133025251,"upper_bound":0.0006399347742401851},"point_estimate":-0.0003156579237015844,"standard_error":0.0005377919248080206},"median":{"confidence_interval":{"confidence_level":0.95,"lower_bound":0.00025519454347389114,"upper_bound":0.0006441807078514383},"point_estimate":0.00043791379401492136,"standard_error":0.00009911909222114771}}