{"mean":{"confidence_interval":{"confidence_level":0.95,"lower_bound":0.016741967894674664,"upper_bound":0.030956135880757043},"point_estimate":0.02367190704176636,"standard_error":0.003621531722216138},"median":{"confidence_interval":{"confidence_level":0.95,"lower_bound":0.007139059504750467,"upper_bound":0.02693870137069343},"point_estimate":0.01350763666089505,"standard_error":0.005065128328603959}}