{"mean":{"confidence_interval":{"confidence_level":0.95,"lower_bound":-0.0006840112719236846,"upper_bound":0.0014428745335711582},"point_estimate":0.0003692621934230367,"standard_error":0.0005400520201342554},"median":{"confidence_interval":{"confidence_level":0.95,"lower_bound":-0.0001798525651857119,"upper_bound":0.000059908397345154185},"point_estimate":-0.00006496255578314347,"standard_error":0.00005841165115366613}}