{"mean":{"confidence_interval":{"confidence_level":0.95,"lower_bound":-0.0018761436380630712,"upper_bound":-0.0001639023282743598},"point_estimate":-0.0009627175781237174,"standard_error":0.0004365737293244323},"median":{"confidence_interval":{"confidence_level":0.95,"lower_bound":-0.0006844319056376058,"upper_bound":-0.00030466174541254887},"point_estimate":-0.00046571675401585466,"standard_error":0.00010390887265131779}}