{"mean":{"confidence_interval":{"confidence_level":0.95,"lower_bound":-0.1560965776834776,"upper_bound":-0.15179413497763172},"point_estimate":-0.15399542819808976,"standard_error":0.0010979938370038035},"median":{"confidence_interval":{"confidence_level":0.95,"lower_bound":-0.1598543102409491,"upper_bound":-0.1546073645671607},"point_estimate":-0.15754970995788475,"standard_error":0.0014190731308802859}}