{"mean":{"confidence_interval":{"confidence_level":0.95,"lower_bound":-0.04905014172404946,"upper_bound":-0.0298146327322232},"point_estimate":-0.04088917211780063,"standard_error":0.004924257456379105},"median":{"confidence_interval":{"confidence_level":0.95,"lower_bound":-0.06544130232178369,"upper_bound":-0.0550218228393603},"point_estimate":-0.05988661804463846,"standard_error":0.002547526911843762}}