{"mean":{"confidence_interval":{"confidence_level":0.95,"lower_bound":-0.001299550686020029,"upper_bound":-0.00035385008779136875},"point_estimate":-0.0008352632782654412,"standard_error":0.00023913975585775294},"median":{"confidence_interval":{"confidence_level":0.95,"lower_bound":-0.0007291058190138644,"upper_bound":-0.00027209925213289576},"point_estimate":-0.000411819501775712,"standard_error":0.00011884668858901012}}