{"mean":{"confidence_interval":{"confidence_level":0.95,"lower_bound":-0.1764604160273554,"upper_bound":-0.16669232780649343},"point_estimate":-0.1710109646401563,"standard_error":0.002538335951777668},"median":{"confidence_interval":{"confidence_level":0.95,"lower_bound":-0.1668527273122682,"upper_bound":-0.16520000392929557},"point_estimate":-0.1660900872387654,"standard_error":0.0004105842397774843}}