{"mean":{"confidence_interval":{"confidence_level":0.95,"lower_bound":-0.0016355716219745159,"upper_bound":0.00198914862706348},"point_estimate":0.000029221482524377507,"standard_error":0.000908217841653324},"median":{"confidence_interval":{"confidence_level":0.95,"lower_bound":-0.00048531166354115474,"upper_bound":-0.0001553071108112425},"point_estimate":-0.00032895525255627334,"standard_error":0.00008311761469774667}}