{"mean":{"confidence_interval":{"confidence_level":0.95,"lower_bound":0.005516958211419382,"upper_bound":0.007461055509646375},"point_estimate":0.0064308550096670025,"standard_error":0.0005031691258209648},"median":{"confidence_interval":{"confidence_level":0.95,"lower_bound":0.005376548411289539,"upper_bound":0.00598310186847119},"point_estimate":0.005759992486003229,"standard_error":0.00016249049576967423}}