{"mean":{"confidence_interval":{"confidence_level":0.95,"lower_bound":-0.0005894521041520855,"upper_bound":0.013166805107308222},"point_estimate":0.003602503633492793,"standard_error":0.0034877439697734835},"median":{"confidence_interval":{"confidence_level":0.95,"lower_bound":-0.0004301970713673775,"upper_bound":-0.000042076971348953936},"point_estimate":-0.00021447117459749698,"standard_error":0.0000991099428559803}}