{"mean":{"confidence_interval":{"confidence_level":0.95,"lower_bound":-0.0006438808065460987,"upper_bound":0.020168150239621947},"point_estimate":0.00657591898661436,"standard_error":0.006318597794898892},"median":{"confidence_interval":{"confidence_level":0.95,"lower_bound":-0.00032688369109734605,"upper_bound":0.00002835975291156594},"point_estimate":-0.00018869329154236336,"standard_error":0.0000908903317840648}}