{"mean":{"confidence_interval":{"confidence_level":0.95,"lower_bound":-0.024504521719918577,"upper_bound":-0.024264726849748158},"point_estimate":-0.024383571123431924,"standard_error":0.00006072393591749584},"median":{"confidence_interval":{"confidence_level":0.95,"lower_bound":-0.024506735964882065,"upper_bound":-0.024342427661141496},"point_estimate":-0.024423422777106074,"standard_error":0.000041414801991624505}}