{"mean":{"confidence_interval":{"confidence_level":0.95,"lower_bound":-0.00749686574739396,"upper_bound":0.0005576479699533384},"point_estimate":-0.0027282540358910534,"standard_error":0.0021145967757409865},"median":{"confidence_interval":{"confidence_level":0.95,"lower_bound":0.000026340270904517997,"upper_bound":0.0003778544967352193},"point_estimate":0.00025291715357522726,"standard_error":0.00009211377639133266}}