{"mean":{"confidence_interval":{"confidence_level":0.95,"lower_bound":-0.001422822294741868,"upper_bound":0.0009943214033839073},"point_estimate":-0.00009460221571033767,"standard_error":0.000619821325511801},"median":{"confidence_interval":{"confidence_level":0.95,"lower_bound":0.00010416151370828963,"upper_bound":0.0008348869132588366},"point_estimate":0.0004222752681799502,"standard_error":0.00019499969826647847}}