{"mean":{"confidence_interval":{"confidence_level":0.95,"lower_bound":-0.0005236883057625485,"upper_bound":0.001642263138578852},"point_estimate":0.0005202461889626253,"standard_error":0.00054691723248824},"median":{"confidence_interval":{"confidence_level":0.95,"lower_bound":-0.00006274307993536787,"upper_bound":0.00007228659157143547},"point_estimate":0.000010216982663235896,"standard_error":0.000034932587454900545}}