{"mean":{"confidence_interval":{"confidence_level":0.95,"lower_bound":-0.0006733663330747125,"upper_bound":-0.00016353523228029854},"point_estimate":-0.0004092257862913229,"standard_error":0.0001294084535174963},"median":{"confidence_interval":{"confidence_level":0.95,"lower_bound":-0.0007330195264737549,"upper_bound":-0.00048283793992753843},"point_estimate":-0.000586173296926451,"standard_error":0.00006437969199190852}}