{"mean":{"confidence_interval":{"confidence_level":0.95,"lower_bound":0.006638043327268334,"upper_bound":0.008987021816470275},"point_estimate":0.007768201874790881,"standard_error":0.0005943260387857681},"median":{"confidence_interval":{"confidence_level":0.95,"lower_bound":0.0066085276943497195,"upper_bound":0.0077841600763493835},"point_estimate":0.007300178286897774,"standard_error":0.00031315317960966925}}