{"mean":{"confidence_interval":{"confidence_level":0.95,"lower_bound":-0.001901309536318332,"upper_bound":0.0008097923419364804},"point_estimate":-0.0006813980309363643,"standard_error":0.0006888018187155581},"median":{"confidence_interval":{"confidence_level":0.95,"lower_bound":-0.0013590520243296211,"upper_bound":-0.0007820249983466754},"point_estimate":-0.0010554056804534806,"standard_error":0.0001453153754001928}}