{"mean":{"confidence_interval":{"confidence_level":0.95,"lower_bound":-0.005289831163560743,"upper_bound":-0.001592711567127987},"point_estimate":-0.003243789670346997,"standard_error":0.0009489379911525771},"median":{"confidence_interval":{"confidence_level":0.95,"lower_bound":-0.0012955186361196525,"upper_bound":-0.00036312134148364095},"point_estimate":-0.0008818924129325723,"standard_error":0.00021090912884088835}}