{"mean":{"confidence_interval":{"confidence_level":0.95,"lower_bound":-0.0008491797397840695,"upper_bound":0.0008641441985116512},"point_estimate":0.00003642763872302446,"standard_error":0.00043701134053802433},"median":{"confidence_interval":{"confidence_level":0.95,"lower_bound":0.00007544448468843612,"upper_bound":0.0006187774343833219},"point_estimate":0.00032220590420672934,"standard_error":0.00014265475991314143}}