{"mean":{"confidence_interval":{"confidence_level":0.95,"lower_bound":0.023831017390933004,"upper_bound":0.029735539570831093},"point_estimate":0.026848656500296775,"standard_error":0.001513544689992921},"median":{"confidence_interval":{"confidence_level":0.95,"lower_bound":0.020298896719949777,"upper_bound":0.02773697819327062},"point_estimate":0.02445828245264625,"standard_error":0.0019443001839777947}}