{"mean":{"confidence_interval":{"confidence_level":0.95,"lower_bound":1.5776482104890406,"upper_bound":1.5830837860911013},"point_estimate":1.5804573624138176,"standard_error":0.0013819487080869392},"median":{"confidence_interval":{"confidence_level":0.95,"lower_bound":1.5821655025288206,"upper_bound":1.5853174142798019},"point_estimate":1.583633454188203,"standard_error":0.0007891917609740368}}