{"mean":{"confidence_interval":{"confidence_level":0.95,"lower_bound":0.22320742255234097,"upper_bound":0.22767420680743894},"point_estimate":0.22542496406979584,"standard_error":0.0011257646127745258},"median":{"confidence_interval":{"confidence_level":0.95,"lower_bound":0.22347845218744977,"upper_bound":0.2290597335518363},"point_estimate":0.22587940112269478,"standard_error":0.0013664133583879314}}