{"mean":{"confidence_interval":{"confidence_level":0.95,"lower_bound":0.05041433870991887,"upper_bound":0.053011815571190724},"point_estimate":0.051942133042065075,"standard_error":0.0006825278238378682},"median":{"confidence_interval":{"confidence_level":0.95,"lower_bound":0.05269519663468738,"upper_bound":0.05304340993709822},"point_estimate":0.05284062760484898,"standard_error":0.00009511356912822658}}