{"mean":{"confidence_interval":{"confidence_level":0.95,"lower_bound":-0.0013040033205253374,"upper_bound":0.0018574663890853435},"point_estimate":0.0003431362599852772,"standard_error":0.0008033282728814251},"median":{"confidence_interval":{"confidence_level":0.95,"lower_bound":0.0007239395640492585,"upper_bound":0.0013183154573734868},"point_estimate":0.0010236699001426874,"standard_error":0.00014580533983006016}}