{"mean":{"confidence_interval":{"confidence_level":0.95,"lower_bound":0.013478528751512231,"upper_bound":0.021467793621825042},"point_estimate":0.01737258056058333,"standard_error":0.0020305084953924587},"median":{"confidence_interval":{"confidence_level":0.95,"lower_bound":0.002811645200815116,"upper_bound":0.014470664337619787},"point_estimate":0.007003149686627852,"standard_error":0.003260662654644421}}