{"mean":{"confidence_interval":{"confidence_level":0.95,"lower_bound":-0.13172226630674838,"upper_bound":-0.12412162840278299},"point_estimate":-0.1279314192986647,"standard_error":0.0019445596136262123},"median":{"confidence_interval":{"confidence_level":0.95,"lower_bound":-0.13417358623674525,"upper_bound":-0.12446633422936226},"point_estimate":-0.1283777190140648,"standard_error":0.002707379160950543}}