{"mean":{"confidence_interval":{"confidence_level":0.95,"lower_bound":-0.008622402065215766,"upper_bound":0.0020543601695348457},"point_estimate":-0.002071769699698911,"standard_error":0.0028960999646353027},"median":{"confidence_interval":{"confidence_level":0.95,"lower_bound":-0.00036728310365752304,"upper_bound":0.0001610024580349645},"point_estimate":-0.0001764717767309687,"standard_error":0.00013653245430609415}}