{"mean":{"confidence_interval":{"confidence_level":0.95,"lower_bound":-0.0159388065721444,"upper_bound":-0.0003736668227652303},"point_estimate":-0.006481987562640734,"standard_error":0.004195027202037307},"median":{"confidence_interval":{"confidence_level":0.95,"lower_bound":-0.0006219941153632336,"upper_bound":-0.00006392627029863377},"point_estimate":-0.00037762440759914195,"standard_error":0.00014047709178831652}}