{"mean":{"confidence_interval":{"confidence_level":0.95,"lower_bound":0.0072086257776572795,"upper_bound":0.010297858305076839},"point_estimate":0.00872863284259684,"standard_error":0.000780821609879456},"median":{"confidence_interval":{"confidence_level":0.95,"lower_bound":0.007060619139529489,"upper_bound":0.008677011444329752},"point_estimate":0.0076645536187895935,"standard_error":0.0003877027015797207}}