{"mean":{"confidence_interval":{"confidence_level":0.95,"lower_bound":-0.0011483563334636097,"upper_bound":0.0009588878396105099},"point_estimate":-0.00018214327647103623,"standard_error":0.0005434430494838288},"median":{"confidence_interval":{"confidence_level":0.95,"lower_bound":-0.0007635722142378917,"upper_bound":-0.00011509850874391603},"point_estimate":-0.00045791515184401277,"standard_error":0.000161114258147963}}