{"mean":{"confidence_interval":{"confidence_level":0.95,"lower_bound":-0.006458933477182734,"upper_bound":-0.0004350739778260368},"point_estimate":-0.0031282912412965436,"standard_error":0.001541501593130714},"median":{"confidence_interval":{"confidence_level":0.95,"lower_bound":-0.0012360402459016262,"upper_bound":-0.0006053274749026061},"point_estimate":-0.0009301815518385492,"standard_error":0.00015971890690983392}}