{"mean":{"confidence_interval":{"confidence_level":0.95,"lower_bound":-0.0045479580773610745,"upper_bound":-0.001109255462499756},"point_estimate":-0.002728601197320657,"standard_error":0.0008828285440615572},"median":{"confidence_interval":{"confidence_level":0.95,"lower_bound":-0.0007928399504726347,"upper_bound":6.746385313727288e-6},"point_estimate":-0.000448441970132496,"standard_error":0.00020160827338558946}}