{"mean":{"confidence_interval":{"confidence_level":0.95,"lower_bound":0.011477423260546127,"upper_bound":0.02043118654467018},"point_estimate":0.015766402589144857,"standard_error":0.002281179936353564},"median":{"confidence_interval":{"confidence_level":0.95,"lower_bound":-0.00027206141939450923,"upper_bound":0.009263355403593021},"point_estimate":0.0004339888768036815,"standard_error":0.002371277907257992}}