{"mean":{"confidence_interval":{"confidence_level":0.95,"lower_bound":0.0462153583670178,"upper_bound":0.05880585545150723},"point_estimate":0.0521275773831833,"standard_error":0.0032499610478135856},"median":{"confidence_interval":{"confidence_level":0.95,"lower_bound":0.038335445679622604,"upper_bound":0.047225924388012916},"point_estimate":0.04362386534474205,"standard_error":0.001855828087668914}}