{"mean":{"confidence_interval":{"confidence_level":0.95,"lower_bound":-0.000570807540521634,"upper_bound":0.001378147358214515},"point_estimate":0.0002890729109945589,"standard_error":0.0004957809873314612},"median":{"confidence_interval":{"confidence_level":0.95,"lower_bound":-0.00022010766837678427,"upper_bound":0.00030694137196651816},"point_estimate":0.000089006780141343,"standard_error":0.00013139796797688908}}