{"mean":{"confidence_interval":{"confidence_level":0.95,"lower_bound":0.0050645480653884085,"upper_bound":0.008144785307188962},"point_estimate":0.006549048905222676,"standard_error":0.000784723304926013},"median":{"confidence_interval":{"confidence_level":0.95,"lower_bound":0.0018535869782128067,"upper_bound":0.005481322354117024},"point_estimate":0.00335027688929479,"standard_error":0.0009717698241969178}}