{"mean":{"confidence_interval":{"confidence_level":0.95,"lower_bound":-0.013250116829463584,"upper_bound":0.0002953440958088677},"point_estimate":-0.004620743347778511,"standard_error":0.003988371648153976},"median":{"confidence_interval":{"confidence_level":0.95,"lower_bound":-0.0010406428086248143,"upper_bound":-0.00037859519995886437},"point_estimate":-0.0006309772124951651,"standard_error":0.00016968439699227003}}