{"mean":{"confidence_interval":{"confidence_level":0.95,"lower_bound":-0.001311553054808151,"upper_bound":0.0002873534412400232},"point_estimate":-0.0005221246699728121,"standard_error":0.00040327751400369064},"median":{"confidence_interval":{"confidence_level":0.95,"lower_bound":-0.0008727950379053828,"upper_bound":-0.0002905977606186827},"point_estimate":-0.000534377910699102,"standard_error":0.00014479086880389745}}