{"mean":{"confidence_interval":{"confidence_level":0.95,"lower_bound":-0.0028529986478346425,"upper_bound":-0.0005871435071181237},"point_estimate":-0.0016190727640659208,"standard_error":0.0005820742191076167},"median":{"confidence_interval":{"confidence_level":0.95,"lower_bound":-0.0018047985991298532,"upper_bound":-0.0012621061610411655},"point_estimate":-0.0015407997117149463,"standard_error":0.00014273179720551284}}