{"mean":{"confidence_interval":{"confidence_level":0.95,"lower_bound":0.00017519187174053208,"upper_bound":0.002297336684558715},"point_estimate":0.0011894135930774485,"standard_error":0.0005487700167315635},"median":{"confidence_interval":{"confidence_level":0.95,"lower_bound":4.551185637913235e-6,"upper_bound":0.0006351335838059784},"point_estimate":0.0003025667439604529,"standard_error":0.0001680615786987881}}