{"mean":{"confidence_interval":{"confidence_level":0.95,"lower_bound":-0.012069183538441011,"upper_bound":-0.0052929656689955805},"point_estimate":-0.008510800526541407,"standard_error":0.0016762794241519914},"median":{"confidence_interval":{"confidence_level":0.95,"lower_bound":-0.0006336849467483141,"upper_bound":0.0004063150355373413},"point_estimate":-0.00016180781250774157,"standard_error":0.0002469211574520699}}