{"mean":{"confidence_interval":{"confidence_level":0.95,"lower_bound":-0.0022841777648596267,"upper_bound":0.000072625147091953},"point_estimate":-0.0010046344879893754,"standard_error":0.0005998797656278645},"median":{"confidence_interval":{"confidence_level":0.95,"lower_bound":-0.00035412202323681363,"upper_bound":0.00018945915723511675},"point_estimate":-0.00007541852605963406,"standard_error":0.00013766907301961733}}