{"mean":{"confidence_interval":{"confidence_level":0.95,"lower_bound":-0.0009409230066387495,"upper_bound":0.0006268318406781543},"point_estimate":-0.00013574900138035861,"standard_error":0.0004009386288792321},"median":{"confidence_interval":{"confidence_level":0.95,"lower_bound":-0.0008827795167417175,"upper_bound":-0.00011145782561995683},"point_estimate":-0.00042719621975761957,"standard_error":0.00019641567184075064}}