{"mean":{"confidence_interval":{"confidence_level":0.95,"lower_bound":-0.0019616367069204854,"upper_bound":0.002873158542764807},"point_estimate":0.0002944601860941365,"standard_error":0.001247123391244105},"median":{"confidence_interval":{"confidence_level":0.95,"lower_bound":0.00019563906694563025,"upper_bound":0.0009638842703836303},"point_estimate":0.0006469812288472099,"standard_error":0.0001858947527477333}}