{"mean":{"confidence_interval":{"confidence_level":0.95,"lower_bound":-0.001129225760962685,"upper_bound":0.001739234730096206},"point_estimate":0.00031573988237521,"standard_error":0.0007191524667885805},"median":{"confidence_interval":{"confidence_level":0.95,"lower_bound":-0.00044419844258003494,"upper_bound":0.0002281546261930778},"point_estimate":-0.00004414351081438728,"standard_error":0.00016328974057280176}}