{"mean":{"confidence_interval":{"confidence_level":0.95,"lower_bound":0.004348825907781295,"upper_bound":0.019783548741840278},"point_estimate":0.011749124068938688,"standard_error":0.003948040689235888},"median":{"confidence_interval":{"confidence_level":0.95,"lower_bound":-0.0007121776284998438,"upper_bound":0.028196620651710136},"point_estimate":0.019639822536501317,"standard_error":0.007409782236988598}}