{"mean":{"confidence_interval":{"confidence_level":0.95,"lower_bound":0.03029050988851763,"upper_bound":0.04987711337249266},"point_estimate":0.039008835480750514,"standard_error":0.004798184158291298},"median":{"confidence_interval":{"confidence_level":0.95,"lower_bound":0.02277628142679622,"upper_bound":0.0478041728692169},"point_estimate":0.037653275058920244,"standard_error":0.005961926680254141}}