{"mean":{"confidence_interval":{"confidence_level":0.95,"lower_bound":0.12204023443034324,"upper_bound":0.13607402731945764},"point_estimate":0.12933374844692946,"standard_error":0.0035928701228971783},"median":{"confidence_interval":{"confidence_level":0.95,"lower_bound":0.12830834288594906,"upper_bound":0.14417016010632433},"point_estimate":0.13605827805832882,"standard_error":0.004359781245223469}}