{"mean":{"confidence_interval":{"confidence_level":0.95,"lower_bound":-0.0011566509681509376,"upper_bound":0.0010875831735359665},"point_estimate":0.00008794967861391889,"standard_error":0.0005787322424678714},"median":{"confidence_interval":{"confidence_level":0.95,"lower_bound":0.0007079241675840287,"upper_bound":0.0012898464759317494},"point_estimate":0.0010205916215328958,"standard_error":0.00014757597236267147}}