{"mean":{"confidence_interval":{"confidence_level":0.95,"lower_bound":-0.0011364511219491029,"upper_bound":0.0009602843339463869},"point_estimate":-0.00013091662591913078,"standard_error":0.0005278124005098127},"median":{"confidence_interval":{"confidence_level":0.95,"lower_bound":-0.000021629674230139173,"upper_bound":0.0005637257594326857},"point_estimate":0.00036866499338317205,"standard_error":0.0001558598529138523}}