{"mean":{"confidence_interval":{"confidence_level":0.95,"lower_bound":0.26497774670235547,"upper_bound":0.26660432676723095},"point_estimate":0.2657163341997755,"standard_error":0.00043703075178122823},"median":{"confidence_interval":{"confidence_level":0.95,"lower_bound":0.26525930454741964,"upper_bound":0.2655805783088663},"point_estimate":0.2654386537239941,"standard_error":0.00008170244017813899}}