{"mean":{"confidence_interval":{"confidence_level":0.95,"lower_bound":0.00037809441808779896,"upper_bound":0.0014914168456225006},"point_estimate":0.0008594099663112864,"standard_error":0.00027993371603061507},"median":{"confidence_interval":{"confidence_level":0.95,"lower_bound":0.0004499005513503018,"upper_bound":0.0010807676057595916},"point_estimate":0.000700491071995657,"standard_error":0.00016149079486427715}}