{"mean":{"confidence_interval":{"confidence_level":0.95,"lower_bound":-0.5361872861381275,"upper_bound":-0.5349738977561226},"point_estimate":-0.5356016959825144,"standard_error":0.0002986155705950431},"median":{"confidence_interval":{"confidence_level":0.95,"lower_bound":-0.5359023915712815,"upper_bound":-0.5356404324077169},"point_estimate":-0.535801812309834,"standard_error":0.00007179362061043992}}