{"mean":{"confidence_interval":{"confidence_level":0.95,"lower_bound":0.0037527631425593234,"upper_bound":0.00645444246971833},"point_estimate":0.00511017644113454,"standard_error":0.0006908392370871651},"median":{"confidence_interval":{"confidence_level":0.95,"lower_bound":0.002915995936878968,"upper_bound":0.004084487746432485},"point_estimate":0.003712691087854214,"standard_error":0.00029569352695165644}}