{"mean":{"confidence_interval":{"confidence_level":0.95,"lower_bound":-0.2355781005580046,"upper_bound":-0.22520240066861139},"point_estimate":-0.2303608815003766,"standard_error":0.00267968058508149},"median":{"confidence_interval":{"confidence_level":0.95,"lower_bound":-0.24428300470063868,"upper_bound":-0.23610971983805606},"point_estimate":-0.24240457870107968,"standard_error":0.0024749225581650806}}