{"mean":{"confidence_interval":{"confidence_level":0.95,"lower_bound":-0.16172225999593515,"upper_bound":-0.15763043138307228},"point_estimate":-0.1597844743545288,"standard_error":0.0010473998823800432},"median":{"confidence_interval":{"confidence_level":0.95,"lower_bound":-0.1635797321223763,"upper_bound":-0.161284333376426},"point_estimate":-0.16241788337508423,"standard_error":0.0005508653941620875}}