{"mean":{"confidence_interval":{"confidence_level":0.95,"lower_bound":-0.01177144274203585,"upper_bound":0.003540457722937571},"point_estimate":-0.003180477001081705,"standard_error":0.003984170972538217},"median":{"confidence_interval":{"confidence_level":0.95,"lower_bound":0.00032969983425412686,"upper_bound":0.0008808018422115094},"point_estimate":0.0006326722860106049,"standard_error":0.00014241125894105526}}