{"mean":{"confidence_interval":{"confidence_level":0.95,"lower_bound":-0.0016254829661020874,"upper_bound":0.001058156832404622},"point_estimate":-0.0002851541486490472,"standard_error":0.0006775491788354024},"median":{"confidence_interval":{"confidence_level":0.95,"lower_bound":-0.0009548934647234386,"upper_bound":-0.0003547640116939507},"point_estimate":-0.0006246402373016879,"standard_error":0.00015207710641375726}}