{"mean":{"confidence_interval":{"confidence_level":0.95,"lower_bound":6153176.65875,"upper_bound":6175229.75446875},"point_estimate":6164042.845,"standard_error":5615.623587998937},"median":{"confidence_interval":{"confidence_level":0.95,"lower_bound":6151251.625,"upper_bound":6172337.75},"point_estimate":6162566.625,"standard_error":6369.222401415611},"median_abs_dev":{"confidence_interval":{"confidence_level":0.95,"lower_bound":35768.37300248444,"upper_bound":65038.9736328274},"point_estimate":50507.26999081671,"standard_error":7300.766733629517},"slope":null,"std_dev":{"confidence_interval":{"confidence_level":0.95,"lower_bound":47737.13603335395,"upper_bound":64652.064922983984},"point_estimate":56480.383394082266,"standard_error":4332.613078392933}}