{"mean":{"confidence_interval":{"confidence_level":0.95,"lower_bound":5905802.7825,"upper_bound":5968486.086666665},"point_estimate":5936548.1433333345,"standard_error":16074.327273054827},"median":{"confidence_interval":{"confidence_level":0.95,"lower_bound":5869840.444444444,"upper_bound":5954129.666666667},"point_estimate":5913391.611111112,"standard_error":17982.842160495336},"median_abs_dev":{"confidence_interval":{"confidence_level":0.95,"lower_bound":130465.25591711188,"upper_bound":204306.97127282596},"point_estimate":175068.6171919119,"standard_error":18581.379750829583},"slope":null,"std_dev":{"confidence_interval":{"confidence_level":0.95,"lower_bound":134843.78409043277,"upper_bound":185918.88893731372},"point_estimate":161229.59308412613,"standard_error":13159.099419751125}}