{"mean":{"confidence_interval":{"confidence_level":0.95,"lower_bound":8131887.69057143,"upper_bound":8143561.6428571455},"point_estimate":8137633.589999999,"standard_error":2970.6890867894854},"median":{"confidence_interval":{"confidence_level":0.95,"lower_bound":8125759.285714285,"upper_bound":8137595.142857143},"point_estimate":8130923.642857143,"standard_error":3022.3659866326107},"median_abs_dev":{"confidence_interval":{"confidence_level":0.95,"lower_bound":19662.134950927426,"upper_bound":38761.9409118372},"point_estimate":30658.367155705477,"standard_error":4898.730330486506},"slope":null,"std_dev":{"confidence_interval":{"confidence_level":0.95,"lower_bound":25430.28069961358,"upper_bound":33939.84726158859},"point_estimate":29826.90682511921,"standard_error":2176.9257678673325}}