{"mean":{"confidence_interval":{"confidence_level":0.95,"lower_bound":6684139.49375,"upper_bound":6799431.95},"point_estimate":6740352.875,"standard_error":29490.12288254783},"median":{"confidence_interval":{"confidence_level":0.95,"lower_bound":6617396.0,"upper_bound":6771763.375},"point_estimate":6692391.9375,"standard_error":42495.456420205584},"median_abs_dev":{"confidence_interval":{"confidence_level":0.95,"lower_bound":190741.49038866162,"upper_bound":314122.4409107119},"point_estimate":245324.6130321175,"standard_error":31778.513786242678},"slope":null,"std_dev":{"confidence_interval":{"confidence_level":0.95,"lower_bound":245683.9844272969,"upper_bound":339015.05998192984},"point_estimate":295644.3592760122,"standard_error":23701.716599387364}}