{"mean":{"confidence_interval":{"confidence_level":0.95,"lower_bound":6374799.5521875,"upper_bound":6417241.2225},"point_estimate":6392550.325,"standard_error":11010.512576840558},"median":{"confidence_interval":{"confidence_level":0.95,"lower_bound":6368725.375,"upper_bound":6387119.25},"point_estimate":6381174.875,"standard_error":4521.950803198991},"median_abs_dev":{"confidence_interval":{"confidence_level":0.95,"lower_bound":27821.822468563914,"upper_bound":46675.768346339464},"point_estimate":38034.43439975381,"standard_error":4929.15107151705},"slope":null,"std_dev":{"confidence_interval":{"confidence_level":0.95,"lower_bound":42353.942034192034,"upper_bound":175302.6025547783},"point_estimate":111109.76684334145,"standard_error":39959.628266528554}}