{"mean":{"confidence_interval":{"confidence_level":0.95,"lower_bound":6245105.9,"upper_bound":6257310.74159375},"point_estimate":6250930.6475,"standard_error":3111.804088911783},"median":{"confidence_interval":{"confidence_level":0.95,"lower_bound":6241922.875,"upper_bound":6248769.5},"point_estimate":6245284.75,"standard_error":1878.3148229128353},"median_abs_dev":{"confidence_interval":{"confidence_level":0.95,"lower_bound":16337.904225569233,"upper_bound":28879.379562288523},"point_estimate":22299.971529096365,"standard_error":3214.143192927951},"slope":null,"std_dev":{"confidence_interval":{"confidence_level":0.95,"lower_bound":22168.351992424003,"upper_bound":40301.00399778293},"point_estimate":31519.18571983933,"standard_error":4689.300678493614}}