{"mean":{"confidence_interval":{"confidence_level":0.95,"lower_bound":6433552.500593751,"upper_bound":6452774.44878125},"point_estimate":6442802.28375,"standard_error":4890.54743877649},"median":{"confidence_interval":{"confidence_level":0.95,"lower_bound":6429879.125,"upper_bound":6446458.5},"point_estimate":6436988.0,"standard_error":5245.537921338293},"median_abs_dev":{"confidence_interval":{"confidence_level":0.95,"lower_bound":25315.023900568485,"upper_bound":39787.145556136966},"point_estimate":33558.557741716504,"standard_error":3667.7065075817145},"slope":null,"std_dev":{"confidence_interval":{"confidence_level":0.95,"lower_bound":35846.349371393524,"upper_bound":60690.56693329508},"point_estimate":49085.761266463254,"standard_error":6370.84039271165}}