{"mean":{"confidence_interval":{"confidence_level":0.95,"lower_bound":8536502.067416668,"upper_bound":8561954.922166664},"point_estimate":8549042.48,"standard_error":6478.070733705532},"median":{"confidence_interval":{"confidence_level":0.95,"lower_bound":8529131.333333334,"upper_bound":8552414.833333332},"point_estimate":8543764.666666668,"standard_error":6131.671677960716},"median_abs_dev":{"confidence_interval":{"confidence_level":0.95,"lower_bound":43082.13133513924,"upper_bound":71955.7689112797},"point_estimate":56141.489653288394,"standard_error":7245.507581955148},"slope":null,"std_dev":{"confidence_interval":{"confidence_level":0.95,"lower_bound":53854.66867357881,"upper_bound":75604.26448253206},"point_estimate":65201.075641699455,"standard_error":5554.109693209135}}