{"mean":{"confidence_interval":{"confidence_level":0.95,"lower_bound":9139753.246000003,"upper_bound":9258488.069500005},"point_estimate":9199169.093333337,"standard_error":30427.724606598655},"median":{"confidence_interval":{"confidence_level":0.95,"lower_bound":9112107.083333332,"upper_bound":9305760.166666666},"point_estimate":9189820.333333334,"standard_error":48974.59433693845},"median_abs_dev":{"confidence_interval":{"confidence_level":0.95,"lower_bound":251139.95699137266,"upper_bound":410184.2630177709},"point_estimate":322039.9880826473,"standard_error":40316.77486188438},"slope":null,"std_dev":{"confidence_interval":{"confidence_level":0.95,"lower_bound":269391.1518509305,"upper_bound":338397.75109108334},"point_estimate":305917.0958609852,"standard_error":17525.69775822785}}