{"mean":{"confidence_interval":{"confidence_level":0.95,"lower_bound":6371733.0325,"upper_bound":6384333.21440625},"point_estimate":6377914.26875,"standard_error":3202.107224183709},"median":{"confidence_interval":{"confidence_level":0.95,"lower_bound":6365376.75,"upper_bound":6381076.625},"point_estimate":6372301.5625,"standard_error":3747.1796497255727},"median_abs_dev":{"confidence_interval":{"confidence_level":0.95,"lower_bound":23188.373232074104,"upper_bound":37893.77272725105},"point_estimate":29535.800700634718,"standard_error":3864.073996203316},"slope":null,"std_dev":{"confidence_interval":{"confidence_level":0.95,"lower_bound":26951.832118518207,"upper_bound":36597.63447598624},"point_estimate":32024.97302846513,"standard_error":2461.929909814591}}