{"mean":{"confidence_interval":{"confidence_level":0.95,"lower_bound":6403197.10290625,"upper_bound":6416668.81375},"point_estimate":6409746.82,"standard_error":3423.8524333189293},"median":{"confidence_interval":{"confidence_level":0.95,"lower_bound":6399740.125,"upper_bound":6413143.75},"point_estimate":6407802.0,"standard_error":3609.7977347769443},"median_abs_dev":{"confidence_interval":{"confidence_level":0.95,"lower_bound":21946.37143537402,"upper_bound":34240.27574211359},"point_estimate":27800.324768945575,"standard_error":2965.1427128972628},"slope":null,"std_dev":{"confidence_interval":{"confidence_level":0.95,"lower_bound":27386.598112863514,"upper_bound":40523.61937418492},"point_estimate":34311.96449876202,"standard_error":3366.299073059302}}