{"mean":{"confidence_interval":{"confidence_level":0.95,"lower_bound":6237539.93121875,"upper_bound":6265938.522812501},"point_estimate":6251374.1075,"standard_error":7236.288409991335},"median":{"confidence_interval":{"confidence_level":0.95,"lower_bound":6219796.125,"upper_bound":6257501.5},"point_estimate":6238407.125,"standard_error":9503.973127695435},"median_abs_dev":{"confidence_interval":{"confidence_level":0.95,"lower_bound":46764.075707271695,"upper_bound":81757.79022350907},"point_estimate":60958.76584276557,"standard_error":9124.687844612326},"slope":null,"std_dev":{"confidence_interval":{"confidence_level":0.95,"lower_bound":60336.01098094505,"upper_bound":83824.97574632651},"point_estimate":72700.81188841387,"standard_error":5993.65673419176}}