{"mean":{"confidence_interval":{"confidence_level":0.95,"lower_bound":6322271.27425,"upper_bound":6339730.3275},"point_estimate":6330819.175,"standard_error":4448.571744878475},"median":{"confidence_interval":{"confidence_level":0.95,"lower_bound":6314449.875,"upper_bound":6333516.25},"point_estimate":6321261.5625,"standard_error":4798.039110467499},"median_abs_dev":{"confidence_interval":{"confidence_level":0.95,"lower_bound":27684.125996008523,"upper_bound":48647.53364883363},"point_estimate":37224.656826630235,"standard_error":5363.371568000072},"slope":null,"std_dev":{"confidence_interval":{"confidence_level":0.95,"lower_bound":37245.58313192683,"upper_bound":51476.93984287836},"point_estimate":44772.00008291872,"standard_error":3623.9432395654394}}