{"mean":{"confidence_interval":{"confidence_level":0.95,"lower_bound":8183929.142535715,"upper_bound":8195978.154428572},"point_estimate":8189912.160000006,"standard_error":3075.8968528839564},"median":{"confidence_interval":{"confidence_level":0.95,"lower_bound":8179044.642857144,"upper_bound":8193959.428571429},"point_estimate":8185752.142857143,"standard_error":3997.0695918338683},"median_abs_dev":{"confidence_interval":{"confidence_level":0.95,"lower_bound":23107.909089752506,"upper_bound":38283.802420327236},"point_estimate":29949.154868295624,"standard_error":3804.1148998250337},"slope":null,"std_dev":{"confidence_interval":{"confidence_level":0.95,"lower_bound":26599.197523434294,"upper_bound":35113.09414960822},"point_estimate":31082.404554244982,"standard_error":2176.9517589390143}}