{"mean":{"confidence_interval":{"confidence_level":0.95,"lower_bound":6232190.18625,"upper_bound":6260938.205},"point_estimate":6244531.07375,"standard_error":7439.437529240697},"median":{"confidence_interval":{"confidence_level":0.95,"lower_bound":6223343.375,"upper_bound":6241308.25},"point_estimate":6231658.25,"standard_error":4458.22935606437},"median_abs_dev":{"confidence_interval":{"confidence_level":0.95,"lower_bound":21822.989002252,"upper_bound":36278.572718426585},"point_estimate":26685.68757623434,"standard_error":3867.898696319398},"slope":null,"std_dev":{"confidence_interval":{"confidence_level":0.95,"lower_bound":31753.26417238331,"upper_bound":117633.226016485},"point_estimate":75502.748103753,"standard_error":25984.990944436482}}