{"mean":{"confidence_interval":{"confidence_level":0.95,"lower_bound":23149462.760916654,"upper_bound":23596037.121499993},"point_estimate":23362182.920000013,"standard_error":113648.08584101193},"median":{"confidence_interval":{"confidence_level":0.95,"lower_bound":22878169.0,"upper_bound":23357676.0},"point_estimate":23130539.333333336,"standard_error":115171.51087161271},"median_abs_dev":{"confidence_interval":{"confidence_level":0.95,"lower_bound":654750.248175854,"upper_bound":1110240.9193167808},"point_estimate":850580.2069991827,"standard_error":118685.38344337189},"slope":null,"std_dev":{"confidence_interval":{"confidence_level":0.95,"lower_bound":869114.257303375,"upper_bound":1421361.871040757},"point_estimate":1143220.4398109324,"standard_error":143156.35450170594}}