{"mean":{"confidence_interval":{"confidence_level":0.95,"lower_bound":6089158.825555558,"upper_bound":6208486.600305557},"point_estimate":6138813.206666667,"standard_error":30949.11147015449},"median":{"confidence_interval":{"confidence_level":0.95,"lower_bound":6059420.222222222,"upper_bound":6076425.777777778},"point_estimate":6068336.333333333,"standard_error":4174.826309381382},"median_abs_dev":{"confidence_interval":{"confidence_level":0.95,"lower_bound":27090.808019040633,"upper_bound":44903.83486946393},"point_estimate":34540.46105345059,"standard_error":4512.372870320112},"slope":null,"std_dev":{"confidence_interval":{"confidence_level":0.95,"lower_bound":115305.04167787902,"upper_bound":492699.4037905423},"point_estimate":311921.7496258278,"standard_error":114390.8161216097}}