{"mean":{"confidence_interval":{"confidence_level":0.95,"lower_bound":6459655.7564375,"upper_bound":6474898.57396875},"point_estimate":6466588.39125,"standard_error":3904.5592529157193},"median":{"confidence_interval":{"confidence_level":0.95,"lower_bound":6453910.1875,"upper_bound":6468644.625},"point_estimate":6459273.9375,"standard_error":3748.836136897844},"median_abs_dev":{"confidence_interval":{"confidence_level":0.95,"lower_bound":20467.385299131274,"upper_bound":32031.943081319332},"point_estimate":26615.264077484608,"standard_error":2933.436685164783},"slope":null,"std_dev":{"confidence_interval":{"confidence_level":0.95,"lower_bound":23152.43427381314,"upper_bound":54594.201205123805},"point_estimate":39082.85464748796,"standard_error":8350.39451400176}}