{"mean":{"confidence_interval":{"confidence_level":0.95,"lower_bound":6136409.37721875,"upper_bound":6163889.60646875},"point_estimate":6149944.495,"standard_error":6988.338487761638},"median":{"confidence_interval":{"confidence_level":0.95,"lower_bound":6127662.125,"upper_bound":6159832.5},"point_estimate":6144947.6875,"standard_error":8665.439833531324},"median_abs_dev":{"confidence_interval":{"confidence_level":0.95,"lower_bound":41170.503994077444,"upper_bound":78770.69412779057},"point_estimate":51433.52432437241,"standard_error":9356.964251836318},"slope":null,"std_dev":{"confidence_interval":{"confidence_level":0.95,"lower_bound":58269.585502822716,"upper_bound":81103.82636831616},"point_estimate":70165.54958013396,"standard_error":5844.348615782478}}