{"mean":{"confidence_interval":{"confidence_level":0.95,"lower_bound":19671802.125166666,"upper_bound":19712565.93683334},"point_estimate":19688100.830000006,"standard_error":10710.034691153416},"median":{"confidence_interval":{"confidence_level":0.95,"lower_bound":19657114.0,"upper_bound":19674464.666666664},"point_estimate":19667147.666666664,"standard_error":4102.240898361988},"median_abs_dev":{"confidence_interval":{"confidence_level":0.95,"lower_bound":23771.019577980962,"upper_bound":41846.38425707817},"point_estimate":32963.63361477484,"standard_error":4516.462046927267},"slope":null,"std_dev":{"confidence_interval":{"confidence_level":0.95,"lower_bound":36334.05623478949,"upper_bound":173682.39088943673},"point_estimate":107168.39781080245,"standard_error":44464.72037354559}}