{"mean":{"confidence_interval":{"confidence_level":0.95,"lower_bound":8356807.606333331,"upper_bound":8376801.505416669},"point_estimate":8366809.391666662,"standard_error":5114.664675045682},"median":{"confidence_interval":{"confidence_level":0.95,"lower_bound":8355731.666666667,"upper_bound":8377412.75},"point_estimate":8362846.166666667,"standard_error":6052.546596103351},"median_abs_dev":{"confidence_interval":{"confidence_level":0.95,"lower_bound":36683.229848742485,"upper_bound":64544.619204103255},"point_estimate":49407.3970228429,"standard_error":7016.122499206079},"slope":null,"std_dev":{"confidence_interval":{"confidence_level":0.95,"lower_bound":43948.40652346441,"upper_bound":58260.67404476881},"point_estimate":51426.34699173517,"standard_error":3655.896430001813}}