{"mean":{"confidence_interval":{"confidence_level":0.95,"lower_bound":6411340.49125,"upper_bound":6436441.8725},"point_estimate":6423225.5075,"standard_error":6411.891498237481},"median":{"confidence_interval":{"confidence_level":0.95,"lower_bound":6403939.875,"upper_bound":6419550.125},"point_estimate":6410663.5625,"standard_error":4212.528045259974},"median_abs_dev":{"confidence_interval":{"confidence_level":0.95,"lower_bound":29584.35584977269,"upper_bound":49165.609677135944},"point_estimate":38196.13045938313,"standard_error":4909.722144136507},"slope":null,"std_dev":{"confidence_interval":{"confidence_level":0.95,"lower_bound":44388.92476043084,"upper_bound":82210.02926732472},"point_estimate":64657.779522741854,"standard_error":9707.141576937027}}