{"mean":{"confidence_interval":{"confidence_level":0.95,"lower_bound":6409099.82375,"upper_bound":6418387.86465625},"point_estimate":6413665.03375,"standard_error":2370.3375426195284},"median":{"confidence_interval":{"confidence_level":0.95,"lower_bound":6404390.3125,"upper_bound":6416280.0625},"point_estimate":6411777.1875,"standard_error":3023.2853912387004},"median_abs_dev":{"confidence_interval":{"confidence_level":0.95,"lower_bound":18053.805204480886,"upper_bound":28779.674714058638},"point_estimate":23943.24827492237,"standard_error":2728.6918772342615},"slope":null,"std_dev":{"confidence_interval":{"confidence_level":0.95,"lower_bound":19914.69589385651,"upper_bound":27399.801732956083},"point_estimate":23857.359710641897,"standard_error":1920.1145099440193}}