{"mean":{"confidence_interval":{"confidence_level":0.95,"lower_bound":6400986.96875,"upper_bound":6422625.1075},"point_estimate":6411211.70375,"standard_error":5507.321857207979},"median":{"confidence_interval":{"confidence_level":0.95,"lower_bound":6387576.0,"upper_bound":6408419.125},"point_estimate":6392842.5,"standard_error":6009.188049616479},"median_abs_dev":{"confidence_interval":{"confidence_level":0.95,"lower_bound":28324.3311971426,"upper_bound":50230.765095725656},"point_estimate":38085.76942384243,"standard_error":5536.5342351200525},"slope":null,"std_dev":{"confidence_interval":{"confidence_level":0.95,"lower_bound":40729.138842166176,"upper_bound":69816.66830421546},"point_estimate":55446.84999392327,"standard_error":7481.549595232951}}