{"mean":{"confidence_interval":{"confidence_level":0.95,"lower_bound":8139727.813035715,"upper_bound":8154173.83125},"point_estimate":8146152.812857143,"standard_error":3685.813619117295},"median":{"confidence_interval":{"confidence_level":0.95,"lower_bound":8133967.857142857,"upper_bound":8145719.714285715},"point_estimate":8140010.785714285,"standard_error":2950.00106751329},"median_abs_dev":{"confidence_interval":{"confidence_level":0.95,"lower_bound":17114.922296149587,"upper_bound":29853.42126999533},"point_estimate":25266.680551425863,"standard_error":3300.1807575488137},"slope":null,"std_dev":{"confidence_interval":{"confidence_level":0.95,"lower_bound":21900.47396812947,"upper_bound":54593.5511887319},"point_estimate":37349.29740523212,"standard_error":9937.782913753206}}