{"mean":{"confidence_interval":{"confidence_level":0.95,"lower_bound":9932242.915625004,"upper_bound":10175276.591458336},"point_estimate":10050858.288333334,"standard_error":61958.83647981184},"median":{"confidence_interval":{"confidence_level":0.95,"lower_bound":9832508.583333332,"upper_bound":10046900.5},"point_estimate":9963591.0,"standard_error":57174.44211994524},"median_abs_dev":{"confidence_interval":{"confidence_level":0.95,"lower_bound":333747.46232479904,"upper_bound":548770.9133073692},"point_estimate":411766.1971896887,"standard_error":54316.0893482551},"slope":null,"std_dev":{"confidence_interval":{"confidence_level":0.95,"lower_bound":492856.70322488743,"upper_bound":734293.5109421054},"point_estimate":622465.3209340456,"standard_error":61830.33499321904}}