{"mean":{"confidence_interval":{"confidence_level":0.95,"lower_bound":19779962.349416662,"upper_bound":19798258.652666662},"point_estimate":19789128.76333333,"standard_error":4666.829914283871},"median":{"confidence_interval":{"confidence_level":0.95,"lower_bound":19776752.666666668,"upper_bound":19807136.166666664},"point_estimate":19793886.0,"standard_error":8278.318294817678},"median_abs_dev":{"confidence_interval":{"confidence_level":0.95,"lower_bound":42970.93633711338,"upper_bound":66470.64011990839},"point_estimate":58152.76006758213,"standard_error":5992.683539428294},"slope":null,"std_dev":{"confidence_interval":{"confidence_level":0.95,"lower_bound":41704.06215884105,"upper_bound":51384.54413415834},"point_estimate":46871.352964842714,"standard_error":2467.7831136688437}}