{"mean":{"confidence_interval":{"confidence_level":0.95,"lower_bound":6254833.42375,"upper_bound":6281767.75375},"point_estimate":6267996.5675,"standard_error":6881.808434785778},"median":{"confidence_interval":{"confidence_level":0.95,"lower_bound":6242545.375,"upper_bound":6277619.5},"point_estimate":6260424.9375,"standard_error":9279.719172520074},"median_abs_dev":{"confidence_interval":{"confidence_level":0.95,"lower_bound":49949.62707571685,"upper_bound":77225.29677897692},"point_estimate":62911.07202060521,"standard_error":7250.470736442268},"slope":null,"std_dev":{"confidence_interval":{"confidence_level":0.95,"lower_bound":57212.47732542513,"upper_bound":79917.46150408457},"point_estimate":69087.09028875153,"standard_error":5812.269398834372}}