{"mean":{"confidence_interval":{"confidence_level":0.95,"lower_bound":18942353.854000002,"upper_bound":18965103.180916667},"point_estimate":18951542.04666667,"standard_error":6022.196825539023},"median":{"confidence_interval":{"confidence_level":0.95,"lower_bound":18939599.333333336,"upper_bound":18942782.666666668},"point_estimate":18940749.333333336,"standard_error":799.8769298045221},"median_abs_dev":{"confidence_interval":{"confidence_level":0.95,"lower_bound":4530.331319572382,"upper_bound":7247.937071319782},"point_estimate":6028.992792966743,"standard_error":682.1044229052687},"slope":null,"std_dev":{"confidence_interval":{"confidence_level":0.95,"lower_bound":8398.72918298683,"upper_bound":99224.87846619304},"point_estimate":60996.08940330607,"standard_error":25394.503953831096}}