{"mean":{"confidence_interval":{"confidence_level":0.95,"lower_bound":6947943.7571250005,"upper_bound":6955514.052625},"point_estimate":6950949.55875,"standard_error":2003.949393225748},"median":{"confidence_interval":{"confidence_level":0.95,"lower_bound":6945470.0625,"upper_bound":6948834.75},"point_estimate":6946858.1875,"standard_error":885.7423612499364},"median_abs_dev":{"confidence_interval":{"confidence_level":0.95,"lower_bound":4576.600793749094,"upper_bound":8290.050415322185},"point_estimate":6513.339671865106,"standard_error":881.1226944284901},"slope":null,"std_dev":{"confidence_interval":{"confidence_level":0.95,"lower_bound":6601.763648996346,"upper_bound":33106.39575745717},"point_estimate":20229.387300301467,"standard_error":8869.349087561626}}