{"mean":{"confidence_interval":{"confidence_level":0.95,"lower_bound":6951404.197625,"upper_bound":6963491.128093749},"point_estimate":6956789.395,"standard_error":3105.908393243927},"median":{"confidence_interval":{"confidence_level":0.95,"lower_bound":6948877.25,"upper_bound":6951545.25},"point_estimate":6950316.1875,"standard_error":698.5825298309844},"median_abs_dev":{"confidence_interval":{"confidence_level":0.95,"lower_bound":4489.498045295477,"upper_bound":6867.032428085804},"point_estimate":5869.057320803404,"standard_error":641.2357438017907},"slope":null,"std_dev":{"confidence_interval":{"confidence_level":0.95,"lower_bound":13438.920849986338,"upper_bound":43717.822054508426},"point_estimate":31210.158337896213,"standard_error":7560.046262327977}}