{"mean":{"confidence_interval":{"confidence_level":0.95,"lower_bound":17107062.18708333,"upper_bound":17336897.81766666},"point_estimate":17225503.07999999,"standard_error":58554.13167415993},"median":{"confidence_interval":{"confidence_level":0.95,"lower_bound":17205578.666666664,"upper_bound":17465298.166666664},"point_estimate":17370346.833333332,"standard_error":71915.9216608327},"median_abs_dev":{"confidence_interval":{"confidence_level":0.95,"lower_bound":424076.59542114096,"upper_bound":790286.0783696137},"point_estimate":555018.7131464509,"standard_error":99528.0403138697},"slope":null,"std_dev":{"confidence_interval":{"confidence_level":0.95,"lower_bound":506626.0122155526,"upper_bound":667875.9796875194},"point_estimate":590036.3293580024,"standard_error":41126.07460194833}}