{"mean":{"confidence_interval":{"confidence_level":0.95,"lower_bound":18936879.262749992,"upper_bound":18940721.636749994},"point_estimate":18938675.28666666,"standard_error":984.2462129961524},"median":{"confidence_interval":{"confidence_level":0.95,"lower_bound":18935371.666666664,"upper_bound":18937721.5},"point_estimate":18936838.333333336,"standard_error":531.4934340723061},"median_abs_dev":{"confidence_interval":{"confidence_level":0.95,"lower_bound":3805.3399324435522,"upper_bound":7141.436973217831},"point_estimate":5757.429897788868,"standard_error":812.1905736962073},"slope":null,"std_dev":{"confidence_interval":{"confidence_level":0.95,"lower_bound":6410.026526532222,"upper_bound":13214.26549661224},"point_estimate":9932.179029832057,"standard_error":1761.7070673158466}}