{"mean":{"confidence_interval":{"confidence_level":0.95,"lower_bound":14990772.726625,"upper_bound":14995458.083687501},"point_estimate":14992949.7825,"standard_error":1194.3377764572363},"median":{"confidence_interval":{"confidence_level":0.95,"lower_bound":14989009.5,"upper_bound":14991547.0},"point_estimate":14990247.0,"standard_error":614.7633587576572},"median_abs_dev":{"confidence_interval":{"confidence_level":0.95,"lower_bound":4373.669922351837,"upper_bound":7635.389864444733},"point_estimate":5578.282400965691,"standard_error":794.0276692128103},"slope":null,"std_dev":{"confidence_interval":{"confidence_level":0.95,"lower_bound":7631.290680028608,"upper_bound":15653.43834480576},"point_estimate":11984.570936042268,"standard_error":2092.84192185827}}