{"mean":{"confidence_interval":{"confidence_level":0.95,"lower_bound":18939522.77591667,"upper_bound":18963360.042500004},"point_estimate":18949033.070000004,"standard_error":6320.406596509312},"median":{"confidence_interval":{"confidence_level":0.95,"lower_bound":18937779.666666664,"upper_bound":18940979.833333332},"point_estimate":18939813.0,"standard_error":737.3817895060156},"median_abs_dev":{"confidence_interval":{"confidence_level":0.95,"lower_bound":5016.129910946813,"upper_bound":8203.472754355633},"point_estimate":6893.8427776107455,"standard_error":838.9572858202449},"slope":null,"std_dev":{"confidence_interval":{"confidence_level":0.95,"lower_bound":6518.687369345849,"upper_bound":101897.56521485315},"point_estimate":63683.37439425307,"standard_error":26350.966639732156}}