{"mean":{"confidence_interval":{"confidence_level":0.95,"lower_bound":6961044.422874999,"upper_bound":6974730.2043125},"point_estimate":6967322.6725,"standard_error":3498.294361782459},"median":{"confidence_interval":{"confidence_level":0.95,"lower_bound":6954634.625,"upper_bound":6959796.3125},"point_estimate":6957341.0625,"standard_error":1240.5843401113937},"median_abs_dev":{"confidence_interval":{"confidence_level":0.95,"lower_bound":6494.065872207284,"upper_bound":10601.569717722},"point_estimate":8634.847571700811,"standard_error":1034.7085155162727},"slope":null,"std_dev":{"confidence_interval":{"confidence_level":0.95,"lower_bound":20415.924526208084,"upper_bound":46018.245328346784},"point_estimate":35156.768201697276,"standard_error":6400.698009538102}}