{"mean":{"confidence_interval":{"confidence_level":0.95,"lower_bound":18936426.004249994,"upper_bound":18964914.617416665},"point_estimate":18948985.196666665,"standard_error":7329.42610687538},"median":{"confidence_interval":{"confidence_level":0.95,"lower_bound":18932454.666666668,"upper_bound":18933908.666666664},"point_estimate":18933108.666666664,"standard_error":382.8576550398918},"median_abs_dev":{"confidence_interval":{"confidence_level":0.95,"lower_bound":2877.726548910141,"upper_bound":5496.492302415914},"point_estimate":4003.01992893219,"standard_error":665.3066358841229},"slope":null,"std_dev":{"confidence_interval":{"confidence_level":0.95,"lower_bound":14919.662089219028,"upper_bound":109528.62804523073},"point_estimate":74316.24949036704,"standard_error":22516.866679797185}}