{"mean":{"confidence_interval":{"confidence_level":0.95,"lower_bound":6953957.8590625,"upper_bound":6968382.587218749},"point_estimate":6960331.17875,"standard_error":3710.6960943700924},"median":{"confidence_interval":{"confidence_level":0.95,"lower_bound":6948805.125,"upper_bound":6951635.9375},"point_estimate":6950381.125,"standard_error":722.2083287425552},"median_abs_dev":{"confidence_interval":{"confidence_level":0.95,"lower_bound":5190.39718285203,"upper_bound":9492.43899397552},"point_estimate":7262.6086335629225,"standard_error":1071.568208698675},"slope":null,"std_dev":{"confidence_interval":{"confidence_level":0.95,"lower_bound":18104.359616558377,"upper_bound":54402.74362995185},"point_estimate":37102.56305348334,"standard_error":9678.982270901612}}