{"mean":{"confidence_interval":{"confidence_level":0.95,"lower_bound":18949687.52516667,"upper_bound":18992587.65491667},"point_estimate":18968238.290000007,"standard_error":11242.395683265398},"median":{"confidence_interval":{"confidence_level":0.95,"lower_bound":18941039.666666668,"upper_bound":18946123.0},"point_estimate":18942923.0,"standard_error":1482.985568536575},"median_abs_dev":{"confidence_interval":{"confidence_level":0.95,"lower_bound":6622.279882432871,"upper_bound":11738.330854102924},"point_estimate":8796.759843824453,"standard_error":1322.0928962726757},"slope":null,"std_dev":{"confidence_interval":{"confidence_level":0.95,"lower_bound":50858.15611716089,"upper_bound":163439.29087139238},"point_estimate":113362.29560292573,"standard_error":30840.423497376185}}