{"mean":{"confidence_interval":{"confidence_level":0.95,"lower_bound":6961031.1491875,"upper_bound":6972272.70328125},"point_estimate":6966230.62,"standard_error":2880.359053392631},"median":{"confidence_interval":{"confidence_level":0.95,"lower_bound":6956062.5,"upper_bound":6961611.5625},"point_estimate":6957936.0,"standard_error":1543.0285987296882},"median_abs_dev":{"confidence_interval":{"confidence_level":0.95,"lower_bound":7501.101055266337,"upper_bound":13320.141476020217},"point_estimate":9578.244467452168,"standard_error":1460.5279165069528},"slope":null,"std_dev":{"confidence_interval":{"confidence_level":0.95,"lower_bound":18097.968721063902,"upper_bound":37520.77646605619},"point_estimate":28992.37854832706,"standard_error":4968.571953790555}}