{"mean":{"confidence_interval":{"confidence_level":0.95,"lower_bound":6953513.16353125,"upper_bound":6964721.9715625},"point_estimate":6958414.85,"standard_error":2881.2360000800177},"median":{"confidence_interval":{"confidence_level":0.95,"lower_bound":6950532.8125,"upper_bound":6954214.0},"point_estimate":6952352.25,"standard_error":791.1558123530574},"median_abs_dev":{"confidence_interval":{"confidence_level":0.95,"lower_bound":4298.798623681068,"upper_bound":6557.354358583689},"point_estimate":5560.027888789773,"standard_error":564.3434785846986},"slope":null,"std_dev":{"confidence_interval":{"confidence_level":0.95,"lower_bound":9935.246888328056,"upper_bound":41426.0886860598},"point_estimate":28914.684790643973,"standard_error":7527.361679147656}}