{"mean":{"confidence_interval":{"confidence_level":0.95,"lower_bound":6951868.7159687495,"upper_bound":6966753.3159374995},"point_estimate":6958123.825,"standard_error":3849.413116030158},"median":{"confidence_interval":{"confidence_level":0.95,"lower_bound":6947157.25,"upper_bound":6951601.75},"point_estimate":6950035.25,"standard_error":951.4315937452254},"median_abs_dev":{"confidence_interval":{"confidence_level":0.95,"lower_bound":5159.818558394909,"upper_bound":9074.716451391578},"point_estimate":6871.850878000259,"standard_error":956.4376972092396},"slope":null,"std_dev":{"confidence_interval":{"confidence_level":0.95,"lower_bound":13768.004472776856,"upper_bound":60719.917198492},"point_estimate":38709.453870679,"standard_error":13453.265072681364}}