{"mean":{"confidence_interval":{"confidence_level":0.95,"lower_bound":6950770.005,"upper_bound":6955162.578249999},"point_estimate":6952796.92625,"standard_error":1119.540782701864},"median":{"confidence_interval":{"confidence_level":0.95,"lower_bound":6949354.75,"upper_bound":6951702.875},"point_estimate":6950810.625,"standard_error":590.6495359914685},"median_abs_dev":{"confidence_interval":{"confidence_level":0.95,"lower_bound":4199.925421373919,"upper_bound":6573.662958294153},"point_estimate":5427.1498661488295,"standard_error":611.5084213087613},"slope":null,"std_dev":{"confidence_interval":{"confidence_level":0.95,"lower_bound":6902.371640566758,"upper_bound":15002.685897775878},"point_estimate":11281.218996069418,"standard_error":2066.009578572977}}