{"mean":{"confidence_interval":{"confidence_level":0.95,"lower_bound":17989420.151750006,"upper_bound":17996185.878500015},"point_estimate":17992718.173333332,"standard_error":1722.5306296272993},"median":{"confidence_interval":{"confidence_level":0.95,"lower_bound":17987637.333333332,"upper_bound":17996209.0},"point_estimate":17993720.833333336,"standard_error":2308.6689946141005},"median_abs_dev":{"confidence_interval":{"confidence_level":0.95,"lower_bound":10678.67341041749,"upper_bound":15734.339320655956},"point_estimate":13707.625156645609,"standard_error":1284.3290041584735},"slope":null,"std_dev":{"confidence_interval":{"confidence_level":0.95,"lower_bound":12520.146784518893,"upper_bound":21706.431828107347},"point_estimate":17228.019455402748,"standard_error":2367.087710053515}}