{"mean":{"confidence_interval":{"confidence_level":0.95,"lower_bound":6954335.1731875,"upper_bound":6963934.77228125},"point_estimate":6958594.84375,"standard_error":2466.7935204849973},"median":{"confidence_interval":{"confidence_level":0.95,"lower_bound":6951324.0,"upper_bound":6954147.375},"point_estimate":6952451.75,"standard_error":672.5579044622324},"median_abs_dev":{"confidence_interval":{"confidence_level":0.95,"lower_bound":4160.91682612896,"upper_bound":7163.089110329747},"point_estimate":5554.375476390123,"standard_error":749.8096065092159},"slope":null,"std_dev":{"confidence_interval":{"confidence_level":0.95,"lower_bound":10512.649559975996,"upper_bound":35311.603100446795},"point_estimate":24766.342512958672,"standard_error":6255.447033645671}}