{"mean":{"confidence_interval":{"confidence_level":0.95,"lower_bound":17975501.49316667,"upper_bound":17982574.366833333},"point_estimate":17978815.903333336,"standard_error":1812.4946090417425},"median":{"confidence_interval":{"confidence_level":0.95,"lower_bound":17972809.666666664,"upper_bound":17976226.333333336},"point_estimate":17974859.666666664,"standard_error":1002.9967940416464},"median_abs_dev":{"confidence_interval":{"confidence_level":0.95,"lower_bound":5485.867002608233,"upper_bound":8994.686940310545},"point_estimate":7413.246968387637,"standard_error":931.7446913770308},"slope":null,"std_dev":{"confidence_interval":{"confidence_level":0.95,"lower_bound":12069.07113597727,"upper_bound":23389.855381447494},"point_estimate":18257.610179065487,"standard_error":2886.514500781679}}