{"mean":{"confidence_interval":{"confidence_level":0.95,"lower_bound":17046919.866916664,"upper_bound":17439255.74358333},"point_estimate":17239144.773333326,"standard_error":100204.60393977787},"median":{"confidence_interval":{"confidence_level":0.95,"lower_bound":16894779.666666668,"upper_bound":17425513.666666668},"point_estimate":17124762.833333336,"standard_error":131738.09310622},"median_abs_dev":{"confidence_interval":{"confidence_level":0.95,"lower_bound":811081.5198004246,"upper_bound":1280547.2956657405},"point_estimate":1017681.579032544,"standard_error":120050.00983792245},"slope":null,"std_dev":{"confidence_interval":{"confidence_level":0.95,"lower_bound":851420.6994177363,"upper_bound":1161800.616555566},"point_estimate":1009509.0382241615,"standard_error":79744.52618678512}}