{"mean":{"confidence_interval":{"confidence_level":0.95,"lower_bound":6960001.637499999,"upper_bound":6967470.333875},"point_estimate":6963132.00875,"standard_error":1922.4753395743687},"median":{"confidence_interval":{"confidence_level":0.95,"lower_bound":6957704.375,"upper_bound":6962392.25},"point_estimate":6959632.5625,"standard_error":1190.1449215138102},"median_abs_dev":{"confidence_interval":{"confidence_level":0.95,"lower_bound":6105.161366611719,"upper_bound":10850.665045799671},"point_estimate":8162.176167592406,"standard_error":1193.8024503459399},"slope":null,"std_dev":{"confidence_interval":{"confidence_level":0.95,"lower_bound":8056.411236149793,"upper_bound":30130.64176323288},"point_estimate":19238.657469668844,"standard_error":6660.308913398838}}