{"mean":{"confidence_interval":{"confidence_level":0.95,"lower_bound":6953242.11240625,"upper_bound":6966352.9745},"point_estimate":6959202.79875,"standard_error":3375.210476912234},"median":{"confidence_interval":{"confidence_level":0.95,"lower_bound":6948575.125,"upper_bound":6951009.6875},"point_estimate":6950195.6875,"standard_error":556.5783882250017},"median_abs_dev":{"confidence_interval":{"confidence_level":0.95,"lower_bound":4269.517274200916,"upper_bound":7185.606097429991},"point_estimate":5557.062688842416,"standard_error":755.597632865077},"slope":null,"std_dev":{"confidence_interval":{"confidence_level":0.95,"lower_bound":19253.00269783156,"upper_bound":45157.397790813055},"point_estimate":33895.28659422857,"standard_error":6623.988552551985}}