{"mean":{"confidence_interval":{"confidence_level":0.95,"lower_bound":6951160.505812501,"upper_bound":6958899.85615625},"point_estimate":6954609.0725,"standard_error":1992.427957323757},"median":{"confidence_interval":{"confidence_level":0.95,"lower_bound":6948272.0625,"upper_bound":6952043.75},"point_estimate":6950028.5625,"standard_error":968.944175506365},"median_abs_dev":{"confidence_interval":{"confidence_level":0.95,"lower_bound":5419.255021288993,"upper_bound":9754.67386431992},"point_estimate":7929.037321731448,"standard_error":1145.1287537232427},"slope":null,"std_dev":{"confidence_interval":{"confidence_level":0.95,"lower_bound":7580.927662719649,"upper_bound":28630.2061852473},"point_estimate":20111.778504843813,"standard_error":5118.973381985699}}