{"mean":{"confidence_interval":{"confidence_level":0.95,"lower_bound":14975623.0855,"upper_bound":14981670.7945},"point_estimate":14978357.785,"standard_error":1548.780703958478},"median":{"confidence_interval":{"confidence_level":0.95,"lower_bound":14972791.75,"upper_bound":14975854.125},"point_estimate":14974497.0,"standard_error":742.7954907300359},"median_abs_dev":{"confidence_interval":{"confidence_level":0.95,"lower_bound":4993.20675322786,"upper_bound":9695.949005987468},"point_estimate":7050.13352483511,"standard_error":1230.6531280514423},"slope":null,"std_dev":{"confidence_interval":{"confidence_level":0.95,"lower_bound":8219.81391087513,"upper_bound":22036.845477859933},"point_estimate":15544.355825883942,"standard_error":3585.727074832083}}