{"mean":{"confidence_interval":{"confidence_level":0.95,"lower_bound":15267898.240562499,"upper_bound":15542502.092125},"point_estimate":15402085.775,"standard_error":70214.41448517895},"median":{"confidence_interval":{"confidence_level":0.95,"lower_bound":15153622.0,"upper_bound":15530989.5},"point_estimate":15315536.75,"standard_error":101956.19778839141},"median_abs_dev":{"confidence_interval":{"confidence_level":0.95,"lower_bound":504547.4888674915,"upper_bound":838186.4125192165},"point_estimate":702032.02926144,"standard_error":88917.01615596232},"slope":null,"std_dev":{"confidence_interval":{"confidence_level":0.95,"lower_bound":578022.5872926922,"upper_bound":827238.6808665615},"point_estimate":706179.2477899067,"standard_error":64028.93239155983}}