{"mean":{"confidence_interval":{"confidence_level":0.95,"lower_bound":-0.009431310326679002,"upper_bound":-0.004684578118004199},"point_estimate":-0.007036445556807713,"standard_error":0.0012011345115362805},"median":{"confidence_interval":{"confidence_level":0.95,"lower_bound":-0.008526808420333931,"upper_bound":-0.005054077855871709},"point_estimate":-0.006616615190694786,"standard_error":0.0008227259130031176}}