{"mean":{"confidence_interval":{"confidence_level":0.95,"lower_bound":0.16089475643420875,"upper_bound":0.17400274227689833},"point_estimate":0.1672161869034876,"standard_error":0.0032697562746848304},"median":{"confidence_interval":{"confidence_level":0.95,"lower_bound":0.17008462376332933,"upper_bound":0.18017219811039498},"point_estimate":0.17598443263734542,"standard_error":0.0027526449287579237}}