{"mean":{"confidence_interval":{"confidence_level":0.95,"lower_bound":0.13759779989748305,"upper_bound":0.16389156897646487},"point_estimate":0.1502088462055544,"standard_error":0.007095910938373613},"median":{"confidence_interval":{"confidence_level":0.95,"lower_bound":0.1265296229987669,"upper_bound":0.14399359907458353},"point_estimate":0.13471772390535275,"standard_error":0.004007564845065579}}