{"mean":{"confidence_interval":{"confidence_level":0.95,"lower_bound":-0.09421493484858436,"upper_bound":-0.09283545369385048},"point_estimate":-0.09357370303634494,"standard_error":0.00034983039992533756},"median":{"confidence_interval":{"confidence_level":0.95,"lower_bound":-0.09448799035304534,"upper_bound":-0.09328271894058437},"point_estimate":-0.09400179440099254,"standard_error":0.0003290692519844861}}