{"mean":{"confidence_interval":{"confidence_level":0.95,"lower_bound":-0.027029634780768013,"upper_bound":-0.002643968254612915},"point_estimate":-0.012865112824932079,"standard_error":0.006390911511466981},"median":{"confidence_interval":{"confidence_level":0.95,"lower_bound":-0.0035238671085080775,"upper_bound":-0.000017797186243617702},"point_estimate":-0.001700766467913728,"standard_error":0.0008860695863957601}}