{"mean":{"confidence_interval":{"confidence_level":0.95,"lower_bound":0.11400787319056191,"upper_bound":0.11559213788955947},"point_estimate":0.1147981278583281,"standard_error":0.000403772046961387},"median":{"confidence_interval":{"confidence_level":0.95,"lower_bound":0.11399485935827394,"upper_bound":0.11537736365286988},"point_estimate":0.11475156402936215,"standard_error":0.00038106311917241717}}