{"mean":{"confidence_interval":{"confidence_level":0.95,"lower_bound":-0.010595589672045228,"upper_bound":-0.0018794027922081273},"point_estimate":-0.005883525047335025,"standard_error":0.0022345090352936955},"median":{"confidence_interval":{"confidence_level":0.95,"lower_bound":-0.004634092266057266,"upper_bound":-0.000957280026730789},"point_estimate":-0.002839313972301638,"standard_error":0.0008674571736250664}}