{"mean":{"confidence_interval":{"confidence_level":0.95,"lower_bound":-0.12091099254730506,"upper_bound":-0.11355396426494302},"point_estimate":-0.11730122164375767,"standard_error":0.0018775241013667488},"median":{"confidence_interval":{"confidence_level":0.95,"lower_bound":-0.12265395049273409,"upper_bound":-0.11499398326617882},"point_estimate":-0.11848265767436117,"standard_error":0.0020415369097121056}}