{"mean":{"confidence_interval":{"confidence_level":0.95,"lower_bound":-0.003249108509428611,"upper_bound":-0.00019728526728631806},"point_estimate":-0.0021513933801835528,"standard_error":0.0007665783063726124},"median":{"confidence_interval":{"confidence_level":0.95,"lower_bound":-0.003677588136080955,"upper_bound":-0.0022455283992035167},"point_estimate":-0.00301300647602476,"standard_error":0.0003594943435868068}}