{"mean":{"confidence_interval":{"confidence_level":0.95,"lower_bound":0.005154462878553118,"upper_bound":0.00933717953274748},"point_estimate":0.007243888473285054,"standard_error":0.0010681034089190023},"median":{"confidence_interval":{"confidence_level":0.95,"lower_bound":0.00661883575373956,"upper_bound":0.01056037699094392},"point_estimate":0.00889727691999509,"standard_error":0.0010251172420828038}}