{"mean":{"confidence_interval":{"confidence_level":0.95,"lower_bound":-0.014503815484414324,"upper_bound":-0.007275966040865059},"point_estimate":-0.010811910472472874,"standard_error":0.0018444273790186312},"median":{"confidence_interval":{"confidence_level":0.95,"lower_bound":-0.007224322250173443,"upper_bound":-0.0012653568163364382},"point_estimate":-0.0030008436307300546,"standard_error":0.0014586642208289245}}