{"mean":{"confidence_interval":{"confidence_level":0.95,"lower_bound":-0.033837176932368936,"upper_bound":-0.010217665840795039},"point_estimate":-0.020211175947472793,"standard_error":0.006146922859695612},"median":{"confidence_interval":{"confidence_level":0.95,"lower_bound":-0.010891545996505358,"upper_bound":-0.00766717835278341},"point_estimate":-0.008812911631854825,"standard_error":0.0008414640299041151}}