{"mean":{"confidence_interval":{"confidence_level":0.95,"lower_bound":-0.0020989209038968504,"upper_bound":0.0009488564251442176},"point_estimate":-0.0006753655532547587,"standard_error":0.0007721116820394168},"median":{"confidence_interval":{"confidence_level":0.95,"lower_bound":-0.002850307435335986,"upper_bound":0.0001049292259196477},"point_estimate":-0.001389453368087823,"standard_error":0.0007605834433747706}}