{"mean":{"confidence_interval":{"confidence_level":0.95,"lower_bound":-0.27807940350655647,"upper_bound":-0.26056935946093984},"point_estimate":-0.2690448345919879,"standard_error":0.004489208539926329},"median":{"confidence_interval":{"confidence_level":0.95,"lower_bound":-0.26600189483188497,"upper_bound":-0.24779671685511395},"point_estimate":-0.2579402807805432,"standard_error":0.004934493636363181}}