{"mean":{"confidence_interval":{"confidence_level":0.95,"lower_bound":0.00003601892949822177,"upper_bound":0.011689216380854258},"point_estimate":0.00608551808090807,"standard_error":0.0029885101910361997},"median":{"confidence_interval":{"confidence_level":0.95,"lower_bound":0.0028631072296818605,"upper_bound":0.013613228183999793},"point_estimate":0.008112924389816367,"standard_error":0.0024034373736221866}}