{"mean":{"confidence_interval":{"confidence_level":0.95,"lower_bound":0.0048635327100397365,"upper_bound":0.013570247200611623},"point_estimate":0.00896487944710489,"standard_error":0.002282678876199217},"median":{"confidence_interval":{"confidence_level":0.95,"lower_bound":0.004671636945941859,"upper_bound":0.008945371786668183},"point_estimate":0.006283807899654326,"standard_error":0.0010932846890488502}}