{"mean":{"confidence_interval":{"confidence_level":0.95,"lower_bound":0.0003278365160468145,"upper_bound":0.004344589847630548},"point_estimate":0.002341616690700654,"standard_error":0.0010252512964531427},"median":{"confidence_interval":{"confidence_level":0.95,"lower_bound":0.0005984587579853656,"upper_bound":0.00468266309792531},"point_estimate":0.002776164699934025,"standard_error":0.0010569013645867883}}