{"mean":{"confidence_interval":{"confidence_level":0.95,"lower_bound":-0.0024708324476815503,"upper_bound":0.0006965965321592986},"point_estimate":-0.0008762498294631049,"standard_error":0.000807149037652876},"median":{"confidence_interval":{"confidence_level":0.95,"lower_bound":-0.002294524023970679,"upper_bound":0.0006223129495344959},"point_estimate":-0.0006579194600984106,"standard_error":0.0007119646372502455}}