{"mean":{"confidence_interval":{"confidence_level":0.95,"lower_bound":-0.1251012603377033,"upper_bound":-0.11339086625120365},"point_estimate":-0.11938879750415332,"standard_error":0.002981163163294339},"median":{"confidence_interval":{"confidence_level":0.95,"lower_bound":-0.12912591641305493,"upper_bound":-0.11570528001763743},"point_estimate":-0.12263082109030932,"standard_error":0.003535195825693159}}