{"mean":{"confidence_interval":{"confidence_level":0.95,"lower_bound":0.002001916128533349,"upper_bound":0.00505696173966515},"point_estimate":0.003589685483977423,"standard_error":0.0007788974779559937},"median":{"confidence_interval":{"confidence_level":0.95,"lower_bound":0.0015712371321969787,"upper_bound":0.005712210012332536},"point_estimate":0.0034784024029730354,"standard_error":0.0010374178789442972}}