{"mean":{"confidence_interval":{"confidence_level":0.95,"lower_bound":0.11429884942725992,"upper_bound":0.13508334097128502},"point_estimate":0.12432390492997558,"standard_error":0.005243194950788035},"median":{"confidence_interval":{"confidence_level":0.95,"lower_bound":0.1051797848630026,"upper_bound":0.14734504269926724},"point_estimate":0.12220608702841185,"standard_error":0.011103014378599403}}