{"mean":{"confidence_interval":{"confidence_level":0.95,"lower_bound":-0.015173118882425287,"upper_bound":0.0040941576943053885},"point_estimate":-0.003744296339319164,"standard_error":0.005058428344724192},"median":{"confidence_interval":{"confidence_level":0.95,"lower_bound":0.002452785455052009,"upper_bound":0.005568842231976401},"point_estimate":0.004029709163457795,"standard_error":0.000797854594053807}}