{"mean":{"confidence_interval":{"confidence_level":0.95,"lower_bound":0.00371769696370477,"upper_bound":0.0073063709036434365},"point_estimate":0.005318597767765221,"standard_error":0.0008979882161061875},"median":{"confidence_interval":{"confidence_level":0.95,"lower_bound":0.0042554404219909085,"upper_bound":0.006013858310726539},"point_estimate":0.0051630454629927325,"standard_error":0.0004051676801323514}}