{"mean":{"confidence_interval":{"confidence_level":0.95,"lower_bound":0.09295897860293499,"upper_bound":0.11216661394843087},"point_estimate":0.10328327830922057,"standard_error":0.004908522618721189},"median":{"confidence_interval":{"confidence_level":0.95,"lower_bound":0.08326821573841814,"upper_bound":0.09827337658369006},"point_estimate":0.09025293730845241,"standard_error":0.003995716343774276}}