{"mean":{"confidence_interval":{"confidence_level":0.95,"lower_bound":-0.012786237755254408,"upper_bound":-0.004690848675568131},"point_estimate":-0.008999968188154961,"standard_error":0.0020821398159139907},"median":{"confidence_interval":{"confidence_level":0.95,"lower_bound":-0.013016492245211508,"upper_bound":-0.008533067857971033},"point_estimate":-0.010543022023870585,"standard_error":0.001170800066742742}}