{"mean":{"confidence_interval":{"confidence_level":0.95,"lower_bound":0.2556728827986144,"upper_bound":0.3112985984915015},"point_estimate":0.2772084139391009,"standard_error":0.014166301641494995},"median":{"confidence_interval":{"confidence_level":0.95,"lower_bound":0.2511336892778637,"upper_bound":0.2885506842732106},"point_estimate":0.26973624858547396,"standard_error":0.009206722960307182}}