{"mean":{"confidence_interval":{"confidence_level":0.95,"lower_bound":0.0013073249484298888,"upper_bound":0.006360432397236498},"point_estimate":0.003584379783851066,"standard_error":0.0012726103926701026},"median":{"confidence_interval":{"confidence_level":0.95,"lower_bound":0.0009416102818877837,"upper_bound":0.005860840504731124},"point_estimate":0.0035348969000663644,"standard_error":0.001212559242734012}}