{"mean":{"confidence_interval":{"confidence_level":0.95,"lower_bound":-0.008482643989484381,"upper_bound":-0.004486840786703428},"point_estimate":-0.006490266198927119,"standard_error":0.0010196599231627516},"median":{"confidence_interval":{"confidence_level":0.95,"lower_bound":-0.008136462293013014,"upper_bound":-0.0033379364224052077},"point_estimate":-0.006412023519305254,"standard_error":0.0012229251642415537}}