{"mean":{"confidence_interval":{"confidence_level":0.95,"lower_bound":0.0021754396048340842,"upper_bound":0.011614339010331674},"point_estimate":0.0057899926197668705,"standard_error":0.0025330523147436973},"median":{"confidence_interval":{"confidence_level":0.95,"lower_bound":0.0035926633164675703,"upper_bound":0.006671435622526589},"point_estimate":0.005750879732895342,"standard_error":0.0008096320217543784}}