{"mean":{"confidence_interval":{"confidence_level":0.95,"lower_bound":-0.0062883393609779875,"upper_bound":-0.0031901047690268973},"point_estimate":-0.004736366888829058,"standard_error":0.000785452196475243},"median":{"confidence_interval":{"confidence_level":0.95,"lower_bound":-0.007167334132167191,"upper_bound":-0.0045058721210264885},"point_estimate":-0.005730883144361099,"standard_error":0.0006598216040072006}}