{"mean":{"confidence_interval":{"confidence_level":0.95,"lower_bound":-0.07582645836093471,"upper_bound":-0.02128283549229307},"point_estimate":-0.044643136371602665,"standard_error":0.014175478905120695},"median":{"confidence_interval":{"confidence_level":0.95,"lower_bound":-0.03527952836782833,"upper_bound":-0.0095838693669138},"point_estimate":-0.020336879866922453,"standard_error":0.006605409984355304}}