{"mean":{"confidence_interval":{"confidence_level":0.95,"lower_bound":0.004105500720553091,"upper_bound":0.007732578239832722},"point_estimate":0.005976427351337854,"standard_error":0.0009282542907471357},"median":{"confidence_interval":{"confidence_level":0.95,"lower_bound":0.0040290644622344995,"upper_bound":0.007699413504463903},"point_estimate":0.005604911047530248,"standard_error":0.0008914063264120636}}