{"mean":{"confidence_interval":{"confidence_level":0.95,"lower_bound":0.036021124630723475,"upper_bound":0.058178659123857744},"point_estimate":0.047752956485581644,"standard_error":0.0060705200878961125},"median":{"confidence_interval":{"confidence_level":0.95,"lower_bound":0.01661559520583844,"upper_bound":0.03567753241846394},"point_estimate":0.026774035569404164,"standard_error":0.004950568211166412}}