{"mean":{"confidence_interval":{"confidence_level":0.95,"lower_bound":-0.0021594259813741967,"upper_bound":0.00022517326270960462},"point_estimate":-0.0009903351266298266,"standard_error":0.0006016700862291438},"median":{"confidence_interval":{"confidence_level":0.95,"lower_bound":-0.002341050037944603,"upper_bound":-0.00045994349126354805},"point_estimate":-0.0014751535233979984,"standard_error":0.0004880707463465134}}