{"mean":{"confidence_interval":{"confidence_level":0.95,"lower_bound":-0.001570142487086884,"upper_bound":0.002547161185581314},"point_estimate":0.0005701686463954747,"standard_error":0.0010498437999654747},"median":{"confidence_interval":{"confidence_level":0.95,"lower_bound":0.00010987811063656316,"upper_bound":0.0038034572826668445},"point_estimate":0.0020023323446636265,"standard_error":0.0009631946149757728}}