{"mean":{"confidence_interval":{"confidence_level":0.95,"lower_bound":-0.0021246975199404406,"upper_bound":0.0014179070716656785},"point_estimate":-0.0003243815518113591,"standard_error":0.0009000888579284308},"median":{"confidence_interval":{"confidence_level":0.95,"lower_bound":-0.002879418726551175,"upper_bound":0.0007773898936173243},"point_estimate":-0.0006431140278647662,"standard_error":0.0009273083923962408}}