{"mean":{"confidence_interval":{"confidence_level":0.95,"lower_bound":0.2101065456068209,"upper_bound":0.2167297578879335},"point_estimate":0.21332723096225603,"standard_error":0.0017100881574260629},"median":{"confidence_interval":{"confidence_level":0.95,"lower_bound":0.21127649623846745,"upper_bound":0.21338754433522888},"point_estimate":0.21244413332923884,"standard_error":0.0005277092703896136}}