{"mean":{"confidence_interval":{"confidence_level":0.95,"lower_bound":-0.07587562816522093,"upper_bound":-0.07322927813636271},"point_estimate":-0.07457680940689992,"standard_error":0.0006687873357029543},"median":{"confidence_interval":{"confidence_level":0.95,"lower_bound":-0.07523156634889605,"upper_bound":-0.07311600964466591},"point_estimate":-0.07421547811591755,"standard_error":0.0005394894922303215}}