{"mean":{"confidence_interval":{"confidence_level":0.95,"lower_bound":0.08954666648397916,"upper_bound":0.10352600427788791},"point_estimate":0.09687817708738389,"standard_error":0.003585184762515646},"median":{"confidence_interval":{"confidence_level":0.95,"lower_bound":0.09963496221490997,"upper_bound":0.10916949666524675},"point_estimate":0.1042335360578821,"standard_error":0.002745597149049985}}