{"mean":{"confidence_interval":{"confidence_level":0.95,"lower_bound":0.0047884669052716215,"upper_bound":0.008620084963298103},"point_estimate":0.006711150071087912,"standard_error":0.0009744788339421754},"median":{"confidence_interval":{"confidence_level":0.95,"lower_bound":0.0036914648916488435,"upper_bound":0.00795561459221128},"point_estimate":0.0057512490121098825,"standard_error":0.0010961036088301282}}