{"mean":{"confidence_interval":{"confidence_level":0.95,"lower_bound":-0.07637716427483578,"upper_bound":-0.01288424234540894},"point_estimate":-0.04336925371364708,"standard_error":0.01621429467196115},"median":{"confidence_interval":{"confidence_level":0.95,"lower_bound":0.005426951043013384,"upper_bound":0.009095506929668762},"point_estimate":0.007363799515853309,"standard_error":0.0009383971182005604}}