{"mean":{"confidence_interval":{"confidence_level":0.95,"lower_bound":-0.009305113487732955,"upper_bound":-0.005665389512862712},"point_estimate":-0.007539139785091686,"standard_error":0.0009284721971903087},"median":{"confidence_interval":{"confidence_level":0.95,"lower_bound":-0.009439245342648728,"upper_bound":-0.005722681741975655},"point_estimate":-0.007602218755651258,"standard_error":0.0010407469510441945}}