{"mean":{"confidence_interval":{"confidence_level":0.95,"lower_bound":0.0011542589782417628,"upper_bound":0.003978058220128009},"point_estimate":0.0024337061407748717,"standard_error":0.0007161494985114347},"median":{"confidence_interval":{"confidence_level":0.95,"lower_bound":0.0014484310304456738,"upper_bound":0.0031141252885458215},"point_estimate":0.00242850523772864,"standard_error":0.0004344386193073614}}