{"mean":{"confidence_interval":{"confidence_level":0.95,"lower_bound":0.04139711148167099,"upper_bound":0.07341081352952508},"point_estimate":0.055492749224248294,"standard_error":0.008012434523274698},"median":{"confidence_interval":{"confidence_level":0.95,"lower_bound":0.03179692999720851,"upper_bound":0.05165499815451935},"point_estimate":0.04090918747284711,"standard_error":0.004381762091133686}}