{"mean":{"confidence_interval":{"confidence_level":0.95,"lower_bound":-0.12336260843517732,"upper_bound":-0.1123299515335753},"point_estimate":-0.11788947125038929,"standard_error":0.0028105032617756105},"median":{"confidence_interval":{"confidence_level":0.95,"lower_bound":-0.12438365481173619,"upper_bound":-0.11235892991794261},"point_estimate":-0.11902126299512505,"standard_error":0.0028377787754707497}}