{"mean":{"confidence_interval":{"confidence_level":0.95,"lower_bound":0.11104364705973736,"upper_bound":0.11341148422893797},"point_estimate":0.11228091167572041,"standard_error":0.0006036441763301008},"median":{"confidence_interval":{"confidence_level":0.95,"lower_bound":0.1112132375360608,"upper_bound":0.11292004463678529},"point_estimate":0.11192194143999545,"standard_error":0.00046558282428453687}}