{"mean":{"confidence_interval":{"confidence_level":0.95,"lower_bound":-0.00965096836667175,"upper_bound":-0.006232032018042593},"point_estimate":-0.007888215659172304,"standard_error":0.0008690378675220373},"median":{"confidence_interval":{"confidence_level":0.95,"lower_bound":-0.009965807611364008,"upper_bound":-0.005301158557011076},"point_estimate":-0.007107802479948688,"standard_error":0.0012132004288219742}}