{"mean":{"confidence_interval":{"confidence_level":0.95,"lower_bound":-0.00034158245269997055,"upper_bound":0.0028812008591789003},"point_estimate":0.0012035677817143764,"standard_error":0.0008147580971333267},"median":{"confidence_interval":{"confidence_level":0.95,"lower_bound":-0.0006623097800132483,"upper_bound":0.003297750918501041},"point_estimate":0.0015000295114622197,"standard_error":0.001029457915034677}}