{"mean":{"confidence_interval":{"confidence_level":0.95,"lower_bound":-0.005291630523012752,"upper_bound":0.0014506443723194804},"point_estimate":-0.0014289148180558486,"standard_error":0.0017521523143218783},"median":{"confidence_interval":{"confidence_level":0.95,"lower_bound":-0.0016059647203776617,"upper_bound":0.0019739235635334307},"point_estimate":0.00036565468624383257,"standard_error":0.0009218953053017805}}