{"mean":{"confidence_interval":{"confidence_level":0.95,"lower_bound":110289.15946870456,"upper_bound":110561.0778146388},"point_estimate":110413.04259676013,"standard_error":69.68964932322605},"median":{"confidence_interval":{"confidence_level":0.95,"lower_bound":110263.49565217391,"upper_bound":110402.82962962963},"point_estimate":110338.08519086096,"standard_error":33.909550937790314},"median_abs_dev":{"confidence_interval":{"confidence_level":0.95,"lower_bound":206.60885386312344,"upper_bound":368.49038018876576},"point_estimate":274.12239166289316,"standard_error":40.851036484872694},"slope":{"confidence_interval":{"confidence_level":0.95,"lower_bound":110406.46146154827,"upper_bound":110726.19176710042},"point_estimate":110546.6859772425,"standard_error":82.53492988928606},"std_dev":{"confidence_interval":{"confidence_level":0.95,"lower_bound":387.6800901950822,"upper_bound":965.6210998448122},"point_estimate":699.1499059778043,"standard_error":148.98712811326044}}