{"mean":{"confidence_interval":{"confidence_level":0.95,"lower_bound":176717.6240650758,"upper_bound":182212.58170956626},"point_estimate":179346.46412954276,"standard_error":1401.9748358906777},"median":{"confidence_interval":{"confidence_level":0.95,"lower_bound":175316.8855721393,"upper_bound":178326.12264309765},"point_estimate":176404.3644957983,"standard_error":817.7481849540836},"median_abs_dev":{"confidence_interval":{"confidence_level":0.95,"lower_bound":6059.969654605805,"upper_bound":10585.983158075716},"point_estimate":7751.662294406603,"standard_error":1164.4050849038053},"slope":{"confidence_interval":{"confidence_level":0.95,"lower_bound":177988.03771395146,"upper_bound":184446.6358957329},"point_estimate":180940.08803507217,"standard_error":1654.037108114046},"std_dev":{"confidence_interval":{"confidence_level":0.95,"lower_bound":10410.349559884886,"upper_bound":17667.591209832364},"point_estimate":14106.761456209857,"standard_error":1870.389645718231}}