{"mean":{"confidence_interval":{"confidence_level":0.95,"lower_bound":110147.76056472988,"upper_bound":110387.31192742958},"point_estimate":110260.18317776482,"standard_error":61.176945919394576},"median":{"confidence_interval":{"confidence_level":0.95,"lower_bound":110138.14596774193,"upper_bound":110261.59614035088},"point_estimate":110205.39107142857,"standard_error":31.308741523874534},"median_abs_dev":{"confidence_interval":{"confidence_level":0.95,"lower_bound":202.89589230696683,"upper_bound":378.3458277445618},"point_estimate":298.77278815618416,"standard_error":45.44318851176585},"slope":{"confidence_interval":{"confidence_level":0.95,"lower_bound":110294.16753442498,"upper_bound":110646.63391833172},"point_estimate":110450.48083168316,"standard_error":90.83438730995739},"std_dev":{"confidence_interval":{"confidence_level":0.95,"lower_bound":388.99712167167036,"upper_bound":806.9606293269247},"point_estimate":614.1173801144587,"standard_error":105.80891401271394}}