{"mean":{"confidence_interval":{"confidence_level":0.95,"lower_bound":128634.08491777391,"upper_bound":128879.60908826177},"point_estimate":128761.71560911537,"standard_error":62.93186377988887},"median":{"confidence_interval":{"confidence_level":0.95,"lower_bound":128709.84770114943,"upper_bound":128924.75},"point_estimate":128851.48489583333,"standard_error":51.31553359521736},"median_abs_dev":{"confidence_interval":{"confidence_level":0.95,"lower_bound":399.4911960326135,"upper_bound":593.8660918384786},"point_estimate":479.9121952914724,"standard_error":48.826077835730985},"slope":{"confidence_interval":{"confidence_level":0.95,"lower_bound":128850.50751889251,"upper_bound":129030.29571169899},"point_estimate":128941.60219151765,"standard_error":46.04220938475777},"std_dev":{"confidence_interval":{"confidence_level":0.95,"lower_bound":473.8270109240761,"upper_bound":782.268287609552},"point_estimate":631.7148473388768,"standard_error":79.140272342496}}