{"mean":{"confidence_interval":{"confidence_level":0.95,"lower_bound":110032.10769131374,"upper_bound":110638.40556969392},"point_estimate":110264.92768412085,"standard_error":163.04932542761176},"median":{"confidence_interval":{"confidence_level":0.95,"lower_bound":110044.01388888889,"upper_bound":110127.45699494949},"point_estimate":110070.15992923817,"standard_error":21.177809362011185},"median_abs_dev":{"confidence_interval":{"confidence_level":0.95,"lower_bound":197.56882460034433,"upper_bound":437.08800327916606},"point_estimate":327.2705709194537,"standard_error":60.91079585826013},"slope":{"confidence_interval":{"confidence_level":0.95,"lower_bound":110156.81834024335,"upper_bound":110433.8220140746},"point_estimate":110272.46380818679,"standard_error":72.19450807181138},"std_dev":{"confidence_interval":{"confidence_level":0.95,"lower_bound":377.93453559864014,"upper_bound":2737.7818970465287},"point_estimate":1646.5677006964377,"standard_error":775.0332548326135}}