{"mean":{"confidence_interval":{"confidence_level":0.95,"lower_bound":142852.12302150208,"upper_bound":145152.83741916498},"point_estimate":144017.95273555853,"standard_error":586.7659859873738},"median":{"confidence_interval":{"confidence_level":0.95,"lower_bound":141350.98807017543,"upper_bound":144329.42204301077},"point_estimate":142244.1771345029,"standard_error":827.2344146576107},"median_abs_dev":{"confidence_interval":{"confidence_level":0.95,"lower_bound":3777.7217416873114,"upper_bound":8737.44434391163},"point_estimate":6012.432881219773,"standard_error":1310.3851549660537},"slope":{"confidence_interval":{"confidence_level":0.95,"lower_bound":141498.26749920158,"upper_bound":143944.61653850824},"point_estimate":142659.97723264864,"standard_error":625.4937875080461},"std_dev":{"confidence_interval":{"confidence_level":0.95,"lower_bound":5044.4098471041625,"upper_bound":6940.131589088298},"point_estimate":5898.930415667647,"standard_error":499.73109554190165}}