{"mean":{"confidence_interval":{"confidence_level":0.95,"lower_bound":306865.36386945745,"upper_bound":306999.93982734106},"point_estimate":306935.0937662401,"standard_error":34.37638331437164},"median":{"confidence_interval":{"confidence_level":0.95,"lower_bound":306869.66243194195,"upper_bound":307052.6212121212},"point_estimate":306946.699964132,"standard_error":48.204690312202814},"median_abs_dev":{"confidence_interval":{"confidence_level":0.95,"lower_bound":195.06593864214895,"upper_bound":302.05288594185464},"point_estimate":244.97468884421065,"standard_error":26.866969872503727},"slope":{"confidence_interval":{"confidence_level":0.95,"lower_bound":306943.83291070006,"upper_bound":307045.2364355142},"point_estimate":306994.2306162258,"standard_error":25.84783534042527},"std_dev":{"confidence_interval":{"confidence_level":0.95,"lower_bound":254.73232854710054,"upper_bound":432.1491683150165},"point_estimate":344.4817653574806,"standard_error":45.88298121305218}}