{"mean":{"confidence_interval":{"confidence_level":0.95,"lower_bound":110229.76307589418,"upper_bound":110473.92242894736},"point_estimate":110346.68492388593,"standard_error":62.40496763359606},"median":{"confidence_interval":{"confidence_level":0.95,"lower_bound":110200.77966101695,"upper_bound":110355.50714285714},"point_estimate":110282.48501683501,"standard_error":33.375558494016566},"median_abs_dev":{"confidence_interval":{"confidence_level":0.95,"lower_bound":241.7792506668499,"upper_bound":512.0432477786762},"point_estimate":328.1676208405301,"standard_error":68.96607032888123},"slope":{"confidence_interval":{"confidence_level":0.95,"lower_bound":110365.92788071514,"upper_bound":110557.28799638765},"point_estimate":110457.47569912812,"standard_error":48.80103728695543},"std_dev":{"confidence_interval":{"confidence_level":0.95,"lower_bound":454.24620044012056,"upper_bound":789.4968144462382},"point_estimate":628.0774376817857,"standard_error":86.23278695178865}}