{"mean":{"confidence_interval":{"confidence_level":0.95,"lower_bound":153004.69740705873,"upper_bound":153203.50810054108},"point_estimate":153106.08368865168,"standard_error":50.496853288122985},"median":{"confidence_interval":{"confidence_level":0.95,"lower_bound":153107.60205314012,"upper_bound":153267.4184397163},"point_estimate":153161.35405643738,"standard_error":44.25769155890257},"median_abs_dev":{"confidence_interval":{"confidence_level":0.95,"lower_bound":215.26642214721986,"upper_bound":362.14235106008556},"point_estimate":297.5181331948757,"standard_error":38.70832498371266},"slope":{"confidence_interval":{"confidence_level":0.95,"lower_bound":153192.97724990177,"upper_bound":153287.35410995048},"point_estimate":153240.27980395054,"standard_error":24.136361767160555},"std_dev":{"confidence_interval":{"confidence_level":0.95,"lower_bound":371.352110263026,"upper_bound":629.2754391036498},"point_estimate":507.7990817549182,"standard_error":65.85719252656116}}