{"mean":{"confidence_interval":{"confidence_level":0.95,"lower_bound":125545.94914518163,"upper_bound":125688.34718079808},"point_estimate":125620.13423485856,"standard_error":36.29690910868614},"median":{"confidence_interval":{"confidence_level":0.95,"lower_bound":125627.26674107142,"upper_bound":125738.0225},"point_estimate":125675.52870435393,"standard_error":31.666672244773622},"median_abs_dev":{"confidence_interval":{"confidence_level":0.95,"lower_bound":155.02157129295665,"upper_bound":263.0596096942963},"point_estimate":199.20071180396343,"standard_error":27.685745326473747},"slope":{"confidence_interval":{"confidence_level":0.95,"lower_bound":125705.63609790982,"upper_bound":125782.39580802934},"point_estimate":125742.8134742131,"standard_error":19.570569076455904},"std_dev":{"confidence_interval":{"confidence_level":0.95,"lower_bound":277.8499953416583,"upper_bound":438.9698465317356},"point_estimate":363.98397291134467,"standard_error":41.0794566764789}}