{"mean":{"confidence_interval":{"confidence_level":0.95,"lower_bound":110239.23905325103,"upper_bound":110694.3675465809},"point_estimate":110440.50406598138,"standard_error":117.53022054036408},"median":{"confidence_interval":{"confidence_level":0.95,"lower_bound":110192.66333333333,"upper_bound":110318.54517365457},"point_estimate":110252.40953947368,"standard_error":29.548725255460592},"median_abs_dev":{"confidence_interval":{"confidence_level":0.95,"lower_bound":216.2687845650691,"upper_bound":490.92988846755145},"point_estimate":312.5720044088863,"standard_error":69.37476498326579},"slope":{"confidence_interval":{"confidence_level":0.95,"lower_bound":110324.54823939348,"upper_bound":110566.8251598898},"point_estimate":110434.19964977095,"standard_error":62.03715647107166},"std_dev":{"confidence_interval":{"confidence_level":0.95,"lower_bound":485.5077835501678,"upper_bound":1731.0897524645518},"point_estimate":1180.8473805270892,"standard_error":321.42279138623303}}