{"mean":{"confidence_interval":{"confidence_level":0.95,"lower_bound":110215.59504515507,"upper_bound":110466.86887551814},"point_estimate":110335.27374068495,"standard_error":64.0835433138126},"median":{"confidence_interval":{"confidence_level":0.95,"lower_bound":110250.13085443038,"upper_bound":110364.19710144927},"point_estimate":110306.26004938272,"standard_error":30.50419827794952},"median_abs_dev":{"confidence_interval":{"confidence_level":0.95,"lower_bound":212.6455725587517,"upper_bound":453.16761505150856},"point_estimate":309.30372599161717,"standard_error":62.28776245678373},"slope":{"confidence_interval":{"confidence_level":0.95,"lower_bound":110434.63039887178,"upper_bound":110771.43360737854},"point_estimate":110588.89896970593,"standard_error":86.93096103639648},"std_dev":{"confidence_interval":{"confidence_level":0.95,"lower_bound":453.36980036119525,"upper_bound":816.6345236958283},"point_estimate":643.5545164679245,"standard_error":93.24056101414513}}