{"mean":{"confidence_interval":{"confidence_level":0.95,"lower_bound":110096.98660987792,"upper_bound":110402.75530453493},"point_estimate":110230.81831663275,"standard_error":78.50237723486062},"median":{"confidence_interval":{"confidence_level":0.95,"lower_bound":110092.33164983164,"upper_bound":110206.10315789474},"point_estimate":110159.69975742875,"standard_error":29.639190010601727},"median_abs_dev":{"confidence_interval":{"confidence_level":0.95,"lower_bound":187.84281561249833,"upper_bound":358.66837651191787},"point_estimate":242.68754027685532,"standard_error":43.36545028807278},"slope":{"confidence_interval":{"confidence_level":0.95,"lower_bound":110244.72832899685,"upper_bound":110558.8472846205},"point_estimate":110367.44493157972,"standard_error":82.9839590915037},"std_dev":{"confidence_interval":{"confidence_level":0.95,"lower_bound":378.7854367865218,"upper_bound":1194.8806467158076},"point_estimate":788.0253962487513,"standard_error":235.25202944232703}}