{"mean":{"confidence_interval":{"confidence_level":0.95,"lower_bound":109767.21136944565,"upper_bound":110106.70003062565},"point_estimate":109939.4655563767,"standard_error":86.23270223054087},"median":{"confidence_interval":{"confidence_level":0.95,"lower_bound":110015.7875,"upper_bound":110201.05789473685},"point_estimate":110126.77769423558,"standard_error":40.107125128796085},"median_abs_dev":{"confidence_interval":{"confidence_level":0.95,"lower_bound":250.9387100904003,"upper_bound":542.3064587931823},"point_estimate":374.97258169126235,"standard_error":79.39128649951995},"slope":{"confidence_interval":{"confidence_level":0.95,"lower_bound":109819.7333787862,"upper_bound":110238.20372883491},"point_estimate":110042.32043859908,"standard_error":107.23870426803312},"std_dev":{"confidence_interval":{"confidence_level":0.95,"lower_bound":639.7385956390726,"upper_bound":1080.759777566652},"point_estimate":869.8190245428985,"standard_error":112.81032738926325}}