{"mean":{"confidence_interval":{"confidence_level":0.95,"lower_bound":110317.02968876618,"upper_bound":111035.18154892809},"point_estimate":110640.1574627156,"standard_error":184.32576334903973},"median":{"confidence_interval":{"confidence_level":0.95,"lower_bound":110172.45614035087,"upper_bound":110280.83265410959},"point_estimate":110226.74387886598,"standard_error":27.333351768714948},"median_abs_dev":{"confidence_interval":{"confidence_level":0.95,"lower_bound":212.87659479866116,"upper_bound":366.372439117198},"point_estimate":256.08821589701523,"standard_error":40.29236466557384},"slope":{"confidence_interval":{"confidence_level":0.95,"lower_bound":110412.59533345922,"upper_bound":111078.15437026232},"point_estimate":110707.34340549726,"standard_error":170.8146647762733},"std_dev":{"confidence_interval":{"confidence_level":0.95,"lower_bound":851.060110880211,"upper_bound":2633.273515865468},"point_estimate":1850.9714672739367,"standard_error":452.4758743882092}}