{"mean":{"confidence_interval":{"confidence_level":0.95,"lower_bound":127406.66181279239,"upper_bound":127571.2919453402},"point_estimate":127490.1082891502,"standard_error":41.993964988792676},"median":{"confidence_interval":{"confidence_level":0.95,"lower_bound":127472.59328947368,"upper_bound":127608.5197368421},"point_estimate":127543.88609913792,"standard_error":37.82260297485821},"median_abs_dev":{"confidence_interval":{"confidence_level":0.95,"lower_bound":176.4819809284221,"upper_bound":295.0747040847823},"point_estimate":233.71243145344866,"standard_error":30.378030618159908},"slope":{"confidence_interval":{"confidence_level":0.95,"lower_bound":127587.42910415989,"upper_bound":127668.40596112145},"point_estimate":127628.2210418206,"standard_error":20.590463873812055},"std_dev":{"confidence_interval":{"confidence_level":0.95,"lower_bound":307.7183389410295,"upper_bound":524.5771851420659},"point_estimate":423.3435146465441,"standard_error":55.35783873863611}}