{"mean":{"confidence_interval":{"confidence_level":0.95,"lower_bound":162209.40433545355,"upper_bound":165170.2181800198},"point_estimate":163630.1376839077,"standard_error":754.3729438111044},"median":{"confidence_interval":{"confidence_level":0.95,"lower_bound":161314.95505617978,"upper_bound":164534.3555308916},"point_estimate":163051.17592592593,"standard_error":737.3026170311088},"median_abs_dev":{"confidence_interval":{"confidence_level":0.95,"lower_bound":3967.130660936883,"upper_bound":6613.35558843744},"point_estimate":5113.195884787602,"standard_error":674.1760919335622},"slope":{"confidence_interval":{"confidence_level":0.95,"lower_bound":162990.36636580818,"upper_bound":165455.10367343415},"point_estimate":164184.89172553076,"standard_error":630.3069054023092},"std_dev":{"confidence_interval":{"confidence_level":0.95,"lower_bound":5230.966968002891,"upper_bound":10047.690796847819},"point_estimate":7532.115755949374,"standard_error":1293.3871806686052}}