{"mean":{"confidence_interval":{"confidence_level":0.95,"lower_bound":127561.9126385102,"upper_bound":127721.29798298795},"point_estimate":127645.46925457398,"standard_error":40.62152464250773},"median":{"confidence_interval":{"confidence_level":0.95,"lower_bound":127646.535,"upper_bound":127741.46362469388},"point_estimate":127709.57387955181,"standard_error":22.190071047826947},"median_abs_dev":{"confidence_interval":{"confidence_level":0.95,"lower_bound":184.63118418871264,"upper_bound":316.78832139954386},"point_estimate":240.3956864919365,"standard_error":32.965768894098204},"slope":{"confidence_interval":{"confidence_level":0.95,"lower_bound":127734.16106421806,"upper_bound":127814.0963989376},"point_estimate":127774.44394561845,"standard_error":20.33809937354808},"std_dev":{"confidence_interval":{"confidence_level":0.95,"lower_bound":297.896202086248,"upper_bound":508.96443134395537},"point_estimate":410.0317916311146,"standard_error":53.94077208705768}}