{"mean":{"confidence_interval":{"confidence_level":0.95,"lower_bound":110372.70636336859,"upper_bound":113021.50822645974},"point_estimate":111484.56567872054,"standard_error":696.4719849000635},"median":{"confidence_interval":{"confidence_level":0.95,"lower_bound":110229.56808510638,"upper_bound":110344.0751173709},"point_estimate":110278.89138888888,"standard_error":36.23959949232684},"median_abs_dev":{"confidence_interval":{"confidence_level":0.95,"lower_bound":190.72646904635764,"upper_bound":363.8092814198776},"point_estimate":263.4462070671328,"standard_error":44.69607513722569},"slope":{"confidence_interval":{"confidence_level":0.95,"lower_bound":110479.16624268793,"upper_bound":112090.13045701875},"point_estimate":111163.13584926851,"standard_error":410.0713999710126},"std_dev":{"confidence_interval":{"confidence_level":0.95,"lower_bound":648.3216033999843,"upper_bound":10822.100912769447},"point_estimate":6995.015926964347,"standard_error":2615.2250688149966}}