{"mean":{"confidence_interval":{"confidence_level":0.95,"lower_bound":144393.46638981096,"upper_bound":145717.1804604596},"point_estimate":145061.60274099268,"standard_error":338.5829458301142},"median":{"confidence_interval":{"confidence_level":0.95,"lower_bound":143985.5085910653,"upper_bound":146340.25057471264},"point_estimate":145399.08769253123,"standard_error":594.7750779319996},"median_abs_dev":{"confidence_interval":{"confidence_level":0.95,"lower_bound":3020.3825874140844,"upper_bound":4591.131316445671},"point_estimate":3676.8064358159468,"standard_error":388.81773125223486},"slope":{"confidence_interval":{"confidence_level":0.95,"lower_bound":145029.66927936056,"upper_bound":146530.95682723462},"point_estimate":145780.64146987832,"standard_error":381.23792737382473},"std_dev":{"confidence_interval":{"confidence_level":0.95,"lower_bound":2976.8494220004995,"upper_bound":3751.9176227798757},"point_estimate":3386.1851581893166,"standard_error":198.08620962106082}}