{"mean":{"confidence_interval":{"confidence_level":0.95,"lower_bound":306568.94528888917,"upper_bound":306684.10020570207},"point_estimate":306625.08164249285,"standard_error":29.398347221329736},"median":{"confidence_interval":{"confidence_level":0.95,"lower_bound":306551.0,"upper_bound":306644.0073529412},"point_estimate":306581.52142857143,"standard_error":25.192704836709453},"median_abs_dev":{"confidence_interval":{"confidence_level":0.95,"lower_bound":174.37493690422357,"upper_bound":283.84474035550124},"point_estimate":209.48941611256345,"standard_error":28.308524536891795},"slope":{"confidence_interval":{"confidence_level":0.95,"lower_bound":306574.8973033104,"upper_bound":306691.87390646443},"point_estimate":306628.7891532437,"standard_error":29.983478274799996},"std_dev":{"confidence_interval":{"confidence_level":0.95,"lower_bound":227.54939416850755,"upper_bound":357.10254328815614},"point_estimate":293.7905397239956,"standard_error":33.199620133646974}}