{"mean":{"confidence_interval":{"confidence_level":0.95,"lower_bound":110343.7912246434,"upper_bound":111011.027931587},"point_estimate":110622.76391792532,"standard_error":173.04423322776515},"median":{"confidence_interval":{"confidence_level":0.95,"lower_bound":110263.334375,"upper_bound":110378.9756097561},"point_estimate":110304.57672590567,"standard_error":27.75114606519097},"median_abs_dev":{"confidence_interval":{"confidence_level":0.95,"lower_bound":163.56005547423507,"upper_bound":362.09865090220137},"point_estimate":215.25298787080138,"standard_error":49.757713281742056},"slope":{"confidence_interval":{"confidence_level":0.95,"lower_bound":110419.71974821018,"upper_bound":110694.99777356329},"point_estimate":110543.11958445396,"standard_error":70.56344866323009},"std_dev":{"confidence_interval":{"confidence_level":0.95,"lower_bound":469.35899981639045,"upper_bound":2762.013004268243},"point_estimate":1747.4487973620087,"standard_error":627.1145002459193}}