{"mean":{"confidence_interval":{"confidence_level":0.95,"lower_bound":128904.20341537628,"upper_bound":129675.45128597604},"point_estimate":129204.98377260513,"standard_error":205.09679380514712},"median":{"confidence_interval":{"confidence_level":0.95,"lower_bound":128987.05208333333,"upper_bound":129258.93852982951},"point_estimate":129111.8615067728,"standard_error":74.60509659012749},"median_abs_dev":{"confidence_interval":{"confidence_level":0.95,"lower_bound":440.7879380305526,"upper_bound":690.8877554569841},"point_estimate":605.1544483779775,"standard_error":64.581238428428},"slope":{"confidence_interval":{"confidence_level":0.95,"lower_bound":129133.77381026813,"upper_bound":130555.61935774426},"point_estimate":129622.02537091769,"standard_error":406.8286638199734},"std_dev":{"confidence_interval":{"confidence_level":0.95,"lower_bound":568.2751178464681,"upper_bound":3432.1361829806274},"point_estimate":2063.0995539117303,"standard_error":951.4192777334457}}