{"mean":{"confidence_interval":{"confidence_level":0.95,"lower_bound":109984.3415653826,"upper_bound":110207.21751446155},"point_estimate":110084.65881476452,"standard_error":57.153869376584844},"median":{"confidence_interval":{"confidence_level":0.95,"lower_bound":109966.67934782608,"upper_bound":110077.60270774977},"point_estimate":110043.01278073285,"standard_error":28.606582463105454},"median_abs_dev":{"confidence_interval":{"confidence_level":0.95,"lower_bound":161.76531468735647,"upper_bound":293.93670426433556},"point_estimate":231.3880123394072,"standard_error":33.44717622859459},"slope":{"confidence_interval":{"confidence_level":0.95,"lower_bound":110063.51876540582,"upper_bound":110216.74012876213},"point_estimate":110132.13044480568,"standard_error":39.16447152843208},"std_dev":{"confidence_interval":{"confidence_level":0.95,"lower_bound":312.50637788698964,"upper_bound":836.1356722818318},"point_estimate":573.937738339945,"standard_error":143.51667720382028}}