{"mean":{"confidence_interval":{"confidence_level":0.95,"lower_bound":110322.22386772663,"upper_bound":110758.13900973463},"point_estimate":110519.54110414353,"standard_error":111.84035360590539},"median":{"confidence_interval":{"confidence_level":0.95,"lower_bound":110242.98360655738,"upper_bound":110363.25},"point_estimate":110301.35712242563,"standard_error":27.61567262454128},"median_abs_dev":{"confidence_interval":{"confidence_level":0.95,"lower_bound":236.08848277972302,"upper_bound":501.59949456141226},"point_estimate":375.5733293960716,"standard_error":70.0190008909812},"slope":{"confidence_interval":{"confidence_level":0.95,"lower_bound":110485.05966135302,"upper_bound":111068.35694469938},"point_estimate":110744.84265848972,"standard_error":150.26971668383123},"std_dev":{"confidence_interval":{"confidence_level":0.95,"lower_bound":614.8302764053993,"upper_bound":1566.8421412466425},"point_estimate":1122.9592131309387,"standard_error":246.56547627234144}}