{"mean":{"confidence_interval":{"confidence_level":0.95,"lower_bound":110159.76945362386,"upper_bound":110695.20053207029},"point_estimate":110392.15409359387,"standard_error":138.02031594631038},"median":{"confidence_interval":{"confidence_level":0.95,"lower_bound":110093.35987506645,"upper_bound":110177.58036014406},"point_estimate":110146.2374269006,"standard_error":21.012735831417757},"median_abs_dev":{"confidence_interval":{"confidence_level":0.95,"lower_bound":185.8253742009423,"upper_bound":326.31770239947116},"point_estimate":251.3288077803472,"standard_error":35.3054248227049},"slope":{"confidence_interval":{"confidence_level":0.95,"lower_bound":110242.70158618214,"upper_bound":110633.01421439655},"point_estimate":110416.9800147776,"standard_error":100.12854945301507},"std_dev":{"confidence_interval":{"confidence_level":0.95,"lower_bound":606.8864788808588,"upper_bound":2099.605243333607},"point_estimate":1385.3456743239972,"standard_error":408.00713521676323}}