{"mean":{"confidence_interval":{"confidence_level":0.95,"lower_bound":109437.45717915522,"upper_bound":110165.0139110623},"point_estimate":109814.30324302694,"standard_error":185.09504487788962},"median":{"confidence_interval":{"confidence_level":0.95,"lower_bound":110088.11796351452,"upper_bound":110219.23878618114},"point_estimate":110162.98800307614,"standard_error":33.94022458367593},"median_abs_dev":{"confidence_interval":{"confidence_level":0.95,"lower_bound":241.1957206285989,"upper_bound":566.0676649552815},"point_estimate":342.47119955923336,"standard_error":93.1637560290131},"slope":{"confidence_interval":{"confidence_level":0.95,"lower_bound":110233.95353834577,"upper_bound":110547.0995888522},"point_estimate":110374.46215043594,"standard_error":80.513421712928},"std_dev":{"confidence_interval":{"confidence_level":0.95,"lower_bound":1262.9837173659232,"upper_bound":2351.6354002180806},"point_estimate":1852.7710308047117,"standard_error":277.45931044007676}}