{"mean":{"confidence_interval":{"confidence_level":0.95,"lower_bound":389853.527826428,"upper_bound":398859.3563439586},"point_estimate":394146.58846221806,"standard_error":2292.930725064722},"median":{"confidence_interval":{"confidence_level":0.95,"lower_bound":386030.45,"upper_bound":391530.9022988506},"point_estimate":388170.3611111111,"standard_error":1390.511980774508},"median_abs_dev":{"confidence_interval":{"confidence_level":0.95,"lower_bound":9565.697661118093,"upper_bound":17857.28162396274},"point_estimate":13053.408288178292,"standard_error":2080.4904012830743},"slope":{"confidence_interval":{"confidence_level":0.95,"lower_bound":390813.0876226505,"upper_bound":399245.82051495346},"point_estimate":394690.1314526378,"standard_error":2158.6918159118914},"std_dev":{"confidence_interval":{"confidence_level":0.95,"lower_bound":16524.14655798424,"upper_bound":29373.861877708063},"point_estimate":22999.762391144057,"standard_error":3323.344595548568}}