{"mean":{"confidence_interval":{"confidence_level":0.95,"lower_bound":125445.73950576494,"upper_bound":125592.69928958933},"point_estimate":125522.1551674156,"standard_error":37.49308002170543},"median":{"confidence_interval":{"confidence_level":0.95,"lower_bound":125567.71223958334,"upper_bound":125677.03166666666},"point_estimate":125625.48500440238,"standard_error":24.950259638422168},"median_abs_dev":{"confidence_interval":{"confidence_level":0.95,"lower_bound":154.27740875250132,"upper_bound":245.15439441177585},"point_estimate":202.222134324051,"standard_error":22.4668855144578},"slope":{"confidence_interval":{"confidence_level":0.95,"lower_bound":125634.37004239319,"upper_bound":125703.78048525641},"point_estimate":125669.09931505837,"standard_error":17.73470380694239},"std_dev":{"confidence_interval":{"confidence_level":0.95,"lower_bound":286.67026379974084,"upper_bound":457.3068843461005},"point_estimate":377.62588821935645,"standard_error":43.60866132580305}}