{"mean":{"confidence_interval":{"confidence_level":0.95,"lower_bound":149768.590670358,"upper_bound":153784.29956007807},"point_estimate":151712.03957906552,"standard_error":1024.5945275870745},"median":{"confidence_interval":{"confidence_level":0.95,"lower_bound":148054.67916666667,"upper_bound":151776.51069518714},"point_estimate":150286.28827723235,"standard_error":997.0038905377631},"median_abs_dev":{"confidence_interval":{"confidence_level":0.95,"lower_bound":6050.526318123859,"upper_bound":10589.82263639497},"point_estimate":8543.096950982226,"standard_error":1184.0187570154626},"slope":{"confidence_interval":{"confidence_level":0.95,"lower_bound":148792.4007471586,"upper_bound":152790.91340003823},"point_estimate":150777.26213979608,"standard_error":1019.5646324825196},"std_dev":{"confidence_interval":{"confidence_level":0.95,"lower_bound":8242.245540878494,"upper_bound":12138.398730264813},"point_estimate":10310.922458973855,"standard_error":998.0400290887956}}