{"mean":{"confidence_interval":{"confidence_level":0.95,"lower_bound":6490616.77909375,"upper_bound":6506929.676624999},"point_estimate":6496730.43375,"standard_error":4420.566118306054},"median":{"confidence_interval":{"confidence_level":0.95,"lower_bound":6489230.25,"upper_bound":6490407.5625},"point_estimate":6489931.625,"standard_error":311.5867403738855},"median_abs_dev":{"confidence_interval":{"confidence_level":0.95,"lower_bound":1685.9941575676203,"upper_bound":2923.3164981007576},"point_estimate":2305.998934060335,"standard_error":322.9796123166257},"slope":null,"std_dev":{"confidence_interval":{"confidence_level":0.95,"lower_bound":3943.1813931896395,"upper_bound":74236.3882986629},"point_estimate":44296.37486286326,"standard_error":21663.430907755293}}