{"mean":{"confidence_interval":{"confidence_level":0.95,"lower_bound":16478292.7715625,"upper_bound":16480911.456375},"point_estimate":16479450.5675,"standard_error":674.6432732377139},"median":{"confidence_interval":{"confidence_level":0.95,"lower_bound":16477165.25,"upper_bound":16478307.75},"point_estimate":16477552.5,"standard_error":283.54338642553415},"median_abs_dev":{"confidence_interval":{"confidence_level":0.95,"lower_bound":1315.8074766397476,"upper_bound":2557.114304602146},"point_estimate":1945.912465453148,"standard_error":326.24714475972695},"slope":null,"std_dev":{"confidence_interval":{"confidence_level":0.95,"lower_bound":2581.665712445658,"upper_bound":9796.75171372318},"point_estimate":6764.845189783437,"standard_error":1777.987555755708}}