{"mean":{"confidence_interval":{"confidence_level":0.95,"lower_bound":19467216.319416665,"upper_bound":19528040.015250005},"point_estimate":19497904.833333332,"standard_error":15531.354355996986},"median":{"confidence_interval":{"confidence_level":0.95,"lower_bound":19470321.333333332,"upper_bound":19560851.166666664},"point_estimate":19498752.333333336,"standard_error":25494.84658043172},"median_abs_dev":{"confidence_interval":{"confidence_level":0.95,"lower_bound":120529.44746017456,"upper_bound":187123.63757789595},"point_estimate":162694.59071159363,"standard_error":17314.866349262575},"slope":null,"std_dev":{"confidence_interval":{"confidence_level":0.95,"lower_bound":135189.8831002022,"upper_bound":174819.73832062245},"point_estimate":156302.681449465,"standard_error":10127.224468895793}}