{"mean":{"confidence_interval":{"confidence_level":0.95,"lower_bound":6210018.516666667,"upper_bound":6266025.499},"point_estimate":6237428.937777778,"standard_error":14278.590886844386},"median":{"confidence_interval":{"confidence_level":0.95,"lower_bound":6148280.666666667,"upper_bound":6216189.388888889},"point_estimate":6175262.833333333,"standard_error":18800.390575899517},"median_abs_dev":{"confidence_interval":{"confidence_level":0.95,"lower_bound":62422.236158450134,"upper_bound":153119.63061491697},"point_estimate":93520.26480635,"standard_error":23163.547705361892},"slope":null,"std_dev":{"confidence_interval":{"confidence_level":0.95,"lower_bound":125312.53117403471,"upper_bound":156811.1575340379},"point_estimate":143081.8201226714,"standard_error":8024.419731523404}}