{"mean":{"confidence_interval":{"confidence_level":0.95,"lower_bound":6490479.53978125,"upper_bound":6500340.5878125},"point_estimate":6494789.1875,"standard_error":2486.4082686323054},"median":{"confidence_interval":{"confidence_level":0.95,"lower_bound":6488965.625,"upper_bound":6490345.125},"point_estimate":6489785.875,"standard_error":339.43112993093985},"median_abs_dev":{"confidence_interval":{"confidence_level":0.95,"lower_bound":2165.615249052644,"upper_bound":3942.974629998207},"point_estimate":3137.274206802249,"standard_error":496.2842563635871},"slope":null,"std_dev":{"confidence_interval":{"confidence_level":0.95,"lower_bound":3823.922117967633,"upper_bound":37013.284350770504},"point_estimate":25001.94738103861,"standard_error":7500.978112172594}}