{"mean":{"confidence_interval":{"confidence_level":0.95,"lower_bound":6492412.39721875,"upper_bound":6503124.68659375},"point_estimate":6497209.30375,"standard_error":2755.878538946727},"median":{"confidence_interval":{"confidence_level":0.95,"lower_bound":6489089.0625,"upper_bound":6491036.5},"point_estimate":6490066.5625,"standard_error":452.771560447616},"median_abs_dev":{"confidence_interval":{"confidence_level":0.95,"lower_bound":2792.567396359518,"upper_bound":4369.685434922576},"point_estimate":3563.892349228263,"standard_error":401.79884977093775},"slope":null,"std_dev":{"confidence_interval":{"confidence_level":0.95,"lower_bound":12629.806235726075,"upper_bound":38477.95201515595},"point_estimate":27661.229082682934,"standard_error":6501.670634350641}}