{"mean":{"confidence_interval":{"confidence_level":0.95,"lower_bound":6491337.733125,"upper_bound":6492633.115},"point_estimate":6491954.0075,"standard_error":331.3477831936027},"median":{"confidence_interval":{"confidence_level":0.95,"lower_bound":6490667.25,"upper_bound":6491770.0},"point_estimate":6491299.625,"standard_error":306.6178524404792},"median_abs_dev":{"confidence_interval":{"confidence_level":0.95,"lower_bound":1755.6717232055967,"upper_bound":2808.2319917064156},"point_estimate":2397.9201324284077,"standard_error":270.16638860712493},"slope":null,"std_dev":{"confidence_interval":{"confidence_level":0.95,"lower_bound":2309.1086460168663,"upper_bound":4274.0000260974275},"point_estimate":3321.057235704012,"standard_error":505.64547852716015}}