{"mean":{"confidence_interval":{"confidence_level":0.95,"lower_bound":19465836.623999998,"upper_bound":19798962.0715},"point_estimate":19630857.78,"standard_error":85321.44460604191},"median":{"confidence_interval":{"confidence_level":0.95,"lower_bound":19485504.333333332,"upper_bound":19841899.166666664},"point_estimate":19682818.166666664,"standard_error":104310.2284149484},"median_abs_dev":{"confidence_interval":{"confidence_level":0.95,"lower_bound":552820.7586854696,"upper_bound":1041730.5984605855},"point_estimate":799170.3116118908,"standard_error":129973.56801949664},"slope":null,"std_dev":{"confidence_interval":{"confidence_level":0.95,"lower_bound":711809.8541640198,"upper_bound":990134.6114778455},"point_estimate":854180.3316981453,"standard_error":71424.36180190876}}