{"mean":{"confidence_interval":{"confidence_level":0.95,"lower_bound":6491362.457437499,"upper_bound":6499768.026718751},"point_estimate":6495053.39375,"standard_error":2162.986926623153},"median":{"confidence_interval":{"confidence_level":0.95,"lower_bound":6489222.0,"upper_bound":6490817.5},"point_estimate":6489627.125,"standard_error":420.3241751517749},"median_abs_dev":{"confidence_interval":{"confidence_level":0.95,"lower_bound":2093.4311628341675,"upper_bound":3744.1209085285664},"point_estimate":3032.009608671069,"standard_error":414.1426319249654},"slope":null,"std_dev":{"confidence_interval":{"confidence_level":0.95,"lower_bound":7786.627341246527,"upper_bound":31629.050708052226},"point_estimate":21737.093140664565,"standard_error":6036.442304999197}}