{"mean":{"confidence_interval":{"confidence_level":0.95,"lower_bound":6492893.968343751,"upper_bound":6501749.0875625},"point_estimate":6496778.4625,"standard_error":2288.69880934646},"median":{"confidence_interval":{"confidence_level":0.95,"lower_bound":6490987.0,"upper_bound":6492436.0},"point_estimate":6491508.625,"standard_error":368.37369700789674},"median_abs_dev":{"confidence_interval":{"confidence_level":0.95,"lower_bound":2557.6702795922756,"upper_bound":4381.546234712005},"point_estimate":3547.213099524379,"standard_error":452.972682195752},"slope":null,"std_dev":{"confidence_interval":{"confidence_level":0.95,"lower_bound":7130.4847549457145,"upper_bound":33427.749460053215},"point_estimate":22995.72888585259,"standard_error":6493.139112593868}}