{"mean":{"confidence_interval":{"confidence_level":0.95,"lower_bound":6495949.00634375,"upper_bound":6510071.9684375},"point_estimate":6502306.54125,"standard_error":3623.471220045738},"median":{"confidence_interval":{"confidence_level":0.95,"lower_bound":6490716.875,"upper_bound":6493132.125},"point_estimate":6491741.3125,"standard_error":614.4106672026952},"median_abs_dev":{"confidence_interval":{"confidence_level":0.95,"lower_bound":2962.3274099081755,"upper_bound":5575.780513510108},"point_estimate":4143.310951441526,"standard_error":655.8959247383701},"slope":null,"std_dev":{"confidence_interval":{"confidence_level":0.95,"lower_bound":17685.444625677017,"upper_bound":50153.33739316068},"point_estimate":36296.632977823836,"standard_error":8201.462101171712}}