{"mean":{"confidence_interval":{"confidence_level":0.95,"lower_bound":19752038.105583336,"upper_bound":19796307.0315},"point_estimate":19774097.586666666,"standard_error":11255.202038190631},"median":{"confidence_interval":{"confidence_level":0.95,"lower_bound":19744954.166666664,"upper_bound":19804404.333333332},"point_estimate":19775987.666666664,"standard_error":18164.987872314126},"median_abs_dev":{"confidence_interval":{"confidence_level":0.95,"lower_bound":82976.17852688288,"upper_bound":137289.25176263225},"point_estimate":105215.42523205372,"standard_error":13818.283095000324},"slope":null,"std_dev":{"confidence_interval":{"confidence_level":0.95,"lower_bound":95890.67813874518,"upper_bound":129114.00440967218},"point_estimate":113130.15970258554,"standard_error":8505.457373033549}}