{"mean":{"confidence_interval":{"confidence_level":0.95,"lower_bound":6493082.8885625,"upper_bound":6510190.933375},"point_estimate":6499586.2175,"standard_error":4587.873146725095},"median":{"confidence_interval":{"confidence_level":0.95,"lower_bound":6491801.375,"upper_bound":6493225.25},"point_estimate":6492286.0625,"standard_error":370.7811832925302},"median_abs_dev":{"confidence_interval":{"confidence_level":0.95,"lower_bound":2376.607757806778,"upper_bound":3926.0173927992582},"point_estimate":3187.0339684188366,"standard_error":398.8271106808236},"slope":null,"std_dev":{"confidence_interval":{"confidence_level":0.95,"lower_bound":5412.75319758644,"upper_bound":77005.21160779039},"point_estimate":46259.377345610745,"standard_error":21762.921186241914}}