{"mean":{"confidence_interval":{"confidence_level":0.95,"lower_bound":21802414.64041667,"upper_bound":21835089.255999997},"point_estimate":21819066.243333336,"standard_error":8377.389968847541},"median":{"confidence_interval":{"confidence_level":0.95,"lower_bound":21821618.333333332,"upper_bound":21851020.333333336},"point_estimate":21838601.666666668,"standard_error":8061.264521164439},"median_abs_dev":{"confidence_interval":{"confidence_level":0.95,"lower_bound":45688.78918886369,"upper_bound":89625.88650881784},"point_estimate":77366.5144264698,"standard_error":11604.121290841096},"slope":null,"std_dev":{"confidence_interval":{"confidence_level":0.95,"lower_bound":70131.99257412815,"upper_bound":96783.73369907703},"point_estimate":84188.56484286029,"standard_error":6822.611155281648}}