{"mean":{"confidence_interval":{"confidence_level":0.95,"lower_bound":19787559.561666664,"upper_bound":19792238.606916662},"point_estimate":19789705.243333332,"standard_error":1197.84208115114},"median":{"confidence_interval":{"confidence_level":0.95,"lower_bound":19785474.666666668,"upper_bound":19787891.166666664},"point_estimate":19787174.5,"standard_error":614.7066958478227},"median_abs_dev":{"confidence_interval":{"confidence_level":0.95,"lower_bound":4596.0599184036255,"upper_bound":8179.009854795389},"point_estimate":6919.04697716052,"standard_error":970.9962907637516},"slope":null,"std_dev":{"confidence_interval":{"confidence_level":0.95,"lower_bound":7208.799361500003,"upper_bound":16873.588679298315},"point_estimate":12013.552831159524,"standard_error":2596.7452177185864}}