{"mean":{"confidence_interval":{"confidence_level":0.95,"lower_bound":6492266.22896875,"upper_bound":6501688.51440625},"point_estimate":6496398.93625,"standard_error":2381.2061741336593},"median":{"confidence_interval":{"confidence_level":0.95,"lower_bound":6490897.8125,"upper_bound":6492542.125},"point_estimate":6491729.9375,"standard_error":343.16860658494943},"median_abs_dev":{"confidence_interval":{"confidence_level":0.95,"lower_bound":2410.058919712901,"upper_bound":4311.215398460627},"point_estimate":3712.5229965895414,"standard_error":510.6067614593448},"slope":null,"std_dev":{"confidence_interval":{"confidence_level":0.95,"lower_bound":4168.158666638939,"upper_bound":35369.17515245527},"point_estimate":24000.282081724912,"standard_error":7108.451374687683}}