{"mean":{"confidence_interval":{"confidence_level":0.95,"lower_bound":19726123.879166666,"upper_bound":19754381.14875},"point_estimate":19740398.210000005,"standard_error":7229.6860559340785},"median":{"confidence_interval":{"confidence_level":0.95,"lower_bound":19724317.333333332,"upper_bound":19753150.333333332},"point_estimate":19740434.0,"standard_error":7044.180838716414},"median_abs_dev":{"confidence_interval":{"confidence_level":0.95,"lower_bound":42080.88215291684,"upper_bound":78157.48151243286},"point_estimate":57055.141887067824,"standard_error":9314.459521391234},"slope":null,"std_dev":{"confidence_interval":{"confidence_level":0.95,"lower_bound":59906.3981918569,"upper_bound":85586.04661595068},"point_estimate":72717.98097208777,"standard_error":6626.119988510931}}