{"mean":{"confidence_interval":{"confidence_level":0.95,"lower_bound":21924482.64666666,"upper_bound":21952489.658249997},"point_estimate":21938768.96666668,"standard_error":7133.061771814187},"median":{"confidence_interval":{"confidence_level":0.95,"lower_bound":21932244.0,"upper_bound":21955570.166666668},"point_estimate":21942537.0,"standard_error":6207.3387192904975},"median_abs_dev":{"confidence_interval":{"confidence_level":0.95,"lower_bound":44244.983914498196,"upper_bound":68114.59639072327},"point_estimate":56907.12898969743,"standard_error":6053.477658219367},"slope":null,"std_dev":{"confidence_interval":{"confidence_level":0.95,"lower_bound":54844.37935147074,"upper_bound":89130.16774474672},"point_estimate":71855.97873414397,"standard_error":8864.118534397012}}