{"mean":{"confidence_interval":{"confidence_level":0.95,"lower_bound":6491443.512468751,"upper_bound":6500677.62221875},"point_estimate":6495472.82125,"standard_error":2327.1001195036342},"median":{"confidence_interval":{"confidence_level":0.95,"lower_bound":6489896.625,"upper_bound":6491660.0},"point_estimate":6490784.625,"standard_error":364.4060228627556},"median_abs_dev":{"confidence_interval":{"confidence_level":0.95,"lower_bound":2190.9121111035347,"upper_bound":3726.3297088444233},"point_estimate":2844.5533744990826,"standard_error":400.07754456362096},"slope":null,"std_dev":{"confidence_interval":{"confidence_level":0.95,"lower_bound":3618.5600015232203,"upper_bound":34539.57458486549},"point_estimate":23415.55170683033,"standard_error":7009.2548584815495}}