{"mean":{"confidence_interval":{"confidence_level":0.95,"lower_bound":16486016.32625,"upper_bound":16489120.3040625},"point_estimate":16487379.4975,"standard_error":796.2626194388731},"median":{"confidence_interval":{"confidence_level":0.95,"lower_bound":16485397.75,"upper_bound":16487863.0},"point_estimate":16486012.875,"standard_error":608.136905382419},"median_abs_dev":{"confidence_interval":{"confidence_level":0.95,"lower_bound":3039.329946041107,"upper_bound":4785.462065041065},"point_estimate":4007.097078859806,"standard_error":440.0077768004601},"slope":null,"std_dev":{"confidence_interval":{"confidence_level":0.95,"lower_bound":3356.909942529175,"upper_bound":11831.817426874404},"point_estimate":7966.260815110333,"standard_error":2284.7209094764307}}