{"mean":{"confidence_interval":{"confidence_level":0.95,"lower_bound":18405782.601916667,"upper_bound":18593763.79983333},"point_estimate":18501146.020000003,"standard_error":47804.46066365686},"median":{"confidence_interval":{"confidence_level":0.95,"lower_bound":18430529.0,"upper_bound":18639832.833333336},"point_estimate":18541981.0,"standard_error":54204.62544240666},"median_abs_dev":{"confidence_interval":{"confidence_level":0.95,"lower_bound":400407.75169133954,"upper_bound":620627.2213816624},"point_estimate":517733.0535084,"standard_error":55286.68324438995},"slope":null,"std_dev":{"confidence_interval":{"confidence_level":0.95,"lower_bound":413490.39081212314,"upper_bound":545708.7329838653},"point_estimate":482315.8378469534,"standard_error":33689.867844677065}}