{"mean":{"confidence_interval":{"confidence_level":0.95,"lower_bound":16487102.311875,"upper_bound":16490410.848875},"point_estimate":16488585.0725,"standard_error":853.015734886109},"median":{"confidence_interval":{"confidence_level":0.95,"lower_bound":16486355.75,"upper_bound":16488368.25},"point_estimate":16487280.875,"standard_error":500.72895816150196},"median_abs_dev":{"confidence_interval":{"confidence_level":0.95,"lower_bound":3076.209620386362,"upper_bound":5207.447082549334},"point_estimate":3669.4349348545074,"standard_error":532.629932926953},"slope":null,"std_dev":{"confidence_interval":{"confidence_level":0.95,"lower_bound":4130.829760287308,"upper_bound":12470.806155257325},"point_estimate":8593.743163545125,"standard_error":2212.6639658970694}}