{"mean":{"confidence_interval":{"confidence_level":0.95,"lower_bound":6489511.563250001,"upper_bound":6495991.4945},"point_estimate":6492355.45875,"standard_error":1666.5467394655464},"median":{"confidence_interval":{"confidence_level":0.95,"lower_bound":6487767.125,"upper_bound":6489506.0},"point_estimate":6488928.1875,"standard_error":531.562686442924},"median_abs_dev":{"confidence_interval":{"confidence_level":0.95,"lower_bound":1905.6969411671162,"upper_bound":3859.863318661226},"point_estimate":2899.3169110268354,"standard_error":531.8435857235573},"slope":null,"std_dev":{"confidence_interval":{"confidence_level":0.95,"lower_bound":4057.4531145469855,"upper_bound":24397.101622117272},"point_estimate":16724.51776794801,"standard_error":4728.399067785761}}