{"mean":{"confidence_interval":{"confidence_level":0.95,"lower_bound":6491257.985,"upper_bound":6493299.5325},"point_estimate":6492190.68625,"standard_error":521.68972056406},"median":{"confidence_interval":{"confidence_level":0.95,"lower_bound":6490298.875,"upper_bound":6491490.0},"point_estimate":6490742.25,"standard_error":339.1204463585199},"median_abs_dev":{"confidence_interval":{"confidence_level":0.95,"lower_bound":2019.1158391535282,"upper_bound":3527.012674883008},"point_estimate":2578.056029230356,"standard_error":413.09903975515374},"slope":null,"std_dev":{"confidence_interval":{"confidence_level":0.95,"lower_bound":3118.2362218855683,"upper_bound":7314.459260184645},"point_estimate":5230.137294031958,"standard_error":1124.1092561899613}}