{"mean":{"confidence_interval":{"confidence_level":0.95,"lower_bound":16480826.949375,"upper_bound":16482356.037375},"point_estimate":16481570.4875,"standard_error":388.6473640357997},"median":{"confidence_interval":{"confidence_level":0.95,"lower_bound":16480229.75,"upper_bound":16481831.75},"point_estimate":16481304.75,"standard_error":438.8074047118027},"median_abs_dev":{"confidence_interval":{"confidence_level":0.95,"lower_bound":2983.91777202487,"upper_bound":4444.8625198379095},"point_estimate":3651.2730851769447,"standard_error":375.7759841780921},"slope":null,"std_dev":{"confidence_interval":{"confidence_level":0.95,"lower_bound":3096.4279931066912,"upper_bound":4753.666773053476},"point_estimate":3905.6058001131564,"standard_error":432.41057997415766}}