{"mean":{"confidence_interval":{"confidence_level":0.95,"lower_bound":6490989.243125,"upper_bound":6496713.890125},"point_estimate":6493393.20875,"standard_error":1486.2725066243493},"median":{"confidence_interval":{"confidence_level":0.95,"lower_bound":6488926.1875,"upper_bound":6490809.6875},"point_estimate":6490033.9375,"standard_error":493.4563223441137},"median_abs_dev":{"confidence_interval":{"confidence_level":0.95,"lower_bound":1781.6218558698893,"upper_bound":3867.640018835664},"point_estimate":2994.0179843455553,"standard_error":582.5014285754555},"slope":null,"std_dev":{"confidence_interval":{"confidence_level":0.95,"lower_bound":4382.102260820182,"upper_bound":23649.28047409704},"point_estimate":14943.276827367827,"standard_error":5332.803705447051}}