{"mean":{"confidence_interval":{"confidence_level":0.95,"lower_bound":21864615.534083337,"upper_bound":21890279.266166672},"point_estimate":21877620.803333327,"standard_error":6527.554304782685},"median":{"confidence_interval":{"confidence_level":0.95,"lower_bound":21866882.666666668,"upper_bound":21892248.666666668},"point_estimate":21880032.333333332,"standard_error":6615.51655816671},"median_abs_dev":{"confidence_interval":{"confidence_level":0.95,"lower_bound":34964.402279259615,"upper_bound":70199.13195371813},"point_estimate":55621.71481251809,"standard_error":9040.599870442758},"slope":null,"std_dev":{"confidence_interval":{"confidence_level":0.95,"lower_bound":55822.12008151259,"upper_bound":74736.70081615612},"point_estimate":65843.93338932256,"standard_error":4822.367272940098}}