{"mean":{"confidence_interval":{"confidence_level":0.95,"lower_bound":6440847.382,"upper_bound":6476018.031125},"point_estimate":6459414.46,"standard_error":9010.584502767526},"median":{"confidence_interval":{"confidence_level":0.95,"lower_bound":6488664.75,"upper_bound":6491235.625},"point_estimate":6489236.4375,"standard_error":712.784052554887},"median_abs_dev":{"confidence_interval":{"confidence_level":0.95,"lower_bound":4183.989788219333,"upper_bound":15551.732423901558},"point_estimate":8110.4704935103655,"standard_error":3226.174466775124},"slope":null,"std_dev":{"confidence_interval":{"confidence_level":0.95,"lower_bound":63374.30342438112,"upper_bound":112515.82853781762},"point_estimate":90741.8448859171,"standard_error":12540.545212007699}}