{"mean":{"confidence_interval":{"confidence_level":0.95,"lower_bound":21524153.314583335,"upper_bound":21825807.785083327},"point_estimate":21673511.40666667,"standard_error":77011.02538944622},"median":{"confidence_interval":{"confidence_level":0.95,"lower_bound":21453171.666666668,"upper_bound":21801321.833333336},"point_estimate":21618970.666666664,"standard_error":96208.13352729978},"median_abs_dev":{"confidence_interval":{"confidence_level":0.95,"lower_bound":562897.2494065762,"upper_bound":908119.6648776568},"point_estimate":738952.2897809716,"standard_error":90020.27889220307},"slope":null,"std_dev":{"confidence_interval":{"confidence_level":0.95,"lower_bound":662879.5582142964,"upper_bound":875249.8716638479},"point_estimate":774254.702637141,"standard_error":54141.04609942397}}