{"mean":{"confidence_interval":{"confidence_level":0.95,"lower_bound":-0.09291057488627298,"upper_bound":-0.09149121463428043},"point_estimate":-0.09224873394996735,"standard_error":0.0003659730315591447},"median":{"confidence_interval":{"confidence_level":0.95,"lower_bound":-0.09265458369863977,"upper_bound":-0.0915335922053121},"point_estimate":-0.09193612388581307,"standard_error":0.0002962363365879124}}