{"mean":{"confidence_interval":{"confidence_level":0.95,"lower_bound":-0.16495441950914663,"upper_bound":-0.16355303240470215},"point_estimate":-0.16426511202716776,"standard_error":0.0003577214205961473},"median":{"confidence_interval":{"confidence_level":0.95,"lower_bound":-0.16558401334942274,"upper_bound":-0.16374952999322623},"point_estimate":-0.16476282503142292,"standard_error":0.0005036328198728404}}