{"mean":{"confidence_interval":{"confidence_level":0.95,"lower_bound":-0.05411299355309144,"upper_bound":-0.05050717340642323},"point_estimate":-0.052196789476869454,"standard_error":0.0009072879416433227},"median":{"confidence_interval":{"confidence_level":0.95,"lower_bound":-0.055339701522718276,"upper_bound":-0.05063554729185482},"point_estimate":-0.05231772871069884,"standard_error":0.0012925601621906794}}