{"mean":{"confidence_interval":{"confidence_level":0.95,"lower_bound":-0.03358289184294808,"upper_bound":-0.02877901719470869},"point_estimate":-0.031302826901808745,"standard_error":0.0012194492772710658},"median":{"confidence_interval":{"confidence_level":0.95,"lower_bound":-0.03436502888352999,"upper_bound":-0.028892569562315895},"point_estimate":-0.031778700956241135,"standard_error":0.0014475773421280585}}