{"mean":{"confidence_interval":{"confidence_level":0.95,"lower_bound":0.009421168084523696,"upper_bound":0.01566677289366386},"point_estimate":0.012704658409691927,"standard_error":0.001601619995911956},"median":{"confidence_interval":{"confidence_level":0.95,"lower_bound":0.013785071341503308,"upper_bound":0.017972078179141482},"point_estimate":0.015989942276954494,"standard_error":0.001041197720945996}}