{"mean":{"confidence_interval":{"confidence_level":0.95,"lower_bound":0.29559962728335654,"upper_bound":0.30213317015016494},"point_estimate":0.29889854122744564,"standard_error":0.0016670839022151988},"median":{"confidence_interval":{"confidence_level":0.95,"lower_bound":0.2981369014124351,"upper_bound":0.30310993836646793},"point_estimate":0.3012155063212043,"standard_error":0.0012522521915614097}}