{"mean":{"confidence_interval":{"confidence_level":0.95,"lower_bound":-0.08672319212817883,"upper_bound":-0.07296294151793845},"point_estimate":-0.07945422925512124,"standard_error":0.0035053320744723344},"median":{"confidence_interval":{"confidence_level":0.95,"lower_bound":-0.07523244155926734,"upper_bound":-0.06703267546581892},"point_estimate":-0.07130042922382829,"standard_error":0.0021431431283163668}}