{"mean":{"confidence_interval":{"confidence_level":0.95,"lower_bound":-0.01534595209575325,"upper_bound":-0.009185350322890343},"point_estimate":-0.01220125915950998,"standard_error":0.0015756735781598135},"median":{"confidence_interval":{"confidence_level":0.95,"lower_bound":-0.015394550748211005,"upper_bound":-0.007121464080143136},"point_estimate":-0.011999459944094348,"standard_error":0.0020842243677320128}}