{"mean":{"confidence_interval":{"confidence_level":0.95,"lower_bound":-0.2644462225024038,"upper_bound":-0.25987392649494034},"point_estimate":-0.2623595449191801,"standard_error":0.0011763642956893895},"median":{"confidence_interval":{"confidence_level":0.95,"lower_bound":-0.2641358890753295,"upper_bound":-0.2611088747118874},"point_estimate":-0.26208170386242224,"standard_error":0.0008107911653392999}}