{"mean":{"confidence_interval":{"confidence_level":0.95,"lower_bound":-0.021282988321628817,"upper_bound":0.0006374854872710297},"point_estimate":-0.010452921320984965,"standard_error":0.00558700385454715},"median":{"confidence_interval":{"confidence_level":0.95,"lower_bound":-0.023761076594693842,"upper_bound":-0.0048064199274975294},"point_estimate":-0.015497713533279112,"standard_error":0.004613032516967771}}