{"mean":{"confidence_interval":{"confidence_level":0.95,"lower_bound":0.001983798488019106,"upper_bound":0.013912640449063152},"point_estimate":0.007192113276938583,"standard_error":0.003054732220021078},"median":{"confidence_interval":{"confidence_level":0.95,"lower_bound":0.0012986455846419886,"upper_bound":0.004205600201945048},"point_estimate":0.002881930868464,"standard_error":0.0007228079947399914}}