{"mean":{"confidence_interval":{"confidence_level":0.95,"lower_bound":0.1346878828048459,"upper_bound":0.1664502250809441},"point_estimate":0.15094745905483697,"standard_error":0.008153969615834984},"median":{"confidence_interval":{"confidence_level":0.95,"lower_bound":0.11880457181020776,"upper_bound":0.15196917541516264},"point_estimate":0.12918140037491121,"standard_error":0.008310288837042122}}