{"mean":{"confidence_interval":{"confidence_level":0.95,"lower_bound":0.17345565985367237,"upper_bound":0.194042017130078},"point_estimate":0.18407273230746268,"standard_error":0.005252903450230608},"median":{"confidence_interval":{"confidence_level":0.95,"lower_bound":0.18820865492953742,"upper_bound":0.20789569441575262},"point_estimate":0.20212466125220652,"standard_error":0.005708118597041234}}