{"mean":{"confidence_interval":{"confidence_level":0.95,"lower_bound":-0.1771995485269644,"upper_bound":-0.16394114610556226},"point_estimate":-0.17087885416482507,"standard_error":0.0034484766886857263},"median":{"confidence_interval":{"confidence_level":0.95,"lower_bound":-0.18416188718977744,"upper_bound":-0.17141444051906896},"point_estimate":-0.17830923213673266,"standard_error":0.0031164040609379415}}