{"mean":{"confidence_interval":{"confidence_level":0.95,"lower_bound":0.19814097572420675,"upper_bound":0.20319197163049385},"point_estimate":0.20084914371279705,"standard_error":0.0012693793271394583},"median":{"confidence_interval":{"confidence_level":0.95,"lower_bound":0.2003814558592003,"upper_bound":0.20670694394690048},"point_estimate":0.20286494961858703,"standard_error":0.0017711400736484164}}