{"mean":{"confidence_interval":{"confidence_level":0.95,"lower_bound":0.007011864066527435,"upper_bound":0.011729886406578238},"point_estimate":0.009388581460223477,"standard_error":0.001198464326494051},"median":{"confidence_interval":{"confidence_level":0.95,"lower_bound":0.006745630911076939,"upper_bound":0.013417815091640861},"point_estimate":0.008919585853025103,"standard_error":0.0018893436903975236}}