{"mean":{"confidence_interval":{"confidence_level":0.95,"lower_bound":0.13419148906601294,"upper_bound":0.15265161938200958},"point_estimate":0.14119210660536896,"standard_error":0.0047785433991621076},"median":{"confidence_interval":{"confidence_level":0.95,"lower_bound":0.12587681679942486,"upper_bound":0.14181750680815025},"point_estimate":0.13049698073989502,"standard_error":0.003918444701991278}}