{"mean":{"confidence_interval":{"confidence_level":0.95,"lower_bound":-0.00981531178608107,"upper_bound":0.0017086219879130903},"point_estimate":-0.003868669219631471,"standard_error":0.002886431262171905},"median":{"confidence_interval":{"confidence_level":0.95,"lower_bound":-0.005437674615524653,"upper_bound":-0.0017782173422397074},"point_estimate":-0.0032325224063619595,"standard_error":0.0009491596272656659}}