{"mean":{"confidence_interval":{"confidence_level":0.95,"lower_bound":0.011255440836076769,"upper_bound":0.016568716486174823},"point_estimate":0.013890380831196314,"standard_error":0.0013553915711855397},"median":{"confidence_interval":{"confidence_level":0.95,"lower_bound":0.008313990797112359,"upper_bound":0.016958129038386005},"point_estimate":0.014533785540341793,"standard_error":0.002038879776600153}}