{"mean":{"confidence_interval":{"confidence_level":0.95,"lower_bound":0.3035595531056356,"upper_bound":0.3253571838100459},"point_estimate":0.31330042452552775,"standard_error":0.005317286204031365},"median":{"confidence_interval":{"confidence_level":0.95,"lower_bound":0.28979792553564154,"upper_bound":0.3090984381081312},"point_estimate":0.2973608008294306,"standard_error":0.005290652189729785}}