{"mean":{"confidence_interval":{"confidence_level":0.95,"lower_bound":-0.039858627801873214,"upper_bound":-0.03604756785622997},"point_estimate":-0.037963060302907414,"standard_error":0.0009686071627443741},"median":{"confidence_interval":{"confidence_level":0.95,"lower_bound":-0.04067875247644703,"upper_bound":-0.03618604608356171},"point_estimate":-0.03834660452933669,"standard_error":0.001167762210152346}}