{"mean":{"confidence_interval":{"confidence_level":0.95,"lower_bound":0.0002299365355716292,"upper_bound":0.01511542256342772},"point_estimate":0.008985996421377873,"standard_error":0.003908629854834179},"median":{"confidence_interval":{"confidence_level":0.95,"lower_bound":0.009378023218681975,"upper_bound":0.016169360872197665},"point_estimate":0.012265466931766111,"standard_error":0.0017149282979620547}}