{"mean":{"confidence_interval":{"confidence_level":0.95,"lower_bound":0.014645716979072283,"upper_bound":0.024858477955555906},"point_estimate":0.020178543356695666,"standard_error":0.0026155359610015292},"median":{"confidence_interval":{"confidence_level":0.95,"lower_bound":0.02095019477671276,"upper_bound":0.02596928341983995},"point_estimate":0.02372197834338663,"standard_error":0.0012867405835904836}}