{"mean":{"confidence_interval":{"confidence_level":0.95,"lower_bound":-0.008083917514608064,"upper_bound":0.0013740683670443838},"point_estimate":-0.003474031263336008,"standard_error":0.0024174090484812634},"median":{"confidence_interval":{"confidence_level":0.95,"lower_bound":-0.005343662480973177,"upper_bound":-0.001787247654641333},"point_estimate":-0.0033618261113855796,"standard_error":0.0009431940188792741}}