{"mean":{"confidence_interval":{"confidence_level":0.95,"lower_bound":-0.21254746655094353,"upper_bound":-0.20241972207879766},"point_estimate":-0.20719758495858542,"standard_error":0.0025762873872360067},"median":{"confidence_interval":{"confidence_level":0.95,"lower_bound":-0.20700990788751095,"upper_bound":-0.19964538385650266},"point_estimate":-0.20266626540841626,"standard_error":0.0015954090038370517}}