{"mean":{"confidence_interval":{"confidence_level":0.95,"lower_bound":0.25180363147859597,"upper_bound":0.26656129268383155},"point_estimate":0.2581424050085235,"standard_error":0.003653868163198486},"median":{"confidence_interval":{"confidence_level":0.95,"lower_bound":0.24317630099013887,"upper_bound":0.2516815037363258},"point_estimate":0.24816890527349011,"standard_error":0.0022707719933617245}}