{"mean":{"confidence_interval":{"confidence_level":0.95,"lower_bound":-0.029255327714418466,"upper_bound":-0.021755659914753603},"point_estimate":-0.025242239763822782,"standard_error":0.0019079736560925465},"median":{"confidence_interval":{"confidence_level":0.95,"lower_bound":-0.02610489969105323,"upper_bound":-0.01970247912908263},"point_estimate":-0.02252696708144919,"standard_error":0.0017299997153550776}}