{"mean":{"confidence_interval":{"confidence_level":0.95,"lower_bound":0.0414886437632885,"upper_bound":0.04588104240378156},"point_estimate":0.043721236997569024,"standard_error":0.0011176517319059082},"median":{"confidence_interval":{"confidence_level":0.95,"lower_bound":0.04256456556902766,"upper_bound":0.04756744809747705},"point_estimate":0.04604861482327882,"standard_error":0.001155221228524742}}