{"mean":{"confidence_interval":{"confidence_level":0.95,"lower_bound":-0.031947199895106394,"upper_bound":-0.02777710709117551},"point_estimate":-0.029853307187338918,"standard_error":0.0010646780893661168},"median":{"confidence_interval":{"confidence_level":0.95,"lower_bound":-0.03316306533818414,"upper_bound":-0.028370529044783654},"point_estimate":-0.03151846168753858,"standard_error":0.0012650335701795857}}