{"mean":{"confidence_interval":{"confidence_level":0.95,"lower_bound":0.006794840013644682,"upper_bound":0.009611550416788472},"point_estimate":0.00816448221458832,"standard_error":0.0007234473377461258},"median":{"confidence_interval":{"confidence_level":0.95,"lower_bound":0.006234309869635357,"upper_bound":0.009025785031762545},"point_estimate":0.00741393591724715,"standard_error":0.0007257407396706834}}