{"mean":{"confidence_interval":{"confidence_level":0.95,"lower_bound":-0.16061979254626635,"upper_bound":-0.14895988036254532},"point_estimate":-0.15456720722256767,"standard_error":0.002960066949662865},"median":{"confidence_interval":{"confidence_level":0.95,"lower_bound":-0.15580701830751142,"upper_bound":-0.14688972389025534},"point_estimate":-0.15230336087323315,"standard_error":0.0022409955818912383}}