{"mean":{"confidence_interval":{"confidence_level":0.95,"lower_bound":0.02379561817472789,"upper_bound":0.03270956599794366},"point_estimate":0.02755089849639103,"standard_error":0.002325428947442329},"median":{"confidence_interval":{"confidence_level":0.95,"lower_bound":0.02266812404509433,"upper_bound":0.027169442328556892},"point_estimate":0.02467372918666011,"standard_error":0.0012217246706049969}}