{"mean":{"confidence_interval":{"confidence_level":0.95,"lower_bound":-0.05112454668005964,"upper_bound":-0.045162006188874226},"point_estimate":-0.04828806622312798,"standard_error":0.001517473401512821},"median":{"confidence_interval":{"confidence_level":0.95,"lower_bound":-0.05302015165253782,"upper_bound":-0.0488479146519758},"point_estimate":-0.05109670097014496,"standard_error":0.001033902689313769}}