{"mean":{"confidence_interval":{"confidence_level":0.95,"lower_bound":0.02612537786128666,"upper_bound":0.04501006053877824},"point_estimate":0.03407403490698835,"standard_error":0.0049989671750913294},"median":{"confidence_interval":{"confidence_level":0.95,"lower_bound":0.02828098808024504,"upper_bound":0.032460374322704544},"point_estimate":0.03108303447215488,"standard_error":0.001093569086589988}}