{"mean":{"confidence_interval":{"confidence_level":0.95,"lower_bound":-0.15638236972724362,"upper_bound":-0.14817094786948914},"point_estimate":-0.15219395916906642,"standard_error":0.0020938624988999983},"median":{"confidence_interval":{"confidence_level":0.95,"lower_bound":-0.15297429805887092,"upper_bound":-0.14684927133384873},"point_estimate":-0.14840255549489867,"standard_error":0.0015348927395066707}}