{"mean":{"confidence_interval":{"confidence_level":0.95,"lower_bound":-0.0020056660694786482,"upper_bound":0.000033663401686867545},"point_estimate":-0.0010002319886422972,"standard_error":0.0005167143248345758},"median":{"confidence_interval":{"confidence_level":0.95,"lower_bound":-0.0015910109836956288,"upper_bound":0.0002179017170595987},"point_estimate":-0.000611554138055137,"standard_error":0.0004580283387052944}}