{"mean":{"confidence_interval":{"confidence_level":0.95,"lower_bound":-0.021389963287496795,"upper_bound":-0.016221095911735595},"point_estimate":-0.018723456125050553,"standard_error":0.001313045896156211},"median":{"confidence_interval":{"confidence_level":0.95,"lower_bound":-0.020444572690541563,"upper_bound":-0.014778832062481005},"point_estimate":-0.017797265981289168,"standard_error":0.0014549399698083301}}