{"mean":{"confidence_interval":{"confidence_level":0.95,"lower_bound":-0.00959975623619854,"upper_bound":0.021933933344858714},"point_estimate":0.005888532713251182,"standard_error":0.008034294238128346},"median":{"confidence_interval":{"confidence_level":0.95,"lower_bound":0.0017108373735004179,"upper_bound":0.03982338151708248},"point_estimate":0.02338022405451845,"standard_error":0.009722666858346966}}