{"mean":{"confidence_interval":{"confidence_level":0.95,"lower_bound":-0.04356893239429398,"upper_bound":-0.03492608182010335},"point_estimate":-0.03896970866872662,"standard_error":0.0022115085444441213},"median":{"confidence_interval":{"confidence_level":0.95,"lower_bound":-0.03872083228622247,"upper_bound":-0.03160562828225577},"point_estimate":-0.034983433887952,"standard_error":0.001757553183503711}}