{"mean":{"confidence_interval":{"confidence_level":0.95,"lower_bound":0.05914761021440709,"upper_bound":0.06454831201204307},"point_estimate":0.061861558933429706,"standard_error":0.0013848461057567934},"median":{"confidence_interval":{"confidence_level":0.95,"lower_bound":0.05843949481497601,"upper_bound":0.06318655778496929},"point_estimate":0.06082353892096881,"standard_error":0.0011734381443288385}}