{"mean":{"confidence_interval":{"confidence_level":0.95,"lower_bound":-0.05842100265915844,"upper_bound":-0.053483084409823786},"point_estimate":-0.05596058544914695,"standard_error":0.0012675199668043355},"median":{"confidence_interval":{"confidence_level":0.95,"lower_bound":-0.05808692375056601,"upper_bound":-0.05308383475980283},"point_estimate":-0.0558475565958747,"standard_error":0.0013092446309914362}}