{"mean":{"confidence_interval":{"confidence_level":0.95,"lower_bound":0.06572087487394784,"upper_bound":0.07689173800819489},"point_estimate":0.07054098295007472,"standard_error":0.0029035602905339553},"median":{"confidence_interval":{"confidence_level":0.95,"lower_bound":0.06383616433331168,"upper_bound":0.0695415801978374},"point_estimate":0.06772465715165632,"standard_error":0.0014655416698448461}}