{"mean":{"confidence_interval":{"confidence_level":0.95,"lower_bound":-0.18479522984153451,"upper_bound":-0.1713964890996515},"point_estimate":-0.17785424122045002,"standard_error":0.003423570285349028},"median":{"confidence_interval":{"confidence_level":0.95,"lower_bound":-0.17407523685390425,"upper_bound":-0.16335961420359468},"point_estimate":-0.1679831657056473,"standard_error":0.0028058742946341243}}