{"mean":{"confidence_interval":{"confidence_level":0.95,"lower_bound":0.04927442285023873,"upper_bound":0.06021089427461683},"point_estimate":0.05517369150556939,"standard_error":0.002797941802795183},"median":{"confidence_interval":{"confidence_level":0.95,"lower_bound":0.051431624635408735,"upper_bound":0.06085686601342122},"point_estimate":0.05620214303352222,"standard_error":0.002569699953660698}}