{"mean":{"confidence_interval":{"confidence_level":0.95,"lower_bound":0.26773508891803066,"upper_bound":0.29741832525743345},"point_estimate":0.2826239888230895,"standard_error":0.00708230590752575},"median":{"confidence_interval":{"confidence_level":0.95,"lower_bound":0.26378015251710263,"upper_bound":0.292924934504208},"point_estimate":0.27563851227883274,"standard_error":0.008423301119713619}}