{"mean":{"confidence_interval":{"confidence_level":0.95,"lower_bound":0.006249310763845228,"upper_bound":0.024876116901240784},"point_estimate":0.01429362817749591,"standard_error":0.004742762150876963},"median":{"confidence_interval":{"confidence_level":0.95,"lower_bound":0.003993134296625067,"upper_bound":0.010546634799728727},"point_estimate":0.006935158241122785,"standard_error":0.001656146111515424}}