{"mean":{"confidence_interval":{"confidence_level":0.95,"lower_bound":-0.03322929720426294,"upper_bound":-0.028883619140664014},"point_estimate":-0.031074906546947112,"standard_error":0.0011090850641729782},"median":{"confidence_interval":{"confidence_level":0.95,"lower_bound":-0.03327430668454434,"upper_bound":-0.02774337014251871},"point_estimate":-0.031105736195688127,"standard_error":0.0014158018158980895}}