{"mean":{"confidence_interval":{"confidence_level":0.95,"lower_bound":6861297.401571428,"upper_bound":6941908.132821428},"point_estimate":6896852.325714285,"standard_error":20772.551859026287},"median":{"confidence_interval":{"confidence_level":0.95,"lower_bound":6830746.142857143,"upper_bound":6838014.857142857},"point_estimate":6832700.642857144,"standard_error":2040.665447366473},"median_abs_dev":{"confidence_interval":{"confidence_level":0.95,"lower_bound":8317.17405234084,"upper_bound":20609.516334108732},"point_estimate":12297.00188168428,"standard_error":3151.1223840872567},"slope":null,"std_dev":{"confidence_interval":{"confidence_level":0.95,"lower_bound":79365.50652357572,"upper_bound":303596.48167706706},"point_estimate":209371.20310767312,"standard_error":56245.63549154027}}