{"mean":{"confidence_interval":{"confidence_level":0.95,"lower_bound":22945612.755916663,"upper_bound":23197878.65441666},"point_estimate":23065779.813333344,"standard_error":64466.44569806198},"median":{"confidence_interval":{"confidence_level":0.95,"lower_bound":22792913.0,"upper_bound":23001891.5},"point_estimate":22881188.666666664,"standard_error":50478.20433220855},"median_abs_dev":{"confidence_interval":{"confidence_level":0.95,"lower_bound":333882.2491949052,"upper_bound":574654.2671978474},"point_estimate":435085.02377569216,"standard_error":59805.542038285595},"slope":null,"std_dev":{"confidence_interval":{"confidence_level":0.95,"lower_bound":492803.186769411,"upper_bound":810844.1964620585},"point_estimate":648933.113395547,"standard_error":82585.23913102239}}