{"mean":{"confidence_interval":{"confidence_level":0.95,"lower_bound":17024103.49583334,"upper_bound":17027546.074166667},"point_estimate":17025596.679999996,"standard_error":885.8737203227334},"median":{"confidence_interval":{"confidence_level":0.95,"lower_bound":17022928.833333336,"upper_bound":17023997.666666668},"point_estimate":17023395.5,"standard_error":277.36536972095195},"median_abs_dev":{"confidence_interval":{"confidence_level":0.95,"lower_bound":1728.7115693092346,"upper_bound":2964.952847359724},"point_estimate":2202.6493608969977,"standard_error":309.19285173223466},"slope":null,"std_dev":{"confidence_interval":{"confidence_level":0.95,"lower_bound":3737.225332333845,"upper_bound":13553.17604066518},"point_estimate":8862.352377127898,"standard_error":2667.2491561828624}}