{"mean":{"confidence_interval":{"confidence_level":0.95,"lower_bound":6859096.126107146,"upper_bound":6917728.083249999},"point_estimate":6886278.471428576,"standard_error":15021.31643034274},"median":{"confidence_interval":{"confidence_level":0.95,"lower_bound":6825554.0,"upper_bound":6828900.285714285},"point_estimate":6826868.714285715,"standard_error":987.4540229888788},"median_abs_dev":{"confidence_interval":{"confidence_level":0.95,"lower_bound":4292.2328237982265,"upper_bound":9958.306323204328},"point_estimate":6611.336882625603,"standard_error":1588.6288618792044},"slope":null,"std_dev":{"confidence_interval":{"confidence_level":0.95,"lower_bound":97432.64626288068,"upper_bound":195627.29831749832},"point_estimate":150638.64946660554,"standard_error":25069.786215069384}}