{"mean":{"confidence_interval":{"confidence_level":0.95,"lower_bound":20050861.513916664,"upper_bound":20156060.906250007},"point_estimate":20104629.323333338,"standard_error":26746.347679687984},"median":{"confidence_interval":{"confidence_level":0.95,"lower_bound":20093782.166666664,"upper_bound":20219184.666666664},"point_estimate":20178080.5,"standard_error":30797.860072771648},"median_abs_dev":{"confidence_interval":{"confidence_level":0.95,"lower_bound":164406.9071961985,"upper_bound":305635.01937389374},"point_estimate":241597.8200107813,"standard_error":34733.02416939348},"slope":null,"std_dev":{"confidence_interval":{"confidence_level":0.95,"lower_bound":227679.85607870383,"upper_bound":302477.2056841009},"point_estimate":267947.9093606435,"standard_error":19087.804096970594}}