{"mean":{"confidence_interval":{"confidence_level":0.95,"lower_bound":6859161.565535715,"upper_bound":6944665.027035713},"point_estimate":6898379.834285716,"standard_error":21878.522138498014},"median":{"confidence_interval":{"confidence_level":0.95,"lower_bound":6823984.142857143,"upper_bound":6827598.714285715},"point_estimate":6825790.857142857,"standard_error":1033.585027282361},"median_abs_dev":{"confidence_interval":{"confidence_level":0.95,"lower_bound":4298.480923686314,"upper_bound":9041.741839477585},"point_estimate":6547.479183759403,"standard_error":1297.0470989517646},"slope":null,"std_dev":{"confidence_interval":{"confidence_level":0.95,"lower_bound":131463.23407374287,"upper_bound":287828.0846401235},"point_estimate":219805.5415649158,"standard_error":39843.42628288638}}