{"mean":{"confidence_interval":{"confidence_level":0.95,"lower_bound":21795565.255416676,"upper_bound":21958383.050333336},"point_estimate":21871196.853333324,"standard_error":41732.77884475624},"median":{"confidence_interval":{"confidence_level":0.95,"lower_bound":21721322.0,"upper_bound":21841926.0},"point_estimate":21787941.666666664,"standard_error":38312.3656963148},"median_abs_dev":{"confidence_interval":{"confidence_level":0.95,"lower_bound":176756.31016195373,"upper_bound":307105.26434779353},"point_estimate":231663.65888715067,"standard_error":34076.61355496481},"slope":null,"std_dev":{"confidence_interval":{"confidence_level":0.95,"lower_bound":259086.1867560615,"upper_bound":571423.9645446899},"point_estimate":417929.9830419681,"standard_error":81823.95540800433}}