{"mean":{"confidence_interval":{"confidence_level":0.95,"lower_bound":16576938.354499996,"upper_bound":16582267.071500005},"point_estimate":16579153.236666664,"standard_error":1385.231540233801},"median":{"confidence_interval":{"confidence_level":0.95,"lower_bound":16574922.0,"upper_bound":16576522.333333334},"point_estimate":16575605.833333332,"standard_error":384.98054537386594},"median_abs_dev":{"confidence_interval":{"confidence_level":0.95,"lower_bound":2544.882854819298,"upper_bound":5089.765709638596},"point_estimate":3805.0928324447177,"standard_error":663.2270742700306},"slope":null,"std_dev":{"confidence_interval":{"confidence_level":0.95,"lower_bound":5521.831099959114,"upper_bound":22042.081675518068},"point_estimate":13958.775244247008,"standard_error":5124.501662573471}}