{"mean":{"confidence_interval":{"confidence_level":0.95,"lower_bound":21865780.909333326,"upper_bound":21934978.24849999},"point_estimate":21901757.54333333,"standard_error":17744.77241853998},"median":{"confidence_interval":{"confidence_level":0.95,"lower_bound":21924202.666666668,"upper_bound":21989454.5},"point_estimate":21957237.0,"standard_error":14859.04091556222},"median_abs_dev":{"confidence_interval":{"confidence_level":0.95,"lower_bound":83603.50981824024,"upper_bound":160287.8367543239},"point_estimate":116866.43712520415,"standard_error":18686.15814290956},"slope":null,"std_dev":{"confidence_interval":{"confidence_level":0.95,"lower_bound":136978.16597322348,"upper_bound":214329.91690154228},"point_estimate":178657.23069565324,"standard_error":19742.545014758067}}