{"mean":{"confidence_interval":{"confidence_level":0.95,"lower_bound":22557365.43166667,"upper_bound":22566726.756333336},"point_estimate":22561911.42,"standard_error":2386.869845844791},"median":{"confidence_interval":{"confidence_level":0.95,"lower_bound":22559584.0,"upper_bound":22566917.333333332},"point_estimate":22563466.833333332,"standard_error":1820.0189643184808},"median_abs_dev":{"confidence_interval":{"confidence_level":0.95,"lower_bound":9638.382428884506,"upper_bound":17939.21258151347},"point_estimate":13467.443960906916,"standard_error":2070.135881081293},"slope":null,"std_dev":{"confidence_interval":{"confidence_level":0.95,"lower_bound":16514.71224169015,"upper_bound":31091.10674148401},"point_estimate":23906.727537128423,"standard_error":3769.127913567263}}