{"mean":{"confidence_interval":{"confidence_level":0.95,"lower_bound":6872737.8073125,"upper_bound":6963136.6030625},"point_estimate":6914323.17125,"standard_error":23174.037756392747},"median":{"confidence_interval":{"confidence_level":0.95,"lower_bound":6820733.6875,"upper_bound":6822631.875},"point_estimate":6821543.3125,"standard_error":464.9411546980269},"median_abs_dev":{"confidence_interval":{"confidence_level":0.95,"lower_bound":2788.399900496006,"upper_bound":6446.530010551214},"point_estimate":3995.0509540736675,"standard_error":935.6316590766015},"slope":null,"std_dev":{"confidence_interval":{"confidence_level":0.95,"lower_bound":141705.52940758484,"upper_bound":307182.15453064564},"point_estimate":234065.5917336477,"standard_error":42160.78876032045}}