{"mean":{"confidence_interval":{"confidence_level":0.95,"lower_bound":18958598.44166667,"upper_bound":19434647.391},"point_estimate":19197914.566666666,"standard_error":121994.98015232364},"median":{"confidence_interval":{"confidence_level":0.95,"lower_bound":18915041.666666664,"upper_bound":20033074.333333332},"point_estimate":19581947.666666664,"standard_error":271609.9707318416},"median_abs_dev":{"confidence_interval":{"confidence_level":0.95,"lower_bound":666887.552860382,"upper_bound":1927686.0300142262},"point_estimate":1309805.6648463048,"standard_error":291345.1555006435},"slope":null,"std_dev":{"confidence_interval":{"confidence_level":0.95,"lower_bound":1098464.2206542243,"upper_bound":1326589.6283459417},"point_estimate":1225677.9516227168,"standard_error":58173.4392213014}}