{"mean":{"confidence_interval":{"confidence_level":0.95,"lower_bound":6862420.142875,"upper_bound":6933632.26846875},"point_estimate":6894933.2175,"standard_error":18283.445474810833},"median":{"confidence_interval":{"confidence_level":0.95,"lower_bound":6824913.1875,"upper_bound":6827753.125},"point_estimate":6826831.875,"standard_error":784.2683410442205},"median_abs_dev":{"confidence_interval":{"confidence_level":0.95,"lower_bound":4590.685493499041,"upper_bound":9919.798436388373},"point_estimate":6940.235801786184,"standard_error":1345.1718871607407},"slope":null,"std_dev":{"confidence_interval":{"confidence_level":0.95,"lower_bound":109200.09372278933,"upper_bound":248858.33810999023},"point_estimate":183004.00765947497,"standard_error":35908.68953405424}}