{"mean":{"confidence_interval":{"confidence_level":0.95,"lower_bound":6870449.159178576,"upper_bound":6940331.149285719},"point_estimate":6903288.045714286,"standard_error":17854.427676822263},"median":{"confidence_interval":{"confidence_level":0.95,"lower_bound":6826376.428571428,"upper_bound":6830142.0},"point_estimate":6827657.642857144,"standard_error":922.8973911618809},"median_abs_dev":{"confidence_interval":{"confidence_level":0.95,"lower_bound":4873.094313485479,"upper_bound":10397.685415403987},"point_estimate":6444.862085582206,"standard_error":1451.1255781674465},"slope":null,"std_dev":{"confidence_interval":{"confidence_level":0.95,"lower_bound":126035.78170433221,"upper_bound":222131.69304764463},"point_estimate":179780.95456118617,"standard_error":24529.821731463395}}