{"mean":{"confidence_interval":{"confidence_level":0.95,"lower_bound":6836268.824035714,"upper_bound":6908923.658571428},"point_estimate":6866640.1157142855,"standard_error":18901.817004424578},"median":{"confidence_interval":{"confidence_level":0.95,"lower_bound":6823607.928571429,"upper_bound":6825133.571428571},"point_estimate":6824009.428571429,"standard_error":437.7438580077452},"median_abs_dev":{"confidence_interval":{"confidence_level":0.95,"lower_bound":2964.6360298669924,"upper_bound":5324.016505478432},"point_estimate":3740.1761335989945,"standard_error":614.6911795871857},"slope":null,"std_dev":{"confidence_interval":{"confidence_level":0.95,"lower_bound":49208.36877187887,"upper_bound":301981.8440946327},"point_estimate":190194.29698418078,"standard_error":68904.04325344285}}