{"mean":{"confidence_interval":{"confidence_level":0.95,"lower_bound":21026313.850083333,"upper_bound":21335503.110333335},"point_estimate":21176125.823333338,"standard_error":79182.42266724202},"median":{"confidence_interval":{"confidence_level":0.95,"lower_bound":20951313.0,"upper_bound":21297800.166666668},"point_estimate":21104648.0,"standard_error":95354.01968830155},"median_abs_dev":{"confidence_interval":{"confidence_level":0.95,"lower_bound":614865.0965839606,"upper_bound":902319.7337806262},"point_estimate":782944.2432999602,"standard_error":75126.0187691022},"slope":null,"std_dev":{"confidence_interval":{"confidence_level":0.95,"lower_bound":635127.9789451958,"upper_bound":945935.0523065329},"point_estimate":795341.9777887957,"standard_error":80094.26191519781}}