{"mean":{"confidence_interval":{"confidence_level":0.95,"lower_bound":20456347.066499997,"upper_bound":20489759.92691667},"point_estimate":20468777.583333343,"standard_error":9220.254617805957},"median":{"confidence_interval":{"confidence_level":0.95,"lower_bound":20452325.166666664,"upper_bound":20457458.666666668},"point_estimate":20454831.5,"standard_error":1404.47118635432},"median_abs_dev":{"confidence_interval":{"confidence_level":0.95,"lower_bound":8154.5469552269315,"upper_bound":13106.183767318726},"point_estimate":10295.421317221575,"standard_error":1265.4281962104062},"slope":null,"std_dev":{"confidence_interval":{"confidence_level":0.95,"lower_bound":14696.081972594817,"upper_bound":155953.820319627},"point_estimate":92758.64753610909,"standard_error":46493.166671801526}}