{"mean":{"confidence_interval":{"confidence_level":0.95,"lower_bound":17038395.47633334,"upper_bound":17061378.128333334},"point_estimate":17048327.236666664,"standard_error":5933.631608460826},"median":{"confidence_interval":{"confidence_level":0.95,"lower_bound":17033575.0,"upper_bound":17036475.333333332},"point_estimate":17034441.666666668,"standard_error":928.0982713036815},"median_abs_dev":{"confidence_interval":{"confidence_level":0.95,"lower_bound":5287.198606132541,"upper_bound":9192.614036802159},"point_estimate":7314.159870145864,"standard_error":977.6891899133122},"slope":null,"std_dev":{"confidence_interval":{"confidence_level":0.95,"lower_bound":21851.074613364515,"upper_bound":90410.16902881571},"point_estimate":59415.40123733679,"standard_error":18097.669829774622}}