{"mean":{"confidence_interval":{"confidence_level":0.95,"lower_bound":17028939.96625,"upper_bound":17032372.81975},"point_estimate":17030554.470000003,"standard_error":875.9927232480429},"median":{"confidence_interval":{"confidence_level":0.95,"lower_bound":17026714.0,"upper_bound":17029115.0},"point_estimate":17027732.666666668,"standard_error":612.208396726471},"median_abs_dev":{"confidence_interval":{"confidence_level":0.95,"lower_bound":2747.986696213393,"upper_bound":4990.678611399584},"point_estimate":3409.7328394660617,"standard_error":584.9018543793474},"slope":null,"std_dev":{"confidence_interval":{"confidence_level":0.95,"lower_bound":6150.461668233281,"upper_bound":11045.724515073704},"point_estimate":8819.62017082173,"standard_error":1250.9402190202447}}