{"mean":{"confidence_interval":{"confidence_level":0.95,"lower_bound":6884933.539857139,"upper_bound":6957648.47446429},"point_estimate":6918677.672857144,"standard_error":18617.44187948262},"median":{"confidence_interval":{"confidence_level":0.95,"lower_bound":6832947.142857143,"upper_bound":6842635.571428572},"point_estimate":6839388.785714285,"standard_error":2661.255663199311},"median_abs_dev":{"confidence_interval":{"confidence_level":0.95,"lower_bound":10182.284819227125,"upper_bound":24609.571063092186},"point_estimate":17593.590287651037,"standard_error":4006.9973527469815},"slope":null,"std_dev":{"confidence_interval":{"confidence_level":0.95,"lower_bound":121563.23174350389,"upper_bound":242740.15244801628},"point_estimate":186626.01440597084,"standard_error":30988.616886598586}}