{"mean":{"confidence_interval":{"confidence_level":0.95,"lower_bound":6863213.080843749,"upper_bound":6947050.39834375},"point_estimate":6899365.505,"standard_error":21633.287575142367},"median":{"confidence_interval":{"confidence_level":0.95,"lower_bound":6823640.1875,"upper_bound":6829202.625},"point_estimate":6825391.0,"standard_error":1219.7250171638495},"median_abs_dev":{"confidence_interval":{"confidence_level":0.95,"lower_bound":4220.498812571168,"upper_bound":12289.085856825113},"point_estimate":6465.989135205746,"standard_error":1835.2438485459477},"slope":null,"std_dev":{"confidence_interval":{"confidence_level":0.95,"lower_bound":92391.51123521948,"upper_bound":333423.0915330681},"point_estimate":217781.21205103074,"standard_error":67866.49856880518}}