{"mean":{"confidence_interval":{"confidence_level":0.95,"lower_bound":6883556.127464284,"upper_bound":6935077.904964286},"point_estimate":6908074.348571427,"standard_error":13198.647141153011},"median":{"confidence_interval":{"confidence_level":0.95,"lower_bound":6842457.142857144,"upper_bound":6850968.785714285},"point_estimate":6847621.857142857,"standard_error":2077.0347368575353},"median_abs_dev":{"confidence_interval":{"confidence_level":0.95,"lower_bound":14298.194146157692,"upper_bound":29640.668173773145},"point_estimate":21499.288118311237,"standard_error":3956.2218110048952},"slope":null,"std_dev":{"confidence_interval":{"confidence_level":0.95,"lower_bound":101655.80073563015,"upper_bound":157690.9056871616},"point_estimate":132370.58336857767,"standard_error":14299.831774239825}}