{"mean":{"confidence_interval":{"confidence_level":0.95,"lower_bound":6949518.958178572,"upper_bound":7048609.024928573},"point_estimate":6996049.648571429,"standard_error":25249.180536319127},"median":{"confidence_interval":{"confidence_level":0.95,"lower_bound":6886052.571428572,"upper_bound":6929799.571428571},"point_estimate":6906307.642857144,"standard_error":13413.77250342799},"median_abs_dev":{"confidence_interval":{"confidence_level":0.95,"lower_bound":71370.66833291754,"upper_bound":130875.3742514981},"point_estimate":99980.71772498872,"standard_error":16881.88885108062},"slope":null,"std_dev":{"confidence_interval":{"confidence_level":0.95,"lower_bound":178602.9533047852,"upper_bound":317017.14064521436},"point_estimate":253558.75263641958,"standard_error":35246.54473241483}}