{"mean":{"confidence_interval":{"confidence_level":0.95,"lower_bound":21925468.613583338,"upper_bound":21957005.12891666},"point_estimate":21941829.879999995,"standard_error":8074.166242094889},"median":{"confidence_interval":{"confidence_level":0.95,"lower_bound":21947021.666666664,"upper_bound":21975994.5},"point_estimate":21964488.833333332,"standard_error":7271.140706951374},"median_abs_dev":{"confidence_interval":{"confidence_level":0.95,"lower_bound":47188.19196223936,"upper_bound":87434.6037477264},"point_estimate":70795.13714313692,"standard_error":10148.664902562074},"slope":null,"std_dev":{"confidence_interval":{"confidence_level":0.95,"lower_bound":64036.669966005335,"upper_bound":97118.02674508603},"point_estimate":81002.59387152882,"standard_error":8491.96550501448}}