{"mean":{"confidence_interval":{"confidence_level":0.95,"lower_bound":6858797.290357145,"upper_bound":6910374.7200000025},"point_estimate":6882135.617142859,"standard_error":13255.689154073767},"median":{"confidence_interval":{"confidence_level":0.95,"lower_bound":6825136.730357142,"upper_bound":6834263.714285715},"point_estimate":6827393.928571429,"standard_error":2772.398997217477},"median_abs_dev":{"confidence_interval":{"confidence_level":0.95,"lower_bound":4506.998019984198,"upper_bound":17511.623689106633},"point_estimate":8463.316049746203,"standard_error":3785.0350653897294},"slope":null,"std_dev":{"confidence_interval":{"confidence_level":0.95,"lower_bound":70257.56136675179,"upper_bound":186195.2588561033},"point_estimate":133060.28950454123,"standard_error":29806.28032380069}}