{"mean":{"confidence_interval":{"confidence_level":0.95,"lower_bound":20055491.414166667,"upper_bound":20154432.323749997},"point_estimate":20103944.700000003,"standard_error":25301.831393736753},"median":{"confidence_interval":{"confidence_level":0.95,"lower_bound":19921628.0,"upper_bound":19955430.333333332},"point_estimate":19927745.0,"standard_error":14125.547200474775},"median_abs_dev":{"confidence_interval":{"confidence_level":0.95,"lower_bound":16754.862302541733,"upper_bound":72701.26650929266},"point_estimate":34546.556186674185,"standard_error":15507.826253591038},"slope":null,"std_dev":{"confidence_interval":{"confidence_level":0.95,"lower_bound":231962.47327861722,"upper_bound":266112.4346424426},"point_estimate":254020.14283513644,"standard_error":8889.637143592072}}