{"mean":{"confidence_interval":{"confidence_level":0.95,"lower_bound":6868814.243357147,"upper_bound":6967710.13325},"point_estimate":6907050.427142858,"standard_error":26608.60653404995},"median":{"confidence_interval":{"confidence_level":0.95,"lower_bound":6837712.571428572,"upper_bound":6853265.0},"point_estimate":6845459.357142857,"standard_error":4621.4931963934005},"median_abs_dev":{"confidence_interval":{"confidence_level":0.95,"lower_bound":18011.048080239583,"upper_bound":40254.400175341376},"point_estimate":27618.507709672882,"standard_error":5967.8019348265525},"slope":null,"std_dev":{"confidence_interval":{"confidence_level":0.95,"lower_bound":66927.60668756724,"upper_bound":444165.64627906145},"point_estimate":267940.6028116625,"standard_error":124511.37539642022}}