{"mean":{"confidence_interval":{"confidence_level":0.95,"lower_bound":6845818.7908125,"upper_bound":6883561.366343751},"point_estimate":6863149.40625,"standard_error":9699.12661816525},"median":{"confidence_interval":{"confidence_level":0.95,"lower_bound":6826739.625,"upper_bound":6828730.25},"point_estimate":6827449.5,"standard_error":483.06743481237083},"median_abs_dev":{"confidence_interval":{"confidence_level":0.95,"lower_bound":3690.1913344860077,"upper_bound":9011.242640018463},"point_estimate":5906.585632637143,"standard_error":1514.0248113022562},"slope":null,"std_dev":{"confidence_interval":{"confidence_level":0.95,"lower_bound":58843.59441397856,"upper_bound":129408.77252319624},"point_estimate":97550.62831032444,"standard_error":18023.02144556624}}