{"mean":{"confidence_interval":{"confidence_level":0.95,"lower_bound":20435048.798499998,"upper_bound":21134399.86408333},"point_estimate":20769342.163333327,"standard_error":178074.15391020535},"median":{"confidence_interval":{"confidence_level":0.95,"lower_bound":20199131.666666668,"upper_bound":20679405.666666668},"point_estimate":20386050.833333336,"standard_error":99414.52236793275},"median_abs_dev":{"confidence_interval":{"confidence_level":0.95,"lower_bound":709080.2292288048,"upper_bound":1464039.551708104},"point_estimate":1136849.7526168814,"standard_error":180365.83834242026},"slope":null,"std_dev":{"confidence_interval":{"confidence_level":0.95,"lower_bound":1280082.806837586,"upper_bound":2249391.1237725564},"point_estimate":1793511.96409412,"standard_error":247717.3687667029}}