{"mean":{"confidence_interval":{"confidence_level":0.95,"lower_bound":0.0067513639237905265,"upper_bound":0.008229477351892712},"point_estimate":0.007512023768714071,"standard_error":0.0003758334883373595},"median":{"confidence_interval":{"confidence_level":0.95,"lower_bound":0.006411690244302104,"upper_bound":0.007917110590194953},"point_estimate":0.007240500442299069,"standard_error":0.00037526450972714655}}