{"mean":{"confidence_interval":{"confidence_level":0.95,"lower_bound":-0.014666431908683114,"upper_bound":-0.007473617647665298},"point_estimate":-0.011106649241399036,"standard_error":0.0018367242940186253},"median":{"confidence_interval":{"confidence_level":0.95,"lower_bound":-0.013504549385220055,"upper_bound":-0.006995032082501518},"point_estimate":-0.010103111097743978,"standard_error":0.001682314414504869}}