{"mean":{"confidence_interval":{"confidence_level":0.95,"lower_bound":0.06522186567887811,"upper_bound":0.09083059901202792},"point_estimate":0.07847419986066906,"standard_error":0.006443110777632612},"median":{"confidence_interval":{"confidence_level":0.95,"lower_bound":0.05482633837472051,"upper_bound":0.07794954849854219},"point_estimate":0.06705442711519138,"standard_error":0.006178880380571555}}