{"mean":{"confidence_interval":{"confidence_level":0.95,"lower_bound":0.09644745675561812,"upper_bound":0.13038912684772963},"point_estimate":0.11465675836201505,"standard_error":0.00882843880701579},"median":{"confidence_interval":{"confidence_level":0.95,"lower_bound":0.08549491203940929,"upper_bound":0.11368536962441578},"point_estimate":0.1021811864200366,"standard_error":0.007644290746734816}}