{"mean":{"confidence_interval":{"confidence_level":0.95,"lower_bound":-0.01823055312137014,"upper_bound":-0.006944976574676593},"point_estimate":-0.013141853597803954,"standard_error":0.002849539195247944},"median":{"confidence_interval":{"confidence_level":0.95,"lower_bound":-0.017501305293729952,"upper_bound":-0.013224416897436697},"point_estimate":-0.015293164831561845,"standard_error":0.0011532324455601885}}