{"mean":{"confidence_interval":{"confidence_level":0.95,"lower_bound":-0.0035329322479483727,"upper_bound":0.003855950540355395},"point_estimate":0.00021767502412206596,"standard_error":0.0018879718000714156},"median":{"confidence_interval":{"confidence_level":0.95,"lower_bound":-0.004139396666728579,"upper_bound":0.003850294923560149},"point_estimate":-0.00009959765242428809,"standard_error":0.002026366734073758}}