{"mean":{"confidence_interval":{"confidence_level":0.95,"lower_bound":-0.017133852710384097,"upper_bound":-0.010516335310518186},"point_estimate":-0.014136030520871978,"standard_error":0.0017006761059187028},"median":{"confidence_interval":{"confidence_level":0.95,"lower_bound":-0.01879953194423334,"upper_bound":-0.013562088197597633},"point_estimate":-0.016521939227876814,"standard_error":0.0013357382972941025}}