{"mean":{"confidence_interval":{"confidence_level":0.95,"lower_bound":-0.02292117762681043,"upper_bound":-0.01114693026694542},"point_estimate":-0.018058009712411005,"standard_error":0.003015776296256891},"median":{"confidence_interval":{"confidence_level":0.95,"lower_bound":-0.025246749729802676,"upper_bound":-0.01750318626601144},"point_estimate":-0.021277990569288807,"standard_error":0.0019108087289465081}}