{"mean":{"confidence_interval":{"confidence_level":0.95,"lower_bound":-0.24843880138567134,"upper_bound":-0.22599847816419213},"point_estimate":-0.2361735029009142,"standard_error":0.00574564851398952},"median":{"confidence_interval":{"confidence_level":0.95,"lower_bound":-0.22873874238858705,"upper_bound":-0.21588502266280296},"point_estimate":-0.2233328305277965,"standard_error":0.003316030532891375}}