{"mean":{"confidence_interval":{"confidence_level":0.95,"lower_bound":-0.06313546487203571,"upper_bound":-0.0360341218316171},"point_estimate":-0.04822444270744308,"standard_error":0.006978162058892065},"median":{"confidence_interval":{"confidence_level":0.95,"lower_bound":-0.038134277473155676,"upper_bound":-0.022155800973904127},"point_estimate":-0.02712631597706394,"standard_error":0.0037197110687583273}}