{"mean":{"confidence_interval":{"confidence_level":0.95,"lower_bound":0.007079259113554759,"upper_bound":0.014733976824641726},"point_estimate":0.01114515152649509,"standard_error":0.0019626346407329953},"median":{"confidence_interval":{"confidence_level":0.95,"lower_bound":0.01029362074657817,"upper_bound":0.016846496371192954},"point_estimate":0.013531795145500736,"standard_error":0.0017147599702790088}}