{"mean":{"confidence_interval":{"confidence_level":0.95,"lower_bound":0.14093025262973002,"upper_bound":0.27594702810679106},"point_estimate":0.1829054024115615,"standard_error":0.034759534202331396},"median":{"confidence_interval":{"confidence_level":0.95,"lower_bound":0.12377415762185984,"upper_bound":0.16082541574445874},"point_estimate":0.1429296336335395,"standard_error":0.011241517923676562}}