{"mean":{"confidence_interval":{"confidence_level":0.95,"lower_bound":0.0012168526297066387,"upper_bound":0.017445476946230228},"point_estimate":0.008210742666306281,"standard_error":0.004139235206785748},"median":{"confidence_interval":{"confidence_level":0.95,"lower_bound":0.0011495449770040356,"upper_bound":0.007729317468522456},"point_estimate":0.004317467898795613,"standard_error":0.0016655613689761115}}