{"mean":{"confidence_interval":{"confidence_level":0.95,"lower_bound":-0.004531425522286499,"upper_bound":0.001811524070880785},"point_estimate":-0.0014468181366277255,"standard_error":0.0016101383499841344},"median":{"confidence_interval":{"confidence_level":0.95,"lower_bound":-0.006593906919192927,"upper_bound":0.0014962722294211694},"point_estimate":-0.0036688435121274843,"standard_error":0.0020778433188891865}}