{"mean":{"confidence_interval":{"confidence_level":0.95,"lower_bound":-0.006423416488417671,"upper_bound":-0.00033070245570321344},"point_estimate":-0.0033047876922969177,"standard_error":0.001554890610714076},"median":{"confidence_interval":{"confidence_level":0.95,"lower_bound":-0.007448022387648856,"upper_bound":0.00005338932186016443},"point_estimate":-0.00420145169205699,"standard_error":0.0018408100871287636}}