{"mean":{"confidence_interval":{"confidence_level":0.95,"lower_bound":-0.005424031239701477,"upper_bound":0.001587725847327081},"point_estimate":-0.0019206782884609863,"standard_error":0.0017975158813393214},"median":{"confidence_interval":{"confidence_level":0.95,"lower_bound":-0.005212646293330958,"upper_bound":0.00006429073790692463},"point_estimate":-0.0027821822732859713,"standard_error":0.001281098635199369}}