{"mean":{"confidence_interval":{"confidence_level":0.95,"lower_bound":-0.0810884877775524,"upper_bound":-0.05211368406500161},"point_estimate":-0.06649171662236086,"standard_error":0.00739849464928946},"median":{"confidence_interval":{"confidence_level":0.95,"lower_bound":-0.0739970471987132,"upper_bound":-0.04159864726302864},"point_estimate":-0.05814504280456878,"standard_error":0.008234167210696404}}