{"mean":{"confidence_interval":{"confidence_level":0.95,"lower_bound":-0.016739637639023655,"upper_bound":-0.014185464707037467},"point_estimate":-0.015430367267846523,"standard_error":0.0006461890263034891},"median":{"confidence_interval":{"confidence_level":0.95,"lower_bound":-0.01603713058757128,"upper_bound":-0.014024057539334889},"point_estimate":-0.014864740099839513,"standard_error":0.0005084906280761246}}