{"mean":{"confidence_interval":{"confidence_level":0.95,"lower_bound":-0.019676896689008364,"upper_bound":-0.017124180675089317},"point_estimate":-0.01841478391756113,"standard_error":0.0006450740678318142},"median":{"confidence_interval":{"confidence_level":0.95,"lower_bound":-0.019105264700471913,"upper_bound":-0.0174338147281485},"point_estimate":-0.018055210939978417,"standard_error":0.0004332545475973413}}