{"mean":{"confidence_interval":{"confidence_level":0.95,"lower_bound":-0.0022681397903816917,"upper_bound":0.017866098218185352},"point_estimate":0.007411855998234129,"standard_error":0.00507098175114391},"median":{"confidence_interval":{"confidence_level":0.95,"lower_bound":0.0020948169456782573,"upper_bound":0.009183151577189186},"point_estimate":0.0046497147704471775,"standard_error":0.0018648832648929562}}