{"mean":{"confidence_interval":{"confidence_level":0.95,"lower_bound":-0.006808549669360101,"upper_bound":0.0036404548763863637},"point_estimate":-0.0020123396609540434,"standard_error":0.0026360049635985754},"median":{"confidence_interval":{"confidence_level":0.95,"lower_bound":-0.007615109191014602,"upper_bound":-0.0003480361911996077},"point_estimate":-0.004212378439354736,"standard_error":0.001842597990725408}}