{"mean":{"confidence_interval":{"confidence_level":0.95,"lower_bound":-0.008660971908879569,"upper_bound":0.0015525268871999277},"point_estimate":-0.0021046828283498575,"standard_error":0.0030613820777588003},"median":{"confidence_interval":{"confidence_level":0.95,"lower_bound":-0.00007809408218450997,"upper_bound":0.0014992095719694731},"point_estimate":0.0008540528644238599,"standard_error":0.0004047178196899241}}