{"mean":{"confidence_interval":{"confidence_level":0.95,"lower_bound":-0.007903311056099293,"upper_bound":0.003623050358326239},"point_estimate":-0.0013430474887796695,"standard_error":0.0029774469218677066},"median":{"confidence_interval":{"confidence_level":0.95,"lower_bound":0.0020515946871559887,"upper_bound":0.006946988143586852},"point_estimate":0.004794870543136653,"standard_error":0.0012319852997571146}}