{"mean":{"confidence_interval":{"confidence_level":0.95,"lower_bound":-0.06605288100235707,"upper_bound":-0.022732478554454587},"point_estimate":-0.047853466316223,"standard_error":0.011003285234977546},"median":{"confidence_interval":{"confidence_level":0.95,"lower_bound":-0.06890814705293358,"upper_bound":-0.046396480970806286},"point_estimate":-0.05515560793548391,"standard_error":0.0054702760672965195}}