{"mean":{"confidence_interval":{"confidence_level":0.95,"lower_bound":-0.013402420329498836,"upper_bound":-0.005645606879010084},"point_estimate":-0.010020758744848757,"standard_error":0.0019651995046797233},"median":{"confidence_interval":{"confidence_level":0.95,"lower_bound":-0.016049376525105297,"upper_bound":-0.009592326506486004},"point_estimate":-0.013078846437142744,"standard_error":0.0016473342654372142}}