{"mean":{"confidence_interval":{"confidence_level":0.95,"lower_bound":0.2055237913316144,"upper_bound":0.24508091033326318},"point_estimate":0.22265766588619873,"standard_error":0.0104292978819596},"median":{"confidence_interval":{"confidence_level":0.95,"lower_bound":0.19441992571456845,"upper_bound":0.2029709794887149},"point_estimate":0.19968165321082276,"standard_error":0.0021309663592914327}}