{"mean":{"confidence_interval":{"confidence_level":0.95,"lower_bound":-0.15957631800198804,"upper_bound":-0.15149520294270685},"point_estimate":-0.15452221227369045,"standard_error":0.0022292155166098743},"median":{"confidence_interval":{"confidence_level":0.95,"lower_bound":-0.15341972797464373,"upper_bound":-0.1513078682683876},"point_estimate":-0.15206973710512683,"standard_error":0.0005373163565521268}}