{"mean":{"confidence_interval":{"confidence_level":0.95,"lower_bound":-0.018690073393097136,"upper_bound":-0.001475209745316089},"point_estimate":-0.009273824760928195,"standard_error":0.004453637913777683},"median":{"confidence_interval":{"confidence_level":0.95,"lower_bound":-0.004574554047003465,"upper_bound":0.004858074490940334},"point_estimate":0.0007935843724637959,"standard_error":0.0025457852052365804}}