{"mean":{"confidence_interval":{"confidence_level":0.95,"lower_bound":-0.04884802070934602,"upper_bound":0.018967814908102856},"point_estimate":-0.018701563571461688,"standard_error":0.017024810997103},"median":{"confidence_interval":{"confidence_level":0.95,"lower_bound":-0.061145149820541436,"upper_bound":-0.02799189707247729},"point_estimate":-0.0460304860203381,"standard_error":0.008707732279823919}}