{"mean":{"confidence_interval":{"confidence_level":0.95,"lower_bound":-0.03289264022503735,"upper_bound":-0.026370510393564053},"point_estimate":-0.029699451188853532,"standard_error":0.0016632988209043427},"median":{"confidence_interval":{"confidence_level":0.95,"lower_bound":-0.034787755972349954,"upper_bound":-0.025726067867867353},"point_estimate":-0.02988902216110778,"standard_error":0.002274934222898476}}