{"mean":{"confidence_interval":{"confidence_level":0.95,"lower_bound":0.02477330316980937,"upper_bound":0.03413710510280566},"point_estimate":0.029735705192533102,"standard_error":0.002381216540839016},"median":{"confidence_interval":{"confidence_level":0.95,"lower_bound":0.025871655020916817,"upper_bound":0.03376077168038272},"point_estimate":0.02891999292405889,"standard_error":0.002086534810780801}}