{"mean":{"confidence_interval":{"confidence_level":0.95,"lower_bound":-0.003695167987438116,"upper_bound":-0.0018840413348514273},"point_estimate":-0.0027836225603088405,"standard_error":0.0004615939962699573},"median":{"confidence_interval":{"confidence_level":0.95,"lower_bound":-0.0032296128169360117,"upper_bound":-0.0011260475317348417},"point_estimate":-0.0021786142235284967,"standard_error":0.0005440891776897775}}