{"mean":{"confidence_interval":{"confidence_level":0.95,"lower_bound":-0.009170813926056232,"upper_bound":-0.0016931110206753863},"point_estimate":-0.005278891243487127,"standard_error":0.0019104848426311168},"median":{"confidence_interval":{"confidence_level":0.95,"lower_bound":-0.008578621150820642,"upper_bound":-0.002353275463019555},"point_estimate":-0.006220225899153942,"standard_error":0.0015470430928695071}}