{"mean":{"confidence_interval":{"confidence_level":0.95,"lower_bound":-0.0016976573287158985,"upper_bound":0.002686688781574619},"point_estimate":0.0004867151270431247,"standard_error":0.0011181846643952616},"median":{"confidence_interval":{"confidence_level":0.95,"lower_bound":-0.0019206922665646609,"upper_bound":0.002873706848607771},"point_estimate":-0.00010620754578516411,"standard_error":0.001180049643261398}}