{"mean":{"confidence_interval":{"confidence_level":0.95,"lower_bound":-0.0037025182567125142,"upper_bound":0.0018817872891737023},"point_estimate":-0.0009084666499199479,"standard_error":0.0014290961206999287},"median":{"confidence_interval":{"confidence_level":0.95,"lower_bound":-0.002460546638921479,"upper_bound":0.0017335297656517756},"point_estimate":-0.0006052679592313259,"standard_error":0.0009789589387141175}}