{"mean":{"confidence_interval":{"confidence_level":0.95,"lower_bound":0.2933151807666045,"upper_bound":0.4481495848016735},"point_estimate":0.34570552300832946,"standard_error":0.04264777793974802},"median":{"confidence_interval":{"confidence_level":0.95,"lower_bound":0.27850778315139135,"upper_bound":0.29572031658555376},"point_estimate":0.28787325531651087,"standard_error":0.005329849525809107}}