{"mean":{"confidence_interval":{"confidence_level":0.95,"lower_bound":0.45503017083503394,"upper_bound":0.5325810113494308},"point_estimate":0.48793526212776483,"standard_error":0.020275160497066978},"median":{"confidence_interval":{"confidence_level":0.95,"lower_bound":0.41554790207578574,"upper_bound":0.4617449697355147},"point_estimate":0.4344480044407917,"standard_error":0.011648440195572948}}