{"mean":{"confidence_interval":{"confidence_level":0.95,"lower_bound":-0.11278009587618214,"upper_bound":-0.09921091114263764},"point_estimate":-0.10603110029175189,"standard_error":0.0034636105333423896},"median":{"confidence_interval":{"confidence_level":0.95,"lower_bound":-0.11254040325375461,"upper_bound":-0.10201913784016625},"point_estimate":-0.10626378363683298,"standard_error":0.0026751710457514543}}