{"mean":{"confidence_interval":{"confidence_level":0.95,"lower_bound":-0.00020092461431693513,"upper_bound":0.0044320413172448106},"point_estimate":0.0021596778136576678,"standard_error":0.0011755200004554542},"median":{"confidence_interval":{"confidence_level":0.95,"lower_bound":-0.0019577834564509233,"upper_bound":0.005898111905517034},"point_estimate":0.002297278843957251,"standard_error":0.0019626430145592067}}