{"mean":{"confidence_interval":{"confidence_level":0.95,"lower_bound":0.006874929736625068,"upper_bound":0.028268933646190098},"point_estimate":0.01761937166285321,"standard_error":0.005457411921746402},"median":{"confidence_interval":{"confidence_level":0.95,"lower_bound":0.0047252864685882745,"upper_bound":0.026856136532515062},"point_estimate":0.016179728210288902,"standard_error":0.005471581275315326}}