{"mean":{"confidence_interval":{"confidence_level":0.95,"lower_bound":-0.0037592388197782516,"upper_bound":0.0047482924253198526},"point_estimate":0.0001186428680470808,"standard_error":0.0021489470782666354},"median":{"confidence_interval":{"confidence_level":0.95,"lower_bound":-0.0033771667479725043,"upper_bound":0.004193352927398308},"point_estimate":0.0010983202916645673,"standard_error":0.0019186057155985642}}