{"mean":{"confidence_interval":{"confidence_level":0.95,"lower_bound":-0.01199286407664632,"upper_bound":-0.00399407440683377},"point_estimate":-0.0075963728478134485,"standard_error":0.0020326193171924167},"median":{"confidence_interval":{"confidence_level":0.95,"lower_bound":-0.010653442005558289,"upper_bound":-0.0039030688970843608},"point_estimate":-0.006975682809294614,"standard_error":0.0018890406462398189}}