{"mean":{"confidence_interval":{"confidence_level":0.95,"lower_bound":-0.024651724926791355,"upper_bound":-0.018694284498931887},"point_estimate":-0.02185212819260418,"standard_error":0.001517544138178692},"median":{"confidence_interval":{"confidence_level":0.95,"lower_bound":-0.027510848277542133,"upper_bound":-0.02118274164803302},"point_estimate":-0.024224473643362443,"standard_error":0.0016615912666874144}}