{"mean":{"confidence_interval":{"confidence_level":0.95,"lower_bound":0.0016237231072130716,"upper_bound":0.01029740580933125},"point_estimate":0.005727518911926355,"standard_error":0.0022137934191918084},"median":{"confidence_interval":{"confidence_level":0.95,"lower_bound":-0.002952145207466783,"upper_bound":0.004987906309099168},"point_estimate":0.001121903325015161,"standard_error":0.0020149301553021148}}