{"mean":{"confidence_interval":{"confidence_level":0.95,"lower_bound":-0.010081338187865559,"upper_bound":-0.0029236146996302367},"point_estimate":-0.006450739711348685,"standard_error":0.001826864408731583},"median":{"confidence_interval":{"confidence_level":0.95,"lower_bound":-0.009151606436234028,"upper_bound":-0.002144714579877638},"point_estimate":-0.005187603188273271,"standard_error":0.0018157960026988496}}