{"mean":{"confidence_interval":{"confidence_level":0.95,"lower_bound":-0.007927012883554843,"upper_bound":-0.0023024479825541153},"point_estimate":-0.005126748101465628,"standard_error":0.0014274289938093353},"median":{"confidence_interval":{"confidence_level":0.95,"lower_bound":-0.011163501418458788,"upper_bound":-0.003930808123316557},"point_estimate":-0.007586562786122131,"standard_error":0.001750018750219526}}