{"mean":{"confidence_interval":{"confidence_level":0.95,"lower_bound":-0.011070690798605301,"upper_bound":-0.006392218957229229},"point_estimate":-0.008702979687790102,"standard_error":0.0011889870731710964},"median":{"confidence_interval":{"confidence_level":0.95,"lower_bound":-0.012788038541466928,"upper_bound":-0.005639499343037276},"point_estimate":-0.008680794825833393,"standard_error":0.0018621958470516156}}