{"mean":{"confidence_interval":{"confidence_level":0.95,"lower_bound":6426028.8961875,"upper_bound":6437852.8965},"point_estimate":6431670.3225,"standard_error":3030.7277187699137},"median":{"confidence_interval":{"confidence_level":0.95,"lower_bound":6422534.25,"upper_bound":6433042.375},"point_estimate":6428023.3125,"standard_error":2620.143858524046},"median_abs_dev":{"confidence_interval":{"confidence_level":0.95,"lower_bound":16560.176076935604,"upper_bound":29167.488118736048},"point_estimate":24237.17371970415,"standard_error":3466.49647763787},"slope":null,"std_dev":{"confidence_interval":{"confidence_level":0.95,"lower_bound":21704.847583626088,"upper_bound":38766.99248143974},"point_estimate":30482.58914515762,"standard_error":4387.3144968504785}}