{"mean":{"confidence_interval":{"confidence_level":0.95,"lower_bound":7941021.472071426,"upper_bound":8042828.929428569},"point_estimate":7983070.462857144,"standard_error":26509.28445612734},"median":{"confidence_interval":{"confidence_level":0.95,"lower_bound":7909437.214285715,"upper_bound":7958997.571428572},"point_estimate":7935153.571428571,"standard_error":11469.739384519562},"median_abs_dev":{"confidence_interval":{"confidence_level":0.95,"lower_bound":84729.01058575894,"upper_bound":137470.587859409},"point_estimate":108924.81976619818,"standard_error":13400.091897644186},"slope":null,"std_dev":{"confidence_interval":{"confidence_level":0.95,"lower_bound":107844.5699981761,"upper_bound":425695.92306319316},"point_estimate":266971.55027451244,"standard_error":103546.14870539447}}