{"mean":{"confidence_interval":{"confidence_level":0.95,"lower_bound":7932565.45275,"upper_bound":7994092.071285714},"point_estimate":7959128.0757142855,"standard_error":15971.240836301587},"median":{"confidence_interval":{"confidence_level":0.95,"lower_bound":7907737.285714285,"upper_bound":7927213.071428571},"point_estimate":7917388.285714285,"standard_error":4882.012006714272},"median_abs_dev":{"confidence_interval":{"confidence_level":0.95,"lower_bound":25665.394044347384,"upper_bound":59783.12230863687},"point_estimate":36306.22585543535,"standard_error":8427.412897522103},"slope":null,"std_dev":{"confidence_interval":{"confidence_level":0.95,"lower_bound":58038.294892371465,"upper_bound":246770.86169244588},"point_estimate":161179.08395967828,"standard_error":51280.857106796524}}