{"mean":{"confidence_interval":{"confidence_level":0.95,"lower_bound":8108854.187142856,"upper_bound":8235397.719035712},"point_estimate":8174419.947142856,"standard_error":32167.491848230686},"median":{"confidence_interval":{"confidence_level":0.95,"lower_bound":8201293.428571428,"upper_bound":8259542.214285715},"point_estimate":8222607.571428571,"standard_error":13951.145012629662},"median_abs_dev":{"confidence_interval":{"confidence_level":0.95,"lower_bound":86294.64410046367,"upper_bound":142087.51007744216},"point_estimate":107073.05239907431,"standard_error":13948.818060317672},"slope":null,"std_dev":{"confidence_interval":{"confidence_level":0.95,"lower_bound":205482.24090265646,"upper_bound":419624.2548335003},"point_estimate":323023.91274063446,"standard_error":54411.69431324781}}