{"mean":{"confidence_interval":{"confidence_level":0.95,"lower_bound":16549530.922375001,"upper_bound":16560184.877625},"point_estimate":16554434.2225,"standard_error":2718.191030130932},"median":{"confidence_interval":{"confidence_level":0.95,"lower_bound":16543209.25,"upper_bound":16549021.25},"point_estimate":16545258.625,"standard_error":1524.400108638215},"median_abs_dev":{"confidence_interval":{"confidence_level":0.95,"lower_bound":8562.20017299056,"upper_bound":16066.940547879783},"point_estimate":11491.447070986032,"standard_error":1862.0828199959703},"slope":null,"std_dev":{"confidence_interval":{"confidence_level":0.95,"lower_bound":17334.73642138601,"upper_bound":36510.56698164858},"point_estimate":27285.864276383294,"standard_error":4960.536790194097}}