{"mean":{"confidence_interval":{"confidence_level":0.95,"lower_bound":15020888.64775,"upper_bound":15037849.071687499},"point_estimate":15029177.4975,"standard_error":4337.992518796776},"median":{"confidence_interval":{"confidence_level":0.95,"lower_bound":15006046.0,"upper_bound":15026785.190624999},"point_estimate":15013745.75,"standard_error":5161.965406334958},"median_abs_dev":{"confidence_interval":{"confidence_level":0.95,"lower_bound":28520.961018651724,"upper_bound":50370.2221557498},"point_estimate":40492.77048110962,"standard_error":5620.719433852561},"slope":null,"std_dev":{"confidence_interval":{"confidence_level":0.95,"lower_bound":37066.7159683488,"upper_bound":49342.590961706366},"point_estimate":43620.33233198884,"standard_error":3129.295284822664}}