{"mean":{"confidence_interval":{"confidence_level":0.95,"lower_bound":8596677.675708331,"upper_bound":8637516.145},"point_estimate":8616673.595,"standard_error":10423.48343886469},"median":{"confidence_interval":{"confidence_level":0.95,"lower_bound":8571595.5,"upper_bound":8631654.333333332},"point_estimate":8603669.833333334,"standard_error":15686.492501829489},"median_abs_dev":{"confidence_interval":{"confidence_level":0.95,"lower_bound":75841.16615355061,"upper_bound":114223.94977211952},"point_estimate":97987.75036036922,"standard_error":10206.807109710153},"slope":null,"std_dev":{"confidence_interval":{"confidence_level":0.95,"lower_bound":85545.89703112454,"upper_bound":122952.44515400352},"point_estimate":105046.25716181469,"standard_error":9587.934042676787}}