{"mean":{"confidence_interval":{"confidence_level":0.95,"lower_bound":7443166.207750004,"upper_bound":7525947.08},"point_estimate":7483898.161428576,"standard_error":21049.52724321374},"median":{"confidence_interval":{"confidence_level":0.95,"lower_bound":7386176.285714285,"upper_bound":7518778.071428572},"point_estimate":7440322.214285715,"standard_error":31327.90936498896},"median_abs_dev":{"confidence_interval":{"confidence_level":0.95,"lower_bound":170852.8088667561,"upper_bound":269487.8553156341},"point_estimate":213531.03760906667,"standard_error":24366.593458086518},"slope":null,"std_dev":{"confidence_interval":{"confidence_level":0.95,"lower_bound":184380.62232794898,"upper_bound":234475.32063635794},"point_estimate":211819.1431987563,"standard_error":12766.275051539}}