{"mean":{"confidence_interval":{"confidence_level":0.95,"lower_bound":18062936.769916665,"upper_bound":18678762.73141667},"point_estimate":18354093.4,"standard_error":157191.11605148276},"median":{"confidence_interval":{"confidence_level":0.95,"lower_bound":17632321.666666668,"upper_bound":18047127.0},"point_estimate":17715006.166666664,"standard_error":127238.8717566287},"median_abs_dev":{"confidence_interval":{"confidence_level":0.95,"lower_bound":576120.805671813,"upper_bound":1211818.9028859157},"point_estimate":732808.8896900425,"standard_error":162445.16421232693},"slope":null,"std_dev":{"confidence_interval":{"confidence_level":0.95,"lower_bound":1172332.969047724,"upper_bound":2006656.1000556878},"point_estimate":1577651.2582899611,"standard_error":218133.96600845375}}