{"mean":{"confidence_interval":{"confidence_level":0.95,"lower_bound":6424733.87125,"upper_bound":6463629.0975},"point_estimate":6439731.29375,"standard_error":10500.925861360918},"median":{"confidence_interval":{"confidence_level":0.95,"lower_bound":6416203.875,"upper_bound":6430862.5625},"point_estimate":6425078.5625,"standard_error":4461.076574633064},"median_abs_dev":{"confidence_interval":{"confidence_level":0.95,"lower_bound":20381.30183815956,"upper_bound":35458.97292047739},"point_estimate":27855.644280463457,"standard_error":3931.3345565509976},"slope":null,"std_dev":{"confidence_interval":{"confidence_level":0.95,"lower_bound":28812.116322708574,"upper_bound":175130.96981288103},"point_estimate":105689.84873834426,"standard_error":49415.265832530094}}