{"mean":{"confidence_interval":{"confidence_level":0.95,"lower_bound":15914716.1895625,"upper_bound":15928933.8675625},"point_estimate":15921543.1175,"standard_error":3627.7822195664658},"median":{"confidence_interval":{"confidence_level":0.95,"lower_bound":15906311.5,"upper_bound":15918974.0},"point_estimate":15910912.75,"standard_error":3142.1095776865454},"median_abs_dev":{"confidence_interval":{"confidence_level":0.95,"lower_bound":19644.820301234722,"upper_bound":33507.50070512295},"point_estimate":27000.36942064762,"standard_error":3488.852932629879},"slope":null,"std_dev":{"confidence_interval":{"confidence_level":0.95,"lower_bound":28384.447005991817,"upper_bound":43493.60693255553},"point_estimate":36386.468623385605,"standard_error":3869.546809607228}}