{"mean":{"confidence_interval":{"confidence_level":0.95,"lower_bound":8678778.686666667,"upper_bound":8716001.435},"point_estimate":8697496.49,"standard_error":9449.66586954998},"median":{"confidence_interval":{"confidence_level":0.95,"lower_bound":8677957.333333332,"upper_bound":8708630.5},"point_estimate":8689447.916666668,"standard_error":7674.504625926627},"median_abs_dev":{"confidence_interval":{"confidence_level":0.95,"lower_bound":61381.73926025675,"upper_bound":99230.16913831187},"point_estimate":75122.72291630736,"standard_error":10056.046903220811},"slope":null,"std_dev":{"confidence_interval":{"confidence_level":0.95,"lower_bound":76483.31073168285,"upper_bound":112511.14251362691},"point_estimate":94450.17624968728,"standard_error":9261.783290834108}}