{"mean":{"confidence_interval":{"confidence_level":0.95,"lower_bound":7738527.271535716,"upper_bound":7752232.511214283},"point_estimate":7745186.845714289,"standard_error":3494.2715549020973},"median":{"confidence_interval":{"confidence_level":0.95,"lower_bound":7731572.714285715,"upper_bound":7749008.214285715},"point_estimate":7738469.142857143,"standard_error":4475.537949595947},"median_abs_dev":{"confidence_interval":{"confidence_level":0.95,"lower_bound":23033.99089106462,"upper_bound":37340.12753707943},"point_estimate":30354.64596109741,"standard_error":3545.1794968529493},"slope":null,"std_dev":{"confidence_interval":{"confidence_level":0.95,"lower_bound":28376.02792831343,"upper_bound":42328.83378321132},"point_estimate":35275.372686779214,"standard_error":3608.3067077596293}}