{"mean":{"confidence_interval":{"confidence_level":0.95,"lower_bound":17169506.973583326,"upper_bound":17354020.88508333},"point_estimate":17261133.986666664,"standard_error":47100.978094973674},"median":{"confidence_interval":{"confidence_level":0.95,"lower_bound":17080290.0,"upper_bound":17335330.333333332},"point_estimate":17200516.5,"standard_error":59513.238299738456},"median_abs_dev":{"confidence_interval":{"confidence_level":0.95,"lower_bound":345751.7036616839,"upper_bound":584827.3740172405},"point_estimate":447870.96594870184,"standard_error":61967.122460446546},"slope":null,"std_dev":{"confidence_interval":{"confidence_level":0.95,"lower_bound":406290.0547656152,"upper_bound":535582.0973684721},"point_estimate":473820.27657220693,"standard_error":33176.525094004995}}