{"mean":{"confidence_interval":{"confidence_level":0.95,"lower_bound":6330926.695,"upper_bound":6394837.8179375},"point_estimate":6359315.31,"standard_error":16345.280452888777},"median":{"confidence_interval":{"confidence_level":0.95,"lower_bound":6348104.125,"upper_bound":6369820.3125},"point_estimate":6360223.625,"standard_error":6256.645236942199},"median_abs_dev":{"confidence_interval":{"confidence_level":0.95,"lower_bound":37700.52740349435,"upper_bound":65519.98466178775},"point_estimate":52538.61727975309,"standard_error":7278.105685072502},"slope":null,"std_dev":{"confidence_interval":{"confidence_level":0.95,"lower_bound":80077.68296446324,"upper_bound":244396.89365011154},"point_estimate":164043.6361922983,"standard_error":44101.05612018808}}