{"mean":{"confidence_interval":{"confidence_level":0.95,"lower_bound":99404730.97875,"upper_bound":102248799.933},"point_estimate":100802322.04,"standard_error":722952.0365959271},"median":{"confidence_interval":{"confidence_level":0.95,"lower_bound":98217953.5,"upper_bound":101471166.0},"point_estimate":99449358.0,"standard_error":787236.389758566},"median_abs_dev":{"confidence_interval":{"confidence_level":0.95,"lower_bound":4566467.222929001,"upper_bound":8761165.089458227},"point_estimate":6214457.154071331,"standard_error":1095618.092608666},"slope":null,"std_dev":{"confidence_interval":{"confidence_level":0.95,"lower_bound":5897849.391919574,"upper_bound":8830255.021673733},"point_estimate":7281770.571049435,"standard_error":767310.9426405111}}