{"mean":{"confidence_interval":{"confidence_level":0.95,"lower_bound":8419643.686666666,"upper_bound":8437086.713333333},"point_estimate":8427950.920000002,"standard_error":4459.457621540701},"median":{"confidence_interval":{"confidence_level":0.95,"lower_bound":8408657.75,"upper_bound":8427280.0},"point_estimate":8415213.916666668,"standard_error":4871.046008167782},"median_abs_dev":{"confidence_interval":{"confidence_level":0.95,"lower_bound":24824.4068592796,"upper_bound":44039.588220641024},"point_estimate":34189.00249302295,"standard_error":4676.2789404038485},"slope":null,"std_dev":{"confidence_interval":{"confidence_level":0.95,"lower_bound":34551.254557796754,"upper_bound":54413.10126963986},"point_estimate":44845.000039946084,"standard_error":5070.04797466839}}