{"mean":{"confidence_interval":{"confidence_level":0.95,"lower_bound":6258932.148722223,"upper_bound":6300458.319666669},"point_estimate":6280301.515555557,"standard_error":10568.433288523047},"median":{"confidence_interval":{"confidence_level":0.95,"lower_bound":6311215.055555556,"upper_bound":6323830.222222222},"point_estimate":6316816.611111111,"standard_error":3156.3091261668596},"median_abs_dev":{"confidence_interval":{"confidence_level":0.95,"lower_bound":25515.216080348004,"upper_bound":53649.856847524185},"point_estimate":34983.01714559434,"standard_error":6995.518826877303},"slope":null,"std_dev":{"confidence_interval":{"confidence_level":0.95,"lower_bound":86115.79025982744,"upper_bound":122681.2676459032},"point_estimate":106242.02313038449,"standard_error":9318.048312400786}}