{"mean":{"confidence_interval":{"confidence_level":0.95,"lower_bound":6345435.087625001,"upper_bound":6359835.0644375},"point_estimate":6352173.42625,"standard_error":3670.6299679237613},"median":{"confidence_interval":{"confidence_level":0.95,"lower_bound":6337734.0625,"upper_bound":6345395.125},"point_estimate":6340732.125,"standard_error":2292.43315170397},"median_abs_dev":{"confidence_interval":{"confidence_level":0.95,"lower_bound":12379.895105212927,"upper_bound":22559.797174483538},"point_estimate":17971.891555935144,"standard_error":2581.306744992737},"slope":null,"std_dev":{"confidence_interval":{"confidence_level":0.95,"lower_bound":23945.733846684598,"upper_bound":47759.3853200639},"point_estimate":36915.57172118032,"standard_error":6045.132597256672}}