{"mean":{"confidence_interval":{"confidence_level":0.95,"lower_bound":8475005.52,"upper_bound":8612702.855875},"point_estimate":8525886.155000005,"standard_error":38913.22470857226},"median":{"confidence_interval":{"confidence_level":0.95,"lower_bound":8449668.083333334,"upper_bound":8478741.083333334},"point_estimate":8458708.916666668,"standard_error":8110.174398013048},"median_abs_dev":{"confidence_interval":{"confidence_level":0.95,"lower_bound":40444.585981965065,"upper_bound":72320.60896605068},"point_estimate":52384.82841998293,"standard_error":8550.230854388787},"slope":null,"std_dev":{"confidence_interval":{"confidence_level":0.95,"lower_bound":68982.48239863478,"upper_bound":658226.014532178},"point_estimate":390047.78869744495,"standard_error":202754.6824266595}}