{"mean":{"confidence_interval":{"confidence_level":0.95,"lower_bound":75174225.294,"upper_bound":75888120.17675},"point_estimate":75528628.53,"standard_error":182259.55748108347},"median":{"confidence_interval":{"confidence_level":0.95,"lower_bound":74626262.0,"upper_bound":75775612.0},"point_estimate":75198307.0,"standard_error":291842.9039134076},"median_abs_dev":{"confidence_interval":{"confidence_level":0.95,"lower_bound":1378585.707702712,"upper_bound":2344563.583275676},"point_estimate":1957023.0696558952,"standard_error":262846.25746096973},"slope":null,"std_dev":{"confidence_interval":{"confidence_level":0.95,"lower_bound":1585978.3400805553,"upper_bound":2044658.8779321124},"point_estimate":1834689.2133268698,"standard_error":116596.19815774863}}