{"mean":{"confidence_interval":{"confidence_level":0.95,"lower_bound":7905070.374285714,"upper_bound":7936975.237321427},"point_estimate":7920696.287142854,"standard_error":8149.127672558424},"median":{"confidence_interval":{"confidence_level":0.95,"lower_bound":7887258.0,"upper_bound":7935949.142857143},"point_estimate":7907793.571428571,"standard_error":16241.206195260804},"median_abs_dev":{"confidence_interval":{"confidence_level":0.95,"lower_bound":67209.43380679452,"upper_bound":107562.83989037767},"point_estimate":86029.02837267974,"standard_error":10102.788958877463},"slope":null,"std_dev":{"confidence_interval":{"confidence_level":0.95,"lower_bound":69100.9203893818,"upper_bound":94904.31940476202},"point_estimate":81947.18351958801,"standard_error":6607.23205069469}}