{"mean":{"confidence_interval":{"confidence_level":0.95,"lower_bound":7088118.655,"upper_bound":7135351.25},"point_estimate":7108311.89875,"standard_error":12189.625029088696},"median":{"confidence_interval":{"confidence_level":0.95,"lower_bound":7075053.625,"upper_bound":7092529.875},"point_estimate":7083095.5625,"standard_error":4131.429227528515},"median_abs_dev":{"confidence_interval":{"confidence_level":0.95,"lower_bound":21570.400297986347,"upper_bound":36587.602150440216},"point_estimate":26228.490809351206,"standard_error":3863.8168002727284},"slope":null,"std_dev":{"confidence_interval":{"confidence_level":0.95,"lower_bound":36214.74500699729,"upper_bound":188303.0664701473},"point_estimate":123251.72478489927,"standard_error":39599.49084781923}}