{"mean":{"confidence_interval":{"confidence_level":0.95,"lower_bound":8179144.250178569,"upper_bound":8264419.960892851},"point_estimate":8225552.302857142,"standard_error":21811.910473552136},"median":{"confidence_interval":{"confidence_level":0.95,"lower_bound":8265817.285714285,"upper_bound":8302640.928571428},"point_estimate":8283407.928571428,"standard_error":9194.772730100798},"median_abs_dev":{"confidence_interval":{"confidence_level":0.95,"lower_bound":61958.91190000913,"upper_bound":118142.04055005928},"point_estimate":84635.17259742582,"standard_error":14080.670975732013},"slope":null,"std_dev":{"confidence_interval":{"confidence_level":0.95,"lower_bound":131943.68087428596,"upper_bound":294753.2459653159},"point_estimate":218647.48155994102,"standard_error":41970.16997045213}}