{"mean":{"confidence_interval":{"confidence_level":0.95,"lower_bound":0.00840471428079037,"upper_bound":0.014114876839797105},"point_estimate":0.01112746080577609,"standard_error":0.0014963893797894144},"median":{"confidence_interval":{"confidence_level":0.95,"lower_bound":0.006045542818269745,"upper_bound":0.010272016892782787},"point_estimate":0.007964979904556024,"standard_error":0.0011698416970055436}}