{"mean":{"confidence_interval":{"confidence_level":0.95,"lower_bound":0.001222676471402573,"upper_bound":0.005797097962080222},"point_estimate":0.0033908079574052064,"standard_error":0.0011660885537203125},"median":{"confidence_interval":{"confidence_level":0.95,"lower_bound":0.00036861560166445706,"upper_bound":0.003420825495423307},"point_estimate":0.0020900784375179615,"standard_error":0.0007910537351218065}}