{"mean":{"confidence_interval":{"confidence_level":0.95,"lower_bound":0.003802749587073652,"upper_bound":0.015913620052811925},"point_estimate":0.010081895994544343,"standard_error":0.0031135066686447093},"median":{"confidence_interval":{"confidence_level":0.95,"lower_bound":0.005151302554207663,"upper_bound":0.01831879926080604},"point_estimate":0.012502755203557259,"standard_error":0.0035693418480353544}}