{"mean":{"confidence_interval":{"confidence_level":0.95,"lower_bound":-0.007922510515780147,"upper_bound":-0.003215841363513956},"point_estimate":-0.0055696589993400325,"standard_error":0.0011896751227178117},"median":{"confidence_interval":{"confidence_level":0.95,"lower_bound":-0.00611001478729245,"upper_bound":-0.004077911325176986},"point_estimate":-0.005038419330862354,"standard_error":0.0005034669146678258}}