{"mean":{"confidence_interval":{"confidence_level":0.95,"lower_bound":-0.0028458788027636733,"upper_bound":0.003252346750040269},"point_estimate":0.0002871653398881513,"standard_error":0.001562366285252548},"median":{"confidence_interval":{"confidence_level":0.95,"lower_bound":-0.0024182807281581953,"upper_bound":0.00484473529165852},"point_estimate":0.0014648961695962193,"standard_error":0.0019216823517706552}}