{"mean":{"confidence_interval":{"confidence_level":0.95,"lower_bound":-0.010049560754634545,"upper_bound":0.006079419511030176},"point_estimate":-0.00005718617174710339,"standard_error":0.004453061371008196},"median":{"confidence_interval":{"confidence_level":0.95,"lower_bound":0.004356031991128662,"upper_bound":0.006981906860963338},"point_estimate":0.005884735383815176,"standard_error":0.0006911793933642088}}