{"mean":{"confidence_interval":{"confidence_level":0.95,"lower_bound":-0.00369963317779702,"upper_bound":0.005712785455130952},"point_estimate":0.000788394003384596,"standard_error":0.0024023793786636105},"median":{"confidence_interval":{"confidence_level":0.95,"lower_bound":-0.013240398182908453,"upper_bound":-0.006746058556634349},"point_estimate":-0.009850888123990265,"standard_error":0.0017823865351102696}}