{"mean":{"confidence_interval":{"confidence_level":0.95,"lower_bound":0.007708803612000593,"upper_bound":0.015502782721440971},"point_estimate":0.011458326390038076,"standard_error":0.001986680002651938},"median":{"confidence_interval":{"confidence_level":0.95,"lower_bound":0.0017473471977296603,"upper_bound":0.0048069242474371165},"point_estimate":0.002812037309805948,"standard_error":0.0007610513162786003}}