{"mean":{"confidence_interval":{"confidence_level":0.95,"lower_bound":-0.0012664106209480238,"upper_bound":0.003400519679636297},"point_estimate":0.0011176272387705133,"standard_error":0.0011869226938844306},"median":{"confidence_interval":{"confidence_level":0.95,"lower_bound":0.0017398630151121974,"upper_bound":0.003935179126499877},"point_estimate":0.0028803071671845704,"standard_error":0.0005546209728176283}}