{"mean":{"confidence_interval":{"confidence_level":0.95,"lower_bound":0.36912025818774863,"upper_bound":0.3906663641624053},"point_estimate":0.38031128111717805,"standard_error":0.005536411164363154},"median":{"confidence_interval":{"confidence_level":0.95,"lower_bound":0.35809811058782526,"upper_bound":0.3864507660929857},"point_estimate":0.3770713286180456,"standard_error":0.008671967336530891}}