{"mean":{"confidence_interval":{"confidence_level":0.95,"lower_bound":-0.0015786016473269436,"upper_bound":0.001952159412443609},"point_estimate":0.00010730588758489645,"standard_error":0.0008916248819614919},"median":{"confidence_interval":{"confidence_level":0.95,"lower_bound":-0.001661700794995058,"upper_bound":0.000757850058577425},"point_estimate":-0.000445664923602207,"standard_error":0.000632334393806728}}