{"mean":{"confidence_interval":{"confidence_level":0.95,"lower_bound":-0.01524169877283954,"upper_bound":0.00040136519041636946},"point_estimate":-0.006482133092597375,"standard_error":0.004029771699528758},"median":{"confidence_interval":{"confidence_level":0.95,"lower_bound":0.00029584480344380104,"upper_bound":0.0032589107719562804},"point_estimate":0.00164507436884187,"standard_error":0.000721648033106329}}