{"mean":{"confidence_interval":{"confidence_level":0.95,"lower_bound":0.02441605549482785,"upper_bound":0.03555978436713625},"point_estimate":0.030340287710947766,"standard_error":0.0028437309152782985},"median":{"confidence_interval":{"confidence_level":0.95,"lower_bound":0.024700552617004545,"upper_bound":0.03241883478045038},"point_estimate":0.028859697141755403,"standard_error":0.0020607423420137927}}