{"mean":{"confidence_interval":{"confidence_level":0.95,"lower_bound":0.06218282950193936,"upper_bound":0.09018090571661194},"point_estimate":0.07709083041302955,"standard_error":0.007000299766448547},"median":{"confidence_interval":{"confidence_level":0.95,"lower_bound":0.048059991000065194,"upper_bound":0.09194932578877443},"point_estimate":0.0738085290527899,"standard_error":0.01121649717316645}}