{"mean":{"confidence_interval":{"confidence_level":0.95,"lower_bound":-0.0032786497342661702,"upper_bound":-0.00020687162273429408},"point_estimate":-0.0016439090171231907,"standard_error":0.0007852650344976413},"median":{"confidence_interval":{"confidence_level":0.95,"lower_bound":-0.002973411877567056,"upper_bound":-0.00012780961173787454},"point_estimate":-0.0015682129990055582,"standard_error":0.0007314716001257314}}