{"mean":{"confidence_interval":{"confidence_level":0.95,"lower_bound":-0.0449899648122972,"upper_bound":-0.021445667606880006},"point_estimate":-0.03367979715910052,"standard_error":0.006019015488182008},"median":{"confidence_interval":{"confidence_level":0.95,"lower_bound":-0.03688179279115866,"upper_bound":-0.016888826814195568},"point_estimate":-0.02955146623809246,"standard_error":0.005555534883278479}}