{"mean":{"confidence_interval":{"confidence_level":0.95,"lower_bound":-0.002470113895052517,"upper_bound":0.0022448436889807737},"point_estimate":-0.00009956348729567299,"standard_error":0.0012026527658053592},"median":{"confidence_interval":{"confidence_level":0.95,"lower_bound":-0.0006946033588012268,"upper_bound":0.002510084114838884},"point_estimate":0.0009861767531775811,"standard_error":0.0007902847061997397}}