{"mean":{"confidence_interval":{"confidence_level":0.95,"lower_bound":-0.01018584719554091,"upper_bound":0.0033253812203082175},"point_estimate":-0.0020235344902255203,"standard_error":0.003556626213907457},"median":{"confidence_interval":{"confidence_level":0.95,"lower_bound":0.0003289556815585639,"upper_bound":0.0028838622525249047},"point_estimate":0.0012152344759013278,"standard_error":0.0006529770748186234}}