{"mean":{"confidence_interval":{"confidence_level":0.95,"lower_bound":-0.026971653179885147,"upper_bound":-0.006573846182451382},"point_estimate":-0.016709726814912118,"standard_error":0.005213004286947991},"median":{"confidence_interval":{"confidence_level":0.95,"lower_bound":-0.027047196304376242,"upper_bound":-0.001317189750540071},"point_estimate":-0.011482941696377313,"standard_error":0.0055978906736117336}}