{"mean":{"confidence_interval":{"confidence_level":0.95,"lower_bound":0.2084400241560111,"upper_bound":0.2199132436046882},"point_estimate":0.2139520140589386,"standard_error":0.002945494713083748},"median":{"confidence_interval":{"confidence_level":0.95,"lower_bound":0.20677863021983933,"upper_bound":0.21246874008481997},"point_estimate":0.20909121247103135,"standard_error":0.001420022470195196}}