{"mean":{"confidence_interval":{"confidence_level":0.95,"lower_bound":-0.03314376925458773,"upper_bound":-0.022581310981372248},"point_estimate":-0.02764043712424835,"standard_error":0.002694414232456414},"median":{"confidence_interval":{"confidence_level":0.95,"lower_bound":-0.029098808172073998,"upper_bound":-0.017713980400719448},"point_estimate":-0.02303513056538531,"standard_error":0.003199790932315465}}