{"mean":{"confidence_interval":{"confidence_level":0.95,"lower_bound":-0.12316243997179878,"upper_bound":-0.1022057459587952},"point_estimate":-0.11210808022016971,"standard_error":0.005365661869915594},"median":{"confidence_interval":{"confidence_level":0.95,"lower_bound":-0.10767098121426444,"upper_bound":-0.09321551612782751},"point_estimate":-0.09977757787364105,"standard_error":0.00336327459437101}}