{"mean":{"confidence_interval":{"confidence_level":0.95,"lower_bound":0.2393625186478652,"upper_bound":0.2579596642285369},"point_estimate":0.24894464303301245,"standard_error":0.004773036368519768},"median":{"confidence_interval":{"confidence_level":0.95,"lower_bound":0.23188360916930267,"upper_bound":0.2513073112240831},"point_estimate":0.23849513618200735,"standard_error":0.005596325067595908}}