{"mean":{"confidence_interval":{"confidence_level":0.95,"lower_bound":-0.03860163223403713,"upper_bound":-0.033695959990327734},"point_estimate":-0.0362001351410256,"standard_error":0.00125185712216754},"median":{"confidence_interval":{"confidence_level":0.95,"lower_bound":-0.03904507830313482,"upper_bound":-0.03349379277285079},"point_estimate":-0.0363616103123372,"standard_error":0.0014777262508567297}}