{"mean":{"confidence_interval":{"confidence_level":0.95,"lower_bound":0.0010569547709193662,"upper_bound":0.0055698136854265435},"point_estimate":0.003336085104159281,"standard_error":0.0011539691547368049},"median":{"confidence_interval":{"confidence_level":0.95,"lower_bound":0.0014662954778101867,"upper_bound":0.004516122125934885},"point_estimate":0.0027386510258613495,"standard_error":0.0007884056073444838}}