{"mean":{"confidence_interval":{"confidence_level":0.95,"lower_bound":0.008982399289856512,"upper_bound":0.01333868610844922},"point_estimate":0.011066136148530914,"standard_error":0.0011085541807295358},"median":{"confidence_interval":{"confidence_level":0.95,"lower_bound":0.009362762229946364,"upper_bound":0.01103230628886398},"point_estimate":0.010113836173580193,"standard_error":0.0004143440625798779}}