{"mean":{"confidence_interval":{"confidence_level":0.95,"lower_bound":-0.001199307190923543,"upper_bound":0.004507648448423949},"point_estimate":0.0015961169288492005,"standard_error":0.0014686080693392548},"median":{"confidence_interval":{"confidence_level":0.95,"lower_bound":-0.0016168509986200785,"upper_bound":0.001139443870608492},"point_estimate":-0.00022849194952523355,"standard_error":0.0007031866156315342}}