{"mean":{"confidence_interval":{"confidence_level":0.95,"lower_bound":0.015961320280541435,"upper_bound":0.02337341428918708},"point_estimate":0.019732730697691547,"standard_error":0.001884644769612149},"median":{"confidence_interval":{"confidence_level":0.95,"lower_bound":0.012365947254748245,"upper_bound":0.016807880668274322},"point_estimate":0.01373070058968029,"standard_error":0.0011722063173633815}}