{"mean":{"confidence_interval":{"confidence_level":0.95,"lower_bound":-0.010808856987436445,"upper_bound":-0.007059783240863836},"point_estimate":-0.008903204547261234,"standard_error":0.0009518926193284193},"median":{"confidence_interval":{"confidence_level":0.95,"lower_bound":-0.009250486924404333,"upper_bound":-0.006200273239655076},"point_estimate":-0.0076953414364302475,"standard_error":0.0007698021828840178}}