{"mean":{"confidence_interval":{"confidence_level":0.95,"lower_bound":-0.0270444414445605,"upper_bound":-0.008780175799863751},"point_estimate":-0.01626673079831964,"standard_error":0.004846831168118989},"median":{"confidence_interval":{"confidence_level":0.95,"lower_bound":-0.011267825604017734,"upper_bound":-0.008362422120782198},"point_estimate":-0.010040837789390356,"standard_error":0.0007509182288438725}}