{"mean":{"confidence_interval":{"confidence_level":0.95,"lower_bound":0.32852486389976115,"upper_bound":0.3387520259067342},"point_estimate":0.3340969021537068,"standard_error":0.002623246448818602},"median":{"confidence_interval":{"confidence_level":0.95,"lower_bound":0.33441475762108985,"upper_bound":0.33998289174305696},"point_estimate":0.3359791976778952,"standard_error":0.0013674931708144331}}