{"mean":{"confidence_interval":{"confidence_level":0.95,"lower_bound":-0.27274006178435267,"upper_bound":-0.2575208577848558},"point_estimate":-0.26498248465518226,"standard_error":0.003879703664921949},"median":{"confidence_interval":{"confidence_level":0.95,"lower_bound":-0.26619443224421613,"upper_bound":-0.2518877980884671},"point_estimate":-0.2583822431494909,"standard_error":0.003458513336999227}}