{"mean":{"confidence_interval":{"confidence_level":0.95,"lower_bound":-0.00600316975766696,"upper_bound":-0.00041120023752127274},"point_estimate":-0.0030484596756295,"standard_error":0.0014234952822566628},"median":{"confidence_interval":{"confidence_level":0.95,"lower_bound":-0.002203318047704613,"upper_bound":-0.0002762822573414443},"point_estimate":-0.0012765888743200282,"standard_error":0.0004955655561326634}}