{"mean":{"confidence_interval":{"confidence_level":0.95,"lower_bound":-0.006236013893847109,"upper_bound":-0.003101918549387986},"point_estimate":-0.004722734597948808,"standard_error":0.0007968126058247542},"median":{"confidence_interval":{"confidence_level":0.95,"lower_bound":-0.0062521275269109555,"upper_bound":-0.004008402931674593},"point_estimate":-0.005060879325513579,"standard_error":0.0005838289540204613}}