{"mean":{"confidence_interval":{"confidence_level":0.95,"lower_bound":0.012108283899984385,"upper_bound":0.018720282269931044},"point_estimate":0.015520551675642702,"standard_error":0.0016989881938942251},"median":{"confidence_interval":{"confidence_level":0.95,"lower_bound":0.013013906267560271,"upper_bound":0.01667379949068626},"point_estimate":0.014882235623063567,"standard_error":0.0008796628756347469}}