{"mean":{"confidence_interval":{"confidence_level":0.95,"lower_bound":0.008917222906162188,"upper_bound":0.02043569976554836},"point_estimate":0.014759059095653893,"standard_error":0.0029437729776880042},"median":{"confidence_interval":{"confidence_level":0.95,"lower_bound":0.01122887026517394,"upper_bound":0.027270625211961885},"point_estimate":0.01850219702517486,"standard_error":0.004170692564445147}}