{"mean":{"confidence_interval":{"confidence_level":0.95,"lower_bound":0.320558287550849,"upper_bound":0.32551626558087743},"point_estimate":0.3231258754774111,"standard_error":0.0012545754225291965},"median":{"confidence_interval":{"confidence_level":0.95,"lower_bound":0.32129019627874955,"upper_bound":0.325861770569015},"point_estimate":0.32334252652966433,"standard_error":0.0011072104712549287}}