{"mean":{"confidence_interval":{"confidence_level":0.95,"lower_bound":0.0018692118158791019,"upper_bound":0.004984296086106318},"point_estimate":0.0032740341737667045,"standard_error":0.0007887438884743573},"median":{"confidence_interval":{"confidence_level":0.95,"lower_bound":0.0021109252611776876,"upper_bound":0.003792066638580449},"point_estimate":0.0031091161402170275,"standard_error":0.0004199596972603765}}