{"mean":{"confidence_interval":{"confidence_level":0.95,"lower_bound":-0.07140359486523618,"upper_bound":-0.05766578396428053},"point_estimate":-0.06455423589283271,"standard_error":0.003513748126527494},"median":{"confidence_interval":{"confidence_level":0.95,"lower_bound":-0.08045442142395173,"upper_bound":-0.055340537250018175},"point_estimate":-0.0678973585955639,"standard_error":0.006446549540363377}}