{"mean":{"confidence_interval":{"confidence_level":0.95,"lower_bound":0.21722131577918458,"upper_bound":0.22268148123583476},"point_estimate":0.219950550788103,"standard_error":0.001386802909281348},"median":{"confidence_interval":{"confidence_level":0.95,"lower_bound":0.21720113390281068,"upper_bound":0.22328199502782375},"point_estimate":0.2210446971179254,"standard_error":0.0015723618678395743}}