{"mean":{"confidence_interval":{"confidence_level":0.95,"lower_bound":0.0012730926505590435,"upper_bound":0.006051079536519726},"point_estimate":0.003602990196110989,"standard_error":0.0012121811240975386},"median":{"confidence_interval":{"confidence_level":0.95,"lower_bound":0.001855879099311064,"upper_bound":0.007350840685858229},"point_estimate":0.005058543012423478,"standard_error":0.0013741844761710987}}