{"mean":{"confidence_interval":{"confidence_level":0.95,"lower_bound":-0.015043596971018425,"upper_bound":-0.010281214049550248},"point_estimate":-0.012676930486446802,"standard_error":0.0012116132477639943},"median":{"confidence_interval":{"confidence_level":0.95,"lower_bound":-0.015999187002417314,"upper_bound":-0.010539663271332378},"point_estimate":-0.013733862843282374,"standard_error":0.001391420539222874}}