{"mean":{"confidence_interval":{"confidence_level":0.95,"lower_bound":0.01217322931583238,"upper_bound":0.017316774565405195},"point_estimate":0.01501522473906225,"standard_error":0.0013118292878553403},"median":{"confidence_interval":{"confidence_level":0.95,"lower_bound":0.014078519821183688,"upper_bound":0.017239141759723964},"point_estimate":0.015600799191042514,"standard_error":0.0007917824359238446}}