{"mean":{"confidence_interval":{"confidence_level":0.95,"lower_bound":0.2730263861438795,"upper_bound":0.3052758604238508},"point_estimate":0.2880322624191758,"standard_error":0.008734953716780552},"median":{"confidence_interval":{"confidence_level":0.95,"lower_bound":0.253108922412816,"upper_bound":0.30613534531424835},"point_estimate":0.2750466863366896,"standard_error":0.011195524254284278}}