{"mean":{"confidence_interval":{"confidence_level":0.95,"lower_bound":-0.16196391476814875,"upper_bound":-0.15592435714857125},"point_estimate":-0.1589987605607074,"standard_error":0.001539922884762431},"median":{"confidence_interval":{"confidence_level":0.95,"lower_bound":-0.16383177863587983,"upper_bound":-0.15862792655393765},"point_estimate":-0.16123407701240733,"standard_error":0.0013253446590230202}}