{"mean":{"confidence_interval":{"confidence_level":0.95,"lower_bound":0.021874773779641716,"upper_bound":0.02660004840715139},"point_estimate":0.02415864400885459,"standard_error":0.0012055390191192633},"median":{"confidence_interval":{"confidence_level":0.95,"lower_bound":0.02258237777965011,"upper_bound":0.029119308820988676},"point_estimate":0.026377291837482275,"standard_error":0.0016970830657771845}}