{"mean":{"confidence_interval":{"confidence_level":0.95,"lower_bound":0.013771366504290578,"upper_bound":0.019934057870423426},"point_estimate":0.016763049755640358,"standard_error":0.001608515566454491},"median":{"confidence_interval":{"confidence_level":0.95,"lower_bound":0.010956593598083542,"upper_bound":0.019091747503864998},"point_estimate":0.015754902776286883,"standard_error":0.001876533414053753}}