{"mean":{"confidence_interval":{"confidence_level":0.95,"lower_bound":0.3144854554434133,"upper_bound":0.34089801572712186},"point_estimate":0.32867778821808447,"standard_error":0.006885939259176629},"median":{"confidence_interval":{"confidence_level":0.95,"lower_bound":0.295303635390183,"upper_bound":0.3433366932165569},"point_estimate":0.3150790289647145,"standard_error":0.015196967781201177}}