{"mean":{"confidence_interval":{"confidence_level":0.95,"lower_bound":-0.013322476469026293,"upper_bound":-0.006450936187264926},"point_estimate":-0.009729093559863844,"standard_error":0.0017551349015895732},"median":{"confidence_interval":{"confidence_level":0.95,"lower_bound":-0.012086874442432616,"upper_bound":-0.004867000740914306},"point_estimate":-0.008077669497449813,"standard_error":0.0018433011973004979}}