{"mean":{"confidence_interval":{"confidence_level":0.95,"lower_bound":0.007101059620406281,"upper_bound":0.01150290410315563},"point_estimate":0.009158842526634015,"standard_error":0.0011204449642038881},"median":{"confidence_interval":{"confidence_level":0.95,"lower_bound":0.008478067373674864,"upper_bound":0.01103982371559109},"point_estimate":0.009482398356413402,"standard_error":0.0006736145980661222}}