{"mean":{"confidence_interval":{"confidence_level":0.95,"lower_bound":0.19645869858075732,"upper_bound":0.20156131100657143},"point_estimate":0.19915079673966596,"standard_error":0.0013019677946599713},"median":{"confidence_interval":{"confidence_level":0.95,"lower_bound":0.1983069255036638,"upper_bound":0.20317461534624282},"point_estimate":0.20137070855756956,"standard_error":0.001267741508991959}}