{"mean":{"confidence_interval":{"confidence_level":0.95,"lower_bound":-0.008491601489730945,"upper_bound":-0.005176331279386165},"point_estimate":-0.00691949903261424,"standard_error":0.0008401916920744228},"median":{"confidence_interval":{"confidence_level":0.95,"lower_bound":-0.008693395391637493,"upper_bound":-0.003789445690246196},"point_estimate":-0.006007818194034842,"standard_error":0.0013057410071794122}}