{"mean":{"confidence_interval":{"confidence_level":0.95,"lower_bound":-0.11317047587215796,"upper_bound":-0.10472126098691469},"point_estimate":-0.10896173837029666,"standard_error":0.0021631029108983837},"median":{"confidence_interval":{"confidence_level":0.95,"lower_bound":-0.11637446797882978,"upper_bound":-0.10606097655350313},"point_estimate":-0.1105451712710862,"standard_error":0.0027548585061289038}}