{"mean":{"confidence_interval":{"confidence_level":0.95,"lower_bound":-0.018088634794856895,"upper_bound":-0.00924083797500018},"point_estimate":-0.013458608097472347,"standard_error":0.002261645333127506},"median":{"confidence_interval":{"confidence_level":0.95,"lower_bound":-0.013283042428711367,"upper_bound":-0.007301459262803678},"point_estimate":-0.010459643680885033,"standard_error":0.0015644077995176943}}