{"mean":{"confidence_interval":{"confidence_level":0.95,"lower_bound":-0.002467902944879529,"upper_bound":0.0025146675951810025},"point_estimate":7.73506542262048e-6,"standard_error":0.0012728344105217477},"median":{"confidence_interval":{"confidence_level":0.95,"lower_bound":-0.0015548083161811554,"upper_bound":0.0020148433014736495},"point_estimate":0.00003825517661160127,"standard_error":0.000912956902221104}}