{"mean":{"confidence_interval":{"confidence_level":0.95,"lower_bound":-0.2616517455348851,"upper_bound":-0.24127826638164793},"point_estimate":-0.25148501987270033,"standard_error":0.005188030443967221},"median":{"confidence_interval":{"confidence_level":0.95,"lower_bound":-0.266954408718183,"upper_bound":-0.23979716383848781},"point_estimate":-0.25340029894773697,"standard_error":0.006798753940242107}}