{"mean":{"confidence_interval":{"confidence_level":0.95,"lower_bound":24660.183326275655,"upper_bound":28328.511024106712},"point_estimate":25979.707797194733,"standard_error":1077.460865962552},"median":{"confidence_interval":{"confidence_level":0.95,"lower_bound":24221.52142857143,"upper_bound":24682.34365079365},"point_estimate":24413.759333333335,"standard_error":105.084839031933},"median_abs_dev":{"confidence_interval":{"confidence_level":0.95,"lower_bound":674.6250925691008,"upper_bound":1309.9501169899454},"point_estimate":948.7394827718937,"standard_error":155.73744736929757},"slope":{"confidence_interval":{"confidence_level":0.95,"lower_bound":24530.269193927008,"upper_bound":25136.484923997876},"point_estimate":24821.288823998817,"standard_error":154.80382793634078},"std_dev":{"confidence_interval":{"confidence_level":0.95,"lower_bound":1183.4895092019096,"upper_bound":18445.216713979986},"point_estimate":10839.1703211717,"standard_error":6011.459174414486}}