{"mean":{"confidence_interval":{"confidence_level":0.95,"lower_bound":19707.740415561617,"upper_bound":19722.876588480543},"point_estimate":19714.87395100853,"standard_error":3.8767723789689006},"median":{"confidence_interval":{"confidence_level":0.95,"lower_bound":19703.915092592593,"upper_bound":19714.494047619046},"point_estimate":19709.509722222225,"standard_error":2.8556302922627106},"median_abs_dev":{"confidence_interval":{"confidence_level":0.95,"lower_bound":20.3603275707881,"upper_bound":34.996713545352584},"point_estimate":27.016945155483942,"standard_error":3.64058763046681},"slope":{"confidence_interval":{"confidence_level":0.95,"lower_bound":19709.892187185204,"upper_bound":19724.24363228651},"point_estimate":19716.68842520073,"standard_error":3.6770805474715687},"std_dev":{"confidence_interval":{"confidence_level":0.95,"lower_bound":26.924780531169635,"upper_bound":51.445404588933876},"point_estimate":38.85315748826067,"standard_error":6.505870467273518}}