{"mean":{"confidence_interval":{"confidence_level":0.95,"lower_bound":6341.484076674028,"upper_bound":6374.371459897654},"point_estimate":6358.479774136752,"standard_error":8.430923132746058},"median":{"confidence_interval":{"confidence_level":0.95,"lower_bound":6373.389150943396,"upper_bound":6391.385670731707},"point_estimate":6381.570490931483,"standard_error":4.925384646264084},"median_abs_dev":{"confidence_interval":{"confidence_level":0.95,"lower_bound":30.47411971589317,"upper_bound":60.314180786949265},"point_estimate":43.774536410346585,"standard_error":7.6867724214480315},"slope":{"confidence_interval":{"confidence_level":0.95,"lower_bound":6376.664151932448,"upper_bound":6393.098133139075},"point_estimate":6384.985074626866,"standard_error":4.168881339366867},"std_dev":{"confidence_interval":{"confidence_level":0.95,"lower_bound":67.96179547240429,"upper_bound":99.17425779846289},"point_estimate":84.6624372392934,"standard_error":7.979219186885274}}