{"mean":{"confidence_interval":{"confidence_level":0.95,"lower_bound":4009.998997381971,"upper_bound":4042.444644474068},"point_estimate":4024.470437800439,"standard_error":8.31317223444177},"median":{"confidence_interval":{"confidence_level":0.95,"lower_bound":4002.7305194805194,"upper_bound":4018.55737704918},"point_estimate":4008.7511312217193,"standard_error":3.624123012263757},"median_abs_dev":{"confidence_interval":{"confidence_level":0.95,"lower_bound":24.723679648188483,"upper_bound":39.96700969485509},"point_estimate":33.284659145465056,"standard_error":4.104200144904938},"slope":{"confidence_interval":{"confidence_level":0.95,"lower_bound":4013.543568742279,"upper_bound":4042.9263941690033},"point_estimate":4026.3762765381016,"standard_error":7.585602435219136},"std_dev":{"confidence_interval":{"confidence_level":0.95,"lower_bound":40.7034608069104,"upper_bound":121.41443926403035},"point_estimate":83.02744486130118,"standard_error":21.527278613563688}}