{"mean":{"confidence_interval":{"confidence_level":0.95,"lower_bound":3956.274947289831,"upper_bound":3971.392423089751},"point_estimate":3963.3389901860187,"standard_error":3.86367797752489},"median":{"confidence_interval":{"confidence_level":0.95,"lower_bound":3948.499013806706,"upper_bound":3960.059800128949},"point_estimate":3953.9258769541884,"standard_error":2.5639392589010996},"median_abs_dev":{"confidence_interval":{"confidence_level":0.95,"lower_bound":18.953790930689628,"upper_bound":29.3775089964057},"point_estimate":25.05162627122105,"standard_error":2.742267584334848},"slope":{"confidence_interval":{"confidence_level":0.95,"lower_bound":3961.157169361145,"upper_bound":3978.562237861566},"point_estimate":3969.4535683350196,"standard_error":4.472419325693694},"std_dev":{"confidence_interval":{"confidence_level":0.95,"lower_bound":26.423529872612846,"upper_bound":50.0435514304523},"point_estimate":38.904029406732505,"standard_error":6.041508572229466}}