{"mean":{"confidence_interval":{"confidence_level":0.95,"lower_bound":28606.6448953814,"upper_bound":28652.728184082385},"point_estimate":28626.16759587315,"standard_error":11.895733205949298},"median":{"confidence_interval":{"confidence_level":0.95,"lower_bound":28604.039682539682,"upper_bound":28620.305555555555},"point_estimate":28612.126927775233,"standard_error":4.452597833061192},"median_abs_dev":{"confidence_interval":{"confidence_level":0.95,"lower_bound":25.563942751277658,"upper_bound":47.35165600676993},"point_estimate":34.792626122282215,"standard_error":5.446459398182132},"slope":{"confidence_interval":{"confidence_level":0.95,"lower_bound":28602.137648783777,"upper_bound":28660.700103560303},"point_estimate":28623.60840451209,"standard_error":15.82994355709773},"std_dev":{"confidence_interval":{"confidence_level":0.95,"lower_bound":39.03809408711652,"upper_bound":185.93690640814535},"point_estimate":118.98628877949055,"standard_error":39.6054898717549}}