{"mean":{"confidence_interval":{"confidence_level":0.95,"lower_bound":3987.854542067055,"upper_bound":4029.261093928967},"point_estimate":4005.0046257180807,"standard_error":10.768910146039389},"median":{"confidence_interval":{"confidence_level":0.95,"lower_bound":3967.804195804196,"upper_bound":3995.772403846154},"point_estimate":3981.6544968189705,"standard_error":7.303922733114352},"median_abs_dev":{"confidence_interval":{"confidence_level":0.95,"lower_bound":34.06410356408237,"upper_bound":63.92641565221439},"point_estimate":49.31751209815636,"standard_error":7.243299772039627},"slope":{"confidence_interval":{"confidence_level":0.95,"lower_bound":3999.7434970312584,"upper_bound":4030.969352500781},"point_estimate":4015.053796364711,"standard_error":7.970041300516631},"std_dev":{"confidence_interval":{"confidence_level":0.95,"lower_bound":45.20276454025638,"upper_bound":171.94500364454436},"point_estimate":108.41430689604267,"standard_error":40.913145318891296}}