{"mean":{"confidence_interval":{"confidence_level":0.95,"lower_bound":3952.356747111086,"upper_bound":3975.0147653168615},"point_estimate":3962.5043590748164,"standard_error":5.796083381197754},"median":{"confidence_interval":{"confidence_level":0.95,"lower_bound":3942.3439102564103,"upper_bound":3956.967032967033},"point_estimate":3947.1417423156554,"standard_error":4.1098490365246425},"median_abs_dev":{"confidence_interval":{"confidence_level":0.95,"lower_bound":25.83206315436325,"upper_bound":42.858618609002974},"point_estimate":32.26311902103633,"standard_error":4.172092907403985},"slope":{"confidence_interval":{"confidence_level":0.95,"lower_bound":3968.70588174788,"upper_bound":4005.982955230678},"point_estimate":3985.65139761967,"standard_error":9.568764877420579},"std_dev":{"confidence_interval":{"confidence_level":0.95,"lower_bound":33.2797027400031,"upper_bound":83.95929385225789},"point_estimate":58.20105760870562,"standard_error":14.319070309724214}}