{"mean":{"confidence_interval":{"confidence_level":0.95,"lower_bound":5352.241328396348,"upper_bound":5360.952503722971},"point_estimate":5356.226384506622,"standard_error":2.223577523523729},"median":{"confidence_interval":{"confidence_level":0.95,"lower_bound":5346.5,"upper_bound":5355.555555555556},"point_estimate":5351.7435887611755,"standard_error":2.391548296370023},"median_abs_dev":{"confidence_interval":{"confidence_level":0.95,"lower_bound":10.15942021300887,"upper_bound":16.81460863565136},"point_estimate":12.860548921354114,"standard_error":1.5981526792654888},"slope":{"confidence_interval":{"confidence_level":0.95,"lower_bound":5349.648582293033,"upper_bound":5355.40379056351},"point_estimate":5352.435672462769,"standard_error":1.4779382026743773},"std_dev":{"confidence_interval":{"confidence_level":0.95,"lower_bound":13.863846842792851,"upper_bound":30.29187657335115},"point_estimate":22.31767369101985,"standard_error":4.253174848806825}}