{"mean":{"confidence_interval":{"confidence_level":0.95,"lower_bound":3972.161729267619,"upper_bound":3985.7879375751163},"point_estimate":3978.6843850011605,"standard_error":3.468701541717845},"median":{"confidence_interval":{"confidence_level":0.95,"lower_bound":3961.4006631299735,"upper_bound":3980.2606887824277},"point_estimate":3972.6749668435014,"standard_error":5.711004679301792},"median_abs_dev":{"confidence_interval":{"confidence_level":0.95,"lower_bound":22.834906215826464,"upper_bound":39.50479882412412},"point_estimate":33.21461704399555,"standard_error":4.568058491925555},"slope":{"confidence_interval":{"confidence_level":0.95,"lower_bound":3982.658481556477,"upper_bound":3996.7479054980845},"point_estimate":3989.6420995555354,"standard_error":3.576835005360163},"std_dev":{"confidence_interval":{"confidence_level":0.95,"lower_bound":26.094044212607148,"upper_bound":43.91232734083068},"point_estimate":34.781128991128114,"standard_error":4.6986308612005585}}