{"mean":{"confidence_interval":{"confidence_level":0.95,"lower_bound":3993.3082427968516,"upper_bound":4005.8695479368726},"point_estimate":3999.4383997317323,"standard_error":3.1950054410525217},"median":{"confidence_interval":{"confidence_level":0.95,"lower_bound":3984.9529914529912,"upper_bound":4002.165501165501},"point_estimate":3993.4687051816354,"standard_error":4.2549255203167435},"median_abs_dev":{"confidence_interval":{"confidence_level":0.95,"lower_bound":20.380469723644158,"upper_bound":35.18893023407439},"point_estimate":26.44377260745243,"standard_error":3.7207889835240615},"slope":{"confidence_interval":{"confidence_level":0.95,"lower_bound":3999.7545198644575,"upper_bound":4014.800667533799},"point_estimate":4007.388942037717,"standard_error":3.8375958744323557},"std_dev":{"confidence_interval":{"confidence_level":0.95,"lower_bound":26.26251364934379,"upper_bound":38.92492434763454},"point_estimate":32.36025426248767,"standard_error":3.2854446135975603}}