{"mean":{"confidence_interval":{"confidence_level":0.95,"lower_bound":3979.767634699999,"upper_bound":3998.674809373618},"point_estimate":3987.9719221594605,"standard_error":4.833404021485825},"median":{"confidence_interval":{"confidence_level":0.95,"lower_bound":3970.732600732601,"upper_bound":3991.0501532758253},"point_estimate":3983.5053741158267,"standard_error":5.314430973888773},"median_abs_dev":{"confidence_interval":{"confidence_level":0.95,"lower_bound":24.53702956438058,"upper_bound":36.730912925461176},"point_estimate":29.382903796962037,"standard_error":3.0733255704811917},"slope":{"confidence_interval":{"confidence_level":0.95,"lower_bound":3987.3549682275684,"upper_bound":4025.8897091833337},"point_estimate":4002.83322117516,"standard_error":10.19590411520622},"std_dev":{"confidence_interval":{"confidence_level":0.95,"lower_bound":26.12277616113992,"upper_bound":72.81325856574075},"point_estimate":48.18828797686245,"standard_error":14.825034902962075}}