{"mean":{"confidence_interval":{"confidence_level":0.95,"lower_bound":6685.397721441672,"upper_bound":6891.718955711081},"point_estimate":6755.340402158784,"standard_error":66.69562114724084},"median":{"confidence_interval":{"confidence_level":0.95,"lower_bound":6678.775261324042,"upper_bound":6689.366459627329},"point_estimate":6682.852777777778,"standard_error":3.0829700989815634},"median_abs_dev":{"confidence_interval":{"confidence_level":0.95,"lower_bound":11.49039190337818,"upper_bound":20.11464919710239},"point_estimate":14.971928920797714,"standard_error":2.2577126764603657},"slope":{"confidence_interval":{"confidence_level":0.95,"lower_bound":6682.766833256973,"upper_bound":7240.191030120033},"point_estimate":6856.722919630983,"standard_error":167.47571908901133},"std_dev":{"confidence_interval":{"confidence_level":0.95,"lower_bound":17.20394294244886,"upper_bound":1146.975197288951},"point_estimate":668.9813664720942,"standard_error":410.7913276891665}}