{"mean":{"confidence_interval":{"confidence_level":0.95,"lower_bound":3972.9908109237062,"upper_bound":4048.2614244079546},"point_estimate":4001.7117673314824,"standard_error":20.040446055534108},"median":{"confidence_interval":{"confidence_level":0.95,"lower_bound":3958.5989583333335,"upper_bound":3978.901639344262},"point_estimate":3966.732591442374,"standard_error":5.726270848542142},"median_abs_dev":{"confidence_interval":{"confidence_level":0.95,"lower_bound":25.112800756968063,"upper_bound":40.72986829863966},"point_estimate":33.83497472623221,"standard_error":4.078282007569377},"slope":{"confidence_interval":{"confidence_level":0.95,"lower_bound":3989.2108970860245,"upper_bound":4106.026343556907},"point_estimate":4034.265107383873,"standard_error":31.330231821493395},"std_dev":{"confidence_interval":{"confidence_level":0.95,"lower_bound":40.14500477303035,"upper_bound":334.1503896901461},"point_estimate":201.05990067987054,"standard_error":93.23548789997959}}