{"mean":{"confidence_interval":{"confidence_level":0.95,"lower_bound":5425.068914059952,"upper_bound":5432.040206716494},"point_estimate":5428.418788297746,"standard_error":1.7761105225163467},"median":{"confidence_interval":{"confidence_level":0.95,"lower_bound":5420.366877856252,"upper_bound":5425.805803571428},"point_estimate":5422.554210526316,"standard_error":1.6026630105681563},"median_abs_dev":{"confidence_interval":{"confidence_level":0.95,"lower_bound":7.876852511020474,"upper_bound":15.989481297947794},"point_estimate":11.338420209012114,"standard_error":2.1710712941142467},"slope":{"confidence_interval":{"confidence_level":0.95,"lower_bound":5425.394705556514,"upper_bound":5433.993360231815},"point_estimate":5429.29624796808,"standard_error":2.2076954920883614},"std_dev":{"confidence_interval":{"confidence_level":0.95,"lower_bound":13.81571308800651,"upper_bound":21.35801703381341},"point_estimate":17.914175809760863,"standard_error":1.9197389137606022}}