{"mean":{"confidence_interval":{"confidence_level":0.95,"lower_bound":5349.056617714461,"upper_bound":5365.22831358902},"point_estimate":5355.605840026322,"standard_error":4.239078018983542},"median":{"confidence_interval":{"confidence_level":0.95,"lower_bound":5344.555555555556,"upper_bound":5352.578099838969},"point_estimate":5347.155092592593,"standard_error":1.7413006384513046},"median_abs_dev":{"confidence_interval":{"confidence_level":0.95,"lower_bound":10.30821013990105,"upper_bound":17.403925686953162},"point_estimate":13.479148002258741,"standard_error":1.74663507254012},"slope":{"confidence_interval":{"confidence_level":0.95,"lower_bound":5349.995434556827,"upper_bound":5369.130142187556},"point_estimate":5357.2554603221515,"standard_error":5.061447312612985},"std_dev":{"confidence_interval":{"confidence_level":0.95,"lower_bound":14.637769473362928,"upper_bound":68.16502552289077},"point_estimate":42.26498618482589,"standard_error":17.040370649173003}}