{"mean":{"confidence_interval":{"confidence_level":0.95,"lower_bound":4004.501618279529,"upper_bound":4022.773711867276},"point_estimate":4013.1920932066487,"standard_error":4.664264601520889},"median":{"confidence_interval":{"confidence_level":0.95,"lower_bound":3996.8814136337846,"upper_bound":4009.2919554313285},"point_estimate":4001.463598901099,"standard_error":3.21566924740286},"median_abs_dev":{"confidence_interval":{"confidence_level":0.95,"lower_bound":18.925730230802415,"upper_bound":34.95458655404665},"point_estimate":27.283260900240627,"standard_error":4.181628335153787},"slope":{"confidence_interval":{"confidence_level":0.95,"lower_bound":4016.472782580527,"upper_bound":4039.7491267709534},"point_estimate":4027.6718389014563,"standard_error":5.945828688151385},"std_dev":{"confidence_interval":{"confidence_level":0.95,"lower_bound":32.49163552134647,"upper_bound":58.79161461104941},"point_estimate":46.722414253178506,"standard_error":6.7033331292273175}}