{"mean":{"confidence_interval":{"confidence_level":0.95,"lower_bound":3977.3703055763635,"upper_bound":3992.642400139298},"point_estimate":3984.7297989038234,"standard_error":3.9027025978089225},"median":{"confidence_interval":{"confidence_level":0.95,"lower_bound":3966.7747252747254,"upper_bound":3986.42062193126},"point_estimate":3975.0851759576453,"standard_error":5.4318043234447755},"median_abs_dev":{"confidence_interval":{"confidence_level":0.95,"lower_bound":22.248664310874442,"upper_bound":39.36817150532988},"point_estimate":29.467889457172458,"standard_error":4.227701789564568},"slope":{"confidence_interval":{"confidence_level":0.95,"lower_bound":3988.0295835532033,"upper_bound":4004.4382584952623},"point_estimate":3996.3442757272283,"standard_error":4.185880657271252},"std_dev":{"confidence_interval":{"confidence_level":0.95,"lower_bound":29.859794752563978,"upper_bound":48.74767824601035},"point_estimate":39.54606707927412,"standard_error":4.868938822374044}}