{"mean":{"confidence_interval":{"confidence_level":0.95,"lower_bound":5353.531577236571,"upper_bound":5407.638642781867},"point_estimate":5372.579702084445,"standard_error":16.45928680127113},"median":{"confidence_interval":{"confidence_level":0.95,"lower_bound":5352.126984126984,"upper_bound":5358.434509803921},"point_estimate":5354.474001094691,"standard_error":1.5346184700789334},"median_abs_dev":{"confidence_interval":{"confidence_level":0.95,"lower_bound":10.516794209754526,"upper_bound":18.703087836691218},"point_estimate":14.632285542693886,"standard_error":2.133917029280864},"slope":{"confidence_interval":{"confidence_level":0.95,"lower_bound":5354.618371200177,"upper_bound":5361.901255934722},"point_estimate":5358.222745020771,"standard_error":1.8559613976055982},"std_dev":{"confidence_interval":{"confidence_level":0.95,"lower_bound":14.78653848367534,"upper_bound":282.74684092717274},"point_estimate":165.35010148217012,"standard_error":95.80681826608149}}