{"mean":{"confidence_interval":{"confidence_level":0.95,"lower_bound":5368.318725014713,"upper_bound":5375.53006941611},"point_estimate":5371.735596233177,"standard_error":1.8399959701214843},"median":{"confidence_interval":{"confidence_level":0.95,"lower_bound":5366.129256702042,"upper_bound":5372.654227053141},"point_estimate":5368.458260150184,"standard_error":1.9058667472549422},"median_abs_dev":{"confidence_interval":{"confidence_level":0.95,"lower_bound":10.495107340555988,"upper_bound":17.92369353700937},"point_estimate":13.501134618694778,"standard_error":1.8738188263511832},"slope":{"confidence_interval":{"confidence_level":0.95,"lower_bound":5367.479245435386,"upper_bound":5373.518176049682},"point_estimate":5370.3331047731635,"standard_error":1.5426379312829541},"std_dev":{"confidence_interval":{"confidence_level":0.95,"lower_bound":13.260946635352537,"upper_bound":23.69937286630445},"point_estimate":18.49952326257274,"standard_error":2.7114137059933645}}