{"mean":{"confidence_interval":{"confidence_level":0.95,"lower_bound":5430.528129135734,"upper_bound":5438.675797366841},"point_estimate":5434.330716985661,"standard_error":2.0770069901891146},"median":{"confidence_interval":{"confidence_level":0.95,"lower_bound":5428.019587628866,"upper_bound":5435.85935222672},"point_estimate":5432.786440677966,"standard_error":2.2956490791900537},"median_abs_dev":{"confidence_interval":{"confidence_level":0.95,"lower_bound":10.880561730606848,"upper_bound":17.443410425800128},"point_estimate":14.493236001088334,"standard_error":1.6923664237940805},"slope":{"confidence_interval":{"confidence_level":0.95,"lower_bound":5433.906128501959,"upper_bound":5441.230746470063},"point_estimate":5437.3276654352,"standard_error":1.8696969138393777},"std_dev":{"confidence_interval":{"confidence_level":0.95,"lower_bound":13.770178156961508,"upper_bound":28.12763364250873},"point_estimate":20.804997126662467,"standard_error":3.8397615326953045}}