{"mean":{"confidence_interval":{"confidence_level":0.95,"lower_bound":4023.4632078840696,"upper_bound":4037.99887282287},"point_estimate":4030.434958843603,"standard_error":3.7082000818315795},"median":{"confidence_interval":{"confidence_level":0.95,"lower_bound":4015.9679487179487,"upper_bound":4030.762237762238},"point_estimate":4020.4892053701014,"standard_error":3.3503114690561384},"median_abs_dev":{"confidence_interval":{"confidence_level":0.95,"lower_bound":22.45190097879752,"upper_bound":38.80611785148743},"point_estimate":29.76571417835515,"standard_error":4.258998145441591},"slope":{"confidence_interval":{"confidence_level":0.95,"lower_bound":4030.351975257077,"upper_bound":4052.6636875869317},"point_estimate":4041.148309783906,"standard_error":5.670916320781689},"std_dev":{"confidence_interval":{"confidence_level":0.95,"lower_bound":28.46803012002351,"upper_bound":45.48146606970796},"point_estimate":37.27398827628482,"standard_error":4.357464425560184}}