{"mean":{"confidence_interval":{"confidence_level":0.95,"lower_bound":22952.79278851999,"upper_bound":23088.335938961336},"point_estimate":23020.425057738932,"standard_error":34.55217043733174},"median":{"confidence_interval":{"confidence_level":0.95,"lower_bound":22907.822641509432,"upper_bound":23116.112158808934},"point_estimate":23017.554967948716,"standard_error":57.210137908884555},"median_abs_dev":{"confidence_interval":{"confidence_level":0.95,"lower_bound":295.9232132321395,"upper_bound":486.5059147363617},"point_estimate":360.9369290351887,"standard_error":51.32273530070353},"slope":{"confidence_interval":{"confidence_level":0.95,"lower_bound":23077.83598330476,"upper_bound":23218.03908879743},"point_estimate":23150.86276518398,"standard_error":35.729323946028074},"std_dev":{"confidence_interval":{"confidence_level":0.95,"lower_bound":304.53556957938537,"upper_bound":385.0476173210255},"point_estimate":347.13057205000865,"standard_error":20.57000722072448}}