{"mean":{"confidence_interval":{"confidence_level":0.95,"lower_bound":3955.4105718376686,"upper_bound":3973.0131176951018},"point_estimate":3963.9884722643324,"standard_error":4.52685127904872},"median":{"confidence_interval":{"confidence_level":0.95,"lower_bound":3941.3792189952906,"upper_bound":3965.305361305361},"point_estimate":3948.947457947458,"standard_error":4.96618794677614},"median_abs_dev":{"confidence_interval":{"confidence_level":0.95,"lower_bound":26.65845641084616,"upper_bound":45.8384889308268},"point_estimate":35.65682286809604,"standard_error":4.961088894189545},"slope":{"confidence_interval":{"confidence_level":0.95,"lower_bound":3974.3154987276935,"upper_bound":3999.4457378871734},"point_estimate":3987.173628582146,"standard_error":6.404630154472228},"std_dev":{"confidence_interval":{"confidence_level":0.95,"lower_bound":37.35072057210732,"upper_bound":52.60130126425393},"point_estimate":45.532988827882214,"standard_error":3.8986348614341604}}