{"mean":{"confidence_interval":{"confidence_level":0.95,"lower_bound":5608.144711435547,"upper_bound":5857.394743468112},"point_estimate":5712.835652828282,"standard_error":64.17347866184355},"median":{"confidence_interval":{"confidence_level":0.95,"lower_bound":5534.691111111111,"upper_bound":5665.5888888888885},"point_estimate":5610.391927083334,"standard_error":42.52751763667814},"median_abs_dev":{"confidence_interval":{"confidence_level":0.95,"lower_bound":198.99456846714057,"upper_bound":325.93697880797146},"point_estimate":262.5236025246675,"standard_error":32.77669879699076},"slope":{"confidence_interval":{"confidence_level":0.95,"lower_bound":5552.465012802793,"upper_bound":5772.482814606492},"point_estimate":5649.173069011379,"standard_error":56.3313655845471},"std_dev":{"confidence_interval":{"confidence_level":0.95,"lower_bound":254.988338983257,"upper_bound":1016.2658381183306},"point_estimate":646.0655947214996,"standard_error":228.16237471973812}}