{"mean":{"confidence_interval":{"confidence_level":0.95,"lower_bound":3972.5498989307475,"upper_bound":4016.489003279377},"point_estimate":3991.042929179318,"standard_error":11.442795500781415},"median":{"confidence_interval":{"confidence_level":0.95,"lower_bound":3958.187784950943,"upper_bound":3975.3541001451376},"point_estimate":3965.6498778998775,"standard_error":4.233818886795322},"median_abs_dev":{"confidence_interval":{"confidence_level":0.95,"lower_bound":25.96022928532664,"upper_bound":44.43049016312454},"point_estimate":32.909562481349404,"standard_error":4.372492561737579},"slope":{"confidence_interval":{"confidence_level":0.95,"lower_bound":3990.359032852191,"upper_bound":4029.4950042311893},"point_estimate":4008.785433608803,"standard_error":9.98222747299551},"std_dev":{"confidence_interval":{"confidence_level":0.95,"lower_bound":41.17088894477336,"upper_bound":182.54581497278608},"point_estimate":115.40596434405177,"standard_error":41.715553626497616}}