{"mean":{"confidence_interval":{"confidence_level":0.95,"lower_bound":176590194.53724998,"upper_bound":176929098.32825},"point_estimate":176750369.59,"standard_error":86592.44850112652},"median":{"confidence_interval":{"confidence_level":0.95,"lower_bound":176445381.0,"upper_bound":176735012.0},"point_estimate":176578371.0,"standard_error":78467.91191811927},"median_abs_dev":{"confidence_interval":{"confidence_level":0.95,"lower_bound":469931.5593570471,"upper_bound":769733.2891345024},"point_estimate":665813.4091794491,"standard_error":76373.35446887661},"slope":null,"std_dev":{"confidence_interval":{"confidence_level":0.95,"lower_bound":584021.8331316335,"upper_bound":1132916.0404129764},"point_estimate":867671.270788249,"standard_error":142556.08879410042}}