{"mean":{"confidence_interval":{"confidence_level":0.95,"lower_bound":89258989.6115,"upper_bound":89582527.21525},"point_estimate":89411176.8,"standard_error":82718.99270272387},"median":{"confidence_interval":{"confidence_level":0.95,"lower_bound":89080415.0,"upper_bound":89451818.0},"point_estimate":89208166.0,"standard_error":108007.41400839985},"median_abs_dev":{"confidence_interval":{"confidence_level":0.95,"lower_bound":457829.7258768976,"upper_bound":721070.6329659364},"point_estimate":578809.9949240685,"standard_error":68932.80607118904},"slope":null,"std_dev":{"confidence_interval":{"confidence_level":0.95,"lower_bound":590551.817823461,"upper_bound":1081780.6780791236},"point_estimate":832039.3762463673,"standard_error":128625.82138185487}}