{"mean":{"confidence_interval":{"confidence_level":0.95,"lower_bound":91229648.77749999,"upper_bound":92586787.51875},"point_estimate":91913195.57,"standard_error":346195.05615978537},"median":{"confidence_interval":{"confidence_level":0.95,"lower_bound":91413815.0,"upper_bound":93396684.0},"point_estimate":92518775.5,"standard_error":482175.7307454042},"median_abs_dev":{"confidence_interval":{"confidence_level":0.95,"lower_bound":3265384.929227829,"upper_bound":5093149.744078517},"point_estimate":4398243.275615573,"standard_error":457673.1564310204},"slope":null,"std_dev":{"confidence_interval":{"confidence_level":0.95,"lower_bound":3137930.726485912,"upper_bound":3761972.974799577},"point_estimate":3480303.9597806507,"standard_error":158486.42731032395}}