{"mean":{"confidence_interval":{"confidence_level":0.95,"lower_bound":43406608.64,"upper_bound":43652857.286},"point_estimate":43526470.575,"standard_error":62866.4662515278},"median":{"confidence_interval":{"confidence_level":0.95,"lower_bound":43314166.5,"upper_bound":43628391.75},"point_estimate":43510485.5,"standard_error":88615.88529193039},"median_abs_dev":{"confidence_interval":{"confidence_level":0.95,"lower_bound":474009.82123464346,"upper_bound":744131.7527890205},"point_estimate":625131.236551702,"standard_error":67227.89904871219},"slope":null,"std_dev":{"confidence_interval":{"confidence_level":0.95,"lower_bound":511525.28035265487,"upper_bound":741402.4128003132},"point_estimate":630583.1592344284,"standard_error":58693.35278813574}}