{"mean":{"confidence_interval":{"confidence_level":0.95,"lower_bound":48466700.51,"upper_bound":48957725.165},"point_estimate":48707352.235,"standard_error":126269.96078047792},"median":{"confidence_interval":{"confidence_level":0.95,"lower_bound":48198383.5,"upper_bound":48733487.0},"point_estimate":48387525.5,"standard_error":136170.84626645557},"median_abs_dev":{"confidence_interval":{"confidence_level":0.95,"lower_bound":801422.3809719086,"upper_bound":1502247.3885297775},"point_estimate":1195864.7681191564,"standard_error":174895.20305062737},"slope":null,"std_dev":{"confidence_interval":{"confidence_level":0.95,"lower_bound":1019392.742282045,"upper_bound":1514270.8375134983},"point_estimate":1261339.2293238584,"standard_error":127225.34000517894}}