{"mean":{"confidence_interval":{"confidence_level":0.95,"lower_bound":51408343.05,"upper_bound":52418824.2755},"point_estimate":51908903.85,"standard_error":258438.20035977976},"median":{"confidence_interval":{"confidence_level":0.95,"lower_bound":50678507.0,"upper_bound":52182431.0},"point_estimate":51454118.0,"standard_error":364741.14979589963},"median_abs_dev":{"confidence_interval":{"confidence_level":0.95,"lower_bound":1961691.776973009,"upper_bound":3394094.622042775},"point_estimate":2768358.8553518057,"standard_error":335633.85834955296},"slope":null,"std_dev":{"confidence_interval":{"confidence_level":0.95,"lower_bound":2228525.8097707964,"upper_bound":2922240.5885801227},"point_estimate":2584618.6152558285,"standard_error":177103.283222786}}