{"mean":{"confidence_interval":{"confidence_level":0.95,"lower_bound":44452417.845,"upper_bound":44978682.962124996},"point_estimate":44676333.415,"standard_error":136221.52410210812},"median":{"confidence_interval":{"confidence_level":0.95,"lower_bound":44118008.75,"upper_bound":44424091.5},"point_estimate":44231594.5,"standard_error":76348.38400166185},"median_abs_dev":{"confidence_interval":{"confidence_level":0.95,"lower_bound":295123.0149105191,"upper_bound":740288.075292254},"point_estimate":442208.0517992377,"standard_error":106362.86231740032},"slope":null,"std_dev":{"confidence_interval":{"confidence_level":0.95,"lower_bound":658082.7655740861,"upper_bound":2145359.9460178884},"point_estimate":1379885.548400781,"standard_error":483418.24815124786}}