{"mean":{"confidence_interval":{"confidence_level":0.95,"lower_bound":58446934.87,"upper_bound":58776265.68025},"point_estimate":58609740.4,"standard_error":84241.09331422263},"median":{"confidence_interval":{"confidence_level":0.95,"lower_bound":58406253.0,"upper_bound":58721312.5},"point_estimate":58570090.5,"standard_error":73499.93249795034},"median_abs_dev":{"confidence_interval":{"confidence_level":0.95,"lower_bound":498646.555647254,"upper_bound":832939.491212368},"point_estimate":644283.0923616886,"standard_error":86655.10019550155},"slope":null,"std_dev":{"confidence_interval":{"confidence_level":0.95,"lower_bound":678145.2658083977,"upper_bound":997388.4373640205},"point_estimate":844966.0453329207,"standard_error":81579.20387269514}}