{"mean":{"confidence_interval":{"confidence_level":0.95,"lower_bound":44490542.9,"upper_bound":44690625.184},"point_estimate":44587076.515,"standard_error":51049.996125418125},"median":{"confidence_interval":{"confidence_level":0.95,"lower_bound":44359578.0,"upper_bound":44567094.0},"point_estimate":44453879.75,"standard_error":52975.266301770964},"median_abs_dev":{"confidence_interval":{"confidence_level":0.95,"lower_bound":287286.3620996475,"upper_bound":497797.767162323},"point_estimate":405860.63084453344,"standard_error":53608.008897140266},"slope":null,"std_dev":{"confidence_interval":{"confidence_level":0.95,"lower_bound":407724.803905641,"upper_bound":618259.2638297793},"point_estimate":512601.4715637879,"standard_error":54137.92586110098}}