{"mean":{"confidence_interval":{"confidence_level":0.95,"lower_bound":238443113.86925,"upper_bound":240745684.5395},"point_estimate":239571452.71,"standard_error":588937.6190758701},"median":{"confidence_interval":{"confidence_level":0.95,"lower_bound":237332450.0,"upper_bound":240923761.0},"point_estimate":239336182.0,"standard_error":864858.1541608382},"median_abs_dev":{"confidence_interval":{"confidence_level":0.95,"lower_bound":5217157.945584432,"upper_bound":7663485.226608437},"point_estimate":6538617.260116339,"standard_error":618275.7871142544},"slope":null,"std_dev":{"confidence_interval":{"confidence_level":0.95,"lower_bound":5044492.6884206,"upper_bound":6769508.9692789065},"point_estimate":5913792.291780894,"standard_error":443077.8039149132}}