{"mean":{"confidence_interval":{"confidence_level":0.95,"lower_bound":47753815.44025,"upper_bound":48173962.4},"point_estimate":47958442.76,"standard_error":107394.90695613548},"median":{"confidence_interval":{"confidence_level":0.95,"lower_bound":47482622.5,"upper_bound":47988847.0},"point_estimate":47771219.75,"standard_error":146813.2769500933},"median_abs_dev":{"confidence_interval":{"confidence_level":0.95,"lower_bound":712885.9583437443,"upper_bound":1203928.2587260008},"point_estimate":959509.792265296,"standard_error":125143.26633030384},"slope":null,"std_dev":{"confidence_interval":{"confidence_level":0.95,"lower_bound":859510.7418663156,"upper_bound":1294029.3903896904},"point_estimate":1084160.991597374,"standard_error":111862.03877571016}}