{"mean":{"confidence_interval":{"confidence_level":0.95,"lower_bound":93925305.21900001,"upper_bound":94867570.75575},"point_estimate":94379720.97,"standard_error":240112.38219837565},"median":{"confidence_interval":{"confidence_level":0.95,"lower_bound":93411142.0,"upper_bound":94188754.5},"point_estimate":93696491.5,"standard_error":224690.4925162308},"median_abs_dev":{"confidence_interval":{"confidence_level":0.95,"lower_bound":1066678.790062666,"upper_bound":1944739.7288739681},"point_estimate":1433697.8961467743,"standard_error":219217.73464219843},"slope":null,"std_dev":{"confidence_interval":{"confidence_level":0.95,"lower_bound":1867261.8512558956,"upper_bound":2908673.431813104},"point_estimate":2422099.528379619,"standard_error":266533.93192728324}}