{"mean":{"confidence_interval":{"confidence_level":0.95,"lower_bound":197759928.09125,"upper_bound":199319528.5955},"point_estimate":198542497.62,"standard_error":397902.93790593266},"median":{"confidence_interval":{"confidence_level":0.95,"lower_bound":197443891.5,"upper_bound":199872109.0},"point_estimate":198727720.5,"standard_error":576787.1404277117},"median_abs_dev":{"confidence_interval":{"confidence_level":0.95,"lower_bound":3646750.3954247395,"upper_bound":5521312.755677104},"point_estimate":4728227.775657177,"standard_error":470212.1612515206},"slope":null,"std_dev":{"confidence_interval":{"confidence_level":0.95,"lower_bound":3524605.0580698005,"upper_bound":4405207.670803614},"point_estimate":3990546.3472338584,"standard_error":225181.43799667663}}