{"mean":{"confidence_interval":{"confidence_level":0.95,"lower_bound":73305444.30175,"upper_bound":73711382.95650001},"point_estimate":73502358.51,"standard_error":103203.25892481692},"median":{"confidence_interval":{"confidence_level":0.95,"lower_bound":73034293.0,"upper_bound":73532280.5},"point_estimate":73403143.0,"standard_error":117761.4397337524},"median_abs_dev":{"confidence_interval":{"confidence_level":0.95,"lower_bound":710018.6099946499,"upper_bound":1212039.0072070062},"point_estimate":1003054.494792223,"standard_error":133803.42527349523},"slope":null,"std_dev":{"confidence_interval":{"confidence_level":0.95,"lower_bound":847574.9550828267,"upper_bound":1213257.7554458391},"point_estimate":1035985.9833375007,"standard_error":94017.15068796322}}