{"mean":{"confidence_interval":{"confidence_level":0.95,"lower_bound":98598346.08049999,"upper_bound":98959884.23099999},"point_estimate":98780938.17,"standard_error":92444.52377395779},"median":{"confidence_interval":{"confidence_level":0.95,"lower_bound":98714286.5,"upper_bound":99109459.0},"point_estimate":98896697.0,"standard_error":99015.78301645807},"median_abs_dev":{"confidence_interval":{"confidence_level":0.95,"lower_bound":601771.7620164156,"upper_bound":1127732.2569787493},"point_estimate":826989.8175179958,"standard_error":133784.73032164024},"slope":null,"std_dev":{"confidence_interval":{"confidence_level":0.95,"lower_bound":800180.0676251376,"upper_bound":1039578.0092289607},"point_estimate":928041.137144309,"standard_error":60978.11591195633}}