{"mean":{"confidence_interval":{"confidence_level":0.95,"lower_bound":6491802.88125,"upper_bound":6501147.8310625},"point_estimate":6495925.7725,"standard_error":2405.384443697474},"median":{"confidence_interval":{"confidence_level":0.95,"lower_bound":6489227.125,"upper_bound":6490965.0},"point_estimate":6489778.25,"standard_error":512.9912227688072},"median_abs_dev":{"confidence_interval":{"confidence_level":0.95,"lower_bound":2282.833309471607,"upper_bound":4093.6438523232937},"point_estimate":2912.382323294878,"standard_error":479.3852903003762},"slope":null,"std_dev":{"confidence_interval":{"confidence_level":0.95,"lower_bound":9715.61948728492,"upper_bound":34494.38605895045},"point_estimate":24123.967018834494,"standard_error":6165.311175169377}}