{"mean":{"confidence_interval":{"confidence_level":0.95,"lower_bound":6491256.676875,"upper_bound":6495779.3},"point_estimate":6492964.18125,"standard_error":1235.7455180832349},"median":{"confidence_interval":{"confidence_level":0.95,"lower_bound":6490609.0625,"upper_bound":6491788.625},"point_estimate":6491305.8125,"standard_error":314.6842655283525},"median_abs_dev":{"confidence_interval":{"confidence_level":0.95,"lower_bound":2524.497105181217,"upper_bound":4148.778038844466},"point_estimate":3380.791252478957,"standard_error":400.7347989846506},"slope":null,"std_dev":{"confidence_interval":{"confidence_level":0.95,"lower_bound":2971.0471184570783,"upper_bound":20601.41358258965},"point_estimate":12330.423322855768,"standard_error":6016.260510848042}}