{"mean":{"confidence_interval":{"confidence_level":0.95,"lower_bound":6494862.58328125,"upper_bound":6504347.67728125},"point_estimate":6499122.52125,"standard_error":2436.695725623465},"median":{"confidence_interval":{"confidence_level":0.95,"lower_bound":6492091.6875,"upper_bound":6493487.125},"point_estimate":6492649.375,"standard_error":355.58215010647086},"median_abs_dev":{"confidence_interval":{"confidence_level":0.95,"lower_bound":3004.5815091580153,"upper_bound":4747.194769782945},"point_estimate":3867.547356337309,"standard_error":429.56491496367556},"slope":null,"std_dev":{"confidence_interval":{"confidence_level":0.95,"lower_bound":12574.518379830071,"upper_bound":33401.08455019944},"point_estimate":24421.787990775134,"standard_error":5321.828444712241}}