{"mean":{"confidence_interval":{"confidence_level":0.95,"lower_bound":18224584.83583334,"upper_bound":18228837.13158333},"point_estimate":18226582.456666663,"standard_error":1084.0515306339419},"median":{"confidence_interval":{"confidence_level":0.95,"lower_bound":18223242.333333336,"upper_bound":18226659.0},"point_estimate":18224259.166666664,"standard_error":835.9967820850306},"median_abs_dev":{"confidence_interval":{"confidence_level":0.95,"lower_bound":5905.689895153966,"upper_bound":10155.809819698334},"point_estimate":8475.529849528346,"standard_error":1057.1174602986443},"slope":null,"std_dev":{"confidence_interval":{"confidence_level":0.95,"lower_bound":7573.571251901749,"upper_bound":14479.94874083275},"point_estimate":10942.459259186482,"standard_error":1824.2004177100384}}