{"mean":{"confidence_interval":{"confidence_level":0.95,"lower_bound":6494234.98665625,"upper_bound":6519526.0620625},"point_estimate":6504377.5775,"standard_error":6634.740063629315},"median":{"confidence_interval":{"confidence_level":0.95,"lower_bound":6490382.625,"upper_bound":6491705.75},"point_estimate":6490839.5,"standard_error":330.89496174905827},"median_abs_dev":{"confidence_interval":{"confidence_level":0.95,"lower_bound":2246.6022726148367,"upper_bound":4398.077224418513},"point_estimate":3471.137188374996,"standard_error":543.9082744763001},"slope":null,"std_dev":{"confidence_interval":{"confidence_level":0.95,"lower_bound":18110.01530458738,"upper_bound":108441.96950580456},"point_estimate":66807.79874886468,"standard_error":27565.224790819208}}