{"mean":{"confidence_interval":{"confidence_level":0.95,"lower_bound":14686699.4048125,"upper_bound":14690806.7535},"point_estimate":14688514.43,"standard_error":1053.399084680781},"median":{"confidence_interval":{"confidence_level":0.95,"lower_bound":14686751.25,"upper_bound":14689376.5},"point_estimate":14687701.5,"standard_error":765.0884238842158},"median_abs_dev":{"confidence_interval":{"confidence_level":0.95,"lower_bound":3910.728080570698,"upper_bound":6690.417706221342},"point_estimate":5207.632407546043,"standard_error":747.6664565492255},"slope":null,"std_dev":{"confidence_interval":{"confidence_level":0.95,"lower_bound":5452.266521788179,"upper_bound":15947.856364950178},"point_estimate":10611.931677628561,"standard_error":3068.691819109323}}