{"mean":{"confidence_interval":{"confidence_level":0.95,"lower_bound":13537384.197999999,"upper_bound":13699311.751},"point_estimate":13615747.63,"standard_error":41314.85577229433},"median":{"confidence_interval":{"confidence_level":0.95,"lower_bound":13403854.75,"upper_bound":13612271.125},"point_estimate":13524647.5,"standard_error":49800.36043864579},"median_abs_dev":{"confidence_interval":{"confidence_level":0.95,"lower_bound":248825.124232471,"upper_bound":433521.31322845817},"point_estimate":356130.15057742596,"standard_error":46053.36099875397},"slope":null,"std_dev":{"confidence_interval":{"confidence_level":0.95,"lower_bound":340649.5389451106,"upper_bound":480360.083699417},"point_estimate":415717.8552976886,"standard_error":35686.34238129459}}