{"mean":{"confidence_interval":{"confidence_level":0.95,"lower_bound":16624488.430500008,"upper_bound":16912764.70333333},"point_estimate":16771370.13666667,"standard_error":73830.1175235711},"median":{"confidence_interval":{"confidence_level":0.95,"lower_bound":16676174.333333334,"upper_bound":17076029.833333332},"point_estimate":16880428.0,"standard_error":94276.25844809556},"median_abs_dev":{"confidence_interval":{"confidence_level":0.95,"lower_bound":631716.9518122843,"upper_bound":992396.4604089403},"point_estimate":837435.7227325458,"standard_error":100193.62478912043},"slope":null,"std_dev":{"confidence_interval":{"confidence_level":0.95,"lower_bound":634991.7498766506,"upper_bound":831192.9846182506},"point_estimate":740876.9027802325,"standard_error":49938.12639229768}}