{"mean":{"confidence_interval":{"confidence_level":0.95,"lower_bound":6492723.94746875,"upper_bound":6498217.907125},"point_estimate":6495051.2925,"standard_error":1422.8833430063191},"median":{"confidence_interval":{"confidence_level":0.95,"lower_bound":6490587.25,"upper_bound":6493174.5},"point_estimate":6492168.875,"standard_error":802.0325868342873},"median_abs_dev":{"confidence_interval":{"confidence_level":0.95,"lower_bound":2903.950035944581,"upper_bound":5492.106277495623},"point_estimate":4332.527773082256,"standard_error":766.1764389324685},"slope":null,"std_dev":{"confidence_interval":{"confidence_level":0.95,"lower_bound":4214.418307731886,"upper_bound":21650.661690270936},"point_estimate":14256.53489023396,"standard_error":4748.787010338587}}