{"mean":{"confidence_interval":{"confidence_level":0.95,"lower_bound":16276093.687125,"upper_bound":16476427.8125},"point_estimate":16376496.06,"standard_error":51101.66323546597},"median":{"confidence_interval":{"confidence_level":0.95,"lower_bound":16222713.0,"upper_bound":16546017.875},"point_estimate":16422011.25,"standard_error":97837.99213792327},"median_abs_dev":{"confidence_interval":{"confidence_level":0.95,"lower_bound":406470.54004183086,"upper_bound":649290.2911521664},"point_estimate":555115.267469734,"standard_error":62110.15394263022},"slope":null,"std_dev":{"confidence_interval":{"confidence_level":0.95,"lower_bound":421634.05157407006,"upper_bound":610252.34207859},"point_estimate":512896.49041283375,"standard_error":48706.201873422906}}