{"mean":{"confidence_interval":{"confidence_level":0.95,"lower_bound":6490290.81146875,"upper_bound":6492239.84134375},"point_estimate":6491188.1025,"standard_error":499.61241879272933},"median":{"confidence_interval":{"confidence_level":0.95,"lower_bound":6489465.125,"upper_bound":6490733.75},"point_estimate":6489991.75,"standard_error":345.5984895541433},"median_abs_dev":{"confidence_interval":{"confidence_level":0.95,"lower_bound":1980.1049273461103,"upper_bound":3330.1233983784873},"point_estimate":2590.1948165148497,"standard_error":331.1741745208438},"slope":null,"std_dev":{"confidence_interval":{"confidence_level":0.95,"lower_bound":2806.884341308348,"upper_bound":6850.31591116187},"point_estimate":5024.053963643531,"standard_error":1028.4152842251226}}