{"mean":{"confidence_interval":{"confidence_level":0.95,"lower_bound":6492637.46125,"upper_bound":6500663.70778125},"point_estimate":6495977.85875,"standard_error":2109.7881383374865},"median":{"confidence_interval":{"confidence_level":0.95,"lower_bound":6491372.0,"upper_bound":6493035.125},"point_estimate":6492011.375,"standard_error":379.9298353441896},"median_abs_dev":{"confidence_interval":{"confidence_level":0.95,"lower_bound":2300.4391841590405,"upper_bound":3665.0797974318266},"point_estimate":2930.9148229658604,"standard_error":360.6034006865009},"slope":null,"std_dev":{"confidence_interval":{"confidence_level":0.95,"lower_bound":3896.547858916153,"upper_bound":32661.736568720007},"point_estimate":21153.46235238047,"standard_error":7834.5219586621415}}