{"mean":{"confidence_interval":{"confidence_level":0.95,"lower_bound":6489766.0852500005,"upper_bound":6496301.6989687495},"point_estimate":6492691.78125,"standard_error":1682.5454206600612},"median":{"confidence_interval":{"confidence_level":0.95,"lower_bound":6487809.25,"upper_bound":6488789.875},"point_estimate":6488230.0625,"standard_error":230.82372203887098},"median_abs_dev":{"confidence_interval":{"confidence_level":0.95,"lower_bound":1839.9065673351288,"upper_bound":3206.1224430799484},"point_estimate":2403.4798823297024,"standard_error":339.8056122599696},"slope":null,"std_dev":{"confidence_interval":{"confidence_level":0.95,"lower_bound":8312.310733767747,"upper_bound":23627.899555642533},"point_estimate":16931.382503428096,"standard_error":3912.991925517858}}