{"mean":{"confidence_interval":{"confidence_level":0.95,"lower_bound":14719431.260374999,"upper_bound":14721886.258125},"point_estimate":14720468.2975,"standard_error":635.9142106127276},"median":{"confidence_interval":{"confidence_level":0.95,"lower_bound":14718777.625,"upper_bound":14720325.75},"point_estimate":14719552.625,"standard_error":404.15701010475954},"median_abs_dev":{"confidence_interval":{"confidence_level":0.95,"lower_bound":2891.440598666668,"upper_bound":4630.7156927883625},"point_estimate":3725.2177588641644,"standard_error":437.18284926445295},"slope":null,"std_dev":{"confidence_interval":{"confidence_level":0.95,"lower_bound":3025.509367032865,"upper_bound":9987.967077660376},"point_estimate":6383.003852828302,"standard_error":2288.9579166311983}}