{"mean":{"confidence_interval":{"confidence_level":0.95,"lower_bound":6493541.368531249,"upper_bound":6503304.861125},"point_estimate":6497792.79375,"standard_error":2491.917295292068},"median":{"confidence_interval":{"confidence_level":0.95,"lower_bound":6491478.75,"upper_bound":6493441.25},"point_estimate":6492489.375,"standard_error":527.1017688552266},"median_abs_dev":{"confidence_interval":{"confidence_level":0.95,"lower_bound":3094.5567950606346,"upper_bound":5387.318891230967},"point_estimate":4349.021697789431,"standard_error":567.7748145368436},"slope":null,"std_dev":{"confidence_interval":{"confidence_level":0.95,"lower_bound":4831.920830661637,"upper_bound":36938.67015818241},"point_estimate":25059.31963532421,"standard_error":7286.222164433892}}