{"mean":{"confidence_interval":{"confidence_level":0.95,"lower_bound":14685584.494125,"upper_bound":14688977.9985},"point_estimate":14687207.7,"standard_error":863.9532428283968},"median":{"confidence_interval":{"confidence_level":0.95,"lower_bound":14684786.5,"upper_bound":14686936.625},"point_estimate":14686174.125,"standard_error":536.3056746406662},"median_abs_dev":{"confidence_interval":{"confidence_level":0.95,"lower_bound":3965.5842795968056,"upper_bound":7190.424547344446},"point_estimate":5819.204896688461,"standard_error":806.504853988891},"slope":null,"std_dev":{"confidence_interval":{"confidence_level":0.95,"lower_bound":6465.067484504987,"upper_bound":10586.790893702788},"point_estimate":8679.991641279199,"standard_error":1056.06256877354}}