{"mean":{"confidence_interval":{"confidence_level":0.95,"lower_bound":6490617.1575,"upper_bound":6496718.8618125},"point_estimate":6492986.32625,"standard_error":1630.2160408512784},"median":{"confidence_interval":{"confidence_level":0.95,"lower_bound":6489056.875,"upper_bound":6490827.6875},"point_estimate":6489857.125,"standard_error":431.1817230697251},"median_abs_dev":{"confidence_interval":{"confidence_level":0.95,"lower_bound":2198.3251109719276,"upper_bound":4103.2807521522045},"point_estimate":2966.033909842372,"standard_error":461.18964941009904},"slope":null,"std_dev":{"confidence_interval":{"confidence_level":0.95,"lower_bound":3747.8855085871774,"upper_bound":27285.144592423127},"point_estimate":16494.340914331777,"standard_error":7473.202943614811}}