{"mean":{"confidence_interval":{"confidence_level":0.95,"lower_bound":6491761.39721875,"upper_bound":6494554.50990625},"point_estimate":6493062.98375,"standard_error":711.6368316207581},"median":{"confidence_interval":{"confidence_level":0.95,"lower_bound":6490067.125,"upper_bound":6491060.1875},"point_estimate":6490426.0,"standard_error":250.22878772987758},"median_abs_dev":{"confidence_interval":{"confidence_level":0.95,"lower_bound":1628.2654210925102,"upper_bound":2927.8592770826067},"point_estimate":2128.828237205744,"standard_error":344.43321980704235},"slope":null,"std_dev":{"confidence_interval":{"confidence_level":0.95,"lower_bound":4865.796592332743,"upper_bound":9150.915612597464},"point_estimate":7189.949521171876,"standard_error":1090.0225891920538}}