{"mean":{"confidence_interval":{"confidence_level":0.95,"lower_bound":18221574.44991666,"upper_bound":18276506.288249996},"point_estimate":18245159.95,"standard_error":14087.788761080361},"median":{"confidence_interval":{"confidence_level":0.95,"lower_bound":18215843.833333332,"upper_bound":18219629.833333336},"point_estimate":18218599.166666664,"standard_error":1038.9080825444748},"median_abs_dev":{"confidence_interval":{"confidence_level":0.95,"lower_bound":8261.294153334551,"upper_bound":13936.439752578735},"point_estimate":11486.196196080175,"standard_error":1464.1490966695214},"slope":null,"std_dev":{"confidence_interval":{"confidence_level":0.95,"lower_bound":17140.48232530129,"upper_bound":220749.47837364275},"point_estimate":141553.73700195065,"standard_error":48521.03998830698}}