{"mean":{"confidence_interval":{"confidence_level":0.95,"lower_bound":6491569.36875,"upper_bound":6503322.196375},"point_estimate":6495755.95625,"standard_error":3508.757784307912},"median":{"confidence_interval":{"confidence_level":0.95,"lower_bound":6490254.0,"upper_bound":6491618.5625},"point_estimate":6491279.0625,"standard_error":333.4476255235001},"median_abs_dev":{"confidence_interval":{"confidence_level":0.95,"lower_bound":2412.9314571619034,"upper_bound":3956.596017256379},"point_estimate":3240.7782174646854,"standard_error":352.44963567367273},"slope":null,"std_dev":{"confidence_interval":{"confidence_level":0.95,"lower_bound":3683.0325618617,"upper_bound":60369.50857491974},"point_estimate":35387.91742136297,"standard_error":20027.42788113302}}