{"mean":{"confidence_interval":{"confidence_level":0.95,"lower_bound":14687485.6058125,"upper_bound":14691984.40975},"point_estimate":14689652.7175,"standard_error":1150.2853288084796},"median":{"confidence_interval":{"confidence_level":0.95,"lower_bound":14686594.875,"upper_bound":14691402.25},"point_estimate":14688944.875,"standard_error":1336.224276348975},"median_abs_dev":{"confidence_interval":{"confidence_level":0.95,"lower_bound":6459.8734103143215,"upper_bound":12602.285101264715},"point_estimate":9104.831763356924,"standard_error":1591.0923309124541},"slope":null,"std_dev":{"confidence_interval":{"confidence_level":0.95,"lower_bound":8812.361723521697,"upper_bound":14557.882402870813},"point_estimate":11547.093952519037,"standard_error":1518.5882042271644}}