{"mean":{"confidence_interval":{"confidence_level":0.95,"lower_bound":14683745.118187498,"upper_bound":14686716.07875},"point_estimate":14685191.0575,"standard_error":757.1154910159785},"median":{"confidence_interval":{"confidence_level":0.95,"lower_bound":14683389.75,"upper_bound":14686489.5},"point_estimate":14685027.875,"standard_error":724.4403361445377},"median_abs_dev":{"confidence_interval":{"confidence_level":0.95,"lower_bound":4373.669922351837,"upper_bound":6894.094510730355},"point_estimate":5559.935226291418,"standard_error":653.1888193850983},"slope":null,"std_dev":{"confidence_interval":{"confidence_level":0.95,"lower_bound":5671.5702344628135,"upper_bound":9593.457628596243},"point_estimate":7601.850923256314,"standard_error":1012.8093015435446}}