{"mean":{"confidence_interval":{"confidence_level":0.95,"lower_bound":17619371.807999995,"upper_bound":17623214.69991667},"point_estimate":17621263.48666667,"standard_error":980.5678574250146},"median":{"confidence_interval":{"confidence_level":0.95,"lower_bound":17619846.666666664,"upper_bound":17624247.0},"point_estimate":17621996.833333336,"standard_error":1084.4992030356407},"median_abs_dev":{"confidence_interval":{"confidence_level":0.95,"lower_bound":5964.2958366126,"upper_bound":10527.94241309166},"point_estimate":7809.348261357274,"standard_error":1164.1927379705194},"slope":null,"std_dev":{"confidence_interval":{"confidence_level":0.95,"lower_bound":7744.957349782588,"upper_bound":12035.742198486641},"point_estimate":9868.547513471145,"standard_error":1105.7870654468052}}