{"mean":{"confidence_interval":{"confidence_level":0.95,"lower_bound":17614096.057916664,"upper_bound":17633120.665250003},"point_estimate":17624995.136666667,"standard_error":4909.338788098077},"median":{"confidence_interval":{"confidence_level":0.95,"lower_bound":17630531.833333336,"upper_bound":17633798.333333332},"point_estimate":17632665.0,"standard_error":873.819713380156},"median_abs_dev":{"confidence_interval":{"confidence_level":0.95,"lower_bound":6251.135689018316,"upper_bound":11169.16690170765},"point_estimate":8671.727246046066,"standard_error":1276.3467823869837},"slope":null,"std_dev":{"confidence_interval":{"confidence_level":0.95,"lower_bound":19048.080533571436,"upper_bound":76486.29816230986},"point_estimate":49132.48404542405,"standard_error":16373.549291253501}}