{"mean":{"confidence_interval":{"confidence_level":0.95,"lower_bound":17625638.105083335,"upper_bound":18019772.988083333},"point_estimate":17820213.070000015,"standard_error":100377.15898639977},"median":{"confidence_interval":{"confidence_level":0.95,"lower_bound":17427197.333333332,"upper_bound":17896465.833333336},"point_estimate":17591814.666666668,"standard_error":116552.74022907954},"median_abs_dev":{"confidence_interval":{"confidence_level":0.95,"lower_bound":646415.8124238253,"upper_bound":1204573.436814548},"point_estimate":955959.2124283332,"standard_error":142973.72335363878},"slope":null,"std_dev":{"confidence_interval":{"confidence_level":0.95,"lower_bound":848860.3015380475,"upper_bound":1155755.7588693795},"point_estimate":1009349.0384111779,"standard_error":78296.01058622784}}