{"mean":{"confidence_interval":{"confidence_level":0.95,"lower_bound":6491400.1337187495,"upper_bound":6492492.95521875},"point_estimate":6491915.7,"standard_error":278.64907456969604},"median":{"confidence_interval":{"confidence_level":0.95,"lower_bound":6491060.0,"upper_bound":6491866.5},"point_estimate":6491333.0,"standard_error":252.42604507572474},"median_abs_dev":{"confidence_interval":{"confidence_level":0.95,"lower_bound":1370.2930256724358,"upper_bound":2236.4093977957964},"point_estimate":1864.1841419041157,"standard_error":220.28384897072488},"slope":null,"std_dev":{"confidence_interval":{"confidence_level":0.95,"lower_bound":1960.5035622909281,"upper_bound":3524.880401648955},"point_estimate":2796.2802894892993,"standard_error":399.25482331101404}}