{"mean":{"confidence_interval":{"confidence_level":0.95,"lower_bound":6492509.892125,"upper_bound":6566734.5661562495},"point_estimate":6517734.61125,"standard_error":23797.92740235439},"median":{"confidence_interval":{"confidence_level":0.95,"lower_bound":6490650.75,"upper_bound":6492052.125},"point_estimate":6491314.4375,"standard_error":378.10613075842366},"median_abs_dev":{"confidence_interval":{"confidence_level":0.95,"lower_bound":2441.471506655216,"upper_bound":4354.952097684145},"point_estimate":3401.3623271137476,"standard_error":500.77630076244793},"slope":null,"std_dev":{"confidence_interval":{"confidence_level":0.95,"lower_bound":4437.522474546242,"upper_bound":407656.0177973777},"point_estimate":237869.3642596732,"standard_error":145177.1384174922}}