{"mean":{"confidence_interval":{"confidence_level":0.95,"lower_bound":18496426.819499996,"upper_bound":18723025.484500002},"point_estimate":18606981.12666666,"standard_error":57901.17982160799},"median":{"confidence_interval":{"confidence_level":0.95,"lower_bound":18427876.225000005,"upper_bound":18645823.666666668},"point_estimate":18518730.833333332,"standard_error":52500.57510753753},"median_abs_dev":{"confidence_interval":{"confidence_level":0.95,"lower_bound":387251.15952491574,"upper_bound":639572.8722453063},"point_estimate":491206.62187933736,"standard_error":66890.06340905247},"slope":null,"std_dev":{"confidence_interval":{"confidence_level":0.95,"lower_bound":477824.56771866354,"upper_bound":675161.0429035753},"point_estimate":582077.1904499886,"standard_error":50257.38122136981}}