{"mean":{"confidence_interval":{"confidence_level":0.95,"lower_bound":18225932.54016667,"upper_bound":18248067.513166677},"point_estimate":18234635.189999998,"standard_error":5845.843732355126},"median":{"confidence_interval":{"confidence_level":0.95,"lower_bound":18222411.666666664,"upper_bound":18227328.333333332},"point_estimate":18224461.666666668,"standard_error":1288.9493879233828},"median_abs_dev":{"confidence_interval":{"confidence_level":0.95,"lower_bound":7066.812774538994,"upper_bound":12429.129779339757},"point_estimate":9982.839822770085,"standard_error":1309.5767174570974},"slope":null,"std_dev":{"confidence_interval":{"confidence_level":0.95,"lower_bound":10798.209874784596,"upper_bound":96475.83829342265},"point_estimate":58828.379004746195,"standard_error":25262.003020437136}}