{"mean":{"confidence_interval":{"confidence_level":0.95,"lower_bound":6497459.333218751,"upper_bound":6506795.144375},"point_estimate":6501673.325,"standard_error":2409.0018240621703},"median":{"confidence_interval":{"confidence_level":0.95,"lower_bound":6491915.375,"upper_bound":6495315.1875},"point_estimate":6493725.75,"standard_error":893.4845481721264},"median_abs_dev":{"confidence_interval":{"confidence_level":0.95,"lower_bound":5295.29113098979,"upper_bound":11000.799142196774},"point_estimate":8135.767355561256,"standard_error":1486.0987157900431},"slope":null,"std_dev":{"confidence_interval":{"confidence_level":0.95,"lower_bound":11779.171010861866,"upper_bound":34845.44633901559},"point_estimate":24260.98830298996,"standard_error":6086.59913943116}}