{"mean":{"confidence_interval":{"confidence_level":0.95,"lower_bound":219956.91320396255,"upper_bound":220733.11053666333},"point_estimate":220344.55727848253,"standard_error":198.0458617139466},"median":{"confidence_interval":{"confidence_level":0.95,"lower_bound":219190.1875,"upper_bound":221441.36956521738},"point_estimate":220792.538003663,"standard_error":704.7643555669669},"median_abs_dev":{"confidence_interval":{"confidence_level":0.95,"lower_bound":1855.3882525924055,"upper_bound":2921.598109046763},"point_estimate":2669.983696489812,"standard_error":266.8720706847736},"slope":{"confidence_interval":{"confidence_level":0.95,"lower_bound":220155.8136151122,"upper_bound":221131.06597554195},"point_estimate":220641.78587409487,"standard_error":249.04019946393353},"std_dev":{"confidence_interval":{"confidence_level":0.95,"lower_bound":1823.618179280236,"upper_bound":2140.6682798647107},"point_estimate":1992.6491156584868,"standard_error":80.93114214111851}}