{"mean":{"confidence_interval":{"confidence_level":0.95,"lower_bound":218026.07054125358,"upper_bound":218499.98106856077},"point_estimate":218244.79475575898,"standard_error":121.31748458941706},"median":{"confidence_interval":{"confidence_level":0.95,"lower_bound":218042.82254710852,"upper_bound":218239.08293446244},"point_estimate":218150.21640151515,"standard_error":55.78326659551357},"median_abs_dev":{"confidence_interval":{"confidence_level":0.95,"lower_bound":454.1385791078047,"upper_bound":728.1692674896881},"point_estimate":611.9408883881237,"standard_error":69.24697648469338},"slope":{"confidence_interval":{"confidence_level":0.95,"lower_bound":218088.04732477083,"upper_bound":218444.37147154435},"point_estimate":218252.2748418797,"standard_error":91.44491314723912},"std_dev":{"confidence_interval":{"confidence_level":0.95,"lower_bound":737.1773852702022,"upper_bound":1738.878518609844},"point_estimate":1225.2780784293534,"standard_error":273.1666007035761}}