{"mean":{"confidence_interval":{"confidence_level":0.95,"lower_bound":273805.619686757,"upper_bound":274123.0402083104},"point_estimate":273960.8408972222,"standard_error":81.08041227276695},"median":{"confidence_interval":{"confidence_level":0.95,"lower_bound":273803.1,"upper_bound":273964.0990990991},"point_estimate":273863.14967105264,"standard_error":37.144170208578466},"median_abs_dev":{"confidence_interval":{"confidence_level":0.95,"lower_bound":285.3788949120316,"upper_bound":642.7216382274864},"point_estimate":481.63067002076497,"standard_error":98.54108297920605},"slope":{"confidence_interval":{"confidence_level":0.95,"lower_bound":273792.90676729847,"upper_bound":274030.1049593301},"point_estimate":273907.5319974386,"standard_error":60.45561215409484},"std_dev":{"confidence_interval":{"confidence_level":0.95,"lower_bound":589.7299210910356,"upper_bound":1025.4172191714495},"point_estimate":816.2313208141177,"standard_error":111.64754868093985}}