{"mean":{"confidence_interval":{"confidence_level":0.95,"lower_bound":218443.1461496064,"upper_bound":218888.56641922038},"point_estimate":218658.95564632613,"standard_error":113.8893537632978},"median":{"confidence_interval":{"confidence_level":0.95,"lower_bound":218118.484375,"upper_bound":218571.36764705883},"point_estimate":218287.5685483871,"standard_error":104.54468904824299},"median_abs_dev":{"confidence_interval":{"confidence_level":0.95,"lower_bound":616.9000639366981,"upper_bound":1128.715074007645},"point_estimate":872.0904070270866,"standard_error":129.71950359316733},"slope":{"confidence_interval":{"confidence_level":0.95,"lower_bound":218289.23167650486,"upper_bound":218815.9146225908},"point_estimate":218538.6690897,"standard_error":134.2980252841874},"std_dev":{"confidence_interval":{"confidence_level":0.95,"lower_bound":925.1241350063633,"upper_bound":1340.824782926811},"point_estimate":1143.8275296466832,"standard_error":106.27886985219645}}