{"mean":{"confidence_interval":{"confidence_level":0.95,"lower_bound":273756.3884270154,"upper_bound":274018.33978453075},"point_estimate":273884.4912549318,"standard_error":66.71999793260316},"median":{"confidence_interval":{"confidence_level":0.95,"lower_bound":273707.91555555555,"upper_bound":273912.8617886179},"point_estimate":273802.6619034406,"standard_error":56.379726362283414},"median_abs_dev":{"confidence_interval":{"confidence_level":0.95,"lower_bound":369.3747809422662,"upper_bound":733.0827282297503},"point_estimate":532.8475430629168,"standard_error":92.00889934310166},"slope":{"confidence_interval":{"confidence_level":0.95,"lower_bound":273813.6464697205,"upper_bound":274040.32410897966},"point_estimate":273924.955516477,"standard_error":57.80640227235529},"std_dev":{"confidence_interval":{"confidence_level":0.95,"lower_bound":553.5215976899871,"upper_bound":775.3808225239824},"point_estimate":669.9088170693527,"standard_error":56.796004654847025}}