{"mean":{"confidence_interval":{"confidence_level":0.95,"lower_bound":630825.7776606075,"upper_bound":640695.9570514492},"point_estimate":635529.6898797089,"standard_error":2518.5406174659665},"median":{"confidence_interval":{"confidence_level":0.95,"lower_bound":624384.8423076924,"upper_bound":630357.2319587629},"point_estimate":626812.6306746532,"standard_error":1633.6827505078395},"median_abs_dev":{"confidence_interval":{"confidence_level":0.95,"lower_bound":11002.737321130082,"upper_bound":20285.02795205961},"point_estimate":15613.421078204137,"standard_error":2282.7448918796017},"slope":{"confidence_interval":{"confidence_level":0.95,"lower_bound":630186.5985619093,"upper_bound":640508.0801174083},"point_estimate":635108.4720865968,"standard_error":2638.7744398280024},"std_dev":{"confidence_interval":{"confidence_level":0.95,"lower_bound":18951.441504458468,"upper_bound":30701.27646499236},"point_estimate":25202.688182533613,"standard_error":3006.756477799691}}