{"mean":{"confidence_interval":{"confidence_level":0.95,"lower_bound":296182.7320099432,"upper_bound":296492.24079484673},"point_estimate":296333.5179974121,"standard_error":79.39106149187752},"median":{"confidence_interval":{"confidence_level":0.95,"lower_bound":296140.8412698413,"upper_bound":296418.10256410256},"point_estimate":296325.01829268294,"standard_error":65.35829203320698},"median_abs_dev":{"confidence_interval":{"confidence_level":0.95,"lower_bound":393.13721175267085,"upper_bound":648.1793597530318},"point_estimate":519.3752748217796,"standard_error":64.0159913864368},"slope":{"confidence_interval":{"confidence_level":0.95,"lower_bound":296180.3938459319,"upper_bound":296363.8991917385},"point_estimate":296269.75532929413,"standard_error":46.75569439864965},"std_dev":{"confidence_interval":{"confidence_level":0.95,"lower_bound":585.115931088409,"upper_bound":992.9054726760887},"point_estimate":796.5016336024279,"standard_error":104.84538180659413}}