{"mean":{"confidence_interval":{"confidence_level":0.95,"lower_bound":273700.69591775944,"upper_bound":274117.0698762088},"point_estimate":273892.9270063289,"standard_error":106.13614923830727},"median":{"confidence_interval":{"confidence_level":0.95,"lower_bound":273632.24473566306,"upper_bound":273985.1307542746},"point_estimate":273836.4996612466,"standard_error":96.84010231866029},"median_abs_dev":{"confidence_interval":{"confidence_level":0.95,"lower_bound":437.34389560328015,"upper_bound":665.7554171999036},"point_estimate":539.2739615490589,"standard_error":58.28514686819893},"slope":{"confidence_interval":{"confidence_level":0.95,"lower_bound":273769.9826999493,"upper_bound":273969.4092625469},"point_estimate":273868.60281858034,"standard_error":50.8548066751752},"std_dev":{"confidence_interval":{"confidence_level":0.95,"lower_bound":602.4436098020835,"upper_bound":1529.8092093693076},"point_estimate":1065.4708231613506,"standard_error":248.44513032304997}}