{"mean":{"confidence_interval":{"confidence_level":0.95,"lower_bound":221994.8093591482,"upper_bound":222520.5362391798},"point_estimate":222236.238742053,"standard_error":134.24101758857697},"median":{"confidence_interval":{"confidence_level":0.95,"lower_bound":221910.57053571427,"upper_bound":222264.92009943182},"point_estimate":222069.1333105407,"standard_error":94.33963427414099},"median_abs_dev":{"confidence_interval":{"confidence_level":0.95,"lower_bound":466.078080743545,"upper_bound":747.1135697884024},"point_estimate":617.6610668266749,"standard_error":71.75949955210056},"slope":{"confidence_interval":{"confidence_level":0.95,"lower_bound":222160.87753250182,"upper_bound":222626.98940077217},"point_estimate":222370.56189892124,"standard_error":119.75030221370909},"std_dev":{"confidence_interval":{"confidence_level":0.95,"lower_bound":790.0572691711952,"upper_bound":1950.4614774562679},"point_estimate":1352.0818808553333,"standard_error":319.1962279547063}}