{"mean":{"confidence_interval":{"confidence_level":0.95,"lower_bound":222324.7558948349,"upper_bound":223036.7457102871},"point_estimate":222659.16243967213,"standard_error":181.90995655822374},"median":{"confidence_interval":{"confidence_level":0.95,"lower_bound":222156.07352941178,"upper_bound":222537.33333333334},"point_estimate":222332.8321557971,"standard_error":93.61305468934546},"median_abs_dev":{"confidence_interval":{"confidence_level":0.95,"lower_bound":618.7800239194088,"upper_bound":1075.2267378289216},"point_estimate":823.7599446883377,"standard_error":120.16725649633278},"slope":{"confidence_interval":{"confidence_level":0.95,"lower_bound":222630.38043905853,"upper_bound":223148.612303266},"point_estimate":222884.1358955224,"standard_error":131.88850801708375},"std_dev":{"confidence_interval":{"confidence_level":0.95,"lower_bound":1149.1772247350468,"upper_bound":2407.5902036009143},"point_estimate":1820.7841995288145,"standard_error":322.27600437470363}}