{"mean":{"confidence_interval":{"confidence_level":0.95,"lower_bound":310241.9039810199,"upper_bound":310814.160676058},"point_estimate":310515.86786708987,"standard_error":146.0389636067545},"median":{"confidence_interval":{"confidence_level":0.95,"lower_bound":310097.6666666667,"upper_bound":310562.18279569893},"point_estimate":310432.275,"standard_error":112.52755960777358},"median_abs_dev":{"confidence_interval":{"confidence_level":0.95,"lower_bound":868.5533510656164,"upper_bound":1340.3255803805132},"point_estimate":1110.1803994766608,"standard_error":122.6991549788553},"slope":{"confidence_interval":{"confidence_level":0.95,"lower_bound":310202.6482246488,"upper_bound":310688.47833147255},"point_estimate":310443.2119334023,"standard_error":124.21432633540175},"std_dev":{"confidence_interval":{"confidence_level":0.95,"lower_bound":1081.948912833841,"upper_bound":1865.8232621323286},"point_estimate":1464.9588800369606,"standard_error":204.39443761769434}}