{"mean":{"confidence_interval":{"confidence_level":0.95,"lower_bound":355032.0880948234,"upper_bound":355573.63787706534},"point_estimate":355302.6899536613,"standard_error":137.62339210510123},"median":{"confidence_interval":{"confidence_level":0.95,"lower_bound":355080.8431372549,"upper_bound":355526.18554538523},"point_estimate":355354.0494791667,"standard_error":136.67992767798924},"median_abs_dev":{"confidence_interval":{"confidence_level":0.95,"lower_bound":760.2518454848185,"upper_bound":1309.631472512141},"point_estimate":1070.524573465012,"standard_error":141.74538567942642},"slope":{"confidence_interval":{"confidence_level":0.95,"lower_bound":354947.1518254029,"upper_bound":355448.6780972234},"point_estimate":355193.9277769568,"standard_error":127.24466181759375},"std_dev":{"confidence_interval":{"confidence_level":0.95,"lower_bound":1114.2628777136001,"upper_bound":1630.424268022568},"point_estimate":1383.4806738225911,"standard_error":132.09538299901624}}