{"mean":{"confidence_interval":{"confidence_level":0.95,"lower_bound":309137.4948119094,"upper_bound":309532.6996103237},"point_estimate":309340.3262276755,"standard_error":100.92855094538385},"median":{"confidence_interval":{"confidence_level":0.95,"lower_bound":309205.3375,"upper_bound":309514.78679653676},"point_estimate":309396.22704081633,"standard_error":76.11227237705602},"median_abs_dev":{"confidence_interval":{"confidence_level":0.95,"lower_bound":514.9298517540384,"upper_bound":908.5299815120109},"point_estimate":693.1096306263896,"standard_error":98.99576535310096},"slope":{"confidence_interval":{"confidence_level":0.95,"lower_bound":309235.53348177765,"upper_bound":309586.66933724395},"point_estimate":309405.61444854934,"standard_error":89.47801998743803},"std_dev":{"confidence_interval":{"confidence_level":0.95,"lower_bound":787.3951828422759,"upper_bound":1251.0358552320363},"point_estimate":1018.7972016816152,"standard_error":119.36088716917402}}