{"mean":{"confidence_interval":{"confidence_level":0.95,"lower_bound":296079.25048632565,"upper_bound":296548.2582930965},"point_estimate":296279.54014038434,"standard_error":120.31239858458616},"median":{"confidence_interval":{"confidence_level":0.95,"lower_bound":295981.95061728393,"upper_bound":296326.1666666667},"point_estimate":296169.9262893082,"standard_error":81.52393530053196},"median_abs_dev":{"confidence_interval":{"confidence_level":0.95,"lower_bound":439.03179725607794,"upper_bound":731.9983225597002},"point_estimate":544.1877712276516,"standard_error":74.49503554708372},"slope":{"confidence_interval":{"confidence_level":0.95,"lower_bound":296125.5060285586,"upper_bound":296370.1004918757},"point_estimate":296243.4935628787,"standard_error":62.50405093524837},"std_dev":{"confidence_interval":{"confidence_level":0.95,"lower_bound":568.9877317383282,"upper_bound":1891.2681978237824},"point_estimate":1209.7718416493617,"standard_error":423.9257716386355}}