{"mean":{"confidence_interval":{"confidence_level":0.95,"lower_bound":223448.59154251948,"upper_bound":225341.70404306735},"point_estimate":224226.81588667815,"standard_error":497.01475001881914},"median":{"confidence_interval":{"confidence_level":0.95,"lower_bound":223294.1941128595,"upper_bound":223675.25},"point_estimate":223501.43196816772,"standard_error":110.66095486221485},"median_abs_dev":{"confidence_interval":{"confidence_level":0.95,"lower_bound":564.3152763893564,"upper_bound":907.2980540349055},"point_estimate":729.9381389640745,"standard_error":87.10744258758591},"slope":{"confidence_interval":{"confidence_level":0.95,"lower_bound":223593.51165209262,"upper_bound":227884.6556063729},"point_estimate":225353.41372099897,"standard_error":1147.4849938957059},"std_dev":{"confidence_interval":{"confidence_level":0.95,"lower_bound":884.167659048857,"upper_bound":7843.688127289535},"point_estimate":4988.193641105577,"standard_error":1892.0492193806356}}