{"mean":{"confidence_interval":{"confidence_level":0.95,"lower_bound":217715.4419061179,"upper_bound":218111.67045068348},"point_estimate":217907.16084059293,"standard_error":101.41166830694353},"median":{"confidence_interval":{"confidence_level":0.95,"lower_bound":217570.53278688525,"upper_bound":217791.125},"point_estimate":217662.21916806023,"standard_error":56.19149106239285},"median_abs_dev":{"confidence_interval":{"confidence_level":0.95,"lower_bound":417.7440427739535,"upper_bound":847.0926032427894},"point_estimate":633.906355036355,"standard_error":114.56550976912878},"slope":{"confidence_interval":{"confidence_level":0.95,"lower_bound":217887.53457362278,"upper_bound":218487.78267773846},"point_estimate":218173.75009383773,"standard_error":153.68378890846884},"std_dev":{"confidence_interval":{"confidence_level":0.95,"lower_bound":796.182018550307,"upper_bound":1220.8035110483147},"point_estimate":1021.6483870379806,"standard_error":108.3571068444564}}