{"mean":{"confidence_interval":{"confidence_level":0.95,"lower_bound":223424.29420112784,"upper_bound":223903.41964573177},"point_estimate":223650.60169000726,"standard_error":122.51920166672953},"median":{"confidence_interval":{"confidence_level":0.95,"lower_bound":223339.94950216118,"upper_bound":223590.9347826087},"point_estimate":223480.71891124872,"standard_error":66.8173573276944},"median_abs_dev":{"confidence_interval":{"confidence_level":0.95,"lower_bound":426.96942473330034,"upper_bound":810.323572026911},"point_estimate":605.645637689997,"standard_error":99.35682790716419},"slope":{"confidence_interval":{"confidence_level":0.95,"lower_bound":223487.55337598422,"upper_bound":223798.4801266787},"point_estimate":223633.83567016403,"standard_error":79.6437954181932},"std_dev":{"confidence_interval":{"confidence_level":0.95,"lower_bound":789.3816478696417,"upper_bound":1621.7644361082619},"point_estimate":1229.0304063744393,"standard_error":213.55909840192504}}