{"mean":{"confidence_interval":{"confidence_level":0.95,"lower_bound":262722.3262834242,"upper_bound":264300.68073693314},"point_estimate":263503.28968263144,"standard_error":400.95087532289887},"median":{"confidence_interval":{"confidence_level":0.95,"lower_bound":260424.14285714287,"upper_bound":266988.5612244898},"point_estimate":263559.5952332242,"standard_error":2155.2019938632543},"median_abs_dev":{"confidence_interval":{"confidence_level":0.95,"lower_bound":1804.0587553629566,"upper_bound":6148.4352429503315},"point_estimate":5890.618199397879,"standard_error":1373.153973269656},"slope":{"confidence_interval":{"confidence_level":0.95,"lower_bound":263171.9639697671,"upper_bound":265232.80430935684},"point_estimate":264225.10828653764,"standard_error":526.3003612860875},"std_dev":{"confidence_interval":{"confidence_level":0.95,"lower_bound":3814.973039740688,"upper_bound":4209.973038213712},"point_estimate":4035.298576083895,"standard_error":100.29116934022304}}