{"mean":{"confidence_interval":{"confidence_level":0.95,"lower_bound":336507.2303707778,"upper_bound":337026.70560020953},"point_estimate":336753.2863310996,"standard_error":132.83958157322468},"median":{"confidence_interval":{"confidence_level":0.95,"lower_bound":336423.1080389145,"upper_bound":336740.0},"point_estimate":336601.6330300524,"standard_error":83.66522082685586},"median_abs_dev":{"confidence_interval":{"confidence_level":0.95,"lower_bound":613.6336159066271,"upper_bound":1041.2034024103407},"point_estimate":786.45427812409,"standard_error":109.65672037545603},"slope":{"confidence_interval":{"confidence_level":0.95,"lower_bound":336480.47955238447,"upper_bound":336873.3593658847},"point_estimate":336671.19331067434,"standard_error":100.4047765647265},"std_dev":{"confidence_interval":{"confidence_level":0.95,"lower_bound":925.2828582479784,"upper_bound":1718.4843034398964},"point_estimate":1336.4953939564887,"standard_error":203.448861070921}}