{"mean":{"confidence_interval":{"confidence_level":0.95,"lower_bound":218384.9994133597,"upper_bound":219020.88415890807},"point_estimate":218692.08250185515,"standard_error":162.47232543262913},"median":{"confidence_interval":{"confidence_level":0.95,"lower_bound":218004.06799242424,"upper_bound":218343.65625},"point_estimate":218156.31932849367,"standard_error":88.51008194410899},"median_abs_dev":{"confidence_interval":{"confidence_level":0.95,"lower_bound":449.2253210246612,"upper_bound":1004.8279304272702},"point_estimate":615.9600501710612,"standard_error":144.33747905135652},"slope":{"confidence_interval":{"confidence_level":0.95,"lower_bound":218498.81813550825,"upper_bound":219202.78180061246},"point_estimate":218822.7751573814,"standard_error":180.10767575825906},"std_dev":{"confidence_interval":{"confidence_level":0.95,"lower_bound":1304.2552043909257,"upper_bound":1920.8443436154355},"point_estimate":1635.9037181562358,"standard_error":157.17333767884563}}