{"mean":{"confidence_interval":{"confidence_level":0.95,"lower_bound":218081.0885428621,"upper_bound":218419.79239643822},"point_estimate":218241.96909474052,"standard_error":86.37386104545455},"median":{"confidence_interval":{"confidence_level":0.95,"lower_bound":217937.37096774194,"upper_bound":218194.84769748815},"point_estimate":218031.8581081081,"standard_error":67.55921026596603},"median_abs_dev":{"confidence_interval":{"confidence_level":0.95,"lower_bound":337.3825377817186,"upper_bound":621.9868012087641},"point_estimate":492.4561315049071,"standard_error":72.60628773536274},"slope":{"confidence_interval":{"confidence_level":0.95,"lower_bound":218117.33247721937,"upper_bound":218466.6405995736},"point_estimate":218281.65722181174,"standard_error":89.47389414066657},"std_dev":{"confidence_interval":{"confidence_level":0.95,"lower_bound":616.9262265002342,"upper_bound":1100.4913160466601},"point_estimate":870.5110394692215,"standard_error":124.32090377792704}}