{"mean":{"confidence_interval":{"confidence_level":0.95,"lower_bound":465840.61340302177,"upper_bound":474316.8195219367},"point_estimate":469940.9828379514,"standard_error":2164.6812515252655},"median":{"confidence_interval":{"confidence_level":0.95,"lower_bound":462203.7261904762,"upper_bound":470864.88627450983},"point_estimate":466302.4615384615,"standard_error":1986.0600014495428},"median_abs_dev":{"confidence_interval":{"confidence_level":0.95,"lower_bound":15050.263342703405,"upper_bound":23207.644937732835},"point_estimate":19849.15276819202,"standard_error":2101.520542198973},"slope":{"confidence_interval":{"confidence_level":0.95,"lower_bound":467862.8422632349,"upper_bound":476572.64070651523},"point_estimate":472113.5369932516,"standard_error":2214.0203094706153},"std_dev":{"confidence_interval":{"confidence_level":0.95,"lower_bound":16453.772322853416,"upper_bound":26990.97943882252},"point_estimate":21837.23991262287,"standard_error":2703.4938011908257}}