{"mean":{"confidence_interval":{"confidence_level":0.95,"lower_bound":19737818.650250003,"upper_bound":19783976.188500002},"point_estimate":19761641.91666667,"standard_error":11790.489997576058},"median":{"confidence_interval":{"confidence_level":0.95,"lower_bound":19745894.0,"upper_bound":19790260.5},"point_estimate":19773077.166666664,"standard_error":12334.952091020803},"median_abs_dev":{"confidence_interval":{"confidence_level":0.95,"lower_bound":79565.95148742199,"upper_bound":127849.29063022321},"point_estimate":102150.64398646263,"standard_error":12370.429768392654},"slope":null,"std_dev":{"confidence_interval":{"confidence_level":0.95,"lower_bound":91466.30223292355,"upper_bound":147859.89292167244},"point_estimate":118212.20965709107,"standard_error":14846.504647383406}}