{"mean":{"confidence_interval":{"confidence_level":0.95,"lower_bound":6492999.8983125,"upper_bound":6508139.35075},"point_estimate":6499392.6675,"standard_error":3933.40949427241},"median":{"confidence_interval":{"confidence_level":0.95,"lower_bound":6489865.5625,"upper_bound":6491335.75},"point_estimate":6490869.25,"standard_error":390.48026673193004},"median_abs_dev":{"confidence_interval":{"confidence_level":0.95,"lower_bound":2530.6128300726414,"upper_bound":4601.712330803275},"point_estimate":3579.8302989453077,"standard_error":518.9609450523736},"slope":null,"std_dev":{"confidence_interval":{"confidence_level":0.95,"lower_bound":12795.545091609541,"upper_bound":61746.28437961144},"point_estimate":39538.09310152114,"standard_error":13557.472227792257}}