{"mean":{"confidence_interval":{"confidence_level":0.95,"lower_bound":16491208.8213125,"upper_bound":16495038.144375},"point_estimate":16492977.9625,"standard_error":980.2108713727913},"median":{"confidence_interval":{"confidence_level":0.95,"lower_bound":16489601.5,"upper_bound":16491867.75},"point_estimate":16490767.75,"standard_error":610.9938029067085},"median_abs_dev":{"confidence_interval":{"confidence_level":0.95,"lower_bound":3373.1002651154995,"upper_bound":5923.218551091839},"point_estimate":4451.877070963383,"standard_error":682.0571045011488},"slope":null,"std_dev":{"confidence_interval":{"confidence_level":0.95,"lower_bound":6174.998974109286,"upper_bound":13288.036241272437},"point_estimate":9828.70853315767,"standard_error":1850.7075508797327}}