{"mean":{"confidence_interval":{"confidence_level":0.95,"lower_bound":6490683.433718749,"upper_bound":6493548.459125},"point_estimate":6491862.7775,"standard_error":746.2839861371807},"median":{"confidence_interval":{"confidence_level":0.95,"lower_bound":6489755.0625,"upper_bound":6490849.625},"point_estimate":6490334.875,"standard_error":259.45074417869733},"median_abs_dev":{"confidence_interval":{"confidence_level":0.95,"lower_bound":1469.6272239089012,"upper_bound":2838.0669996142387},"point_estimate":2228.9963979274035,"standard_error":366.7544127580128},"slope":null,"std_dev":{"confidence_interval":{"confidence_level":0.95,"lower_bound":2681.6848459897055,"upper_bound":11950.513717098816},"point_estimate":7492.117223819194,"standard_error":2834.8756587368352}}