{"mean":{"confidence_interval":{"confidence_level":0.95,"lower_bound":16485154.0263125,"upper_bound":16489202.813},"point_estimate":16486774.8525,"standard_error":1060.8717418412693},"median":{"confidence_interval":{"confidence_level":0.95,"lower_bound":16484100.0,"upper_bound":16486104.0},"point_estimate":16485377.0,"standard_error":502.1237790207907},"median_abs_dev":{"confidence_interval":{"confidence_level":0.95,"lower_bound":2594.5499539375305,"upper_bound":4333.648989312349},"point_estimate":3435.55478900671,"standard_error":443.62381858757317},"slope":null,"std_dev":{"confidence_interval":{"confidence_level":0.95,"lower_bound":3497.163084259674,"upper_bound":17406.82529657122},"point_estimate":10702.353304774657,"standard_error":4476.514897288181}}