{"mean":{"confidence_interval":{"confidence_level":0.95,"lower_bound":6492928.603937499,"upper_bound":6498143.64409375},"point_estimate":6495204.92125,"standard_error":1341.0529748496444},"median":{"confidence_interval":{"confidence_level":0.95,"lower_bound":6490563.0,"upper_bound":6492624.625},"point_estimate":6491522.375,"standard_error":487.999581797473},"median_abs_dev":{"confidence_interval":{"confidence_level":0.95,"lower_bound":2851.7764162458484,"upper_bound":5679.469849169254},"point_estimate":4251.911399513483,"standard_error":699.5816004187727},"slope":null,"std_dev":{"confidence_interval":{"confidence_level":0.95,"lower_bound":5182.710500917005,"upper_bound":19981.85736320459},"point_estimate":13524.246261970997,"standard_error":3925.7513525156446}}