{"mean":{"confidence_interval":{"confidence_level":0.95,"lower_bound":19301060.38608333,"upper_bound":19650864.555083334},"point_estimate":19475152.433333334,"standard_error":89398.44104672981},"median":{"confidence_interval":{"confidence_level":0.95,"lower_bound":19386176.0,"upper_bound":19720823.333333332},"point_estimate":19526283.0,"standard_error":90153.96816637545},"median_abs_dev":{"confidence_interval":{"confidence_level":0.95,"lower_bound":542029.65477705,"upper_bound":1067799.271170267},"point_estimate":864777.5843471289,"standard_error":140058.04501689383},"slope":null,"std_dev":{"confidence_interval":{"confidence_level":0.95,"lower_bound":763689.5437841772,"upper_bound":1014568.3549336405},"point_estimate":896031.8451625184,"standard_error":64300.697664024774}}