{"mean":{"confidence_interval":{"confidence_level":0.95,"lower_bound":6538608.8910625,"upper_bound":6593371.62546875},"point_estimate":6561893.69625,"standard_error":14159.615399556535},"median":{"confidence_interval":{"confidence_level":0.95,"lower_bound":6525520.0625,"upper_bound":6528289.0},"point_estimate":6526682.3125,"standard_error":736.9128020648145},"median_abs_dev":{"confidence_interval":{"confidence_level":0.95,"lower_bound":4239.679949730635,"upper_bound":8371.871401369572},"point_estimate":5919.280394911766,"standard_error":1015.8671595650069},"slope":null,"std_dev":{"confidence_interval":{"confidence_level":0.95,"lower_bound":40379.61451665778,"upper_bound":218550.25187379174},"point_estimate":142387.71107095573,"standard_error":47118.55733782221}}