{"mean":{"confidence_interval":{"confidence_level":0.95,"lower_bound":6492131.47990625,"upper_bound":6504307.379125},"point_estimate":6497387.34625,"standard_error":3142.5724742054704},"median":{"confidence_interval":{"confidence_level":0.95,"lower_bound":6489948.75,"upper_bound":6491397.5625},"point_estimate":6490510.75,"standard_error":386.7692424215646},"median_abs_dev":{"confidence_interval":{"confidence_level":0.95,"lower_bound":2237.6140102744102,"upper_bound":3720.607799571002},"point_estimate":2970.9450222551823,"standard_error":391.623469195725},"slope":null,"std_dev":{"confidence_interval":{"confidence_level":0.95,"lower_bound":10802.54309123598,"upper_bound":46647.353296454094},"point_estimate":31583.938528966464,"standard_error":9164.598680216102}}