{"mean":{"confidence_interval":{"confidence_level":0.95,"lower_bound":23099279.939333342,"upper_bound":23601178.85441666},"point_estimate":23336984.446666665,"standard_error":127809.28446291642},"median":{"confidence_interval":{"confidence_level":0.95,"lower_bound":22861966.0,"upper_bound":23205481.0},"point_estimate":23029937.5,"standard_error":88404.8374323931},"median_abs_dev":{"confidence_interval":{"confidence_level":0.95,"lower_bound":576053.3473730106,"upper_bound":1022371.0427492866},"point_estimate":780297.3081469517,"standard_error":112554.6958507214},"slope":null,"std_dev":{"confidence_interval":{"confidence_level":0.95,"lower_bound":915789.0051230998,"upper_bound":1662459.5499817885},"point_estimate":1293136.8049868247,"standard_error":192785.87128988904}}