{"mean":{"confidence_interval":{"confidence_level":0.95,"lower_bound":6492494.583125,"upper_bound":6509726.9824375},"point_estimate":6498889.94,"standard_error":4672.842062434834},"median":{"confidence_interval":{"confidence_level":0.95,"lower_bound":6490722.875,"upper_bound":6491855.5625},"point_estimate":6491024.0625,"standard_error":333.65377629206085},"median_abs_dev":{"confidence_interval":{"confidence_level":0.95,"lower_bound":2028.4747514873743,"upper_bound":3657.576451627537},"point_estimate":2558.5969045758247,"standard_error":433.00552273685196},"slope":null,"std_dev":{"confidence_interval":{"confidence_level":0.95,"lower_bound":5327.575658266532,"upper_bound":78573.49782186229},"point_estimate":46882.78908731412,"standard_error":23020.051577572136}}