{"mean":{"confidence_interval":{"confidence_level":0.95,"lower_bound":16480742.238125,"upper_bound":16501076.6028125},"point_estimate":16487903.2975,"standard_error":6123.350524550644},"median":{"confidence_interval":{"confidence_level":0.95,"lower_bound":16479401.0,"upper_bound":16481088.5},"point_estimate":16480288.5,"standard_error":425.34900432615086},"median_abs_dev":{"confidence_interval":{"confidence_level":0.95,"lower_bound":2963.902672380209,"upper_bound":4744.319915771484},"point_estimate":3986.155354231596,"standard_error":444.1793483153209},"slope":null,"std_dev":{"confidence_interval":{"confidence_level":0.95,"lower_bound":4347.564837344199,"upper_bound":104682.55649974554},"point_estimate":61329.02655037857,"standard_error":35128.607466733716}}