{"mean":{"confidence_interval":{"confidence_level":0.95,"lower_bound":19717784.90291667,"upper_bound":19761460.184749994},"point_estimate":19739625.27666667,"standard_error":11121.000547450756},"median":{"confidence_interval":{"confidence_level":0.95,"lower_bound":19701551.833333336,"upper_bound":19776418.833333336},"point_estimate":19734035.166666668,"standard_error":18955.941552766417},"median_abs_dev":{"confidence_interval":{"confidence_level":0.95,"lower_bound":99779.22532856373,"upper_bound":147988.68157267294},"point_estimate":122685.8891218873,"standard_error":12389.632775012737},"slope":null,"std_dev":{"confidence_interval":{"confidence_level":0.95,"lower_bound":97376.10088405144,"upper_bound":124211.1669359389},"point_estimate":111475.2281779833,"standard_error":6844.400777880704}}