{"mean":{"confidence_interval":{"confidence_level":0.95,"lower_bound":6450009.375375001,"upper_bound":6482553.854},"point_estimate":6467265.465,"standard_error":8346.4840326761},"median":{"confidence_interval":{"confidence_level":0.95,"lower_bound":6490188.25,"upper_bound":6492419.875},"point_estimate":6491417.25,"standard_error":622.7487727580572},"median_abs_dev":{"confidence_interval":{"confidence_level":0.95,"lower_bound":3125.78405700624,"upper_bound":5716.9008653797},"point_estimate":3970.495392009616,"standard_error":669.9813049652731},"slope":null,"std_dev":{"confidence_interval":{"confidence_level":0.95,"lower_bound":57720.90719292225,"upper_bound":105315.97853966116},"point_estimate":83840.11230936761,"standard_error":12164.939209541737}}