{"mean":{"confidence_interval":{"confidence_level":0.95,"lower_bound":6495142.450875,"upper_bound":6552211.787374999},"point_estimate":6515784.37375,"standard_error":16312.744107513816},"median":{"confidence_interval":{"confidence_level":0.95,"lower_bound":6490875.5,"upper_bound":6492103.75},"point_estimate":6491305.0625,"standard_error":300.2525364689462},"median_abs_dev":{"confidence_interval":{"confidence_level":0.95,"lower_bound":2510.4124054312706,"upper_bound":4878.958525881171},"point_estimate":3678.145209699869,"standard_error":636.6974041989573},"slope":null,"std_dev":{"confidence_interval":{"confidence_level":0.95,"lower_bound":17724.893372061222,"upper_bound":278005.00830979855},"point_estimate":163960.44760372062,"standard_error":88066.10138253628}}