{"mean":{"confidence_interval":{"confidence_level":0.95,"lower_bound":6490462.8525,"upper_bound":6495744.46896875},"point_estimate":6492711.3325,"standard_error":1375.9983432581223},"median":{"confidence_interval":{"confidence_level":0.95,"lower_bound":6489264.9375,"upper_bound":6490102.0625},"point_estimate":6489626.875,"standard_error":239.93242998832486},"median_abs_dev":{"confidence_interval":{"confidence_level":0.95,"lower_bound":1446.3689368218184,"upper_bound":2523.2924927026033},"point_estimate":1980.1975898444653,"standard_error":291.1177308410413},"slope":null,"std_dev":{"confidence_interval":{"confidence_level":0.95,"lower_bound":3456.8592901247666,"upper_bound":21031.91045640537},"point_estimate":13820.78807143332,"standard_error":4717.652687271206}}