{"mean":{"confidence_interval":{"confidence_level":0.95,"lower_bound":6509383.115375,"upper_bound":6526081.1198125},"point_estimate":6517093.54875,"standard_error":4263.608266063033},"median":{"confidence_interval":{"confidence_level":0.95,"lower_bound":6493498.125,"upper_bound":6503573.125},"point_estimate":6497824.875,"standard_error":2916.0685945964287},"median_abs_dev":{"confidence_interval":{"confidence_level":0.95,"lower_bound":7409.942005947232,"upper_bound":23475.20999573171},"point_estimate":13540.956209599972,"standard_error":4304.928745252195},"slope":null,"std_dev":{"confidence_interval":{"confidence_level":0.95,"lower_bound":25867.501121346784,"upper_bound":56921.79893306568},"point_estimate":42896.89828355927,"standard_error":7797.870642122427}}