{"mean":{"confidence_interval":{"confidence_level":0.95,"lower_bound":6492308.61875,"upper_bound":6679512.36565625},"point_estimate":6566584.4225,"standard_error":50196.600948758656},"median":{"confidence_interval":{"confidence_level":0.95,"lower_bound":6489096.9375,"upper_bound":6490543.875},"point_estimate":6489703.0,"standard_error":360.95710806837275},"median_abs_dev":{"confidence_interval":{"confidence_level":0.95,"lower_bound":2217.5989106297493,"upper_bound":3964.009017124772},"point_estimate":2724.7407641261816,"standard_error":447.1068850303452},"slope":null,"std_dev":{"confidence_interval":{"confidence_level":0.95,"lower_bound":11839.508912117335,"upper_bound":827347.8683598824},"point_estimate":504648.02195214847,"standard_error":224599.37311713098}}