{"mean":{"confidence_interval":{"confidence_level":0.95,"lower_bound":21869406.46525,"upper_bound":22131480.34449999},"point_estimate":21996820.21333333,"standard_error":66970.54703654912},"median":{"confidence_interval":{"confidence_level":0.95,"lower_bound":21725031.333333336,"upper_bound":21974029.333333332},"point_estimate":21824480.666666668,"standard_error":63107.46271769202},"median_abs_dev":{"confidence_interval":{"confidence_level":0.95,"lower_bound":371141.228210927,"upper_bound":660048.3253592998},"point_estimate":489971.12190127646,"standard_error":75021.05736742978},"slope":null,"std_dev":{"confidence_interval":{"confidence_level":0.95,"lower_bound":544697.7241120869,"upper_bound":793050.4859704414},"point_estimate":677576.7348279702,"standard_error":63865.47891993349}}