{"mean":{"confidence_interval":{"confidence_level":0.95,"lower_bound":6491883.82771875,"upper_bound":6498857.11925},"point_estimate":6494978.80375,"standard_error":1807.4806917778455},"median":{"confidence_interval":{"confidence_level":0.95,"lower_bound":6489859.125,"upper_bound":6491295.5},"point_estimate":6490499.6875,"standard_error":386.1314814849798},"median_abs_dev":{"confidence_interval":{"confidence_level":0.95,"lower_bound":1520.6634114403296,"upper_bound":2792.2917254269123},"point_estimate":1941.1866780370474,"standard_error":332.83306194780835},"slope":null,"std_dev":{"confidence_interval":{"confidence_level":0.95,"lower_bound":9178.460704179413,"upper_bound":25216.5631694876},"point_estimate":18146.20564253144,"standard_error":4406.275483655578}}