{"mean":{"confidence_interval":{"confidence_level":0.95,"lower_bound":16491616.6383125,"upper_bound":16494328.5353125},"point_estimate":16492891.7625,"standard_error":691.8277949127142},"median":{"confidence_interval":{"confidence_level":0.95,"lower_bound":16490148.5,"upper_bound":16493398.5},"point_estimate":16492007.25,"standard_error":886.2373544293845},"median_abs_dev":{"confidence_interval":{"confidence_level":0.95,"lower_bound":3947.788446787745,"upper_bound":6018.429268151522},"point_estimate":4789.909864962101,"standard_error":542.1189528747522},"slope":null,"std_dev":{"confidence_interval":{"confidence_level":0.95,"lower_bound":4816.215494430642,"upper_bound":9256.639118746147},"point_estimate":6959.174369729629,"standard_error":1170.402204738852}}