{"mean":{"confidence_interval":{"confidence_level":0.95,"lower_bound":282960.13463299826,"upper_bound":283111.3865511866},"point_estimate":283027.6544584802,"standard_error":38.688167404866945},"median":{"confidence_interval":{"confidence_level":0.95,"lower_bound":282947.53771219135,"upper_bound":283021.4863636364},"point_estimate":282971.6127373418,"standard_error":18.249515614516415},"median_abs_dev":{"confidence_interval":{"confidence_level":0.95,"lower_bound":117.15580791789009,"upper_bound":208.32671163479563},"point_estimate":156.2716090883739,"standard_error":23.61164601406118},"slope":{"confidence_interval":{"confidence_level":0.95,"lower_bound":282947.0894244696,"upper_bound":283202.3159587552},"point_estimate":283048.97149623174,"standard_error":67.54031108327813},"std_dev":{"confidence_interval":{"confidence_level":0.95,"lower_bound":186.13259845360753,"upper_bound":576.7096062477453},"point_estimate":389.0054427255908,"standard_error":103.38664154162741}}