{"mean":{"confidence_interval":{"confidence_level":0.95,"lower_bound":183737.80266515797,"upper_bound":184775.246512995},"point_estimate":184206.5054803383,"standard_error":264.55829430873666},"median":{"confidence_interval":{"confidence_level":0.95,"lower_bound":183701.55555555556,"upper_bound":184542.9024390244},"point_estimate":184106.3304310345,"standard_error":190.9043439179204},"median_abs_dev":{"confidence_interval":{"confidence_level":0.95,"lower_bound":1214.0613670766882,"upper_bound":1892.1831037983532},"point_estimate":1672.7649007280224,"standard_error":176.43720582154538},"slope":{"confidence_interval":{"confidence_level":0.95,"lower_bound":184022.37377444006,"upper_bound":184722.4801653867},"point_estimate":184364.94401241318,"standard_error":178.0292102582451},"std_dev":{"confidence_interval":{"confidence_level":0.95,"lower_bound":1525.2491784250049,"upper_bound":3916.714844860129},"point_estimate":2662.0653498483657,"standard_error":697.2256308769443}}