{"mean":{"confidence_interval":{"confidence_level":0.95,"lower_bound":173621.33892360114,"upper_bound":174016.08235743566},"point_estimate":173808.14173788182,"standard_error":101.13170188075783},"median":{"confidence_interval":{"confidence_level":0.95,"lower_bound":173638.165625,"upper_bound":173911.1829787234},"point_estimate":173755.66854636592,"standard_error":77.43019096478999},"median_abs_dev":{"confidence_interval":{"confidence_level":0.95,"lower_bound":376.2090413323187,"upper_bound":594.864566211783},"point_estimate":458.22919350568077,"standard_error":56.76850111534794},"slope":{"confidence_interval":{"confidence_level":0.95,"lower_bound":173825.9191062903,"upper_bound":174217.70622863955},"point_estimate":174001.72876607065,"standard_error":100.23698701781906},"std_dev":{"confidence_interval":{"confidence_level":0.95,"lower_bound":642.933980006981,"upper_bound":1365.1940846310818},"point_estimate":1019.8450511736655,"standard_error":186.0573211355298}}