{"mean":{"confidence_interval":{"confidence_level":0.95,"lower_bound":257762.1915335071,"upper_bound":257820.6487127473},"point_estimate":257792.30082458913,"standard_error":14.84145518933013},"median":{"confidence_interval":{"confidence_level":0.95,"lower_bound":257779.2142857143,"upper_bound":257817.33771929826},"point_estimate":257799.5906122449,"standard_error":9.20582426890491},"median_abs_dev":{"confidence_interval":{"confidence_level":0.95,"lower_bound":51.91920608040517,"upper_bound":103.21067699348113},"point_estimate":69.55980994927747,"standard_error":13.357910677588892},"slope":{"confidence_interval":{"confidence_level":0.95,"lower_bound":257780.08783186867,"upper_bound":257825.44050917606},"point_estimate":257800.29146963204,"standard_error":11.618456634108227},"std_dev":{"confidence_interval":{"confidence_level":0.95,"lower_bound":99.43692349684457,"upper_bound":198.55254901221545},"point_estimate":149.67958402078605,"standard_error":25.683087647476974}}