{"mean":{"confidence_interval":{"confidence_level":0.95,"lower_bound":174248.96040669506,"upper_bound":174605.05940492646},"point_estimate":174412.20802301518,"standard_error":91.0777783999581},"median":{"confidence_interval":{"confidence_level":0.95,"lower_bound":174232.67878787877,"upper_bound":174385.5611111111},"point_estimate":174323.26115146623,"standard_error":42.76150558217719},"median_abs_dev":{"confidence_interval":{"confidence_level":0.95,"lower_bound":290.624701803667,"upper_bound":504.46466152361893},"point_estimate":433.3287321373779,"standard_error":58.99678290706622},"slope":{"confidence_interval":{"confidence_level":0.95,"lower_bound":174333.01760218805,"upper_bound":174813.0640685386},"point_estimate":174537.78641052166,"standard_error":124.57748592563006},"std_dev":{"confidence_interval":{"confidence_level":0.95,"lower_bound":512.6407411509679,"upper_bound":1295.7387436972047},"point_estimate":917.1795900684544,"standard_error":205.61436672996294}}