{"mean":{"confidence_interval":{"confidence_level":0.95,"lower_bound":197711.36317294493,"upper_bound":198013.85842079422},"point_estimate":197848.5904352919,"standard_error":77.61836338919122},"median":{"confidence_interval":{"confidence_level":0.95,"lower_bound":197671.11971830987,"upper_bound":197783.90001563478},"point_estimate":197742.50884433964,"standard_error":26.095163039486497},"median_abs_dev":{"confidence_interval":{"confidence_level":0.95,"lower_bound":211.13621467404042,"upper_bound":412.5566604850631},"point_estimate":301.6595727841474,"standard_error":48.9516619079549},"slope":{"confidence_interval":{"confidence_level":0.95,"lower_bound":197839.72123951168,"upper_bound":198220.9747145722},"point_estimate":198014.58634106696,"standard_error":97.30446001647569},"std_dev":{"confidence_interval":{"confidence_level":0.95,"lower_bound":404.8079259364272,"upper_bound":1094.7718986024126},"point_estimate":782.5099580659568,"standard_error":178.50049459574922}}