{"mean":{"confidence_interval":{"confidence_level":0.95,"lower_bound":184619.98504784485,"upper_bound":185379.3753966218},"point_estimate":185010.69020145823,"standard_error":193.58621820038545},"median":{"confidence_interval":{"confidence_level":0.95,"lower_bound":184818.70488888887,"upper_bound":185294.6671031746},"point_estimate":185075.54700000002,"standard_error":117.96501104080347},"median_abs_dev":{"confidence_interval":{"confidence_level":0.95,"lower_bound":1142.631519235511,"upper_bound":1792.108063727279},"point_estimate":1437.200749873036,"standard_error":162.7965910737685},"slope":{"confidence_interval":{"confidence_level":0.95,"lower_bound":184906.01159512074,"upper_bound":185579.44575822903},"point_estimate":185231.11788916803,"standard_error":171.54883277566066},"std_dev":{"confidence_interval":{"confidence_level":0.95,"lower_bound":1438.1108983362085,"upper_bound":2508.3388677475677},"point_estimate":1951.0546826724214,"standard_error":281.47847133157006}}