{"mean":{"confidence_interval":{"confidence_level":0.95,"lower_bound":177461.31730320895,"upper_bound":177685.89983202223},"point_estimate":177571.81825979424,"standard_error":57.06322537149718},"median":{"confidence_interval":{"confidence_level":0.95,"lower_bound":177466.14029850747,"upper_bound":177656.03275252524},"point_estimate":177581.60708354955,"standard_error":54.503763046307945},"median_abs_dev":{"confidence_interval":{"confidence_level":0.95,"lower_bound":281.2326453385168,"upper_bound":496.5992155300059},"point_estimate":361.0439977557066,"standard_error":53.4528566910857},"slope":{"confidence_interval":{"confidence_level":0.95,"lower_bound":177497.69229563887,"upper_bound":177670.89177929965},"point_estimate":177584.52090675337,"standard_error":44.118489879271294},"std_dev":{"confidence_interval":{"confidence_level":0.95,"lower_bound":439.70149443101826,"upper_bound":695.2609870743883},"point_estimate":573.6862935083534,"standard_error":65.42843738729775}}