{"mean":{"confidence_interval":{"confidence_level":0.95,"lower_bound":177386.44889533383,"upper_bound":177836.08576373153},"point_estimate":177585.4078066923,"standard_error":115.64029639014355},"median":{"confidence_interval":{"confidence_level":0.95,"lower_bound":177365.5051067073,"upper_bound":177569.0391233766},"point_estimate":177460.11338167434,"standard_error":58.817588060827546},"median_abs_dev":{"confidence_interval":{"confidence_level":0.95,"lower_bound":291.2675850463438,"upper_bound":494.48245651345513},"point_estimate":372.5811749238169,"standard_error":50.65073408855379},"slope":{"confidence_interval":{"confidence_level":0.95,"lower_bound":177467.7241781265,"upper_bound":177900.75288911618},"point_estimate":177660.51255800208,"standard_error":111.13298421326925},"std_dev":{"confidence_interval":{"confidence_level":0.95,"lower_bound":532.7979013351298,"upper_bound":1773.6086978178098},"point_estimate":1167.990433318123,"standard_error":347.11395893429733}}