{"mean":{"confidence_interval":{"confidence_level":0.95,"lower_bound":183916.06487260276,"upper_bound":184862.63920369453},"point_estimate":184392.66120019805,"standard_error":241.7883603222252},"median":{"confidence_interval":{"confidence_level":0.95,"lower_bound":183862.6947368421,"upper_bound":184838.61000733136},"point_estimate":184296.24310272536,"standard_error":222.4431180807294},"median_abs_dev":{"confidence_interval":{"confidence_level":0.95,"lower_bound":1181.5723092079766,"upper_bound":2045.8837346099326},"point_estimate":1670.0415583508413,"standard_error":212.84051690205212},"slope":{"confidence_interval":{"confidence_level":0.95,"lower_bound":183583.33112666578,"upper_bound":184937.14981372075},"point_estimate":184261.01059376384,"standard_error":346.1585327966639},"std_dev":{"confidence_interval":{"confidence_level":0.95,"lower_bound":1905.2707529706265,"upper_bound":2948.2058184275365},"point_estimate":2436.0427050448143,"standard_error":267.88450707032285}}