{"mean":{"confidence_interval":{"confidence_level":0.95,"lower_bound":228806.97565282125,"upper_bound":235119.52196792816},"point_estimate":231600.46691488338,"standard_error":1625.3229329585974},"median":{"confidence_interval":{"confidence_level":0.95,"lower_bound":226280.7245762712,"upper_bound":228019.1625},"point_estimate":227191.3009448724,"standard_error":453.90370713685394},"median_abs_dev":{"confidence_interval":{"confidence_level":0.95,"lower_bound":2550.0013547284057,"upper_bound":4643.236896732722},"point_estimate":3751.143844444121,"standard_error":551.0028618482384},"slope":{"confidence_interval":{"confidence_level":0.95,"lower_bound":228386.80288447236,"upper_bound":232011.2643689119},"point_estimate":230043.37081646224,"standard_error":925.901176288562},"std_dev":{"confidence_interval":{"confidence_level":0.95,"lower_bound":7069.803219059456,"upper_bound":23643.96647525022},"point_estimate":16366.592777611926,"standard_error":4332.408285981839}}