{"mean":{"confidence_interval":{"confidence_level":0.95,"lower_bound":173258.62043222823,"upper_bound":173744.50757665499},"point_estimate":173453.4353089042,"standard_error":127.74145900853215},"median":{"confidence_interval":{"confidence_level":0.95,"lower_bound":173208.02696514013,"upper_bound":173368.80833333332},"point_estimate":173274.69047619047,"standard_error":45.24372346556471},"median_abs_dev":{"confidence_interval":{"confidence_level":0.95,"lower_bound":279.3834305894228,"upper_bound":476.49844620158217},"point_estimate":397.38460839954837,"standard_error":51.87939182966733},"slope":{"confidence_interval":{"confidence_level":0.95,"lower_bound":173264.62624664992,"upper_bound":173487.66448642567},"point_estimate":173368.62775114525,"standard_error":56.98903690272428},"std_dev":{"confidence_interval":{"confidence_level":0.95,"lower_bound":424.1013886914732,"upper_bound":2085.7996310413655},"point_estimate":1281.534929414212,"standard_error":535.6127670074675}}