{"mean":{"confidence_interval":{"confidence_level":0.95,"lower_bound":164320.9381995231,"upper_bound":166257.61610863497},"point_estimate":165270.2345766264,"standard_error":494.6428263337751},"median":{"confidence_interval":{"confidence_level":0.95,"lower_bound":162852.9846153846,"upper_bound":164410.24545454545},"point_estimate":163666.32738095237,"standard_error":419.21415602708606},"median_abs_dev":{"confidence_interval":{"confidence_level":0.95,"lower_bound":3120.7940123597527,"upper_bound":5689.078896245003},"point_estimate":4456.623236106362,"standard_error":637.3812647086089},"slope":{"confidence_interval":{"confidence_level":0.95,"lower_bound":164148.55094598114,"upper_bound":166382.04920296898},"point_estimate":165217.17729510862,"standard_error":568.6556795751907},"std_dev":{"confidence_interval":{"confidence_level":0.95,"lower_bound":4351.424797196241,"upper_bound":5476.077687178154},"point_estimate":4969.392272262558,"standard_error":286.74534334784937}}