{"mean":{"confidence_interval":{"confidence_level":0.95,"lower_bound":184691.4641681701,"upper_bound":185514.20512390716},"point_estimate":185087.4201473304,"standard_error":209.563590325138},"median":{"confidence_interval":{"confidence_level":0.95,"lower_bound":184268.8780487805,"upper_bound":184940.88865979383},"point_estimate":184681.33950715422,"standard_error":168.50338399531205},"median_abs_dev":{"confidence_interval":{"confidence_level":0.95,"lower_bound":801.6151572778942,"upper_bound":1571.4610212939372},"point_estimate":1136.3687517622482,"standard_error":199.52226652564033},"slope":{"confidence_interval":{"confidence_level":0.95,"lower_bound":184362.16091331444,"upper_bound":185615.9819024133},"point_estimate":184866.64631771835,"standard_error":331.7354451904981},"std_dev":{"confidence_interval":{"confidence_level":0.95,"lower_bound":1551.828165881055,"upper_bound":2641.010125295702},"point_estimate":2100.6574696858115,"standard_error":281.3064285269891}}