{"mean":{"confidence_interval":{"confidence_level":0.95,"lower_bound":197793.39255883207,"upper_bound":198287.66616901016},"point_estimate":198023.23613649336,"standard_error":126.35112576140287},"median":{"confidence_interval":{"confidence_level":0.95,"lower_bound":197591.156626506,"upper_bound":197704.77611430135},"point_estimate":197649.279491342,"standard_error":33.97232382634533},"median_abs_dev":{"confidence_interval":{"confidence_level":0.95,"lower_bound":189.02714563590743,"upper_bound":348.1330147402295},"point_estimate":261.28218270671357,"standard_error":39.09954171329767},"slope":{"confidence_interval":{"confidence_level":0.95,"lower_bound":198006.78302971474,"upper_bound":198935.5461350412},"point_estimate":198454.25847569085,"standard_error":237.99542648705597},"std_dev":{"confidence_interval":{"confidence_level":0.95,"lower_bound":882.4491274368121,"upper_bound":1577.8918389591743},"point_estimate":1272.0988210773362,"standard_error":178.1635995732435}}