{"mean":{"confidence_interval":{"confidence_level":0.95,"lower_bound":233040.214013014,"upper_bound":235121.84252204254},"point_estimate":234099.80065404807,"standard_error":531.0981555259232},"median":{"confidence_interval":{"confidence_level":0.95,"lower_bound":232899.7528409091,"upper_bound":235857.25},"point_estimate":234627.63954798516,"standard_error":678.9811807540825},"median_abs_dev":{"confidence_interval":{"confidence_level":0.95,"lower_bound":3769.280675435257,"upper_bound":5953.253724035879},"point_estimate":4992.880695711795,"standard_error":553.5560617033206},"slope":{"confidence_interval":{"confidence_level":0.95,"lower_bound":232041.5575960743,"upper_bound":233931.76461392405},"point_estimate":233033.97768361165,"standard_error":480.97340284392715},"std_dev":{"confidence_interval":{"confidence_level":0.95,"lower_bound":4453.939987928478,"upper_bound":6131.94805083596},"point_estimate":5335.277529328197,"standard_error":428.2597587756909}}