{"mean":{"confidence_interval":{"confidence_level":0.95,"lower_bound":182452.35144606777,"upper_bound":183086.5458395548},"point_estimate":182772.51186415236,"standard_error":161.58545522163936},"median":{"confidence_interval":{"confidence_level":0.95,"lower_bound":182466.50721649485,"upper_bound":183110.0119047619},"point_estimate":182605.5634057971,"standard_error":180.5377798104775},"median_abs_dev":{"confidence_interval":{"confidence_level":0.95,"lower_bound":891.8128129476723,"upper_bound":1511.8797787837525},"point_estimate":1117.4745986227301,"standard_error":163.75619670561923},"slope":{"confidence_interval":{"confidence_level":0.95,"lower_bound":182500.46964164442,"upper_bound":182929.69496619745},"point_estimate":182719.4519698537,"standard_error":109.53555641894398},"std_dev":{"confidence_interval":{"confidence_level":0.95,"lower_bound":1272.406463044918,"upper_bound":1979.6667403666083},"point_estimate":1629.683734103944,"standard_error":181.6385227675212}}