{"mean":{"confidence_interval":{"confidence_level":0.95,"lower_bound":185631.36208117803,"upper_bound":186251.52480205402},"point_estimate":185943.97073279842,"standard_error":157.96329856568155},"median":{"confidence_interval":{"confidence_level":0.95,"lower_bound":185704.09523809524,"upper_bound":186317.64210526316},"point_estimate":185883.1778841042,"standard_error":144.9490078499895},"median_abs_dev":{"confidence_interval":{"confidence_level":0.95,"lower_bound":1009.4067965338907,"upper_bound":1852.153485738176},"point_estimate":1361.1985606891249,"standard_error":203.5328589259072},"slope":{"confidence_interval":{"confidence_level":0.95,"lower_bound":185745.44202314434,"upper_bound":186284.14700071077},"point_estimate":186011.89426333678,"standard_error":137.2023085499314},"std_dev":{"confidence_interval":{"confidence_level":0.95,"lower_bound":1310.1297550523273,"upper_bound":1867.9843078291544},"point_estimate":1588.9853422779352,"standard_error":143.0536238320689}}