{"mean":{"confidence_interval":{"confidence_level":0.95,"lower_bound":257989.8507595636,"upper_bound":258360.17671993308},"point_estimate":258136.90445378958,"standard_error":97.83275583123212},"median":{"confidence_interval":{"confidence_level":0.95,"lower_bound":257955.3452830189,"upper_bound":258017.19407894736},"point_estimate":258000.3544871795,"standard_error":18.771362430459384},"median_abs_dev":{"confidence_interval":{"confidence_level":0.95,"lower_bound":98.30466442061535,"upper_bound":159.7986505999446},"point_estimate":134.32880633022367,"standard_error":16.395758159433235},"slope":{"confidence_interval":{"confidence_level":0.95,"lower_bound":257982.38149634347,"upper_bound":258242.50204497587},"point_estimate":258085.59665804642,"standard_error":67.27228763931977},"std_dev":{"confidence_interval":{"confidence_level":0.95,"lower_bound":205.52439933582437,"upper_bound":1603.5051705624546},"point_estimate":979.6771012359179,"standard_error":413.5840404310264}}