{"mean":{"confidence_interval":{"confidence_level":0.95,"lower_bound":172968.87870209457,"upper_bound":173271.5871527085},"point_estimate":173114.60932457243,"standard_error":77.30629969349145},"median":{"confidence_interval":{"confidence_level":0.95,"lower_bound":172797.7542857143,"upper_bound":173034.93361904763},"point_estimate":172882.9635416667,"standard_error":60.52928882564483},"median_abs_dev":{"confidence_interval":{"confidence_level":0.95,"lower_bound":354.56267271297867,"upper_bound":650.8385108151332},"point_estimate":465.04662687197884,"standard_error":74.58306973157144},"slope":{"confidence_interval":{"confidence_level":0.95,"lower_bound":172843.29025565865,"upper_bound":173142.69024629044},"point_estimate":172977.89413743166,"standard_error":76.60330045484136},"std_dev":{"confidence_interval":{"confidence_level":0.95,"lower_bound":621.8444087578259,"upper_bound":905.7996349598408},"point_estimate":775.8603585757752,"standard_error":72.62584575401797}}