{"mean":{"confidence_interval":{"confidence_level":0.95,"lower_bound":177198.30765052178,"upper_bound":177596.87705095715},"point_estimate":177397.1029237647,"standard_error":101.58540373673664},"median":{"confidence_interval":{"confidence_level":0.95,"lower_bound":177219.9220779221,"upper_bound":177478.92107535322},"point_estimate":177362.3515151515,"standard_error":65.39840339831086},"median_abs_dev":{"confidence_interval":{"confidence_level":0.95,"lower_bound":340.85627483095584,"upper_bound":560.8019120437714},"point_estimate":405.27277268733496,"standard_error":58.58647669523848},"slope":{"confidence_interval":{"confidence_level":0.95,"lower_bound":177365.38582650662,"upper_bound":177759.02195633212},"point_estimate":177540.30483168317,"standard_error":101.05800929416418},"std_dev":{"confidence_interval":{"confidence_level":0.95,"lower_bound":717.8947586083874,"upper_bound":1288.3291525940285},"point_estimate":1020.0082949768025,"standard_error":145.63934926238366}}