{"mean":{"confidence_interval":{"confidence_level":0.95,"lower_bound":174438.69106996024,"upper_bound":175045.4674920049},"point_estimate":174685.68667387604,"standard_error":158.57762842131484},"median":{"confidence_interval":{"confidence_level":0.95,"lower_bound":174394.37826086956,"upper_bound":174608.25681168627},"point_estimate":174528.7755319149,"standard_error":60.91743508275076},"median_abs_dev":{"confidence_interval":{"confidence_level":0.95,"lower_bound":357.5835670814442,"upper_bound":600.9188551982259},"point_estimate":468.54889912452774,"standard_error":62.95168857984521},"slope":{"confidence_interval":{"confidence_level":0.95,"lower_bound":174571.883912501,"upper_bound":174943.90368212486},"point_estimate":174746.15881956555,"standard_error":94.91959219049522},"std_dev":{"confidence_interval":{"confidence_level":0.95,"lower_bound":565.4426074734229,"upper_bound":2564.6635612798905},"point_estimate":1588.7791731558896,"standard_error":642.7177127799036}}