{"mean":{"confidence_interval":{"confidence_level":0.95,"lower_bound":197712.30511267096,"upper_bound":198037.6393883948},"point_estimate":197862.18746983854,"standard_error":83.3817199956559},"median":{"confidence_interval":{"confidence_level":0.95,"lower_bound":197643.70138888888,"upper_bound":197828.26063829788},"point_estimate":197755.337039801,"standard_error":45.18415349705571},"median_abs_dev":{"confidence_interval":{"confidence_level":0.95,"lower_bound":271.92176776005783,"upper_bound":455.2012739640022},"point_estimate":368.62658979206304,"standard_error":45.70828942257911},"slope":{"confidence_interval":{"confidence_level":0.95,"lower_bound":197822.79915972962,"upper_bound":198169.576478473},"point_estimate":197977.29736367665,"standard_error":88.87449546755687},"std_dev":{"confidence_interval":{"confidence_level":0.95,"lower_bound":428.3394998947281,"upper_bound":1148.3466622500282},"point_estimate":838.9262081894468,"standard_error":175.34331338274353}}