{"mean":{"confidence_interval":{"confidence_level":0.95,"lower_bound":197200.043939546,"upper_bound":197473.29970245546},"point_estimate":197322.82520291858,"standard_error":69.67813907319488},"median":{"confidence_interval":{"confidence_level":0.95,"lower_bound":197103.4255319149,"upper_bound":197217.6139052484},"point_estimate":197159.05689102563,"standard_error":35.10878912358637},"median_abs_dev":{"confidence_interval":{"confidence_level":0.95,"lower_bound":160.1166709420538,"upper_bound":363.6445498436266},"point_estimate":225.1127265224214,"standard_error":56.36703587780031},"slope":{"confidence_interval":{"confidence_level":0.95,"lower_bound":197208.53836408156,"upper_bound":197619.6638186504},"point_estimate":197382.73507241023,"standard_error":106.32553226287956},"std_dev":{"confidence_interval":{"confidence_level":0.95,"lower_bound":362.6785293344717,"upper_bound":998.1029989518281},"point_estimate":705.1432518517164,"standard_error":164.71914245724855}}