{"mean":{"confidence_interval":{"confidence_level":0.95,"lower_bound":2905886.4898333335,"upper_bound":2924291.491166666},"point_estimate":2915270.544999999,"standard_error":4704.296811860197},"median":{"confidence_interval":{"confidence_level":0.95,"lower_bound":2909202.9444444445,"upper_bound":2931548.277777778},"point_estimate":2923634.111111111,"standard_error":6359.510825246995},"median_abs_dev":{"confidence_interval":{"confidence_level":0.95,"lower_bound":31750.331452985527,"upper_bound":54042.99294054508},"point_estimate":48079.39927975356,"standard_error":5853.356061031245},"slope":null,"std_dev":{"confidence_interval":{"confidence_level":0.95,"lower_bound":39569.3452334806,"upper_bound":53976.72546988424},"point_estimate":47192.33396363368,"standard_error":3676.4260774409972}}