{"mean":{"confidence_interval":{"confidence_level":0.95,"lower_bound":2997262.74859375,"upper_bound":3040457.913640625},"point_estimate":3017669.503125,"standard_error":11027.317895849916},"median":{"confidence_interval":{"confidence_level":0.95,"lower_bound":2966348.375,"upper_bound":3008319.375},"point_estimate":2975280.125,"standard_error":10207.281994164037},"median_abs_dev":{"confidence_interval":{"confidence_level":0.95,"lower_bound":37344.93274949491,"upper_bound":84123.4174752608},"point_estimate":56457.5459914282,"standard_error":12075.02163677181},"slope":null,"std_dev":{"confidence_interval":{"confidence_level":0.95,"lower_bound":81253.59374190334,"upper_bound":136771.97841677064},"point_estimate":110823.36270609789,"standard_error":14214.150235648696}}