{"mean":{"confidence_interval":{"confidence_level":0.95,"lower_bound":5449992.251025001,"upper_bound":5588119.637674997},"point_estimate":5515284.929999999,"standard_error":35374.06437209286},"median":{"confidence_interval":{"confidence_level":0.95,"lower_bound":5341067.4,"upper_bound":5419037.6},"point_estimate":5384737.55,"standard_error":22446.72859394207},"median_abs_dev":{"confidence_interval":{"confidence_level":0.95,"lower_bound":102685.02243697588,"upper_bound":239558.8743969798},"point_estimate":173316.15931302294,"standard_error":33546.80489488871},"slope":null,"std_dev":{"confidence_interval":{"confidence_level":0.95,"lower_bound":249370.84173911347,"upper_bound":446809.4059295369},"point_estimate":355222.59516951523,"standard_error":50526.6718669454}}