{"mean":{"confidence_interval":{"confidence_level":0.95,"lower_bound":1943397.6758244315,"upper_bound":1962429.2011373192},"point_estimate":1952632.2950759968,"standard_error":4862.603657550262},"median":{"confidence_interval":{"confidence_level":0.95,"lower_bound":1934278.693877551,"upper_bound":1965793.111111111},"point_estimate":1950357.449048913,"standard_error":7505.738670911009},"median_abs_dev":{"confidence_interval":{"confidence_level":0.95,"lower_bound":48486.845837695386,"upper_bound":69614.04894998408},"point_estimate":62720.88591981515,"standard_error":5236.110964484036},"slope":{"confidence_interval":{"confidence_level":0.95,"lower_bound":1943557.9275407784,"upper_bound":1962274.9306220927},"point_estimate":1952769.5666942515,"standard_error":4794.842139937725},"std_dev":{"confidence_interval":{"confidence_level":0.95,"lower_bound":40249.605047327044,"upper_bound":60457.636146328},"point_estimate":49112.90649943046,"standard_error":5586.335409342996}}