{"mean":{"confidence_interval":{"confidence_level":0.95,"lower_bound":2016234.6365899998,"upper_bound":2022533.2954600009},"point_estimate":2019089.3655999994,"standard_error":1623.0431718947034},"median":{"confidence_interval":{"confidence_level":0.95,"lower_bound":2014247.96,"upper_bound":2015696.24},"point_estimate":2015004.76,"standard_error":365.73149626862704},"median_abs_dev":{"confidence_interval":{"confidence_level":0.95,"lower_bound":2486.4980678556553,"upper_bound":4181.287749767463},"point_estimate":3484.6733261346885,"standard_error":421.56108041137736},"slope":null,"std_dev":{"confidence_interval":{"confidence_level":0.95,"lower_bound":8577.674034501119,"upper_bound":22175.052324282853},"point_estimate":16228.240117319385,"standard_error":3477.5946228332787}}