{"mean":{"confidence_interval":{"confidence_level":0.95,"lower_bound":2012096.7441599998,"upper_bound":2015713.581199999},"point_estimate":2013713.4695999988,"standard_error":929.2983567372149},"median":{"confidence_interval":{"confidence_level":0.95,"lower_bound":2010782.52,"upper_bound":2012326.96},"point_estimate":2011446.1,"standard_error":418.14927469512503},"median_abs_dev":{"confidence_interval":{"confidence_level":0.95,"lower_bound":2247.651212096242,"upper_bound":4000.591430175122},"point_estimate":2991.204750895383,"standard_error":442.57603132491033},"slope":null,"std_dev":{"confidence_interval":{"confidence_level":0.95,"lower_bound":4402.081113020203,"upper_bound":13269.94068125294},"point_estimate":9340.010397872116,"standard_error":2267.5834083977825}}