{"mean":{"confidence_interval":{"confidence_level":0.95,"lower_bound":2786447.5739305564,"upper_bound":2810892.084555556},"point_estimate":2798731.908333333,"standard_error":6230.925731160969},"median":{"confidence_interval":{"confidence_level":0.95,"lower_bound":2785864.25,"upper_bound":2809781.3333333335},"point_estimate":2796114.8333333335,"standard_error":6513.581169509061},"median_abs_dev":{"confidence_interval":{"confidence_level":0.95,"lower_bound":40125.60356804464,"upper_bound":82777.59249707067},"point_estimate":55380.79231679463,"standard_error":10538.76483878097},"slope":null,"std_dev":{"confidence_interval":{"confidence_level":0.95,"lower_bound":54404.68372260582,"upper_bound":70032.46517053494},"point_estimate":62703.96774804264,"standard_error":3981.3312917002886}}