{"mean":{"confidence_interval":{"confidence_level":0.95,"lower_bound":2087881.1041770831,"upper_bound":2113768.9104166673},"point_estimate":2099693.28,"standard_error":6619.137514330155},"median":{"confidence_interval":{"confidence_level":0.95,"lower_bound":2072144.0833333333,"upper_bound":2083436.5208333333},"point_estimate":2076986.9166666665,"standard_error":2686.51092889508},"median_abs_dev":{"confidence_interval":{"confidence_level":0.95,"lower_bound":14075.115358866762,"upper_bound":29766.68475903565},"point_estimate":21337.51704618323,"standard_error":3769.431079194082},"slope":null,"std_dev":{"confidence_interval":{"confidence_level":0.95,"lower_bound":35227.32808622182,"upper_bound":91904.44077416917},"point_estimate":66934.45149498858,"standard_error":14212.179382816174}}