{"mean":{"confidence_interval":{"confidence_level":0.95,"lower_bound":2014900.9687999997,"upper_bound":2019005.7983800003},"point_estimate":2016761.6136,"standard_error":1054.4947636636082},"median":{"confidence_interval":{"confidence_level":0.95,"lower_bound":2013126.88,"upper_bound":2015360.04},"point_estimate":2013885.7,"standard_error":531.1352667592142},"median_abs_dev":{"confidence_interval":{"confidence_level":0.95,"lower_bound":2379.8991297481302,"upper_bound":4364.981886506102},"point_estimate":3309.133489251109,"standard_error":512.3736423144356},"slope":null,"std_dev":{"confidence_interval":{"confidence_level":0.95,"lower_bound":6049.716795367124,"upper_bound":14299.63596214635},"point_estimate":10629.517036351734,"standard_error":2206.443569514743}}