{"mean":{"confidence_interval":{"confidence_level":0.95,"lower_bound":2029596.612800001,"upper_bound":2033786.32643},"point_estimate":2031569.9243999994,"standard_error":1069.3532422402097},"median":{"confidence_interval":{"confidence_level":0.95,"lower_bound":2027323.28,"upper_bound":2029501.3399999999},"point_estimate":2028447.38,"standard_error":483.0128754478909},"median_abs_dev":{"confidence_interval":{"confidence_level":0.95,"lower_bound":4099.352603521918,"upper_bound":7509.457822680729},"point_estimate":5890.102827429523,"standard_error":869.1774916485498},"slope":null,"std_dev":{"confidence_interval":{"confidence_level":0.95,"lower_bound":7533.421049770622,"upper_bound":13620.00978479781},"point_estimate":10685.736209157401,"standard_error":1570.6763868792152}}