{"mean":{"confidence_interval":{"confidence_level":0.95,"lower_bound":2693102.623671052,"upper_bound":2694106.921907894},"point_estimate":2693598.6642105263,"standard_error":256.38715731948594},"median":{"confidence_interval":{"confidence_level":0.95,"lower_bound":2693092.052631579,"upper_bound":2694087.052631579},"point_estimate":2693555.4736842103,"standard_error":248.60041547830755},"median_abs_dev":{"confidence_interval":{"confidence_level":0.95,"lower_bound":1946.4977022854264,"upper_bound":3503.7738956901158},"point_estimate":2664.7783737432856,"standard_error":387.4540313368875},"slope":null,"std_dev":{"confidence_interval":{"confidence_level":0.95,"lower_bound":2190.8360954232394,"upper_bound":2948.999289132845},"point_estimate":2576.296675917281,"standard_error":194.3874990708955}}