{"mean":{"confidence_interval":{"confidence_level":0.95,"lower_bound":2016607.1674299992,"upper_bound":2020911.5035},"point_estimate":2018462.0015999996,"standard_error":1112.9665981497646},"median":{"confidence_interval":{"confidence_level":0.95,"lower_bound":2015614.44,"upper_bound":2017042.92},"point_estimate":2016313.1600000001,"standard_error":423.9954248766166},"median_abs_dev":{"confidence_interval":{"confidence_level":0.95,"lower_bound":2194.4555250406474,"upper_bound":3862.528755426393},"point_estimate":3126.5661284921343,"standard_error":424.01886207753824},"slope":null,"std_dev":{"confidence_interval":{"confidence_level":0.95,"lower_bound":3716.231804248144,"upper_bound":16930.09883035329},"point_estimate":11168.74591717539,"standard_error":3523.8848123337552}}