{"mean":{"confidence_interval":{"confidence_level":0.95,"lower_bound":2017283.31437,"upper_bound":2020162.3508000001},"point_estimate":2018489.1939999997,"standard_error":746.7661466278303},"median":{"confidence_interval":{"confidence_level":0.95,"lower_bound":2016476.24,"upper_bound":2017631.0},"point_estimate":2017137.26,"standard_error":280.99508663712663},"median_abs_dev":{"confidence_interval":{"confidence_level":0.95,"lower_bound":1624.9888751507358,"upper_bound":2914.881245550588},"point_estimate":2286.5842874050554,"standard_error":339.58170343255654},"slope":null,"std_dev":{"confidence_interval":{"confidence_level":0.95,"lower_bound":2924.013382132989,"upper_bound":11942.73969639596},"point_estimate":7551.183771402394,"standard_error":2777.642165820524}}