{"mean":{"confidence_interval":{"confidence_level":0.95,"lower_bound":2700622.8177236845,"upper_bound":2701727.9416447375},"point_estimate":2701165.6968421056,"standard_error":281.0006010202613},"median":{"confidence_interval":{"confidence_level":0.95,"lower_bound":2700548.6842105263,"upper_bound":2701927.6315789474},"point_estimate":2701506.789473684,"standard_error":298.7476421999108},"median_abs_dev":{"confidence_interval":{"confidence_level":0.95,"lower_bound":1997.5303540104678,"upper_bound":3074.2880927890787},"point_estimate":2602.3140959048073,"standard_error":267.4654420227851},"slope":null,"std_dev":{"confidence_interval":{"confidence_level":0.95,"lower_bound":2233.4085482969226,"upper_bound":3509.984979647751},"point_estimate":2837.694612989716,"standard_error":334.6794764140065}}