{"mean":{"confidence_interval":{"confidence_level":0.95,"lower_bound":2020014.9891999993,"upper_bound":2024062.3816000011},"point_estimate":2021801.1592,"standard_error":1041.0078035910574},"median":{"confidence_interval":{"confidence_level":0.95,"lower_bound":2018535.92,"upper_bound":2020001.04},"point_estimate":2019544.02,"standard_error":394.04253574044185},"median_abs_dev":{"confidence_interval":{"confidence_level":0.95,"lower_bound":1879.2844226357697,"upper_bound":3129.3534164428297},"point_estimate":2438.699044704444,"standard_error":308.4201010014609},"slope":null,"std_dev":{"confidence_interval":{"confidence_level":0.95,"lower_bound":4502.638685786707,"upper_bound":15333.853240514365},"point_estimate":10462.307489550985,"standard_error":2796.2146693649092}}