{"mean":{"confidence_interval":{"confidence_level":0.95,"lower_bound":2015294.5213600006,"upper_bound":2021181.5052000005},"point_estimate":2017863.1728000003,"standard_error":1503.00860181108},"median":{"confidence_interval":{"confidence_level":0.95,"lower_bound":2014251.2,"upper_bound":2015477.94},"point_estimate":2014868.0,"standard_error":374.73895621940756},"median_abs_dev":{"confidence_interval":{"confidence_level":0.95,"lower_bound":1857.579159021267,"upper_bound":3160.939467582097},"point_estimate":2280.0311955213338,"standard_error":332.0518546549478},"slope":null,"std_dev":{"confidence_interval":{"confidence_level":0.95,"lower_bound":3329.565085094959,"upper_bound":22135.634519909127},"point_estimate":15102.478655053017,"standard_error":4325.03170138782}}