{"mean":{"confidence_interval":{"confidence_level":0.95,"lower_bound":2694290.4933552635,"upper_bound":2695494.183434212},"point_estimate":2694882.9684210527,"standard_error":307.42443375584077},"median":{"confidence_interval":{"confidence_level":0.95,"lower_bound":2694010.0,"upper_bound":2695483.657894737},"point_estimate":2694673.1052631577,"standard_error":401.23849980865134},"median_abs_dev":{"confidence_interval":{"confidence_level":0.95,"lower_bound":2298.0299592018127,"upper_bound":3636.3105301797887},"point_estimate":2930.085737453955,"standard_error":348.8115181288683},"slope":null,"std_dev":{"confidence_interval":{"confidence_level":0.95,"lower_bound":2649.58136117011,"upper_bound":3464.890293684367},"point_estimate":3083.9884383680687,"standard_error":207.94320613914837}}