{"mean":{"confidence_interval":{"confidence_level":0.95,"lower_bound":2018016.2540000007,"upper_bound":2027141.54597},"point_estimate":2021692.3944000003,"standard_error":2390.04613195631},"median":{"confidence_interval":{"confidence_level":0.95,"lower_bound":2015872.76,"upper_bound":2017259.76},"point_estimate":2016253.6800000002,"standard_error":343.08521323028083},"median_abs_dev":{"confidence_interval":{"confidence_level":0.95,"lower_bound":2234.9305043221416,"upper_bound":4256.45556843307},"point_estimate":2857.859709262986,"standard_error":513.3721615381626},"slope":null,"std_dev":{"confidence_interval":{"confidence_level":0.95,"lower_bound":7931.124452609171,"upper_bound":38423.786288314346},"point_estimate":23872.095940479347,"standard_error":9618.197968079165}}