{"mean":{"confidence_interval":{"confidence_level":0.95,"lower_bound":2698504.791828948,"upper_bound":2699977.6543289474},"point_estimate":2699232.2163157896,"standard_error":377.35118199851814},"median":{"confidence_interval":{"confidence_level":0.95,"lower_bound":2697537.1578947366,"upper_bound":2699710.8421052634},"point_estimate":2698442.4210526315,"standard_error":654.9125468081236},"median_abs_dev":{"confidence_interval":{"confidence_level":0.95,"lower_bound":2988.570404836806,"upper_bound":5056.48524180828},"point_estimate":4400.9809744987115,"standard_error":532.2515703952037},"slope":null,"std_dev":{"confidence_interval":{"confidence_level":0.95,"lower_bound":3241.609892401802,"upper_bound":4300.6007739500465},"point_estimate":3781.637456702462,"standard_error":271.71727223714385}}