{"mean":{"confidence_interval":{"confidence_level":0.95,"lower_bound":2016249.2963199995,"upper_bound":2021481.4362499993},"point_estimate":2018615.8812,"standard_error":1339.798334305346},"median":{"confidence_interval":{"confidence_level":0.95,"lower_bound":2014441.6600000001,"upper_bound":2016279.88},"point_estimate":2015431.34,"standard_error":536.9733109038826},"median_abs_dev":{"confidence_interval":{"confidence_level":0.95,"lower_bound":2465.118234935333,"upper_bound":4193.711937546896},"point_estimate":3434.175971031286,"standard_error":453.8336013913161},"slope":null,"std_dev":{"confidence_interval":{"confidence_level":0.95,"lower_bound":6985.465101366531,"upper_bound":18544.966466953425},"point_estimate":13501.630352988863,"standard_error":2925.047462975705}}