{"mean":{"confidence_interval":{"confidence_level":0.95,"lower_bound":2881804.0494305547,"upper_bound":2896667.2938333326},"point_estimate":2889405.168333333,"standard_error":3789.0755555710516},"median":{"confidence_interval":{"confidence_level":0.95,"lower_bound":2888305.1666666665,"upper_bound":2903861.5555555555},"point_estimate":2893333.222222222,"standard_error":3575.953243879306},"median_abs_dev":{"confidence_interval":{"confidence_level":0.95,"lower_bound":25230.268602073076,"upper_bound":44698.888073936},"point_estimate":37227.5911390786,"standard_error":4856.441707662053},"slope":null,"std_dev":{"confidence_interval":{"confidence_level":0.95,"lower_bound":31280.54477564668,"upper_bound":44455.25457590381},"point_estimate":38185.46575647842,"standard_error":3377.122472333391}}