{"mean":{"confidence_interval":{"confidence_level":0.95,"lower_bound":2013875.9315799999,"upper_bound":2016590.0087999997},"point_estimate":2015093.8732000005,"standard_error":697.3602965904988},"median":{"confidence_interval":{"confidence_level":0.95,"lower_bound":2013359.1400000001,"upper_bound":2014567.6},"point_estimate":2014167.6400000001,"standard_error":375.68952340891764},"median_abs_dev":{"confidence_interval":{"confidence_level":0.95,"lower_bound":2006.432196378632,"upper_bound":3462.9762168198745},"point_estimate":2557.188434600899,"standard_error":375.1320707940483},"slope":null,"std_dev":{"confidence_interval":{"confidence_level":0.95,"lower_bound":3422.6431509424606,"upper_bound":9647.111616553711},"point_estimate":6972.017155664403,"standard_error":1548.7638966315349}}