{"mean":{"confidence_interval":{"confidence_level":0.95,"lower_bound":2700452.79943421,"upper_bound":2709374.512092105},"point_estimate":2703863.206842104,"standard_error":2394.9302988289983},"median":{"confidence_interval":{"confidence_level":0.95,"lower_bound":2698780.052631579,"upper_bound":2700474.789473684},"point_estimate":2699761.6315789474,"standard_error":468.53239566316836},"median_abs_dev":{"confidence_interval":{"confidence_level":0.95,"lower_bound":2594.587994331539,"upper_bound":4104.460979762649},"point_estimate":3386.531450403673,"standard_error":387.83126328863045},"slope":null,"std_dev":{"confidence_interval":{"confidence_level":0.95,"lower_bound":5606.3742042107315,"upper_bound":39940.49295127486},"point_estimate":24099.1828803559,"standard_error":11154.641795890213}}