{"mean":{"confidence_interval":{"confidence_level":0.95,"lower_bound":2012722.5931499994,"upper_bound":2018155.0689699997},"point_estimate":2015109.9644,"standard_error":1388.0124469074894},"median":{"confidence_interval":{"confidence_level":0.95,"lower_bound":2011848.84,"upper_bound":2013192.92},"point_estimate":2012444.1800000002,"standard_error":360.1461331893369},"median_abs_dev":{"confidence_interval":{"confidence_level":0.95,"lower_bound":2002.5774364471022,"upper_bound":3244.0473504067572},"point_estimate":2519.886219262752,"standard_error":303.07577778116115},"slope":null,"std_dev":{"confidence_interval":{"confidence_level":0.95,"lower_bound":2886.5429240001413,"upper_bound":20571.240409230115},"point_estimate":13956.116636865667,"standard_error":4042.8625991873655}}