{"mean":{"confidence_interval":{"confidence_level":0.95,"lower_bound":2018282.3203999994,"upper_bound":2023493.0974399992},"point_estimate":2020592.8196,"standard_error":1339.983967758179},"median":{"confidence_interval":{"confidence_level":0.95,"lower_bound":2016698.92,"upper_bound":2018578.44},"point_estimate":2017907.96,"standard_error":542.5953170281207},"median_abs_dev":{"confidence_interval":{"confidence_level":0.95,"lower_bound":2307.3999910355583,"upper_bound":3783.832348823423},"point_estimate":3243.4839624165797,"standard_error":392.7715868354397},"slope":null,"std_dev":{"confidence_interval":{"confidence_level":0.95,"lower_bound":4962.413570232472,"upper_bound":19123.06810311923},"point_estimate":13458.231220382128,"standard_error":3431.5822741242746}}