{"mean":{"confidence_interval":{"confidence_level":0.95,"lower_bound":2018268.8887000002,"upper_bound":2022701.6799999997},"point_estimate":2020273.1776000008,"standard_error":1137.0790122055716},"median":{"confidence_interval":{"confidence_level":0.95,"lower_bound":2016901.08,"upper_bound":2018089.74},"point_estimate":2017427.9,"standard_error":312.3134471857595},"median_abs_dev":{"confidence_interval":{"confidence_level":0.95,"lower_bound":2565.5147160529023,"upper_bound":4220.487693071269},"point_estimate":3407.9932554960733,"standard_error":408.56147773386454},"slope":null,"std_dev":{"confidence_interval":{"confidence_level":0.95,"lower_bound":6205.981718098437,"upper_bound":15593.592048547918},"point_estimate":11410.933866354388,"standard_error":2495.87351088113}}