{"mean":{"confidence_interval":{"confidence_level":0.95,"lower_bound":2028038.2959999985,"upper_bound":2037357.8144099987},"point_estimate":2031992.1487999994,"standard_error":2411.926142331488},"median":{"confidence_interval":{"confidence_level":0.95,"lower_bound":2024274.3199999998,"upper_bound":2027060.32},"point_estimate":2025715.12,"standard_error":646.4205974732794},"median_abs_dev":{"confidence_interval":{"confidence_level":0.95,"lower_bound":4996.865995287847,"upper_bound":9185.269483628805},"point_estimate":6746.037444234088,"standard_error":1078.194563294082},"slope":null,"std_dev":{"confidence_interval":{"confidence_level":0.95,"lower_bound":10626.635542780765,"upper_bound":37092.25159872905},"point_estimate":23992.789241360635,"standard_error":8026.26399304476}}