{"mean":{"confidence_interval":{"confidence_level":0.95,"lower_bound":2023337.7427999997,"upper_bound":2027126.336400001},"point_estimate":2024961.5659999999,"standard_error":984.751116758683},"median":{"confidence_interval":{"confidence_level":0.95,"lower_bound":2022430.4,"upper_bound":2023422.2799999998},"point_estimate":2022778.26,"standard_error":290.37573156670646},"median_abs_dev":{"confidence_interval":{"confidence_level":0.95,"lower_bound":1889.662622451865,"upper_bound":3350.1422045231075},"point_estimate":2666.545008659273,"standard_error":364.9881635010757},"slope":null,"std_dev":{"confidence_interval":{"confidence_level":0.95,"lower_bound":3184.0340309792705,"upper_bound":15234.26829179438},"point_estimate":9910.727196418946,"standard_error":3074.563536568683}}