{"mean":{"confidence_interval":{"confidence_level":0.95,"lower_bound":2023272.6582799999,"upper_bound":2026441.7439799993},"point_estimate":2024668.5483999997,"standard_error":814.8042314794372},"median":{"confidence_interval":{"confidence_level":0.95,"lower_bound":2022434.42,"upper_bound":2024006.38},"point_estimate":2023174.4,"standard_error":354.87310705396123},"median_abs_dev":{"confidence_interval":{"confidence_level":0.95,"lower_bound":2815.961434006643,"upper_bound":4389.859914064469},"point_estimate":3670.9471868275145,"standard_error":389.4196994847512},"slope":null,"std_dev":{"confidence_interval":{"confidence_level":0.95,"lower_bound":3445.9757485120235,"upper_bound":11911.174690807547},"point_estimate":8173.072755091416,"standard_error":2245.54259919642}}