{"mean":{"confidence_interval":{"confidence_level":0.95,"lower_bound":2470153.5016190484,"upper_bound":2473211.340047619},"point_estimate":2471680.0161904762,"standard_error":779.9735610792072},"median":{"confidence_interval":{"confidence_level":0.95,"lower_bound":2474366.9523809524,"upper_bound":2475647.9285714286},"point_estimate":2474995.5,"standard_error":546.8177594257885},"median_abs_dev":{"confidence_interval":{"confidence_level":0.95,"lower_bound":2118.0705623965664,"upper_bound":9273.45103536353},"point_estimate":4624.476417898902,"standard_error":1646.69631645482},"slope":null,"std_dev":{"confidence_interval":{"confidence_level":0.95,"lower_bound":6840.160820861908,"upper_bound":8853.921226627212},"point_estimate":7829.303325096523,"standard_error":519.3333481936338}}