{"mean":{"confidence_interval":{"confidence_level":0.95,"lower_bound":41493.616487822066,"upper_bound":42328.113330907436},"point_estimate":41895.280713567074,"standard_error":213.3810474279516},"median":{"confidence_interval":{"confidence_level":0.95,"lower_bound":40329.75908119658,"upper_bound":42817.297685185185},"point_estimate":40561.27575086638,"standard_error":813.8531138203757},"median_abs_dev":{"confidence_interval":{"confidence_level":0.95,"lower_bound":436.8633559678586,"upper_bound":2990.482101074994},"point_estimate":992.7098587306734,"standard_error":801.9888803695275},"slope":{"confidence_interval":{"confidence_level":0.95,"lower_bound":40425.01391328317,"upper_bound":40750.93533097417},"point_estimate":40564.74915176592,"standard_error":83.42218464976278},"std_dev":{"confidence_interval":{"confidence_level":0.95,"lower_bound":1663.9141364409074,"upper_bound":2637.9986018780432},"point_estimate":2142.297265008824,"standard_error":255.6994925337641}}