{"mean":{"confidence_interval":{"confidence_level":0.95,"lower_bound":28691.284430142583,"upper_bound":29186.741955636073},"point_estimate":28933.283120586282,"standard_error":126.57285216322951},"median":{"confidence_interval":{"confidence_level":0.95,"lower_bound":28031.85735133873,"upper_bound":29597.94551282051},"point_estimate":28194.616232638888,"standard_error":343.592484503634},"median_abs_dev":{"confidence_interval":{"confidence_level":0.95,"lower_bound":381.1758808252676,"upper_bound":1762.4513688806894},"point_estimate":723.5820057366884,"standard_error":363.8141441938369},"slope":{"confidence_interval":{"confidence_level":0.95,"lower_bound":28086.118043327715,"upper_bound":28592.040610079104},"point_estimate":28286.25005172159,"standard_error":132.35122199699734},"std_dev":{"confidence_interval":{"confidence_level":0.95,"lower_bound":1088.5915417182787,"upper_bound":1483.6818542677802},"point_estimate":1269.5849078037477,"standard_error":104.69564370480867}}