{"mean":{"confidence_interval":{"confidence_level":0.95,"lower_bound":28727.291651818396,"upper_bound":29238.52418348063},"point_estimate":28978.53528977324,"standard_error":130.72597811320506},"median":{"confidence_interval":{"confidence_level":0.95,"lower_bound":28015.213751940995,"upper_bound":29050.865853658535},"point_estimate":28165.352807971016,"standard_error":264.37978316140345},"median_abs_dev":{"confidence_interval":{"confidence_level":0.95,"lower_bound":402.1878274751229,"upper_bound":1800.6423618287515},"point_estimate":668.3548634678855,"standard_error":310.96149757715506},"slope":{"confidence_interval":{"confidence_level":0.95,"lower_bound":28055.096287321376,"upper_bound":28242.80380316088},"point_estimate":28138.681007832125,"standard_error":47.85581302484869},"std_dev":{"confidence_interval":{"confidence_level":0.95,"lower_bound":1196.3587244046694,"upper_bound":1405.314423340372},"point_estimate":1311.2884452505018,"standard_error":52.87899614676811}}