{"mean":{"confidence_interval":{"confidence_level":0.95,"lower_bound":28653.95799887469,"upper_bound":29150.27246703268},"point_estimate":28900.426146809434,"standard_error":126.43308229119758},"median":{"confidence_interval":{"confidence_level":0.95,"lower_bound":27945.171391752578,"upper_bound":29018.783547670348},"point_estimate":28081.329313725488,"standard_error":299.32362850886017},"median_abs_dev":{"confidence_interval":{"confidence_level":0.95,"lower_bound":353.1050809021854,"upper_bound":1738.8040642315061},"point_estimate":657.7352885397725,"standard_error":369.2488274256492},"slope":{"confidence_interval":{"confidence_level":0.95,"lower_bound":28021.74224972055,"upper_bound":28329.13598258597},"point_estimate":28151.10249556672,"standard_error":79.23336345406452},"std_dev":{"confidence_interval":{"confidence_level":0.95,"lower_bound":1167.114489174714,"upper_bound":1349.50750706447},"point_estimate":1271.1698641423898,"standard_error":46.352684238088564}}