{"mean":{"confidence_interval":{"confidence_level":0.95,"lower_bound":28671.240784014106,"upper_bound":29244.145006775358},"point_estimate":28940.969874784852,"standard_error":146.36622797340812},"median":{"confidence_interval":{"confidence_level":0.95,"lower_bound":28023.69716772152,"upper_bound":28814.466654411764},"point_estimate":28256.042782738095,"standard_error":234.3719697534647},"median_abs_dev":{"confidence_interval":{"confidence_level":0.95,"lower_bound":451.2548356552931,"upper_bound":1620.8040944778647},"point_estimate":792.2517782041934,"standard_error":283.4983590733397},"slope":{"confidence_interval":{"confidence_level":0.95,"lower_bound":28035.871428649214,"upper_bound":28238.277454049432},"point_estimate":28127.680216861238,"standard_error":51.556474651197746},"std_dev":{"confidence_interval":{"confidence_level":0.95,"lower_bound":1087.5865890699542,"upper_bound":1941.623476483684},"point_estimate":1465.5082723150947,"standard_error":256.42914121045555}}