{"mean":{"confidence_interval":{"confidence_level":0.95,"lower_bound":28633.134618051925,"upper_bound":29184.231310823696},"point_estimate":28902.14681137842,"standard_error":140.27663508596112},"median":{"confidence_interval":{"confidence_level":0.95,"lower_bound":27891.634615384617,"upper_bound":28242.147301136363},"point_estimate":27999.24445637806,"standard_error":232.2199942550426},"median_abs_dev":{"confidence_interval":{"confidence_level":0.95,"lower_bound":284.30636992254165,"upper_bound":1099.3962377072996},"point_estimate":495.8836084077622,"standard_error":277.8683373946034},"slope":{"confidence_interval":{"confidence_level":0.95,"lower_bound":27955.284007702565,"upper_bound":28123.79821243199},"point_estimate":28030.0639600266,"standard_error":42.87025240246346},"std_dev":{"confidence_interval":{"confidence_level":0.95,"lower_bound":1226.487456889355,"upper_bound":1598.0220630993613},"point_estimate":1404.7445783934543,"standard_error":95.97041454852672}}