{"mean":{"confidence_interval":{"confidence_level":0.95,"lower_bound":28778.896506067937,"upper_bound":29330.476629104527},"point_estimate":29052.54393283792,"standard_error":140.22019303505084},"median":{"confidence_interval":{"confidence_level":0.95,"lower_bound":27912.26530612245,"upper_bound":29738.115384615383},"point_estimate":28308.508517116526,"standard_error":475.972119912945},"median_abs_dev":{"confidence_interval":{"confidence_level":0.95,"lower_bound":443.1273085576644,"upper_bound":2289.3158038600645},"point_estimate":1076.8246908774322,"standard_error":511.87462600741856},"slope":{"confidence_interval":{"confidence_level":0.95,"lower_bound":28070.862850965703,"upper_bound":28454.993322189264},"point_estimate":28242.86948389242,"standard_error":98.21779094817282},"std_dev":{"confidence_interval":{"confidence_level":0.95,"lower_bound":1291.5790659578654,"upper_bound":1499.5075129035813},"point_estimate":1409.55634317888,"standard_error":53.00064572734019}}