{"mean":{"confidence_interval":{"confidence_level":0.95,"lower_bound":28661.610024242767,"upper_bound":29153.877692666465},"point_estimate":28905.928676454678,"standard_error":125.74769242131458},"median":{"confidence_interval":{"confidence_level":0.95,"lower_bound":27930.114825581397,"upper_bound":29071.721464547358},"point_estimate":28080.102634803923,"standard_error":296.8809014559511},"median_abs_dev":{"confidence_interval":{"confidence_level":0.95,"lower_bound":326.08074624440246,"upper_bound":1693.2992316407017},"point_estimate":569.6028116678818,"standard_error":318.8689883835387},"slope":{"confidence_interval":{"confidence_level":0.95,"lower_bound":28022.42808635815,"upper_bound":28213.928385067895},"point_estimate":28107.497845795773,"standard_error":48.89014299518313},"std_dev":{"confidence_interval":{"confidence_level":0.95,"lower_bound":1164.5719470902748,"upper_bound":1351.8817228710068},"point_estimate":1266.483317751126,"standard_error":47.111681314448546}}