{"mean":{"confidence_interval":{"confidence_level":0.95,"lower_bound":28732.84023559692,"upper_bound":29319.167011017533},"point_estimate":29019.97970854492,"standard_error":149.69833894104988},"median":{"confidence_interval":{"confidence_level":0.95,"lower_bound":27917.02582236842,"upper_bound":29497.05779054917},"point_estimate":28034.83035714286,"standard_error":376.1259334815319},"median_abs_dev":{"confidence_interval":{"confidence_level":0.95,"lower_bound":376.4262708086194,"upper_bound":2128.5435492478355},"point_estimate":626.0329353231957,"standard_error":433.174337840286},"slope":{"confidence_interval":{"confidence_level":0.95,"lower_bound":27996.777558798083,"upper_bound":28270.809220168954},"point_estimate":28118.25777190779,"standard_error":70.25737793986221},"std_dev":{"confidence_interval":{"confidence_level":0.95,"lower_bound":1291.8720543285597,"upper_bound":1759.265579178663},"point_estimate":1505.772206063228,"standard_error":125.35619610721655}}