{"mean":{"confidence_interval":{"confidence_level":0.95,"lower_bound":28884.514907734236,"upper_bound":29472.970779548},"point_estimate":29172.834675701484,"standard_error":150.43320700046664},"median":{"confidence_interval":{"confidence_level":0.95,"lower_bound":28003.559895833332,"upper_bound":29745.087053571428},"point_estimate":28253.821713323883,"standard_error":407.70067828050503},"median_abs_dev":{"confidence_interval":{"confidence_level":0.95,"lower_bound":364.42793851474596,"upper_bound":2259.929836666785},"point_estimate":775.9526533980774,"standard_error":481.7625173388593},"slope":{"confidence_interval":{"confidence_level":0.95,"lower_bound":28126.048705386638,"upper_bound":28464.985152578654},"point_estimate":28271.34848972957,"standard_error":87.13509414428384},"std_dev":{"confidence_interval":{"confidence_level":0.95,"lower_bound":1324.1466341643554,"upper_bound":1704.6704622273235},"point_estimate":1509.0953981870377,"standard_error":98.50697263172542}}