{"mean":{"confidence_interval":{"confidence_level":0.95,"lower_bound":138650.09885835313,"upper_bound":140677.69241743578},"point_estimate":139630.56741510367,"standard_error":516.6957042285243},"median":{"confidence_interval":{"confidence_level":0.95,"lower_bound":137991.2591145833,"upper_bound":139431.05965816602},"point_estimate":138642.15781853284,"standard_error":340.49329688557424},"median_abs_dev":{"confidence_interval":{"confidence_level":0.95,"lower_bound":2168.8508202849916,"upper_bound":3954.3986101261953},"point_estimate":2924.1268993434837,"standard_error":434.51600258885134},"slope":{"confidence_interval":{"confidence_level":0.95,"lower_bound":138526.68996236293,"upper_bound":140316.36874472254},"point_estimate":139333.63419535983,"standard_error":459.2896697225587},"std_dev":{"confidence_interval":{"confidence_level":0.95,"lower_bound":3640.0845187531704,"upper_bound":6737.06412994858},"point_estimate":5167.3380594160735,"standard_error":807.4631623407512}}