{"mean":{"confidence_interval":{"confidence_level":0.95,"lower_bound":42916.79998575347,"upper_bound":43825.02845123414},"point_estimate":43362.88375135778,"standard_error":232.3292155297405},"median":{"confidence_interval":{"confidence_level":0.95,"lower_bound":41568.62719298246,"upper_bound":44159.72014790765},"point_estimate":41727.95795250896,"standard_error":843.2482510002226},"median_abs_dev":{"confidence_interval":{"confidence_level":0.95,"lower_bound":470.23776528595107,"upper_bound":3875.1308548091447},"point_estimate":877.4972333110916,"standard_error":1059.460497985554},"slope":{"confidence_interval":{"confidence_level":0.95,"lower_bound":41662.95377229899,"upper_bound":41928.09229163186},"point_estimate":41779.03824737698,"standard_error":67.82637630516805},"std_dev":{"confidence_interval":{"confidence_level":0.95,"lower_bound":2059.9223765043153,"upper_bound":2566.404993505728},"point_estimate":2337.7994718164646,"standard_error":128.79543113050866}}