{"mean":{"confidence_interval":{"confidence_level":0.95,"lower_bound":132486.45504415617,"upper_bound":132944.57950615237},"point_estimate":132736.48819716266,"standard_error":117.47737957238883},"median":{"confidence_interval":{"confidence_level":0.95,"lower_bound":132848.27536231885,"upper_bound":133191.60784313726},"point_estimate":133028.08435036868,"standard_error":80.03443835025348},"median_abs_dev":{"confidence_interval":{"confidence_level":0.95,"lower_bound":418.599190648566,"upper_bound":760.6734795713311},"point_estimate":614.3603334759557,"standard_error":85.6661461710624},"slope":{"confidence_interval":{"confidence_level":0.95,"lower_bound":132830.70750081795,"upper_bound":133066.30958395486},"point_estimate":132951.09269888184,"standard_error":59.972656634925094},"std_dev":{"confidence_interval":{"confidence_level":0.95,"lower_bound":660.5159304617405,"upper_bound":1686.0056111198662},"point_estimate":1180.104588197523,"standard_error":272.9749029256996}}