{"mean":{"confidence_interval":{"confidence_level":0.95,"lower_bound":28872.632189167747,"upper_bound":29482.79320690563},"point_estimate":29173.914715843286,"standard_error":155.60599733866655},"median":{"confidence_interval":{"confidence_level":0.95,"lower_bound":27996.59149067732,"upper_bound":29154.249068333796},"point_estimate":28090.79538640906,"standard_error":310.2806441894613},"median_abs_dev":{"confidence_interval":{"confidence_level":0.95,"lower_bound":305.65051684677127,"upper_bound":1958.8945996879559},"point_estimate":570.9843569708147,"standard_error":403.631776738253},"slope":{"confidence_interval":{"confidence_level":0.95,"lower_bound":28112.704676219295,"upper_bound":28338.691350525478},"point_estimate":28214.80458585784,"standard_error":57.67682607933361},"std_dev":{"confidence_interval":{"confidence_level":0.95,"lower_bound":1397.857418840726,"upper_bound":1723.585141312604},"point_estimate":1569.0559194119637,"standard_error":83.2355699890994}}