{"mean":{"confidence_interval":{"confidence_level":0.95,"lower_bound":28632.173649598637,"upper_bound":29207.63154313566},"point_estimate":28915.448713495407,"standard_error":147.1206965436076},"median":{"confidence_interval":{"confidence_level":0.95,"lower_bound":27790.098529411764,"upper_bound":29263.54455128205},"point_estimate":27902.401008545312,"standard_error":387.83501295747357},"median_abs_dev":{"confidence_interval":{"confidence_level":0.95,"lower_bound":336.32666079681815,"upper_bound":2199.8162255410575},"point_estimate":736.2825366654166,"standard_error":473.32273787427795},"slope":{"confidence_interval":{"confidence_level":0.95,"lower_bound":27890.279023437863,"upper_bound":28134.323477561713},"point_estimate":27999.788561770358,"standard_error":62.72522251708077},"std_dev":{"confidence_interval":{"confidence_level":0.95,"lower_bound":1331.8201178033119,"upper_bound":1598.1982301761257},"point_estimate":1478.9289548303414,"standard_error":68.03524357608978}}