{"mean":{"confidence_interval":{"confidence_level":0.95,"lower_bound":28534.443920944406,"upper_bound":28941.573915013763},"point_estimate":28735.157209210083,"standard_error":103.90334887415281},"median":{"confidence_interval":{"confidence_level":0.95,"lower_bound":28060.399390243903,"upper_bound":28806.775},"point_estimate":28402.988586956522,"standard_error":183.0914413966087},"median_abs_dev":{"confidence_interval":{"confidence_level":0.95,"lower_bound":583.524627560249,"upper_bound":1419.9448489077834},"point_estimate":1019.4991044782133,"standard_error":224.7028935367013},"slope":{"confidence_interval":{"confidence_level":0.95,"lower_bound":28055.549260278985,"upper_bound":28431.00366311831},"point_estimate":28223.37118257721,"standard_error":96.21656169913399},"std_dev":{"confidence_interval":{"confidence_level":0.95,"lower_bound":941.3203114031857,"upper_bound":1126.5472035997727},"point_estimate":1043.2291861044691,"standard_error":47.08103174298742}}