{"mean":{"confidence_interval":{"confidence_level":0.95,"lower_bound":31803.20478516754,"upper_bound":32985.58251774392},"point_estimate":32382.169295045234,"standard_error":301.0779942039417},"median":{"confidence_interval":{"confidence_level":0.95,"lower_bound":30900.324074074073,"upper_bound":32542.51397679325},"point_estimate":31722.749792199487,"standard_error":395.331407813955},"median_abs_dev":{"confidence_interval":{"confidence_level":0.95,"lower_bound":2097.8030123338453,"upper_bound":3601.30892802366},"point_estimate":2876.476464829874,"standard_error":382.59224662161074},"slope":{"confidence_interval":{"confidence_level":0.95,"lower_bound":30455.247766713066,"upper_bound":31362.21105989922},"point_estimate":30889.27755578543,"standard_error":231.38914466767042},"std_dev":{"confidence_interval":{"confidence_level":0.95,"lower_bound":2596.0094546477762,"upper_bound":3434.7491685954424},"point_estimate":3048.193065804582,"standard_error":213.896684144348}}