{"mean":{"confidence_interval":{"confidence_level":0.95,"lower_bound":41609.03182901819,"upper_bound":42249.108720095624},"point_estimate":41926.67952970397,"standard_error":163.48632609604155},"median":{"confidence_interval":{"confidence_level":0.95,"lower_bound":40635.53325811305,"upper_bound":42987.27296046046},"point_estimate":40972.80705105425,"standard_error":715.2155969239903},"median_abs_dev":{"confidence_interval":{"confidence_level":0.95,"lower_bound":574.1948898657051,"upper_bound":2790.3199732608045},"point_estimate":1229.8500449679227,"standard_error":628.2329008536852},"slope":{"confidence_interval":{"confidence_level":0.95,"lower_bound":40691.21115383062,"upper_bound":40963.1592977552},"point_estimate":40812.44223141717,"standard_error":69.47941275132658},"std_dev":{"confidence_interval":{"confidence_level":0.95,"lower_bound":1511.3899321340787,"upper_bound":1765.1775988146283},"point_estimate":1647.653069448782,"standard_error":64.58170003153192}}