{"mean":{"confidence_interval":{"confidence_level":0.95,"lower_bound":28488.126613792156,"upper_bound":29033.776557029214},"point_estimate":28755.982000840733,"standard_error":138.86977593436094},"median":{"confidence_interval":{"confidence_level":0.95,"lower_bound":27805.93762218964,"upper_bound":28732.28947368421},"point_estimate":27934.483508403362,"standard_error":222.52803015594506},"median_abs_dev":{"confidence_interval":{"confidence_level":0.95,"lower_bound":388.6330824267606,"upper_bound":1727.0374615948942},"point_estimate":796.466936172385,"standard_error":348.1267807001824},"slope":{"confidence_interval":{"confidence_level":0.95,"lower_bound":27804.193691991597,"upper_bound":28062.84430608331},"point_estimate":27925.01417319344,"standard_error":66.2469040541928},"std_dev":{"confidence_interval":{"confidence_level":0.95,"lower_bound":1252.7378810321986,"upper_bound":1511.067209016234},"point_estimate":1397.572683791819,"standard_error":65.45697660395733}}