{"mean":{"confidence_interval":{"confidence_level":0.95,"lower_bound":28866.541370562285,"upper_bound":29505.083650491702},"point_estimate":29177.443150621617,"standard_error":163.1636034898678},"median":{"confidence_interval":{"confidence_level":0.95,"lower_bound":28014.159615384615,"upper_bound":29562.207352941175},"point_estimate":28166.71625149803,"standard_error":317.8306875888471},"median_abs_dev":{"confidence_interval":{"confidence_level":0.95,"lower_bound":360.9525697979693,"upper_bound":2009.0833421523896},"point_estimate":650.0735734094635,"standard_error":381.3249528098855},"slope":{"confidence_interval":{"confidence_level":0.95,"lower_bound":28108.070323671083,"upper_bound":28355.95070157931},"point_estimate":28217.869547436087,"standard_error":63.228031651202805},"std_dev":{"confidence_interval":{"confidence_level":0.95,"lower_bound":1347.2747660556054,"upper_bound":1978.6768945562153},"point_estimate":1645.0507859439867,"standard_error":166.28350920899567}}