{"mean":{"confidence_interval":{"confidence_level":0.95,"lower_bound":28686.926695377966,"upper_bound":29232.946761219147},"point_estimate":28958.72645492283,"standard_error":139.40641996437452},"median":{"confidence_interval":{"confidence_level":0.95,"lower_bound":27926.053571428572,"upper_bound":29119.546875},"point_estimate":28066.88363486842,"standard_error":304.8610946041978},"median_abs_dev":{"confidence_interval":{"confidence_level":0.95,"lower_bound":457.69914246735334,"upper_bound":1938.840936397159},"point_estimate":713.8626332865346,"standard_error":371.5789094106855},"slope":{"confidence_interval":{"confidence_level":0.95,"lower_bound":27990.648972820443,"upper_bound":28208.902793337606},"point_estimate":28090.54771242796,"standard_error":55.80419920963049},"std_dev":{"confidence_interval":{"confidence_level":0.95,"lower_bound":1280.3352682609568,"upper_bound":1485.2243286289572},"point_estimate":1399.240298931994,"standard_error":51.99083385109785}}