{"mean":{"confidence_interval":{"confidence_level":0.95,"lower_bound":28434.975461932278,"upper_bound":28862.1758837395},"point_estimate":28648.219820361646,"standard_error":109.3430782427637},"median":{"confidence_interval":{"confidence_level":0.95,"lower_bound":27850.13823529412,"upper_bound":28824.81818181818},"point_estimate":28037.79990472561,"standard_error":251.6924542554512},"median_abs_dev":{"confidence_interval":{"confidence_level":0.95,"lower_bound":436.41820284404594,"upper_bound":1625.4118708251303},"point_estimate":780.5967502240607,"standard_error":288.4455263570934},"slope":{"confidence_interval":{"confidence_level":0.95,"lower_bound":27894.96717892975,"upper_bound":28111.359876005557},"point_estimate":27994.48938488252,"standard_error":55.32230485437782},"std_dev":{"confidence_interval":{"confidence_level":0.95,"lower_bound":1019.4929332180253,"upper_bound":1149.662413373838},"point_estimate":1097.0998218243922,"standard_error":33.116132593054516}}