{"mean":{"confidence_interval":{"confidence_level":0.95,"lower_bound":111223.53653049204,"upper_bound":111321.4258277375},"point_estimate":111263.50008389652,"standard_error":25.52630095625575},"median":{"confidence_interval":{"confidence_level":0.95,"lower_bound":111209.77105263158,"upper_bound":111265.12755102041},"point_estimate":111232.36253210617,"standard_error":15.711959121716344},"median_abs_dev":{"confidence_interval":{"confidence_level":0.95,"lower_bound":70.70010935116109,"upper_bound":106.89559510323932},"point_estimate":88.9617822712192,"standard_error":9.519393338751652},"slope":{"confidence_interval":{"confidence_level":0.95,"lower_bound":111231.20087557833,"upper_bound":111263.4537292761},"point_estimate":111247.26118442441,"standard_error":8.223646279319127},"std_dev":{"confidence_interval":{"confidence_level":0.95,"lower_bound":84.86189808353562,"upper_bound":414.0139970366431},"point_estimate":256.591522189632,"standard_error":101.25717021972743}}