{"mean":{"confidence_interval":{"confidence_level":0.95,"lower_bound":28571.490698008663,"upper_bound":29135.353183992127},"point_estimate":28842.996238869735,"standard_error":143.59994999976814},"median":{"confidence_interval":{"confidence_level":0.95,"lower_bound":27865.26020408163,"upper_bound":28801.086380762412},"point_estimate":27985.887245475114,"standard_error":283.05419300033583},"median_abs_dev":{"confidence_interval":{"confidence_level":0.95,"lower_bound":349.59846721444075,"upper_bound":1707.9524319221016},"point_estimate":596.2652498396704,"standard_error":348.68295875178893},"slope":{"confidence_interval":{"confidence_level":0.95,"lower_bound":27931.05667836833,"upper_bound":28158.50444466059},"point_estimate":28031.41473806709,"standard_error":58.173373161091256},"std_dev":{"confidence_interval":{"confidence_level":0.95,"lower_bound":1131.7245592515028,"upper_bound":1789.7246409645018},"point_estimate":1443.7746203516795,"standard_error":174.5915247272584}}