{"mean":{"confidence_interval":{"confidence_level":0.95,"lower_bound":28705.551750348328,"upper_bound":29215.729137697388},"point_estimate":28957.611667909114,"standard_error":130.2631778911607},"median":{"confidence_interval":{"confidence_level":0.95,"lower_bound":27935.442602040817,"upper_bound":29269.36309953119},"point_estimate":28197.835596413723,"standard_error":319.5573104101973},"median_abs_dev":{"confidence_interval":{"confidence_level":0.95,"lower_bound":413.33234403582446,"upper_bound":1813.8484720498238},"point_estimate":813.7919977649859,"standard_error":365.7811779788242},"slope":{"confidence_interval":{"confidence_level":0.95,"lower_bound":28021.50464500423,"upper_bound":28245.80685031643},"point_estimate":28124.93547362199,"standard_error":57.343168916334875},"std_dev":{"confidence_interval":{"confidence_level":0.95,"lower_bound":1207.732676825086,"upper_bound":1380.6342444850104},"point_estimate":1309.1006277704357,"standard_error":43.891579722813326}}