{"mean":{"confidence_interval":{"confidence_level":0.95,"lower_bound":28565.105102884914,"upper_bound":29087.938108593356},"point_estimate":28822.766956808795,"standard_error":133.21393259166462},"median":{"confidence_interval":{"confidence_level":0.95,"lower_bound":27829.091485507248,"upper_bound":29006.708643980848},"point_estimate":28024.063265306122,"standard_error":305.7502074024452},"median_abs_dev":{"confidence_interval":{"confidence_level":0.95,"lower_bound":418.64205434162994,"upper_bound":1886.2734875534193},"point_estimate":753.7399855037211,"standard_error":371.78016793925275},"slope":{"confidence_interval":{"confidence_level":0.95,"lower_bound":27907.938904170176,"upper_bound":28154.738157930387},"point_estimate":28020.441605216492,"standard_error":62.75744235216443},"std_dev":{"confidence_interval":{"confidence_level":0.95,"lower_bound":1209.8490111444517,"upper_bound":1440.4026661827033},"point_estimate":1332.880497573459,"standard_error":58.42914717011688}}