{"mean":{"confidence_interval":{"confidence_level":0.95,"lower_bound":28792.650586553165,"upper_bound":29325.76702729979},"point_estimate":29055.406168724625,"standard_error":135.81363891245826},"median":{"confidence_interval":{"confidence_level":0.95,"lower_bound":28017.600824850826,"upper_bound":29244.01282051282},"point_estimate":28113.454105062723,"standard_error":378.9956839376249},"median_abs_dev":{"confidence_interval":{"confidence_level":0.95,"lower_bound":354.5146439594865,"upper_bound":1933.3045560347168},"point_estimate":570.9293315405824,"standard_error":452.63890184955756},"slope":{"confidence_interval":{"confidence_level":0.95,"lower_bound":28112.07708530294,"upper_bound":28361.126631284875},"point_estimate":28226.184250406382,"standard_error":63.7017586192403},"std_dev":{"confidence_interval":{"confidence_level":0.95,"lower_bound":1239.840992280686,"upper_bound":1488.4332190049245},"point_estimate":1368.416891532014,"standard_error":63.19124946677234}}