{"mean":{"confidence_interval":{"confidence_level":0.95,"lower_bound":41442.747546439045,"upper_bound":42111.41565900778},"point_estimate":41774.280665012884,"standard_error":170.97629012338166},"median":{"confidence_interval":{"confidence_level":0.95,"lower_bound":40387.774032974005,"upper_bound":42890.144783377546},"point_estimate":40549.545024420026,"standard_error":747.69048357002},"median_abs_dev":{"confidence_interval":{"confidence_level":0.95,"lower_bound":465.3071021936898,"upper_bound":2894.8811027232364},"point_estimate":771.9177196804611,"standard_error":719.6563393846491},"slope":{"confidence_interval":{"confidence_level":0.95,"lower_bound":40478.54951784042,"upper_bound":40719.322253213715},"point_estimate":40584.0098275947,"standard_error":61.451228203868745},"std_dev":{"confidence_interval":{"confidence_level":0.95,"lower_bound":1588.821650613691,"upper_bound":1827.587321240204},"point_estimate":1721.7718944254314,"standard_error":60.624209495092856}}