{"mean":{"confidence_interval":{"confidence_level":0.95,"lower_bound":28900.966317966115,"upper_bound":29422.785649356145},"point_estimate":29157.268138360087,"standard_error":132.72729269455536},"median":{"confidence_interval":{"confidence_level":0.95,"lower_bound":28124.78488372093,"upper_bound":29723.001302083332},"point_estimate":28349.329474374495,"standard_error":415.2887008626312},"median_abs_dev":{"confidence_interval":{"confidence_level":0.95,"lower_bound":446.8102146631581,"upper_bound":1948.8652074423933},"point_estimate":856.1550182950713,"standard_error":437.61511110827746},"slope":{"confidence_interval":{"confidence_level":0.95,"lower_bound":28195.267487977784,"upper_bound":28480.836986328},"point_estimate":28322.7507263189,"standard_error":72.96828272162963},"std_dev":{"confidence_interval":{"confidence_level":0.95,"lower_bound":1224.40989663105,"upper_bound":1427.8541164385724},"point_estimate":1334.3433532807028,"standard_error":51.837566201952505}}