{"mean":{"confidence_interval":{"confidence_level":0.95,"lower_bound":42770.08783580771,"upper_bound":43597.043975799315},"point_estimate":43175.460112251545,"standard_error":211.45286149577893},"median":{"confidence_interval":{"confidence_level":0.95,"lower_bound":41551.02536231884,"upper_bound":44077.73333333333},"point_estimate":41691.57810695311,"standard_error":708.4040293655502},"median_abs_dev":{"confidence_interval":{"confidence_level":0.95,"lower_bound":474.81953521862675,"upper_bound":3618.394064339064},"point_estimate":870.3686531561302,"standard_error":857.6075644466445},"slope":{"confidence_interval":{"confidence_level":0.95,"lower_bound":41631.83662063676,"upper_bound":41875.85161269213},"point_estimate":41738.5584518004,"standard_error":62.48642626100233},"std_dev":{"confidence_interval":{"confidence_level":0.95,"lower_bound":1874.2788084944443,"upper_bound":2328.3734233527994},"point_estimate":2123.794974927637,"standard_error":115.78953133269245}}