{"mean":{"confidence_interval":{"confidence_level":0.95,"lower_bound":48906.58761903077,"upper_bound":49997.92878928402},"point_estimate":49446.324783037075,"standard_error":277.8236697047862},"median":{"confidence_interval":{"confidence_level":0.95,"lower_bound":48632.24965986394,"upper_bound":49343.71541666667},"point_estimate":48884.22230848861,"standard_error":204.88261963858525},"median_abs_dev":{"confidence_interval":{"confidence_level":0.95,"lower_bound":1384.4894693543201,"upper_bound":3321.970930292508},"point_estimate":1941.2027480427864,"standard_error":518.3433107963112},"slope":{"confidence_interval":{"confidence_level":0.95,"lower_bound":48083.291228352944,"upper_bound":48607.134136616856},"point_estimate":48356.878597310475,"standard_error":133.6783251845487},"std_dev":{"confidence_interval":{"confidence_level":0.95,"lower_bound":2334.519773015379,"upper_bound":3226.508381945007},"point_estimate":2789.976627954771,"standard_error":228.74764396197241}}