{"mean":{"confidence_interval":{"confidence_level":0.95,"lower_bound":28686.244967577604,"upper_bound":29259.8641173297},"point_estimate":28969.737614406135,"standard_error":146.28722600773338},"median":{"confidence_interval":{"confidence_level":0.95,"lower_bound":27850.730263157893,"upper_bound":29077.326654905915},"point_estimate":27959.68946596244,"standard_error":301.0591608987541},"median_abs_dev":{"confidence_interval":{"confidence_level":0.95,"lower_bound":260.86143676489075,"upper_bound":1926.7685872133443},"point_estimate":448.2754274329254,"standard_error":334.8823806452541},"slope":{"confidence_interval":{"confidence_level":0.95,"lower_bound":27932.12924614773,"upper_bound":28150.178331021794},"point_estimate":28025.74312989508,"standard_error":55.99071014106684},"std_dev":{"confidence_interval":{"confidence_level":0.95,"lower_bound":1346.0583595157054,"upper_bound":1558.8948838533017},"point_estimate":1469.9427383576076,"standard_error":53.93995720262776}}