{"mean":{"confidence_interval":{"confidence_level":0.95,"lower_bound":6523954.01375,"upper_bound":6531221.19659375},"point_estimate":6527157.74375,"standard_error":1869.869443519706},"median":{"confidence_interval":{"confidence_level":0.95,"lower_bound":6521791.1875,"upper_bound":6524724.75},"point_estimate":6523478.0625,"standard_error":721.4022885282534},"median_abs_dev":{"confidence_interval":{"confidence_level":0.95,"lower_bound":4026.926853507757,"upper_bound":6859.619428217411},"point_estimate":5212.7288449555635,"standard_error":787.1535429274393},"slope":null,"std_dev":{"confidence_interval":{"confidence_level":0.95,"lower_bound":6227.460250549971,"upper_bound":27012.963925731925},"point_estimate":18739.929535783103,"standard_error":5101.521499485171}}