{"mean":{"confidence_interval":{"confidence_level":0.95,"lower_bound":6520433.50425,"upper_bound":6638429.86240625},"point_estimate":6571520.46375,"standard_error":30267.234178476145},"median":{"confidence_interval":{"confidence_level":0.95,"lower_bound":6507863.375,"upper_bound":6510266.625},"point_estimate":6508539.75,"standard_error":551.4500872118625},"median_abs_dev":{"confidence_interval":{"confidence_level":0.95,"lower_bound":4346.519810333848,"upper_bound":7560.634393896902},"point_estimate":5748.410747945309,"standard_error":826.4411890856938},"slope":null,"std_dev":{"confidence_interval":{"confidence_level":0.95,"lower_bound":60027.63013624635,"upper_bound":462165.693414635},"point_estimate":304664.66878541873,"standard_error":98361.51923018378}}