{"mean":{"confidence_interval":{"confidence_level":0.95,"lower_bound":4978666.362431818,"upper_bound":4989498.697749998},"point_estimate":4984062.751818181,"standard_error":2747.95105395608},"median":{"confidence_interval":{"confidence_level":0.95,"lower_bound":4975012.545454545,"upper_bound":4993098.909090909},"point_estimate":4985867.136363637,"standard_error":5299.992944439895},"median_abs_dev":{"confidence_interval":{"confidence_level":0.95,"lower_bound":23189.34618830681,"upper_bound":37813.17320140907},"point_estimate":30946.03968696186,"standard_error":3744.932410947331},"slope":null,"std_dev":{"confidence_interval":{"confidence_level":0.95,"lower_bound":24424.38481918908,"upper_bound":30375.474087265666},"point_estimate":27619.679783558848,"standard_error":1518.3578033173515}}