{"mean":{"confidence_interval":{"confidence_level":0.95,"lower_bound":6513452.2297812505,"upper_bound":6521725.2589375},"point_estimate":6517050.6075,"standard_error":2133.190108949233},"median":{"confidence_interval":{"confidence_level":0.95,"lower_bound":6510996.875,"upper_bound":6514840.375},"point_estimate":6511693.25,"standard_error":916.5346032309759},"median_abs_dev":{"confidence_interval":{"confidence_level":0.95,"lower_bound":4330.767185613513,"upper_bound":6815.9777080547055},"point_estimate":5619.424550235271,"standard_error":635.2841059802337},"slope":null,"std_dev":{"confidence_interval":{"confidence_level":0.95,"lower_bound":7010.226996787611,"upper_bound":32186.509321996513},"point_estimate":21505.98664174655,"standard_error":6427.833356401667}}