{"mean":{"confidence_interval":{"confidence_level":0.95,"lower_bound":6513981.01053125,"upper_bound":6524891.61875},"point_estimate":6518504.07875,"standard_error":2848.333524699457},"median":{"confidence_interval":{"confidence_level":0.95,"lower_bound":6512347.625,"upper_bound":6514309.5},"point_estimate":6513316.875,"standard_error":527.8102017972348},"median_abs_dev":{"confidence_interval":{"confidence_level":0.95,"lower_bound":3208.2374646049007,"upper_bound":6355.535437166691},"point_estimate":4433.90054628253,"standard_error":833.7301576286486},"slope":null,"std_dev":{"confidence_interval":{"confidence_level":0.95,"lower_bound":5335.299654315395,"upper_bound":45671.29145449781},"point_estimate":28690.53330986327,"standard_error":10823.26480955123}}