{"mean":{"confidence_interval":{"confidence_level":0.95,"lower_bound":7530875.334214285,"upper_bound":7541065.79025},"point_estimate":7535906.914285716,"standard_error":2613.7915433154176},"median":{"confidence_interval":{"confidence_level":0.95,"lower_bound":7530307.428571428,"upper_bound":7539208.105357143},"point_estimate":7536136.071428571,"standard_error":2441.688011540934},"median_abs_dev":{"confidence_interval":{"confidence_level":0.95,"lower_bound":14665.03173964374,"upper_bound":25699.917443734765},"point_estimate":20100.031443154094,"standard_error":2800.8167357103557},"slope":null,"std_dev":{"confidence_interval":{"confidence_level":0.95,"lower_bound":20570.236581551333,"upper_bound":31704.473831732543},"point_estimate":26274.971842595965,"standard_error":2854.8783229291885}}