{"mean":{"confidence_interval":{"confidence_level":0.95,"lower_bound":9029117.0785,"upper_bound":9041372.800083328},"point_estimate":9035298.7,"standard_error":3123.0814611140304},"median":{"confidence_interval":{"confidence_level":0.95,"lower_bound":9030253.0,"upper_bound":9044831.166666666},"point_estimate":9035936.416666668,"standard_error":3755.8619622316605},"median_abs_dev":{"confidence_interval":{"confidence_level":0.95,"lower_bound":24833.178909120183,"upper_bound":39676.72274559829},"point_estimate":32539.36292231083,"standard_error":3752.623386034252},"slope":null,"std_dev":{"confidence_interval":{"confidence_level":0.95,"lower_bound":26672.6051280287,"upper_bound":35700.42133446741},"point_estimate":31425.804403336122,"standard_error":2303.3208672058468}}