{"mean":{"confidence_interval":{"confidence_level":0.95,"lower_bound":7007397.3854375,"upper_bound":7160031.236093749},"point_estimate":7080364.51125,"standard_error":39035.37451808493},"median":{"confidence_interval":{"confidence_level":0.95,"lower_bound":6894628.375,"upper_bound":7052967.125},"point_estimate":6990654.0625,"standard_error":34728.37877416933},"median_abs_dev":{"confidence_interval":{"confidence_level":0.95,"lower_bound":203811.81608567954,"upper_bound":333069.285576213},"point_estimate":284939.4063413143,"standard_error":32201.427322238284},"slope":null,"std_dev":{"confidence_interval":{"confidence_level":0.95,"lower_bound":290154.42813031306,"upper_bound":483665.6317970473},"point_estimate":394683.85890413995,"standard_error":49383.28230669911}}