{"mean":{"confidence_interval":{"confidence_level":0.95,"lower_bound":8489762.280541662,"upper_bound":8592258.059791666},"point_estimate":8541523.635000002,"standard_error":26103.777386159825},"median":{"confidence_interval":{"confidence_level":0.95,"lower_bound":8487782.416666668,"upper_bound":8629086.916666666},"point_estimate":8551388.5,"standard_error":40087.37779586451},"median_abs_dev":{"confidence_interval":{"confidence_level":0.95,"lower_bound":221593.58658842745,"upper_bound":359653.30231487844},"point_estimate":288572.64112681174,"standard_error":35707.2495206921},"slope":null,"std_dev":{"confidence_interval":{"confidence_level":0.95,"lower_bound":230172.7892222365,"upper_bound":289647.69134292327},"point_estimate":261615.0228053058,"standard_error":15147.89838764446}}