{"mean":{"confidence_interval":{"confidence_level":0.95,"lower_bound":8649841.228583336,"upper_bound":8758423.928291667},"point_estimate":8700476.355000002,"standard_error":27671.2910931081},"median":{"confidence_interval":{"confidence_level":0.95,"lower_bound":8585352.416666668,"upper_bound":8664728.333333332},"point_estimate":8632927.916666668,"standard_error":21607.04802542751},"median_abs_dev":{"confidence_interval":{"confidence_level":0.95,"lower_bound":108861.01501733065,"upper_bound":200029.6703487653},"point_estimate":150287.94703185512,"standard_error":23300.92871730489},"slope":null,"std_dev":{"confidence_interval":{"confidence_level":0.95,"lower_bound":189193.9153665041,"upper_bound":369827.52233973856},"point_estimate":278768.9131202975,"standard_error":47588.833057069736}}