{"mean":{"confidence_interval":{"confidence_level":0.95,"lower_bound":9045283.942625,"upper_bound":9056327.181083335},"point_estimate":9050638.916666664,"standard_error":2802.1423790877043},"median":{"confidence_interval":{"confidence_level":0.95,"lower_bound":9045025.166666668,"upper_bound":9055302.416666666},"point_estimate":9050716.916666668,"standard_error":2547.055402691512},"median_abs_dev":{"confidence_interval":{"confidence_level":0.95,"lower_bound":20620.865283905998,"upper_bound":34319.47129070805},"point_estimate":27249.32266622966,"standard_error":3368.2223061143127},"slope":null,"std_dev":{"confidence_interval":{"confidence_level":0.95,"lower_bound":21872.36190444145,"upper_bound":35762.80903178528},"point_estimate":28172.546960480202,"standard_error":3736.089134595566}}