{"mean":{"confidence_interval":{"confidence_level":0.95,"lower_bound":7922367.584321428,"upper_bound":8095382.467249998},"point_estimate":8006844.555714284,"standard_error":44253.98668609642},"median":{"confidence_interval":{"confidence_level":0.95,"lower_bound":7991675.285714285,"upper_bound":8092826.428571429},"point_estimate":8062146.5,"standard_error":28399.223819600455},"median_abs_dev":{"confidence_interval":{"confidence_level":0.95,"lower_bound":208601.69980658081,"upper_bound":447498.72304280853},"point_estimate":289140.3533667326,"standard_error":59422.9992567465},"slope":null,"std_dev":{"confidence_interval":{"confidence_level":0.95,"lower_bound":345440.56279975444,"upper_bound":536825.6830907654},"point_estimate":442935.705874063,"standard_error":49278.096805315035}}