{"mean":{"confidence_interval":{"confidence_level":0.95,"lower_bound":8892396.497208335,"upper_bound":8934344.051666668},"point_estimate":8913519.326666662,"standard_error":10771.432249535097},"median":{"confidence_interval":{"confidence_level":0.95,"lower_bound":8892710.166666666,"upper_bound":8951845.333333334},"point_estimate":8927044.583333332,"standard_error":14287.67224988459},"median_abs_dev":{"confidence_interval":{"confidence_level":0.95,"lower_bound":91725.86273279089,"upper_bound":156644.10021900854},"point_estimate":125179.99292760811,"standard_error":16411.295701312356},"slope":null,"std_dev":{"confidence_interval":{"confidence_level":0.95,"lower_bound":95757.3138364083,"upper_bound":119508.06051982714},"point_estimate":108179.47437131322,"standard_error":6066.912210516652}}