{"mean":{"confidence_interval":{"confidence_level":0.95,"lower_bound":6519848.06625,"upper_bound":6526853.64653125},"point_estimate":6522969.185,"standard_error":1796.2451857865708},"median":{"confidence_interval":{"confidence_level":0.95,"lower_bound":6517091.3125,"upper_bound":6520704.9375},"point_estimate":6519114.5625,"standard_error":1031.0076916030132},"median_abs_dev":{"confidence_interval":{"confidence_level":0.95,"lower_bound":6158.812953159213,"upper_bound":10021.715601766464},"point_estimate":8360.659239068627,"standard_error":944.8605525207714},"slope":null,"std_dev":{"confidence_interval":{"confidence_level":0.95,"lower_bound":8930.011661456052,"upper_bound":26630.511708430935},"point_estimate":18014.529103097262,"standard_error":4712.660789022365}}