{"mean":{"confidence_interval":{"confidence_level":0.95,"lower_bound":6518146.26246875,"upper_bound":6526248.43409375},"point_estimate":6521664.0725,"standard_error":2096.027913937791},"median":{"confidence_interval":{"confidence_level":0.95,"lower_bound":6515922.625,"upper_bound":6519303.875},"point_estimate":6517994.5,"standard_error":822.610406699873},"median_abs_dev":{"confidence_interval":{"confidence_level":0.95,"lower_bound":4630.7156927883625,"upper_bound":7430.513080582023},"point_estimate":6218.116952106357,"standard_error":718.3582237081748},"slope":null,"std_dev":{"confidence_interval":{"confidence_level":0.95,"lower_bound":6118.4798653361295,"upper_bound":31278.465628444752},"point_estimate":21077.503071982344,"standard_error":6216.057203105185}}