{"mean":{"confidence_interval":{"confidence_level":0.95,"lower_bound":6381788.25978125,"upper_bound":6433870.2881562505},"point_estimate":6408098.28875,"standard_error":13342.41233806639},"median":{"confidence_interval":{"confidence_level":0.95,"lower_bound":6390526.75,"upper_bound":6506858.5625},"point_estimate":6487653.1875,"standard_error":31191.23048241073},"median_abs_dev":{"confidence_interval":{"confidence_level":0.95,"lower_bound":24039.06129822135,"upper_bound":178222.34439748334},"point_estimate":59375.16374588013,"standard_error":41571.79690085858},"slope":null,"std_dev":{"confidence_interval":{"confidence_level":0.95,"lower_bound":119047.31595349828,"upper_bound":145660.95758077028},"point_estimate":133932.85941907627,"standard_error":6792.650791253504}}