{"mean":{"confidence_interval":{"confidence_level":0.95,"lower_bound":7530331.735250002,"upper_bound":7550519.951785719},"point_estimate":7539146.88,"standard_error":5224.980326678146},"median":{"confidence_interval":{"confidence_level":0.95,"lower_bound":7527848.714285715,"upper_bound":7539227.428571429},"point_estimate":7534698.857142856,"standard_error":3409.7229987105393},"median_abs_dev":{"confidence_interval":{"confidence_level":0.95,"lower_bound":17749.051484891246,"upper_bound":27947.433103834177},"point_estimate":22588.78729896896,"standard_error":2619.6257664803193},"slope":null,"std_dev":{"confidence_interval":{"confidence_level":0.95,"lower_bound":20611.569787146927,"upper_bound":78600.11311455231},"point_estimate":52536.87553025428,"standard_error":15669.516469528211}}