{"mean":{"confidence_interval":{"confidence_level":0.95,"lower_bound":6527180.72046875,"upper_bound":6537313.4961875},"point_estimate":6531745.8875,"standard_error":2594.6112710564175},"median":{"confidence_interval":{"confidence_level":0.95,"lower_bound":6522848.875,"upper_bound":6526552.0},"point_estimate":6525145.0625,"standard_error":1026.192549832102},"median_abs_dev":{"confidence_interval":{"confidence_level":0.95,"lower_bound":7320.152045041323,"upper_bound":14357.59080760181},"point_estimate":11573.546044528484,"standard_error":1881.550672369489},"slope":null,"std_dev":{"confidence_interval":{"confidence_level":0.95,"lower_bound":13575.63030458465,"upper_bound":36605.52708299524},"point_estimate":26029.937168330158,"standard_error":5983.584056975884}}