{"mean":{"confidence_interval":{"confidence_level":0.95,"lower_bound":6515876.135281251,"upper_bound":6525250.24640625},"point_estimate":6520011.93,"standard_error":2410.2154572029954},"median":{"confidence_interval":{"confidence_level":0.95,"lower_bound":6512754.625,"upper_bound":6517003.125},"point_estimate":6514407.0625,"standard_error":1083.6720838435904},"median_abs_dev":{"confidence_interval":{"confidence_level":0.95,"lower_bound":5522.772931326181,"upper_bound":8657.64254629612},"point_estimate":7056.156587228179,"standard_error":764.2720456254796},"slope":null,"std_dev":{"confidence_interval":{"confidence_level":0.95,"lower_bound":10065.677040625542,"upper_bound":35362.22811759139},"point_estimate":24221.838465780187,"standard_error":6573.557533366473}}