{"mean":{"confidence_interval":{"confidence_level":0.95,"lower_bound":6513882.172656249,"upper_bound":6518879.38875},"point_estimate":6516137.57,"standard_error":1279.7781990595383},"median":{"confidence_interval":{"confidence_level":0.95,"lower_bound":6513143.3125,"upper_bound":6515693.0},"point_estimate":6514571.9375,"standard_error":636.9422118378134},"median_abs_dev":{"confidence_interval":{"confidence_level":0.95,"lower_bound":4530.454869568348,"upper_bound":7552.456928417087},"point_estimate":5962.831769138575,"standard_error":789.3798116297082},"slope":null,"std_dev":{"confidence_interval":{"confidence_level":0.95,"lower_bound":6038.870512031187,"upper_bound":18119.22137711264},"point_estimate":12863.873457844331,"standard_error":3046.647647568866}}