{"mean":{"confidence_interval":{"confidence_level":0.95,"lower_bound":4944853.267181818,"upper_bound":4951127.120818182},"point_estimate":4947606.462727273,"standard_error":1609.0027482628634},"median":{"confidence_interval":{"confidence_level":0.95,"lower_bound":4942481.363636363,"upper_bound":4946499.636363637},"point_estimate":4943972.2727272725,"standard_error":836.1701132911658},"median_abs_dev":{"confidence_interval":{"confidence_level":0.95,"lower_bound":5485.619902611469,"upper_bound":9084.294384177085},"point_estimate":7655.607136812889,"standard_error":990.5569534744459},"slope":null,"std_dev":{"confidence_interval":{"confidence_level":0.95,"lower_bound":7938.101168710498,"upper_bound":24257.518765157372},"point_estimate":16210.177932734632,"standard_error":4648.6760588227435}}