{"mean":{"confidence_interval":{"confidence_level":0.95,"lower_bound":6519771.90875,"upper_bound":6536096.175125},"point_estimate":6526496.19375,"standard_error":4277.982813678778},"median":{"confidence_interval":{"confidence_level":0.95,"lower_bound":6515750.25,"upper_bound":6518878.5},"point_estimate":6517177.75,"standard_error":869.5141473286417},"median_abs_dev":{"confidence_interval":{"confidence_level":0.95,"lower_bound":4839.553798455747,"upper_bound":8232.59966634214},"point_estimate":6067.63305477798,"standard_error":831.9652538695135},"slope":null,"std_dev":{"confidence_interval":{"confidence_level":0.95,"lower_bound":13683.371253322735,"upper_bound":68898.4022540705},"point_estimate":43047.81612236316,"standard_error":16506.00905905004}}