{"mean":{"confidence_interval":{"confidence_level":0.95,"lower_bound":10213749.925399998,"upper_bound":10365618.750549996},"point_estimate":10285877.375999998,"standard_error":38811.36377622212},"median":{"confidence_interval":{"confidence_level":0.95,"lower_bound":10127968.6,"upper_bound":10258969.0},"point_estimate":10202138.8,"standard_error":32080.489461225505},"median_abs_dev":{"confidence_interval":{"confidence_level":0.95,"lower_bound":176133.6181730032,"upper_bound":322526.49955750915},"point_estimate":258922.14896321518,"standard_error":37214.598558416365},"slope":null,"std_dev":{"confidence_interval":{"confidence_level":0.95,"lower_bound":291476.0798793863,"upper_bound":480408.174138352},"point_estimate":391995.72344332584,"standard_error":48307.98662737572}}