{"mean":{"confidence_interval":{"confidence_level":0.95,"lower_bound":8468175.256285714,"upper_bound":8653868.779785717},"point_estimate":8558705.772857144,"standard_error":47291.4155490419},"median":{"confidence_interval":{"confidence_level":0.95,"lower_bound":8441955.714285713,"upper_bound":8603799.07142857},"point_estimate":8527734.5,"standard_error":45067.18211014993},"median_abs_dev":{"confidence_interval":{"confidence_level":0.95,"lower_bound":271676.70237677515,"upper_bound":496937.3296775993},"point_estimate":388283.6139065876,"standard_error":56341.06908359359},"slope":null,"std_dev":{"confidence_interval":{"confidence_level":0.95,"lower_bound":380679.0859054096,"upper_bound":565198.831182458},"point_estimate":475238.24268905603,"standard_error":47291.82526642179}}