{"mean":{"confidence_interval":{"confidence_level":0.95,"lower_bound":6510662.744,"upper_bound":6518158.26621875},"point_estimate":6513730.88,"standard_error":1958.558412043383},"median":{"confidence_interval":{"confidence_level":0.95,"lower_bound":6508748.0,"upper_bound":6512207.0},"point_estimate":6510621.5625,"standard_error":804.0623872280443},"median_abs_dev":{"confidence_interval":{"confidence_level":0.95,"lower_bound":4883.128338307142,"upper_bound":7484.352308688684},"point_estimate":6422.252435982227,"standard_error":682.9876549390972},"slope":null,"std_dev":{"confidence_interval":{"confidence_level":0.95,"lower_bound":6137.717217995075,"upper_bound":31597.24320489763},"point_estimate":19664.26635350441,"standard_error":7630.95330545026}}