{"mean":{"confidence_interval":{"confidence_level":0.95,"lower_bound":7518193.3089285735,"upper_bound":7528022.960428571},"point_estimate":7522981.905714286,"standard_error":2514.5063373949342},"median":{"confidence_interval":{"confidence_level":0.95,"lower_bound":7517388.714285715,"upper_bound":7527431.571428572},"point_estimate":7523438.714285715,"standard_error":2833.1656183052405},"median_abs_dev":{"confidence_interval":{"confidence_level":0.95,"lower_bound":19524.253153375987,"upper_bound":29069.655383910846},"point_estimate":26161.323735542872,"standard_error":2508.800996995405},"slope":null,"std_dev":{"confidence_interval":{"confidence_level":0.95,"lower_bound":19942.38046676679,"upper_bound":30949.25596734651},"point_estimate":25195.52483598958,"standard_error":2867.601540950658}}