{"mean":{"confidence_interval":{"confidence_level":0.95,"lower_bound":7550397.091499998,"upper_bound":7580769.835642853},"point_estimate":7565564.661428567,"standard_error":7727.075586387349},"median":{"confidence_interval":{"confidence_level":0.95,"lower_bound":7545583.857142857,"upper_bound":7580462.0},"point_estimate":7568062.214285715,"standard_error":8596.708445938002},"median_abs_dev":{"confidence_interval":{"confidence_level":0.95,"lower_bound":57725.453575168634,"upper_bound":96081.90339420474},"point_estimate":75336.41146251104,"standard_error":9547.216852192654},"slope":null,"std_dev":{"confidence_interval":{"confidence_level":0.95,"lower_bound":65547.21453648651,"upper_bound":88494.64789479188},"point_estimate":77481.27186264539,"standard_error":5845.180115362907}}