{"mean":{"confidence_interval":{"confidence_level":0.95,"lower_bound":2106165.5950208334,"upper_bound":2111074.196333334},"point_estimate":2108329.8920833333,"standard_error":1267.353773589557},"median":{"confidence_interval":{"confidence_level":0.95,"lower_bound":2104788.1666666665,"upper_bound":2106746.229166667},"point_estimate":2105824.5,"standard_error":574.2819917362369},"median_abs_dev":{"confidence_interval":{"confidence_level":0.95,"lower_bound":2526.690117641708,"upper_bound":4056.9803904747755},"point_estimate":3290.4144290835816,"standard_error":373.01750115849296},"slope":null,"std_dev":{"confidence_interval":{"confidence_level":0.95,"lower_bound":3877.685823990812,"upper_bound":18309.856538363816},"point_estimate":12684.68090949382,"standard_error":3404.12819492121}}