{"mean":{"confidence_interval":{"confidence_level":0.95,"lower_bound":3256088.288666666,"upper_bound":3334878.0117666656},"point_estimate":3294279.0286666644,"standard_error":20157.871598115522},"median":{"confidence_interval":{"confidence_level":0.95,"lower_bound":3211134.6333333333,"upper_bound":3324189.2},"point_estimate":3252741.8,"standard_error":26017.718090095324},"median_abs_dev":{"confidence_interval":{"confidence_level":0.95,"lower_bound":132699.07282412058,"upper_bound":227487.57012128856},"point_estimate":175284.73084807364,"standard_error":24123.546702769137},"slope":null,"std_dev":{"confidence_interval":{"confidence_level":0.95,"lower_bound":164459.5623067516,"upper_bound":238916.76052506574},"point_estimate":202306.32600604027,"standard_error":19160.599617963697}}