{"mean":{"confidence_interval":{"confidence_level":0.95,"lower_bound":2108813.3490833333,"upper_bound":2110629.22384375},"point_estimate":2109689.22875,"standard_error":463.19503468075357},"median":{"confidence_interval":{"confidence_level":0.95,"lower_bound":2108255.125,"upper_bound":2110154.5},"point_estimate":2109109.625,"standard_error":450.21742845412405},"median_abs_dev":{"confidence_interval":{"confidence_level":0.95,"lower_bound":2661.3287277520853,"upper_bound":4572.400093823787},"point_estimate":3730.252421274666,"standard_error":506.8903622143511},"slope":null,"std_dev":{"confidence_interval":{"confidence_level":0.95,"lower_bound":3569.2875509744204,"upper_bound":5758.6527235470085},"point_estimate":4693.4047544950145,"standard_error":563.3976175190671}}