{"mean":{"confidence_interval":{"confidence_level":0.95,"lower_bound":2109115.7693020836,"upper_bound":2112800.6808124995},"point_estimate":2110741.2370833335,"standard_error":942.7639131376641},"median":{"confidence_interval":{"confidence_level":0.95,"lower_bound":2108110.520833333,"upper_bound":2110448.375},"point_estimate":2109596.0208333335,"standard_error":479.91087582641023},"median_abs_dev":{"confidence_interval":{"confidence_level":0.95,"lower_bound":3510.302537679442,"upper_bound":5522.1598144616055},"point_estimate":4523.3816321940385,"standard_error":478.1687001265282},"slope":null,"std_dev":{"confidence_interval":{"confidence_level":0.95,"lower_bound":4060.2170398767926,"upper_bound":13917.920126474779},"point_estimate":9480.86348251267,"standard_error":2666.8743834811803}}