{"mean":{"confidence_interval":{"confidence_level":0.95,"lower_bound":2975434.149514707,"upper_bound":3017681.716661766},"point_estimate":2994990.290588236,"standard_error":10822.375389308552},"median":{"confidence_interval":{"confidence_level":0.95,"lower_bound":2950582.6470588236,"upper_bound":2981180.0},"point_estimate":2967968.0588235296,"standard_error":7460.957876013176},"median_abs_dev":{"confidence_interval":{"confidence_level":0.95,"lower_bound":45969.75641916809,"upper_bound":84910.24472783587},"point_estimate":65313.587122804835,"standard_error":9858.633207680426},"slope":null,"std_dev":{"confidence_interval":{"confidence_level":0.95,"lower_bound":67198.81039891373,"upper_bound":145950.61037335775},"point_estimate":108750.12056798088,"standard_error":20379.366383184628}}