{"mean":{"confidence_interval":{"confidence_level":0.95,"lower_bound":3094537.084171875,"upper_bound":3167441.1178749995},"point_estimate":3129577.494375,"standard_error":18610.78009224106},"median":{"confidence_interval":{"confidence_level":0.95,"lower_bound":3048105.375,"upper_bound":3131099.25},"point_estimate":3093124.1875,"standard_error":21425.41768832588},"median_abs_dev":{"confidence_interval":{"confidence_level":0.95,"lower_bound":108684.02964547276,"upper_bound":180557.78915695846},"point_estimate":137108.34367834032,"standard_error":18238.10654428792},"slope":null,"std_dev":{"confidence_interval":{"confidence_level":0.95,"lower_bound":141693.7733369161,"upper_bound":228342.37802025574},"point_estimate":186943.7925050837,"standard_error":22265.40588146046}}