{"mean":{"confidence_interval":{"confidence_level":0.95,"lower_bound":2108009.108718751,"upper_bound":2112870.8955312506},"point_estimate":2110133.3825,"standard_error":1252.3324559816986},"median":{"confidence_interval":{"confidence_level":0.95,"lower_bound":2106534.4166666665,"upper_bound":2108176.25},"point_estimate":2107252.4375,"standard_error":388.34198392376175},"median_abs_dev":{"confidence_interval":{"confidence_level":0.95,"lower_bound":2239.2888849320652,"upper_bound":3700.0135593116283},"point_estimate":3125.3825195134837,"standard_error":346.32076660132725},"slope":null,"std_dev":{"confidence_interval":{"confidence_level":0.95,"lower_bound":4740.601820117749,"upper_bound":18644.64881202447},"point_estimate":12578.297006912902,"standard_error":3536.204146826521}}