{"mean":{"confidence_interval":{"confidence_level":0.95,"lower_bound":2607718.1388,"upper_bound":2609476.2183000008},"point_estimate":2608545.289500001,"standard_error":449.87296007956166},"median":{"confidence_interval":{"confidence_level":0.95,"lower_bound":2606570.2,"upper_bound":2608187.75},"point_estimate":2607007.7,"standard_error":420.17063045648047},"median_abs_dev":{"confidence_interval":{"confidence_level":0.95,"lower_bound":1938.573595583508,"upper_bound":3339.7047007081824},"point_estimate":2746.664711237092,"standard_error":360.083367472024},"slope":null,"std_dev":{"confidence_interval":{"confidence_level":0.95,"lower_bound":3147.647139612504,"upper_bound":5797.789642028908},"point_estimate":4518.5807405202695,"standard_error":683.3406194018544}}