{"mean":{"confidence_interval":{"confidence_level":0.95,"lower_bound":2603739.2704125023,"upper_bound":2605429.9539625007},"point_estimate":2604550.233,"standard_error":430.8549104416295},"median":{"confidence_interval":{"confidence_level":0.95,"lower_bound":2602749.05,"upper_bound":2605274.1},"point_estimate":2604386.6,"standard_error":639.8686254081684},"median_abs_dev":{"confidence_interval":{"confidence_level":0.95,"lower_bound":3183.9205084739733,"upper_bound":4818.524044454167},"point_estimate":3903.0185607076382,"standard_error":413.1518480564818},"slope":null,"std_dev":{"confidence_interval":{"confidence_level":0.95,"lower_bound":3355.6208334947314,"upper_bound":5284.124984012139},"point_estimate":4337.408550901738,"standard_error":495.06198987910363}}