{"mean":{"confidence_interval":{"confidence_level":0.95,"lower_bound":2121944.447083333,"upper_bound":2126451.565750001},"point_estimate":2123934.660416667,"standard_error":1163.8546032987874},"median":{"confidence_interval":{"confidence_level":0.95,"lower_bound":2121041.0833333335,"upper_bound":2122270.0416666665},"point_estimate":2121796.708333333,"standard_error":308.96154565968425},"median_abs_dev":{"confidence_interval":{"confidence_level":0.95,"lower_bound":2404.4065073132515,"upper_bound":3688.955834507712},"point_estimate":3174.64808113896,"standard_error":329.4910155111353},"slope":null,"std_dev":{"confidence_interval":{"confidence_level":0.95,"lower_bound":3487.370915382536,"upper_bound":16995.883036834926},"point_estimate":11728.065441478067,"standard_error":3146.6067028370526}}