{"mean":{"confidence_interval":{"confidence_level":0.95,"lower_bound":2100431.164260417,"upper_bound":2106557.371166668},"point_estimate":2103113.911666667,"standard_error":1569.6521296754574},"median":{"confidence_interval":{"confidence_level":0.95,"lower_bound":2099104.1666666665,"upper_bound":2100703.8333333335},"point_estimate":2100063.0416666665,"standard_error":429.73305554664404},"median_abs_dev":{"confidence_interval":{"confidence_level":0.95,"lower_bound":2290.243220590058,"upper_bound":3860.5358939620173},"point_estimate":2986.0798969867146,"standard_error":390.1835546622826},"slope":null,"std_dev":{"confidence_interval":{"confidence_level":0.95,"lower_bound":4204.009161430066,"upper_bound":22951.16738086034},"point_estimate":15730.297027204791,"standard_error":4343.272007692095}}