{"mean":{"confidence_interval":{"confidence_level":0.95,"lower_bound":2106165.515822917,"upper_bound":2112965.2486979165},"point_estimate":2109186.3341666665,"standard_error":1758.904462028547},"median":{"confidence_interval":{"confidence_level":0.95,"lower_bound":2104391.0,"upper_bound":2106123.8125},"point_estimate":2105241.6875,"standard_error":414.4249554669827},"median_abs_dev":{"confidence_interval":{"confidence_level":0.95,"lower_bound":2645.761428028115,"upper_bound":4505.497770011885},"point_estimate":3333.1627283245325,"standard_error":457.6916562438052},"slope":null,"std_dev":{"confidence_interval":{"confidence_level":0.95,"lower_bound":8681.802030664307,"upper_bound":24543.151272793024},"point_estimate":17611.07048646952,"standard_error":4310.982766105478}}