{"mean":{"confidence_interval":{"confidence_level":0.95,"lower_bound":2868625.4464444453,"upper_bound":2870103.5622499995},"point_estimate":2869341.453333333,"standard_error":375.9735281250279},"median":{"confidence_interval":{"confidence_level":0.95,"lower_bound":2868612.388888889,"upper_bound":2870029.388888889},"point_estimate":2869259.611111111,"standard_error":379.20341343015156},"median_abs_dev":{"confidence_interval":{"confidence_level":0.95,"lower_bound":2450.654360242257,"upper_bound":3970.320362845788},"point_estimate":3447.5803221267392,"standard_error":386.54257767004987},"slope":null,"std_dev":{"confidence_interval":{"confidence_level":0.95,"lower_bound":2821.3008968283166,"upper_bound":4723.250119340268},"point_estimate":3779.9465876427616,"standard_error":489.9096939333201}}