{"mean":{"confidence_interval":{"confidence_level":0.95,"lower_bound":3304720.4173333333,"upper_bound":3385724.1982166655},"point_estimate":3343777.2639999986,"standard_error":20632.169448241173},"median":{"confidence_interval":{"confidence_level":0.95,"lower_bound":3259687.5666666664,"upper_bound":3359682.7333333334},"point_estimate":3302058.9,"standard_error":25588.598584780215},"median_abs_dev":{"confidence_interval":{"confidence_level":0.95,"lower_bound":128250.92696309087,"upper_bound":224519.6990229789},"point_estimate":184845.72155833253,"standard_error":25416.376773388547},"slope":null,"std_dev":{"confidence_interval":{"confidence_level":0.95,"lower_bound":164108.71089871236,"upper_bound":253540.49836327063},"point_estimate":207391.93243706596,"standard_error":23135.102879576436}}