{"mean":{"confidence_interval":{"confidence_level":0.95,"lower_bound":2106958.4226770825,"upper_bound":2145471.931145833},"point_estimate":2120716.684166666,"standard_error":11355.276397478185},"median":{"confidence_interval":{"confidence_level":0.95,"lower_bound":2103966.0416666665,"upper_bound":2104758.958333333},"point_estimate":2104420.625,"standard_error":224.2471910553022},"median_abs_dev":{"confidence_interval":{"confidence_level":0.95,"lower_bound":1819.6443676943945,"upper_bound":3378.5673525184393},"point_estimate":2600.3568038345534,"standard_error":413.29587259874074},"slope":null,"std_dev":{"confidence_interval":{"confidence_level":0.95,"lower_bound":12269.637173910542,"upper_bound":193702.6191340625},"point_estimate":113867.58041881605,"standard_error":63321.28072381166}}