{"mean":{"confidence_interval":{"confidence_level":0.95,"lower_bound":2616186.0623125006,"upper_bound":2617827.5685125007},"point_estimate":2616952.263000001,"standard_error":420.26532876741754},"median":{"confidence_interval":{"confidence_level":0.95,"lower_bound":2615320.05,"upper_bound":2616545.025},"point_estimate":2615870.0,"standard_error":299.4190076040227},"median_abs_dev":{"confidence_interval":{"confidence_level":0.95,"lower_bound":1719.7057010942617,"upper_bound":2824.3900148569155},"point_estimate":2133.2019071280265,"standard_error":273.2318631412768},"slope":null,"std_dev":{"confidence_interval":{"confidence_level":0.95,"lower_bound":2789.131683464588,"upper_bound":5432.993132770177},"point_estimate":4229.4283529345885,"standard_error":680.677572571933}}