{"mean":{"confidence_interval":{"confidence_level":0.95,"lower_bound":2096987.2407291664,"upper_bound":2109109.4322187505},"point_estimate":2101289.9379166663,"standard_error":3635.6386297676504},"median":{"confidence_interval":{"confidence_level":0.95,"lower_bound":2095669.0,"upper_bound":2097409.7083333335},"point_estimate":2096601.7708333333,"standard_error":411.92134178518114},"median_abs_dev":{"confidence_interval":{"confidence_level":0.95,"lower_bound":2250.6485350429434,"upper_bound":3843.1462317702853},"point_estimate":2888.444511219974,"standard_error":391.53145544781995},"slope":null,"std_dev":{"confidence_interval":{"confidence_level":0.95,"lower_bound":3618.7883969370537,"upper_bound":62683.24479566556},"point_estimate":36714.611536851226,"standard_error":20929.546872976756}}