{"mean":{"confidence_interval":{"confidence_level":0.95,"lower_bound":5138727.021525002,"upper_bound":5142364.544475002},"point_estimate":5140434.734000002,"standard_error":928.152714365642},"median":{"confidence_interval":{"confidence_level":0.95,"lower_bound":5137018.8,"upper_bound":5138438.85},"point_estimate":5137563.9,"standard_error":363.022073581341},"median_abs_dev":{"confidence_interval":{"confidence_level":0.95,"lower_bound":2120.1920923594803,"upper_bound":3713.9870640639633},"point_estimate":2994.8519468307495,"standard_error":402.8229183765536},"slope":null,"std_dev":{"confidence_interval":{"confidence_level":0.95,"lower_bound":6705.243787775944,"upper_bound":11580.48530662012},"point_estimate":9305.2161580984,"standard_error":1242.9678268067444}}