{"mean":{"confidence_interval":{"confidence_level":0.95,"lower_bound":5287904.0709500015,"upper_bound":5392100.97325},"point_estimate":5338015.275,"standard_error":26625.788024023255},"median":{"confidence_interval":{"confidence_level":0.95,"lower_bound":5231467.5,"upper_bound":5303730.050000001},"point_estimate":5259438.35,"standard_error":20225.443839851534},"median_abs_dev":{"confidence_interval":{"confidence_level":0.95,"lower_bound":166389.7487559916,"upper_bound":280694.2778366807},"point_estimate":214205.1546370975,"standard_error":29064.00447212601},"slope":null,"std_dev":{"confidence_interval":{"confidence_level":0.95,"lower_bound":209382.7380630663,"upper_bound":320466.8464961471},"point_estimate":267909.2907978443,"standard_error":28450.48948830297}}