{"mean":{"confidence_interval":{"confidence_level":0.95,"lower_bound":2416622.594559524,"upper_bound":2440640.2519047624},"point_estimate":2428218.9495238103,"standard_error":6132.0427864925205},"median":{"confidence_interval":{"confidence_level":0.95,"lower_bound":2398725.285714286,"upper_bound":2423082.023809524},"point_estimate":2414288.4523809524,"standard_error":6585.763762644584},"median_abs_dev":{"confidence_interval":{"confidence_level":0.95,"lower_bound":32556.20102201209,"upper_bound":59569.949142422156},"point_estimate":44884.01980314921,"standard_error":7048.905249239319},"slope":null,"std_dev":{"confidence_interval":{"confidence_level":0.95,"lower_bound":49284.71057386904,"upper_bound":72438.93205636741},"point_estimate":61751.30788723091,"standard_error":5904.409314348029}}