{"mean":{"confidence_interval":{"confidence_level":0.95,"lower_bound":2101996.462333334,"upper_bound":2109037.712937501},"point_estimate":2105121.2754166666,"standard_error":1818.5572087175865},"median":{"confidence_interval":{"confidence_level":0.95,"lower_bound":2100516.708333333,"upper_bound":2101984.9166666665},"point_estimate":2101380.75,"standard_error":396.16385634685224},"median_abs_dev":{"confidence_interval":{"confidence_level":0.95,"lower_bound":2709.389676898603,"upper_bound":4342.905972898006},"point_estimate":3393.9802147446912,"standard_error":440.9192076730237},"slope":null,"std_dev":{"confidence_interval":{"confidence_level":0.95,"lower_bound":9082.443764519852,"upper_bound":25543.625623799555},"point_estimate":18347.686840414946,"standard_error":4450.4902488736825}}