{"mean":{"confidence_interval":{"confidence_level":0.95,"lower_bound":2106197.827906251,"upper_bound":2109976.3618125017},"point_estimate":2107881.6183333336,"standard_error":970.8781444518362},"median":{"confidence_interval":{"confidence_level":0.95,"lower_bound":2105194.916666667,"upper_bound":2106714.375},"point_estimate":2105890.3541666665,"standard_error":400.03689773727524},"median_abs_dev":{"confidence_interval":{"confidence_level":0.95,"lower_bound":3021.1680963635445,"upper_bound":5235.338494554162},"point_estimate":3873.1071062386036,"standard_error":572.7900492297402},"slope":null,"std_dev":{"confidence_interval":{"confidence_level":0.95,"lower_bound":4658.294995608763,"upper_bound":14172.573588153913},"point_estimate":9726.781207114944,"standard_error":2544.945312777734}}