{"mean":{"confidence_interval":{"confidence_level":0.95,"lower_bound":2082997.8076874996,"upper_bound":2094726.5662499997},"point_estimate":2088900.30875,"standard_error":2987.8732171183638},"median":{"confidence_interval":{"confidence_level":0.95,"lower_bound":2096564.4583333333,"upper_bound":2099779.25},"point_estimate":2098779.645833333,"standard_error":797.3800866183564},"median_abs_dev":{"confidence_interval":{"confidence_level":0.95,"lower_bound":4431.089783832546,"upper_bound":11730.015167063511},"point_estimate":6634.048019722047,"standard_error":1923.6697189935742},"slope":null,"std_dev":{"confidence_interval":{"confidence_level":0.95,"lower_bound":23616.07138479959,"upper_bound":35624.10112392816},"point_estimate":29948.223095673744,"standard_error":3058.52508012542}}