{"mean":{"confidence_interval":{"confidence_level":0.95,"lower_bound":2105694.378322916,"upper_bound":2110645.2623333335},"point_estimate":2107908.7591666672,"standard_error":1275.7306498246887},"median":{"confidence_interval":{"confidence_level":0.95,"lower_bound":2104594.2916666665,"upper_bound":2105962.5416666665},"point_estimate":2105400.791666667,"standard_error":332.5474923197162},"median_abs_dev":{"confidence_interval":{"confidence_level":0.95,"lower_bound":2068.6524385863654,"upper_bound":3413.6246643959325},"point_estimate":2635.228790715337,"standard_error":338.5434164011574},"slope":null,"std_dev":{"confidence_interval":{"confidence_level":0.95,"lower_bound":5288.578448754995,"upper_bound":18047.240081057},"point_estimate":12826.40263466718,"standard_error":3108.5051993893335}}