{"mean":{"confidence_interval":{"confidence_level":0.95,"lower_bound":2857411.642027779,"upper_bound":2858720.4007916665},"point_estimate":2858061.173888888,"standard_error":334.23940421251257},"median":{"confidence_interval":{"confidence_level":0.95,"lower_bound":2857164.777777778,"upper_bound":2858670.6666666665},"point_estimate":2857814.8055555555,"standard_error":398.28155960972396},"median_abs_dev":{"confidence_interval":{"confidence_level":0.95,"lower_bound":2625.2315367262336,"upper_bound":4441.457687815414},"point_estimate":3646.9900185865094,"standard_error":471.9511553754543},"slope":null,"std_dev":{"confidence_interval":{"confidence_level":0.95,"lower_bound":2885.3764559227543,"upper_bound":3786.479716873601},"point_estimate":3352.0637960100435,"standard_error":229.53762116741223}}