{"mean":{"confidence_interval":{"confidence_level":0.95,"lower_bound":2602158.1392125012,"upper_bound":2604023.872937501},"point_estimate":2603031.5549999997,"standard_error":479.86849214784183},"median":{"confidence_interval":{"confidence_level":0.95,"lower_bound":2601635.5,"upper_bound":2602658.05},"point_estimate":2602193.0,"standard_error":297.13706459985224},"median_abs_dev":{"confidence_interval":{"confidence_level":0.95,"lower_bound":2264.708524793248,"upper_bound":4084.7111874813277},"point_estimate":3158.0120739341473,"standard_error":470.48674769349293},"slope":null,"std_dev":{"confidence_interval":{"confidence_level":0.95,"lower_bound":3069.6562943518456,"upper_bound":6509.774668200674},"point_estimate":4838.069254098111,"standard_error":895.1445318968036}}