{"mean":{"confidence_interval":{"confidence_level":0.95,"lower_bound":0.025458076609332192,"upper_bound":0.03436428109833236},"point_estimate":0.02984919892168536,"standard_error":0.00228218028504973},"median":{"confidence_interval":{"confidence_level":0.95,"lower_bound":0.019169358101451595,"upper_bound":0.029269103121522644},"point_estimate":0.023013667022885764,"standard_error":0.002443692539081138}}