{"mean":{"confidence_interval":{"confidence_level":0.95,"lower_bound":0.023167367422845326,"upper_bound":0.03367031321639105},"point_estimate":0.02736007753445313,"standard_error":0.0027035081319412724},"median":{"confidence_interval":{"confidence_level":0.95,"lower_bound":0.02357773178126088,"upper_bound":0.02989387936061516},"point_estimate":0.026916191000436074,"standard_error":0.0016305691972170694}}