{"mean":{"confidence_interval":{"confidence_level":0.95,"lower_bound":-0.1603694338171832,"upper_bound":-0.13891209981944563},"point_estimate":-0.14955100789545483,"standard_error":0.005468112682726961},"median":{"confidence_interval":{"confidence_level":0.95,"lower_bound":-0.14896462404582878,"upper_bound":-0.12456277080420339},"point_estimate":-0.1388830163493654,"standard_error":0.006569823649171302}}