{"mean":{"confidence_interval":{"confidence_level":0.95,"lower_bound":0.008463923867260865,"upper_bound":0.012152276134461307},"point_estimate":0.010227293562253825,"standard_error":0.0009474847085702644},"median":{"confidence_interval":{"confidence_level":0.95,"lower_bound":0.007154689939021797,"upper_bound":0.009482623865957773},"point_estimate":0.008086114745154305,"standard_error":0.0006330664270902299}}