{"mean":{"confidence_interval":{"confidence_level":0.95,"lower_bound":-0.01751032198428205,"upper_bound":-0.006428264608550611},"point_estimate":-0.011020438800267263,"standard_error":0.002888346154464697},"median":{"confidence_interval":{"confidence_level":0.95,"lower_bound":-0.006338443464355081,"upper_bound":-0.005138075840791179},"point_estimate":-0.005821770135002291,"standard_error":0.0003145625808865867}}