{"mean":{"confidence_interval":{"confidence_level":0.95,"lower_bound":0.008698617826013999,"upper_bound":0.010781204722265805},"point_estimate":0.009600991666940395,"standard_error":0.0005403327572291249},"median":{"confidence_interval":{"confidence_level":0.95,"lower_bound":0.008928234144796505,"upper_bound":0.01007272127141734},"point_estimate":0.009609109426337303,"standard_error":0.0002908269048414602}}