{"mean":{"confidence_interval":{"confidence_level":0.95,"lower_bound":-0.0014712557103222501,"upper_bound":0.002673003926114026},"point_estimate":0.0005366272671980532,"standard_error":0.0010353427370023282},"median":{"confidence_interval":{"confidence_level":0.95,"lower_bound":0.00013136112501954678,"upper_bound":0.0010537505517895784},"point_estimate":0.0005240938860511246,"standard_error":0.00024014682832256885}}