{"mean":{"confidence_interval":{"confidence_level":0.95,"lower_bound":0.22172287458211906,"upper_bound":0.24656120051220154},"point_estimate":0.2339561574435749,"standard_error":0.006266659798911987},"median":{"confidence_interval":{"confidence_level":0.95,"lower_bound":0.20101777337873605,"upper_bound":0.2335036970629234},"point_estimate":0.21956947027841145,"standard_error":0.008349838565748889}}