{"mean":{"confidence_interval":{"confidence_level":0.95,"lower_bound":0.0007384474405404242,"upper_bound":0.003965273172549244},"point_estimate":0.0023126744873249727,"standard_error":0.0008182225855008487},"median":{"confidence_interval":{"confidence_level":0.95,"lower_bound":0.0020843185846866064,"upper_bound":0.0029451363085222226},"point_estimate":0.002458187589818861,"standard_error":0.0002187776917123878}}