{"mean":{"confidence_interval":{"confidence_level":0.95,"lower_bound":-0.07653024810415994,"upper_bound":-0.07590289290539651},"point_estimate":-0.07621745166007077,"standard_error":0.00015975919974656828},"median":{"confidence_interval":{"confidence_level":0.95,"lower_bound":-0.07663236547274266,"upper_bound":-0.07604999872647078},"point_estimate":-0.07633068877149785,"standard_error":0.00014862692908090125}}