{"mean":{"confidence_interval":{"confidence_level":0.95,"lower_bound":-0.0005462823393431287,"upper_bound":0.0056251943554596435},"point_estimate":0.0029079926025827874,"standard_error":0.0015791041020895551},"median":{"confidence_interval":{"confidence_level":0.95,"lower_bound":0.0028556230749878786,"upper_bound":0.004366381351378433},"point_estimate":0.003529927729090998,"standard_error":0.0003820311509440294}}