{"mean":{"confidence_interval":{"confidence_level":0.95,"lower_bound":0.007507858546422996,"upper_bound":0.010561333521024929},"point_estimate":0.009082039377845463,"standard_error":0.0007736698873813272},"median":{"confidence_interval":{"confidence_level":0.95,"lower_bound":0.00864350396745452,"upper_bound":0.009605206063344252},"point_estimate":0.009044112371297652,"standard_error":0.00024044568390188347}}