{"mean":{"confidence_interval":{"confidence_level":0.95,"lower_bound":0.00027033964308981255,"upper_bound":0.004511940795894313},"point_estimate":0.002217896651081963,"standard_error":0.001076141201577375},"median":{"confidence_interval":{"confidence_level":0.95,"lower_bound":-5.686166784646396e-6,"upper_bound":0.0015150180467744523},"point_estimate":0.000768604008895446,"standard_error":0.0003739646336417148}}