{"mean":{"confidence_interval":{"confidence_level":0.95,"lower_bound":0.003027641600279486,"upper_bound":0.0067446606133896685},"point_estimate":0.004969710021689888,"standard_error":0.0009419968224629333},"median":{"confidence_interval":{"confidence_level":0.95,"lower_bound":0.005047160652260629,"upper_bound":0.006069825844996517},"point_estimate":0.0056777141455062186,"standard_error":0.0002829335971561799}}