{"mean":{"confidence_interval":{"confidence_level":0.95,"lower_bound":-0.009787689283338738,"upper_bound":-0.0029092328648634806},"point_estimate":-0.006072715250007965,"standard_error":0.0017594239701483737},"median":{"confidence_interval":{"confidence_level":0.95,"lower_bound":-0.004521155499627616,"upper_bound":-0.001049357904482684},"point_estimate":-0.002777650957469624,"standard_error":0.0009028613115894615}}