{"mean":{"confidence_interval":{"confidence_level":0.95,"lower_bound":-0.15681746540506258,"upper_bound":-0.15568756215405402},"point_estimate":-0.15625356477020325,"standard_error":0.0002882794113678739},"median":{"confidence_interval":{"confidence_level":0.95,"lower_bound":-0.15752097518142483,"upper_bound":-0.15638181095051062},"point_estimate":-0.1567991232940088,"standard_error":0.0002923495107009432}}