{"mean":{"confidence_interval":{"confidence_level":0.95,"lower_bound":-0.002662082487655759,"upper_bound":-0.001563841096323705},"point_estimate":-0.0020450321918861203,"standard_error":0.0002796219553163928},"median":{"confidence_interval":{"confidence_level":0.95,"lower_bound":-0.002466862256078284,"upper_bound":-0.001889061437739998},"point_estimate":-0.0021457576243499865,"standard_error":0.00016167418461356255}}