{"mean":{"confidence_interval":{"confidence_level":0.95,"lower_bound":0.029830951591744537,"upper_bound":0.0586111156550122},"point_estimate":0.044863105484654,"standard_error":0.007307474361439623},"median":{"confidence_interval":{"confidence_level":0.95,"lower_bound":0.06518209528483679,"upper_bound":0.08559676367108615},"point_estimate":0.0747126782015557,"standard_error":0.00556369132091505}}