{"mean":{"confidence_interval":{"confidence_level":0.95,"lower_bound":-0.006756735089029333,"upper_bound":-0.0024163919595824646},"point_estimate":-0.004598748087791038,"standard_error":0.0010988093274016664},"median":{"confidence_interval":{"confidence_level":0.95,"lower_bound":-0.006114341769941277,"upper_bound":-0.0028878779230316984},"point_estimate":-0.004521488744878788,"standard_error":0.0008047986033889245}}