{"mean":{"confidence_interval":{"confidence_level":0.95,"lower_bound":-0.16414976362556521,"upper_bound":-0.1496464781989595},"point_estimate":-0.15691968501320774,"standard_error":0.0036764853499974296},"median":{"confidence_interval":{"confidence_level":0.95,"lower_bound":-0.16834766024283068,"upper_bound":-0.15778889192824253},"point_estimate":-0.16490964453721502,"standard_error":0.0024079410412998154}}