{"mean":{"confidence_interval":{"confidence_level":0.95,"lower_bound":-0.048768233504430505,"upper_bound":-0.03666082502543089},"point_estimate":-0.04257923559858856,"standard_error":0.0030929258552139533},"median":{"confidence_interval":{"confidence_level":0.95,"lower_bound":-0.0349395806938254,"upper_bound":-0.026948885417727417},"point_estimate":-0.03117206419628149,"standard_error":0.001996632301516408}}