{"mean":{"confidence_interval":{"confidence_level":0.95,"lower_bound":0.0061152154869632104,"upper_bound":0.027461172970022214},"point_estimate":0.01491890572865917,"standard_error":0.005516898904560709},"median":{"confidence_interval":{"confidence_level":0.95,"lower_bound":0.00430753333034839,"upper_bound":0.006786512044593129},"point_estimate":0.005359556167231938,"standard_error":0.000613735118741394}}