{"mean":{"confidence_interval":{"confidence_level":0.95,"lower_bound":-0.25085110182953274,"upper_bound":-0.22627025563023317},"point_estimate":-0.2381782489468982,"standard_error":0.006276311257575257},"median":{"confidence_interval":{"confidence_level":0.95,"lower_bound":-0.2285497706102697,"upper_bound":-0.20964867578751434},"point_estimate":-0.2198258157166908,"standard_error":0.004443564074576715}}