{"mean":{"confidence_interval":{"confidence_level":0.95,"lower_bound":-0.036797775538054224,"upper_bound":-0.024299570420564142},"point_estimate":-0.030153735978047158,"standard_error":0.003191189496533957},"median":{"confidence_interval":{"confidence_level":0.95,"lower_bound":-0.02409451172496324,"upper_bound":-0.018183076086936478},"point_estimate":-0.020564499623914267,"standard_error":0.0014380903382537676}}