{"mean":{"confidence_interval":{"confidence_level":0.95,"lower_bound":-0.008611799394981988,"upper_bound":0.004611132861241953},"point_estimate":-0.002246689823083292,"standard_error":0.0034229910345113866},"median":{"confidence_interval":{"confidence_level":0.95,"lower_bound":-0.003488598565904999,"upper_bound":-0.0023365902347936007},"point_estimate":-0.0030110022337281883,"standard_error":0.0002899788393732226}}