{"mean":{"confidence_interval":{"confidence_level":0.95,"lower_bound":-0.0014032880336364267,"upper_bound":-0.0007794043555615637},"point_estimate":-0.001077471380020345,"standard_error":0.0001578954417265847},"median":{"confidence_interval":{"confidence_level":0.95,"lower_bound":-0.0013904959859214472,"upper_bound":-0.0007590274857895984},"point_estimate":-0.0011477798429255781,"standard_error":0.00016287705220555847}}