{"mean":{"confidence_interval":{"confidence_level":0.95,"lower_bound":0.0020919842752701212,"upper_bound":0.008864387486946833},"point_estimate":0.0060341564889707655,"standard_error":0.0017615248805464578},"median":{"confidence_interval":{"confidence_level":0.95,"lower_bound":0.0059443917643127175,"upper_bound":0.0074478238708588496},"point_estimate":0.006730521741746598,"standard_error":0.0003707008319952295}}