{"mean":{"confidence_interval":{"confidence_level":0.95,"lower_bound":0.10404759813679948,"upper_bound":0.10477858843298943},"point_estimate":0.10441098402622262,"standard_error":0.00018593487642282392},"median":{"confidence_interval":{"confidence_level":0.95,"lower_bound":0.10397031180132207,"upper_bound":0.10471268319530061},"point_estimate":0.10423598730276873,"standard_error":0.00018428760113227652}}