{"mean":{"confidence_interval":{"confidence_level":0.95,"lower_bound":-0.001943833837909267,"upper_bound":0.004662645784227134},"point_estimate":0.0007019328822077675,"standard_error":0.0016772862646892734},"median":{"confidence_interval":{"confidence_level":0.95,"lower_bound":-0.00003766638856828042,"upper_bound":0.0010050767738054578},"point_estimate":0.00039948119042421126,"standard_error":0.0002678653597058997}}