{"mean":{"confidence_interval":{"confidence_level":0.95,"lower_bound":0.0006184033639029529,"upper_bound":0.013696670683166712},"point_estimate":0.007970323702038984,"standard_error":0.0033057028041879183},"median":{"confidence_interval":{"confidence_level":0.95,"lower_bound":0.00672052857699823,"upper_bound":0.007906447039353282},"point_estimate":0.007351607814924055,"standard_error":0.00031473519688145446}}