{"mean":{"confidence_interval":{"confidence_level":0.95,"lower_bound":-0.27068821042401786,"upper_bound":-0.2562524909168919},"point_estimate":-0.2631091854503995,"standard_error":0.0036797670504486843},"median":{"confidence_interval":{"confidence_level":0.95,"lower_bound":-0.2602406163817902,"upper_bound":-0.2492027389301954},"point_estimate":-0.25241939194946983,"standard_error":0.003080806616585562}}