{"mean":{"confidence_interval":{"confidence_level":0.95,"lower_bound":-0.0024618354708405565,"upper_bound":0.000032327908584317555},"point_estimate":-0.0012228304991448447,"standard_error":0.0006476053454334853},"median":{"confidence_interval":{"confidence_level":0.95,"lower_bound":-0.002550839598107202,"upper_bound":-0.0018449830006944667},"point_estimate":-0.0021879123872342587,"standard_error":0.00019086324936946282}}