{"mean":{"confidence_interval":{"confidence_level":0.95,"lower_bound":-0.1543552402788311,"upper_bound":-0.15368558874002258},"point_estimate":-0.1540237812760712,"standard_error":0.00017185968572907558},"median":{"confidence_interval":{"confidence_level":0.95,"lower_bound":-0.1546978666961104,"upper_bound":-0.15409020445450167},"point_estimate":-0.15445762404291552,"standard_error":0.0001552227880572341}}