{"mean":{"confidence_interval":{"confidence_level":0.95,"lower_bound":-0.006060365578841709,"upper_bound":-0.004747354525835634},"point_estimate":-0.005413056804574046,"standard_error":0.0003351876729866998},"median":{"confidence_interval":{"confidence_level":0.95,"lower_bound":-0.005985944968930901,"upper_bound":-0.004965149270144131},"point_estimate":-0.005482580857653296,"standard_error":0.0002560804011019506}}