{"mean":{"confidence_interval":{"confidence_level":0.95,"lower_bound":-0.3119174611480071,"upper_bound":-0.296248634906479},"point_estimate":-0.30401285904756936,"standard_error":0.003993820741093121},"median":{"confidence_interval":{"confidence_level":0.95,"lower_bound":-0.30819813450246514,"upper_bound":-0.28584248035633986},"point_estimate":-0.2961242071050211,"standard_error":0.004252587490560218}}