{"mean":{"confidence_interval":{"confidence_level":0.95,"lower_bound":-0.007125833446146313,"upper_bound":0.0006480026277496364},"point_estimate":-0.00251189687237241,"standard_error":0.0020605187845114357},"median":{"confidence_interval":{"confidence_level":0.95,"lower_bound":-0.0015586470933320884,"upper_bound":-0.0003528001847353801},"point_estimate":-0.001175294691234674,"standard_error":0.00032556097006067124}}