{"mean":{"confidence_interval":{"confidence_level":0.95,"lower_bound":0.000036961564534704425,"upper_bound":0.0011543439270159936},"point_estimate":0.0005543266385032997,"standard_error":0.00027776949619056685},"median":{"confidence_interval":{"confidence_level":0.95,"lower_bound":0.0003084675192255304,"upper_bound":0.0008642000104994718},"point_estimate":0.0006207339812516199,"standard_error":0.00012884165257081}}