{"mean":{"confidence_interval":{"confidence_level":0.95,"lower_bound":0.0024613782719205,"upper_bound":0.007992719365622857},"point_estimate":0.005347127952073594,"standard_error":0.0014124990979972648},"median":{"confidence_interval":{"confidence_level":0.95,"lower_bound":0.005763758942439745,"upper_bound":0.00691671517418091},"point_estimate":0.006202579657412333,"standard_error":0.0002960010854289216}}