{"mean":{"confidence_interval":{"confidence_level":0.95,"lower_bound":-0.003952155401860183,"upper_bound":-0.0011895300072080062},"point_estimate":-0.0024537350268631908,"standard_error":0.0007062998161530859},"median":{"confidence_interval":{"confidence_level":0.95,"lower_bound":-0.0022985748874235516,"upper_bound":-0.0010465960571061084},"point_estimate":-0.0019303802638349632,"standard_error":0.0003323611435652739}}