{"mean":{"confidence_interval":{"confidence_level":0.95,"lower_bound":0.0022693906096380003,"upper_bound":0.0040395033585577216},"point_estimate":0.0031859319230320704,"standard_error":0.00044948753386632234},"median":{"confidence_interval":{"confidence_level":0.95,"lower_bound":0.001903522449516748,"upper_bound":0.0035900007924045685},"point_estimate":0.0024977719000873755,"standard_error":0.000461438523375802}}