{"mean":{"confidence_interval":{"confidence_level":0.95,"lower_bound":-0.10683908377645299,"upper_bound":-0.08308363985586321},"point_estimate":-0.09312339439903239,"standard_error":0.006169853470968822},"median":{"confidence_interval":{"confidence_level":0.95,"lower_bound":-0.08756685609443882,"upper_bound":-0.07762152667033473},"point_estimate":-0.08224818761751418,"standard_error":0.0023232476297677137}}