{"mean":{"confidence_interval":{"confidence_level":0.95,"lower_bound":0.09186518503637939,"upper_bound":0.09439717733515626},"point_estimate":0.09284501941990109,"standard_error":0.000661708533173591},"median":{"confidence_interval":{"confidence_level":0.95,"lower_bound":0.09208048137828717,"upper_bound":0.09308593510087859},"point_estimate":0.09271735971742623,"standard_error":0.00026176262078284567}}