{"mean":{"confidence_interval":{"confidence_level":0.95,"lower_bound":-0.0005031460025145871,"upper_bound":0.014835119101886863},"point_estimate":0.005828445902829715,"standard_error":0.003982968900174213},"median":{"confidence_interval":{"confidence_level":0.95,"lower_bound":-0.0013706936531218128,"upper_bound":-0.000010112445741561338},"point_estimate":-0.0008390818033545688,"standard_error":0.00034736017160470517}}