{"mean":{"confidence_interval":{"confidence_level":0.95,"lower_bound":-0.24603373285297048,"upper_bound":-0.2390644704545336},"point_estimate":-0.24244229144724916,"standard_error":0.0017860827332489254},"median":{"confidence_interval":{"confidence_level":0.95,"lower_bound":-0.24272547978466663,"upper_bound":-0.23759437036840192},"point_estimate":-0.24069011621439107,"standard_error":0.0015070808689081811}}