{"mean":{"confidence_interval":{"confidence_level":0.95,"lower_bound":0.24601063362233733,"upper_bound":0.2615274003660016},"point_estimate":0.2536758549060447,"standard_error":0.0040634784466504845},"median":{"confidence_interval":{"confidence_level":0.95,"lower_bound":0.24031597930219317,"upper_bound":0.25776452048259957},"point_estimate":0.24575905982961643,"standard_error":0.004039716309157864}}