{"mean":{"confidence_interval":{"confidence_level":0.95,"lower_bound":0.0016729914118490897,"upper_bound":0.004956523414447805},"point_estimate":0.0033776516639802967,"standard_error":0.0008580185561520142},"median":{"confidence_interval":{"confidence_level":0.95,"lower_bound":0.0024114978763618566,"upper_bound":0.003747795838302506},"point_estimate":0.0030585820646000794,"standard_error":0.0003338974635301502}}