{"mean":{"confidence_interval":{"confidence_level":0.95,"lower_bound":0.08050300481463614,"upper_bound":0.08496853194803154},"point_estimate":0.08281802822022488,"standard_error":0.0011446592643239778},"median":{"confidence_interval":{"confidence_level":0.95,"lower_bound":0.0858043908990136,"upper_bound":0.08784812748419418},"point_estimate":0.08683062667437857,"standard_error":0.0005356117587940391}}