{"mean":{"confidence_interval":{"confidence_level":0.95,"lower_bound":0.0028757194723353875,"upper_bound":0.0077794492763737675},"point_estimate":0.00557053785190309,"standard_error":0.0012586818142726506},"median":{"confidence_interval":{"confidence_level":0.95,"lower_bound":0.006400287058329014,"upper_bound":0.007437034738010888},"point_estimate":0.006850184247833013,"standard_error":0.000253425810963863}}