{"mean":{"confidence_interval":{"confidence_level":0.95,"lower_bound":-0.20158417112699534,"upper_bound":-0.18687106193588066},"point_estimate":-0.19409442336650606,"standard_error":0.0037480861520834963},"median":{"confidence_interval":{"confidence_level":0.95,"lower_bound":-0.20029113004497168,"upper_bound":-0.18044035527262603},"point_estimate":-0.18850261419886605,"standard_error":0.00528211486292653}}