{"mean":{"confidence_interval":{"confidence_level":0.95,"lower_bound":0.0029086833865363706,"upper_bound":0.0041908047070016545},"point_estimate":0.003552543254776497,"standard_error":0.000331632173974457},"median":{"confidence_interval":{"confidence_level":0.95,"lower_bound":0.00240758394313767,"upper_bound":0.0034247886266065564},"point_estimate":0.002894203899036718,"standard_error":0.00025213590001988274}}