{"mean":{"confidence_interval":{"confidence_level":0.95,"lower_bound":0.007070082110054244,"upper_bound":0.013575099118333553},"point_estimate":0.010233641665363002,"standard_error":0.001661237769539749},"median":{"confidence_interval":{"confidence_level":0.95,"lower_bound":0.0012783239145797154,"upper_bound":0.0028523388534931193},"point_estimate":0.0019179843340555447,"standard_error":0.0004227986893582052}}