{"mean":{"confidence_interval":{"confidence_level":0.95,"lower_bound":0.0014818982969187434,"upper_bound":0.007752556752185558},"point_estimate":0.005216948727160053,"standard_error":0.0016418177414823803},"median":{"confidence_interval":{"confidence_level":0.95,"lower_bound":0.0063885597719191,"upper_bound":0.00733365944546871},"point_estimate":0.006843098956044846,"standard_error":0.00023297224667729447}}