{"mean":{"confidence_interval":{"confidence_level":0.95,"lower_bound":-0.0009344007274340038,"upper_bound":0.0009164814147723123},"point_estimate":0.000012648526296565876,"standard_error":0.0004715493226831104},"median":{"confidence_interval":{"confidence_level":0.95,"lower_bound":-0.0007806403722550037,"upper_bound":0.0005497833120178264},"point_estimate":-0.0000863212346089437,"standard_error":0.0003365752191352371}}