{"mean":{"confidence_interval":{"confidence_level":0.95,"lower_bound":-0.0017441272118454614,"upper_bound":0.013199188024193509},"point_estimate":0.0053756367265109795,"standard_error":0.0038928008299870687},"median":{"confidence_interval":{"confidence_level":0.95,"lower_bound":-0.0017625494113838736,"upper_bound":-0.0003929777829864145},"point_estimate":-0.0011378022055054116,"standard_error":0.0003320796398341733}}