{"mean":{"confidence_interval":{"confidence_level":0.95,"lower_bound":0.005590642103741045,"upper_bound":0.010011367800785641},"point_estimate":0.007647105297848178,"standard_error":0.0011437989310521994},"median":{"confidence_interval":{"confidence_level":0.95,"lower_bound":0.005673074949838597,"upper_bound":0.007289856203991141},"point_estimate":0.0066327443064864156,"standard_error":0.00045150279826651306}}