{"mean":{"confidence_interval":{"confidence_level":0.95,"lower_bound":0.06743400726683957,"upper_bound":0.09974748033407507},"point_estimate":0.08381639874366908,"standard_error":0.008241565305498055},"median":{"confidence_interval":{"confidence_level":0.95,"lower_bound":0.09213375488767328,"upper_bound":0.11721342156230019},"point_estimate":0.10794638278668112,"standard_error":0.006497658708891351}}