{"mean":{"confidence_interval":{"confidence_level":0.95,"lower_bound":-0.014534887900801445,"upper_bound":0.007265022761036405},"point_estimate":-0.0040047101501679006,"standard_error":0.005499256174561757},"median":{"confidence_interval":{"confidence_level":0.95,"lower_bound":-0.01765130934732162,"upper_bound":0.007379375444759972},"point_estimate":-0.007213042563187333,"standard_error":0.006594330714568257}}