{"mean":{"confidence_interval":{"confidence_level":0.95,"lower_bound":-0.00510200691884462,"upper_bound":0.006338757948362092},"point_estimate":0.0006156899869531607,"standard_error":0.002895013720599114},"median":{"confidence_interval":{"confidence_level":0.95,"lower_bound":-0.009952574694914507,"upper_bound":0.0076016824632128},"point_estimate":-0.0009584756975496989,"standard_error":0.004651211486046646}}