{"mean":{"confidence_interval":{"confidence_level":0.95,"lower_bound":0.03629225586947527,"upper_bound":0.03907951877358129},"point_estimate":0.03769166040482341,"standard_error":0.0007057524651035558},"median":{"confidence_interval":{"confidence_level":0.95,"lower_bound":0.03619514468983662,"upper_bound":0.03740703458470773},"point_estimate":0.03670171502604602,"standard_error":0.00029633947576381437}}