{"mean":{"confidence_interval":{"confidence_level":0.95,"lower_bound":-0.3641839935753218,"upper_bound":-0.34764872443256417},"point_estimate":-0.3558512655269932,"standard_error":0.004226498905367151},"median":{"confidence_interval":{"confidence_level":0.95,"lower_bound":-0.3599787532700368,"upper_bound":-0.34409727082740393},"point_estimate":-0.3514232968253702,"standard_error":0.004700041662234492}}