{"mean":{"confidence_interval":{"confidence_level":0.95,"lower_bound":-0.001695898418497224,"upper_bound":0.001424383413714447},"point_estimate":-0.00041864714813832915,"standard_error":0.0007766130171732606},"median":{"confidence_interval":{"confidence_level":0.95,"lower_bound":-0.0018401029009195158,"upper_bound":-0.0009938312979685755},"point_estimate":-0.0012998782288137223,"standard_error":0.00022193547351480683}}