{"mean":{"confidence_interval":{"confidence_level":0.95,"lower_bound":0.0008543649097588535,"upper_bound":0.004829523532099161},"point_estimate":0.0028848622818646863,"standard_error":0.001009977071463892},"median":{"confidence_interval":{"confidence_level":0.95,"lower_bound":0.0018349052710007197,"upper_bound":0.003907688597564407},"point_estimate":0.002876065445321263,"standard_error":0.0005257844112429278}}