{"mean":{"confidence_interval":{"confidence_level":0.95,"lower_bound":0.004346754033053474,"upper_bound":0.0068079084036962376},"point_estimate":0.005484956555692477,"standard_error":0.0006385773069861924},"median":{"confidence_interval":{"confidence_level":0.95,"lower_bound":0.0043563068222685075,"upper_bound":0.005376943974193971},"point_estimate":0.004872124009840828,"standard_error":0.0002661154448729215}}