{"mean":{"confidence_interval":{"confidence_level":0.95,"lower_bound":-0.1536327169854258,"upper_bound":-0.13686333887829363},"point_estimate":-0.14497996113989708,"standard_error":0.004259381309222482},"median":{"confidence_interval":{"confidence_level":0.95,"lower_bound":-0.13259481100670012,"upper_bound":-0.12037597122707494},"point_estimate":-0.12693766851529187,"standard_error":0.0029720622723249635}}