{"mean":{"confidence_interval":{"confidence_level":0.95,"lower_bound":0.14075738315408137,"upper_bound":0.1545293009388934},"point_estimate":0.14747009486676532,"standard_error":0.003433732418063892},"median":{"confidence_interval":{"confidence_level":0.95,"lower_bound":0.13105615895428602,"upper_bound":0.13976304689257701},"point_estimate":0.13427000474703532,"standard_error":0.002189211856900261}}