{"mean":{"confidence_interval":{"confidence_level":0.95,"lower_bound":0.0033330713015384595,"upper_bound":0.0065181752053178055},"point_estimate":0.004733130390829565,"standard_error":0.0008147626397456996},"median":{"confidence_interval":{"confidence_level":0.95,"lower_bound":0.0024029464289958558,"upper_bound":0.0037186777371629454},"point_estimate":0.0029791623874422246,"standard_error":0.00032769485753048007}}