{"mean":{"confidence_interval":{"confidence_level":0.95,"lower_bound":-0.1661415402188899,"upper_bound":-0.15514484433899717},"point_estimate":-0.16037287353301277,"standard_error":0.0028128176188293875},"median":{"confidence_interval":{"confidence_level":0.95,"lower_bound":-0.15822857440523486,"upper_bound":-0.1497564509943229},"point_estimate":-0.15470671032279437,"standard_error":0.002250335232426231}}