{"mean":{"confidence_interval":{"confidence_level":0.95,"lower_bound":-0.0024260671915941803,"upper_bound":-0.0008829272470448173},"point_estimate":-0.0016205560801890728,"standard_error":0.0003945796645270589},"median":{"confidence_interval":{"confidence_level":0.95,"lower_bound":-0.002070436814123444,"upper_bound":-0.0009673463916420877},"point_estimate":-0.00147140825334513,"standard_error":0.0002866517385586108}}