{"mean":{"confidence_interval":{"confidence_level":0.95,"lower_bound":0.0033555847775143593,"upper_bound":0.006366681780621501},"point_estimate":0.004779377278461672,"standard_error":0.0007760789348350829},"median":{"confidence_interval":{"confidence_level":0.95,"lower_bound":0.0027220851131848356,"upper_bound":0.004526435600339346},"point_estimate":0.003711719914801126,"standard_error":0.0004539979338933356}}