{"mean":{"confidence_interval":{"confidence_level":0.95,"lower_bound":-0.04131445399879698,"upper_bound":-0.018078986043685297},"point_estimate":-0.029634536200075834,"standard_error":0.005934449653379095},"median":{"confidence_interval":{"confidence_level":0.95,"lower_bound":-0.03451942502162584,"upper_bound":-0.004843889959019138},"point_estimate":-0.017629567040733263,"standard_error":0.007563823760091183}}