{"mean":{"confidence_interval":{"confidence_level":0.95,"lower_bound":-0.008106411120321502,"upper_bound":0.000032262171159606986},"point_estimate":-0.0044466365356437,"standard_error":0.0021412021439907412},"median":{"confidence_interval":{"confidence_level":0.95,"lower_bound":-0.008039502542936727,"upper_bound":-0.006983910143148748},"point_estimate":-0.0075402470277105005,"standard_error":0.00025923110531209944}}