{"mean":{"confidence_interval":{"confidence_level":0.95,"lower_bound":0.1400049489396081,"upper_bound":0.1520757077595265},"point_estimate":0.14581635384711644,"standard_error":0.002909256825005152},"median":{"confidence_interval":{"confidence_level":0.95,"lower_bound":0.1392901629705463,"upper_bound":0.15111504307466572},"point_estimate":0.1436204406389452,"standard_error":0.003227355295978233}}