{"mean":{"confidence_interval":{"confidence_level":0.95,"lower_bound":-0.008117776236971163,"upper_bound":-0.00558157798778572},"point_estimate":-0.006846052159837024,"standard_error":0.0006454252669351476},"median":{"confidence_interval":{"confidence_level":0.95,"lower_bound":-0.006804459588536482,"upper_bound":-0.0057873181413252706},"point_estimate":-0.006280215761839458,"standard_error":0.00026606960534378466}}