{"mean":{"confidence_interval":{"confidence_level":0.95,"lower_bound":-0.002339103037246132,"upper_bound":0.0032789020141376444},"point_estimate":-0.0001268521015402868,"standard_error":0.0013642283258680807},"median":{"confidence_interval":{"confidence_level":0.95,"lower_bound":-0.0026929991258438646,"upper_bound":-0.0013385393004851087},"point_estimate":-0.0020918591589020874,"standard_error":0.0003505490815352528}}