{"mean":{"confidence_interval":{"confidence_level":0.95,"lower_bound":-0.003689386830566274,"upper_bound":-0.00018324595384577072},"point_estimate":-0.0018449500737260927,"standard_error":0.0008888752317352395},"median":{"confidence_interval":{"confidence_level":0.95,"lower_bound":-0.001699379436680342,"upper_bound":-0.0007513666257161766},"point_estimate":-0.001345602835351789,"standard_error":0.00023470115820688187}}