{"mean":{"confidence_interval":{"confidence_level":0.95,"lower_bound":-0.00041393162880185843,"upper_bound":0.0036546113105954286},"point_estimate":0.0015775531935078302,"standard_error":0.0010308217158114916},"median":{"confidence_interval":{"confidence_level":0.95,"lower_bound":0.0015160437892129952,"upper_bound":0.0026854889116916247},"point_estimate":0.0020804892656471896,"standard_error":0.00029889278184905255}}