{"mean":{"confidence_interval":{"confidence_level":0.95,"lower_bound":0.0041380956610339355,"upper_bound":0.006130632205908731},"point_estimate":0.005016417246395566,"standard_error":0.0005140914937160538},"median":{"confidence_interval":{"confidence_level":0.95,"lower_bound":0.003460923584326354,"upper_bound":0.004511669032671861},"point_estimate":0.004146905814593538,"standard_error":0.00025967628741584186}}