{"mean":{"confidence_interval":{"confidence_level":0.95,"lower_bound":-0.32676670413009357,"upper_bound":-0.3246758283239195},"point_estimate":-0.32571504939876395,"standard_error":0.0005278018806569475},"median":{"confidence_interval":{"confidence_level":0.95,"lower_bound":-0.3253794628552691,"upper_bound":-0.3248864633013431},"point_estimate":-0.3251338523206605,"standard_error":0.00013499533393278692}}