{"mean":{"confidence_interval":{"confidence_level":0.95,"lower_bound":-0.07071839623189657,"upper_bound":-0.05210075243058248},"point_estimate":-0.0613337242874733,"standard_error":0.004749193659582172},"median":{"confidence_interval":{"confidence_level":0.95,"lower_bound":-0.06424481351436573,"upper_bound":-0.04771446036621052},"point_estimate":-0.0576854324961672,"standard_error":0.004540733551809767}}