{"mean":{"confidence_interval":{"confidence_level":0.95,"lower_bound":-0.0964457712769814,"upper_bound":-0.09582901671380206},"point_estimate":-0.09613431424382146,"standard_error":0.00015662687990056407},"median":{"confidence_interval":{"confidence_level":0.95,"lower_bound":-0.09650161771925414,"upper_bound":-0.09580872971867227},"point_estimate":-0.09620156173443095,"standard_error":0.00017440894276035654}}