{"mean":{"confidence_interval":{"confidence_level":0.95,"lower_bound":-0.004819343291142522,"upper_bound":0.00007192577002576452},"point_estimate":-0.0023134518568648232,"standard_error":0.0012484537096743365},"median":{"confidence_interval":{"confidence_level":0.95,"lower_bound":-0.002633280184232256,"upper_bound":-0.0014955887253230715},"point_estimate":-0.0018870641657923182,"standard_error":0.00029338313553214435}}