{"mean":{"confidence_interval":{"confidence_level":0.95,"lower_bound":0.0037951788987547366,"upper_bound":0.005414924293324961},"point_estimate":0.004706932445026402,"standard_error":0.0004178324020046293},"median":{"confidence_interval":{"confidence_level":0.95,"lower_bound":0.004691694706400185,"upper_bound":0.005593033352437718},"point_estimate":0.005133937956937729,"standard_error":0.00022724925504389058}}