{"mean":{"confidence_interval":{"confidence_level":0.95,"lower_bound":-0.04507302421335412,"upper_bound":-0.036443969224551315},"point_estimate":-0.04052300476311721,"standard_error":0.0021945942920348774},"median":{"confidence_interval":{"confidence_level":0.95,"lower_bound":-0.05261113463618772,"upper_bound":-0.03591775233285954},"point_estimate":-0.043026809579986613,"standard_error":0.0041276576216253405}}