{"mean":{"confidence_interval":{"confidence_level":0.95,"lower_bound":-0.0027418609001183493,"upper_bound":0.003397363449274048},"point_estimate":0.00011275831703860817,"standard_error":0.0015559939119835263},"median":{"confidence_interval":{"confidence_level":0.95,"lower_bound":-0.002831882013434317,"upper_bound":-0.0014025034396716318},"point_estimate":-0.0019435182672381535,"standard_error":0.00036456724723876694}}