{"mean":{"confidence_interval":{"confidence_level":0.95,"lower_bound":0.14991547512882686,"upper_bound":0.17344873794187293},"point_estimate":0.16112297767282113,"standard_error":0.006216193079308086},"median":{"confidence_interval":{"confidence_level":0.95,"lower_bound":0.13145059327134123,"upper_bound":0.1474985622916336},"point_estimate":0.14019997236271609,"standard_error":0.004193338831914895}}