{"mean":{"confidence_interval":{"confidence_level":0.95,"lower_bound":-0.0028102410994537666,"upper_bound":0.011377042468644826},"point_estimate":0.002841809579760879,"standard_error":0.00350909338678826},"median":{"confidence_interval":{"confidence_level":0.95,"lower_bound":-0.002055447968558166,"upper_bound":0.00005552611835279997},"point_estimate":-0.0010400664918387426,"standard_error":0.0005414571616914783}}