{"mean":{"confidence_interval":{"confidence_level":0.95,"lower_bound":0.007195184215151801,"upper_bound":0.01324168925959589},"point_estimate":0.010194159495054533,"standard_error":0.0015378793325937974},"median":{"confidence_interval":{"confidence_level":0.95,"lower_bound":0.0038219922394509,"upper_bound":0.0054664727594928575},"point_estimate":0.004444110343766239,"standard_error":0.00041889211761871563}}