{"mean":{"confidence_interval":{"confidence_level":0.95,"lower_bound":0.019074055509831815,"upper_bound":0.028115289286924767},"point_estimate":0.023551002971364365,"standard_error":0.002302636052251177},"median":{"confidence_interval":{"confidence_level":0.95,"lower_bound":0.005752091964910111,"upper_bound":0.02438554990048769},"point_estimate":0.01242419865507327,"standard_error":0.005078100430964443}}