{"mean":{"confidence_interval":{"confidence_level":0.95,"lower_bound":-0.0033711901986214123,"upper_bound":0.0008591066869322862},"point_estimate":-0.001341142251936267,"standard_error":0.0010736448939324694},"median":{"confidence_interval":{"confidence_level":0.95,"lower_bound":-0.0016825277868524058,"upper_bound":-0.0005786526596847086},"point_estimate":-0.0011082923130458777,"standard_error":0.0002747565236302651}}