{"mean":{"confidence_interval":{"confidence_level":0.95,"lower_bound":-0.3058362459156547,"upper_bound":-0.28917364355249153},"point_estimate":-0.29732741721884537,"standard_error":0.004245403789947569},"median":{"confidence_interval":{"confidence_level":0.95,"lower_bound":-0.2959908067746426,"upper_bound":-0.27404113956208387},"point_estimate":-0.2823289682316833,"standard_error":0.005152012725420949}}