{"mean":{"confidence_interval":{"confidence_level":0.95,"lower_bound":-0.005698166765334574,"upper_bound":-0.0021625015248524326},"point_estimate":-0.003997027732132619,"standard_error":0.0008896426389565009},"median":{"confidence_interval":{"confidence_level":0.95,"lower_bound":-0.005550668647636758,"upper_bound":-0.004158015870542875},"point_estimate":-0.0050309337592258085,"standard_error":0.00035266575078894447}}