{"mean":{"confidence_interval":{"confidence_level":0.95,"lower_bound":0.0026258770741907985,"upper_bound":0.00787892221111333},"point_estimate":0.005204484037774737,"standard_error":0.0013301177987593122},"median":{"confidence_interval":{"confidence_level":0.95,"lower_bound":0.004787309945367468,"upper_bound":0.005912925497247755},"point_estimate":0.005174396684755278,"standard_error":0.0002756479264450129}}