{"mean":{"confidence_interval":{"confidence_level":0.95,"lower_bound":-0.0059100575992421965,"upper_bound":-0.0052581745068392},"point_estimate":-0.005583891996946977,"standard_error":0.00016605524895292755},"median":{"confidence_interval":{"confidence_level":0.95,"lower_bound":-0.005828987296142341,"upper_bound":-0.0051825386036915555},"point_estimate":-0.0054979533725241225,"standard_error":0.0001708008434873284}}