{"mean":{"confidence_interval":{"confidence_level":0.95,"lower_bound":-0.009884767787102473,"upper_bound":-0.0020157889211979},"point_estimate":-0.00562030114978973,"standard_error":0.0020181923406331222},"median":{"confidence_interval":{"confidence_level":0.95,"lower_bound":-0.0012395469318891017,"upper_bound":0.0002681081238162797},"point_estimate":-0.0004115014077757939,"standard_error":0.0003721818626391907}}