{"mean":{"confidence_interval":{"confidence_level":0.95,"lower_bound":-0.07989488350817636,"upper_bound":-0.07774706477729862},"point_estimate":-0.07856637588599136,"standard_error":0.0005792430811236477},"median":{"confidence_interval":{"confidence_level":0.95,"lower_bound":-0.07846458781474597,"upper_bound":-0.07755618031480518},"point_estimate":-0.07799576804262831,"standard_error":0.00023459268376822048}}