{"mean":{"confidence_interval":{"confidence_level":0.95,"lower_bound":11679.296564018523,"upper_bound":11776.569977425628},"point_estimate":11727.08809579076,"standard_error":24.8279137454714},"median":{"confidence_interval":{"confidence_level":0.95,"lower_bound":11576.68399168399,"upper_bound":11789.618131868132},"point_estimate":11745.185465396673,"standard_error":63.62238156151137},"median_abs_dev":{"confidence_interval":{"confidence_level":0.95,"lower_bound":191.7401740543684,"upper_bound":338.3157454256473},"point_estimate":296.77863348841424,"standard_error":39.397058744312815},"slope":{"confidence_interval":{"confidence_level":0.95,"lower_bound":11657.588892477232,"upper_bound":11741.636118788092},"point_estimate":11700.856354480455,"standard_error":21.332847758827466},"std_dev":{"confidence_interval":{"confidence_level":0.95,"lower_bound":212.25678034683114,"upper_bound":286.1988332200165},"point_estimate":248.93974034438807,"standard_error":18.995647932767568}}