{"mean":{"confidence_interval":{"confidence_level":0.95,"lower_bound":14765.73408770532,"upper_bound":14880.097889304645},"point_estimate":14821.261489362405,"standard_error":29.2656175939008},"median":{"confidence_interval":{"confidence_level":0.95,"lower_bound":14667.574275362318,"upper_bound":14696.568810975608},"point_estimate":14676.472484061931,"standard_error":8.385831124095047},"median_abs_dev":{"confidence_interval":{"confidence_level":0.95,"lower_bound":43.796630274416366,"upper_bound":98.95708562777575},"point_estimate":59.88078339332969,"standard_error":14.45495262584327},"slope":{"confidence_interval":{"confidence_level":0.95,"lower_bound":14659.75887894343,"upper_bound":14676.683923143704},"point_estimate":14667.456412590513,"standard_error":4.30388854396401},"std_dev":{"confidence_interval":{"confidence_level":0.95,"lower_bound":242.70793498284493,"upper_bound":333.16595113952553},"point_estimate":293.8587102627747,"standard_error":23.110556975770297}}