{"mean":{"confidence_interval":{"confidence_level":0.95,"lower_bound":11594.008955861182,"upper_bound":11688.91341134698},"point_estimate":11641.401854963564,"standard_error":24.28064688047683},"median":{"confidence_interval":{"confidence_level":0.95,"lower_bound":11490.003550295858,"upper_bound":11749.215553677092},"point_estimate":11713.48197163251,"standard_error":77.59941149360476},"median_abs_dev":{"confidence_interval":{"confidence_level":0.95,"lower_bound":250.52283124626638,"upper_bound":377.2102538087221},"point_estimate":352.80711657296047,"standard_error":36.28094109310518},"slope":{"confidence_interval":{"confidence_level":0.95,"lower_bound":11592.48389336005,"upper_bound":11682.603158691145},"point_estimate":11640.454342453762,"standard_error":22.912233806820108},"std_dev":{"confidence_interval":{"confidence_level":0.95,"lower_bound":222.11034759649957,"upper_bound":263.4428294777074},"point_estimate":244.10736117993102,"standard_error":10.556234214366663}}