{"mean":{"confidence_interval":{"confidence_level":0.95,"lower_bound":14659.828009002418,"upper_bound":14762.398126777967},"point_estimate":14709.207226010987,"standard_error":26.36874427008707},"median":{"confidence_interval":{"confidence_level":0.95,"lower_bound":14579.54983908046,"upper_bound":14611.079166666666},"point_estimate":14596.823181818181,"standard_error":8.557107938417813},"median_abs_dev":{"confidence_interval":{"confidence_level":0.95,"lower_bound":54.59987820345286,"upper_bound":103.43660610393135},"point_estimate":79.65295820526826,"standard_error":13.120545934062571},"slope":{"confidence_interval":{"confidence_level":0.95,"lower_bound":14583.740933238052,"upper_bound":14633.793941914502},"point_estimate":14604.363496083937,"standard_error":12.974741471404624},"std_dev":{"confidence_interval":{"confidence_level":0.95,"lower_bound":212.55871681171766,"upper_bound":312.1686360660257},"point_estimate":266.50956811212785,"standard_error":25.3999726032941}}