{"mean":{"confidence_interval":{"confidence_level":0.95,"lower_bound":11594.870015294033,"upper_bound":11763.477862580545},"point_estimate":11667.654584143991,"standard_error":43.39327313260107},"median":{"confidence_interval":{"confidence_level":0.95,"lower_bound":11460.699067844696,"upper_bound":11723.972896736566},"point_estimate":11688.671931260229,"standard_error":83.24616588146931},"median_abs_dev":{"confidence_interval":{"confidence_level":0.95,"lower_bound":187.28988388420538,"upper_bound":391.7386833183807},"point_estimate":364.84370257250316,"standard_error":51.36499435846611},"slope":{"confidence_interval":{"confidence_level":0.95,"lower_bound":11575.628793154467,"upper_bound":11715.513744677653},"point_estimate":11639.410902911186,"standard_error":35.62171354566726},"std_dev":{"confidence_interval":{"confidence_level":0.95,"lower_bound":230.04734303415285,"upper_bound":661.6733078500044},"point_estimate":432.99912069296954,"standard_error":139.7268885979525}}