{"mean":{"confidence_interval":{"confidence_level":0.95,"lower_bound":11634.7818439601,"upper_bound":11749.468722821575},"point_estimate":11691.015342109835,"standard_error":29.215161292108174},"median":{"confidence_interval":{"confidence_level":0.95,"lower_bound":11499.274428274428,"upper_bound":11810.922202797203},"point_estimate":11732.427587412587,"standard_error":76.79058905241025},"median_abs_dev":{"confidence_interval":{"confidence_level":0.95,"lower_bound":230.9578193101085,"upper_bound":415.96100160726945},"point_estimate":365.5117701098198,"standard_error":44.54830865852468},"slope":{"confidence_interval":{"confidence_level":0.95,"lower_bound":11630.252083749601,"upper_bound":11724.249145274109},"point_estimate":11679.811729092542,"standard_error":23.94993144803299},"std_dev":{"confidence_interval":{"confidence_level":0.95,"lower_bound":244.43348861658023,"upper_bound":350.02053940506477},"point_estimate":293.488939136156,"standard_error":27.725564709400388}}