{"mean":{"confidence_interval":{"confidence_level":0.95,"lower_bound":11073.379191842783,"upper_bound":11258.510713310836},"point_estimate":11156.15296078088,"standard_error":47.5798614923749},"median":{"confidence_interval":{"confidence_level":0.95,"lower_bound":11080.258636788049,"upper_bound":11185.597744360903},"point_estimate":11122.439775910363,"standard_error":26.86707901147543},"median_abs_dev":{"confidence_interval":{"confidence_level":0.95,"lower_bound":209.82731792270744,"upper_bound":391.63030085270293},"point_estimate":294.72458506013396,"standard_error":44.98527958295164},"slope":{"confidence_interval":{"confidence_level":0.95,"lower_bound":11083.943989805752,"upper_bound":11239.707501940991},"point_estimate":11158.114784563744,"standard_error":39.58099999269617},"std_dev":{"confidence_interval":{"confidence_level":0.95,"lower_bound":272.02688726246424,"upper_bound":712.2369255755258},"point_estimate":479.195612771677,"standard_error":136.64504378652853}}