{"mean":{"confidence_interval":{"confidence_level":0.95,"lower_bound":17775.762819739823,"upper_bound":18160.146488630035},"point_estimate":17962.814010104667,"standard_error":98.1543697833983},"median":{"confidence_interval":{"confidence_level":0.95,"lower_bound":17467.10391566265,"upper_bound":18029.881493506495},"point_estimate":17766.406723484848,"standard_error":143.31798336401815},"median_abs_dev":{"confidence_interval":{"confidence_level":0.95,"lower_bound":669.5009644012888,"upper_bound":1229.4304462859484},"point_estimate":912.1805559228704,"standard_error":146.09068820568544},"slope":{"confidence_interval":{"confidence_level":0.95,"lower_bound":17602.26910984653,"upper_bound":17999.43898329932},"point_estimate":17802.06895226836,"standard_error":101.10254456147845},"std_dev":{"confidence_interval":{"confidence_level":0.95,"lower_bound":807.183136090033,"upper_bound":1157.0501619917468},"point_estimate":984.5787740617956,"standard_error":89.82899507746434}}