{"mean":{"confidence_interval":{"confidence_level":0.95,"lower_bound":14765.31347133707,"upper_bound":14851.520811777385},"point_estimate":14807.366936281596,"standard_error":22.003541326430728},"median":{"confidence_interval":{"confidence_level":0.95,"lower_bound":14692.1484375,"upper_bound":14725.426684782607},"point_estimate":14708.161930031445,"standard_error":8.075412941944716},"median_abs_dev":{"confidence_interval":{"confidence_level":0.95,"lower_bound":48.257940740352794,"upper_bound":102.37977175542527},"point_estimate":70.087955333683,"standard_error":14.36459938504407},"slope":{"confidence_interval":{"confidence_level":0.95,"lower_bound":14692.595930395104,"upper_bound":14725.922004773409},"point_estimate":14707.81659908379,"standard_error":8.520993058746896},"std_dev":{"confidence_interval":{"confidence_level":0.95,"lower_bound":183.2158749679734,"upper_bound":249.07322216780065},"point_estimate":220.4693755838535,"standard_error":16.846374588740932}}