{"mean":{"confidence_interval":{"confidence_level":0.95,"lower_bound":14778.365348403155,"upper_bound":14883.0866916754},"point_estimate":14828.637077850195,"standard_error":26.761836185580343},"median":{"confidence_interval":{"confidence_level":0.95,"lower_bound":14702.958139534883,"upper_bound":14726.609375},"point_estimate":14711.168958333334,"standard_error":6.2321008880630595},"median_abs_dev":{"confidence_interval":{"confidence_level":0.95,"lower_bound":36.65973376592511,"upper_bound":86.9665318155975},"point_estimate":61.948504411029624,"standard_error":13.986386347696065},"slope":{"confidence_interval":{"confidence_level":0.95,"lower_bound":14699.066526696983,"upper_bound":14720.556560679059},"point_estimate":14709.852412590513,"standard_error":5.492166874900631},"std_dev":{"confidence_interval":{"confidence_level":0.95,"lower_bound":215.92756718049318,"upper_bound":307.7623828985177},"point_estimate":267.25357950869176,"standard_error":23.430850540078662}}