{"mean":{"confidence_interval":{"confidence_level":0.95,"lower_bound":11729.784311339015,"upper_bound":11997.530770728617},"point_estimate":11844.695902696949,"standard_error":69.06313419130811},"median":{"confidence_interval":{"confidence_level":0.95,"lower_bound":11582.417879417879,"upper_bound":11846.117357001973},"point_estimate":11802.901966222878,"standard_error":94.23426000605876},"median_abs_dev":{"confidence_interval":{"confidence_level":0.95,"lower_bound":193.8563448969298,"upper_bound":443.5440037855982},"point_estimate":402.64996504088384,"standard_error":66.94978294860594},"slope":{"confidence_interval":{"confidence_level":0.95,"lower_bound":11682.243558309307,"upper_bound":11779.956720535778},"point_estimate":11732.871296222618,"standard_error":24.92545789252317},"std_dev":{"confidence_interval":{"confidence_level":0.95,"lower_bound":261.4995836738968,"upper_bound":1055.9199852446386},"point_estimate":691.9467226725075,"standard_error":218.4327774854672}}