{"mean":{"confidence_interval":{"confidence_level":0.95,"lower_bound":13139.56652754855,"upper_bound":13264.088720368367},"point_estimate":13202.010398258928,"standard_error":31.743832552369714},"median":{"confidence_interval":{"confidence_level":0.95,"lower_bound":13081.913461538461,"upper_bound":13272.877492877493},"point_estimate":13156.263806706114,"standard_error":47.17625942934203},"median_abs_dev":{"confidence_interval":{"confidence_level":0.95,"lower_bound":238.64853324959898,"upper_bound":396.19850790508787},"point_estimate":334.2808343847545,"standard_error":41.02952288303218},"slope":{"confidence_interval":{"confidence_level":0.95,"lower_bound":13265.465479704102,"upper_bound":13397.778998906926},"point_estimate":13335.003038046629,"standard_error":33.73479126335451},"std_dev":{"confidence_interval":{"confidence_level":0.95,"lower_bound":267.2031717985745,"upper_bound":369.3196952009696},"point_estimate":319.13464385147495,"standard_error":26.23079587311637}}