{"mean":{"confidence_interval":{"confidence_level":0.95,"lower_bound":14733.681262390814,"upper_bound":14848.58146528913},"point_estimate":14789.134934202277,"standard_error":29.346242169150013},"median":{"confidence_interval":{"confidence_level":0.95,"lower_bound":14643.253846153846,"upper_bound":14662.727684859154},"point_estimate":14652.257918367348,"standard_error":4.8013921600234655},"median_abs_dev":{"confidence_interval":{"confidence_level":0.95,"lower_bound":36.44470400876454,"upper_bound":66.23631599652367},"point_estimate":50.53484529530971,"standard_error":7.696259286426493},"slope":{"confidence_interval":{"confidence_level":0.95,"lower_bound":14637.5769914832,"upper_bound":14655.798470714291},"point_estimate":14646.056177331166,"standard_error":4.645002364553017},"std_dev":{"confidence_interval":{"confidence_level":0.95,"lower_bound":243.50824898514296,"upper_bound":336.54658192873217},"point_estimate":295.90647658583305,"standard_error":23.759200475396632}}