{"mean":{"confidence_interval":{"confidence_level":0.95,"lower_bound":11585.907459242577,"upper_bound":11710.822661928998},"point_estimate":11647.738778323454,"standard_error":31.810325811784853},"median":{"confidence_interval":{"confidence_level":0.95,"lower_bound":11418.211188811189,"upper_bound":11735.118131868132},"point_estimate":11652.390797132823,"standard_error":113.42963467901274},"median_abs_dev":{"confidence_interval":{"confidence_level":0.95,"lower_bound":141.08582145506983,"upper_bound":471.01568449662267},"point_estimate":384.73580497035715,"standard_error":89.66582385784348},"slope":{"confidence_interval":{"confidence_level":0.95,"lower_bound":11563.932232920719,"upper_bound":11688.041951840338},"point_estimate":11626.96864102943,"standard_error":31.548762496877604},"std_dev":{"confidence_interval":{"confidence_level":0.95,"lower_bound":280.3062293243228,"upper_bound":355.5266593548142},"point_estimate":319.86858191324893,"standard_error":19.27785119637444}}