{"mean":{"confidence_interval":{"confidence_level":0.95,"lower_bound":14742.895286091049,"upper_bound":14852.227817672303},"point_estimate":14796.034243478492,"standard_error":27.866962612566745},"median":{"confidence_interval":{"confidence_level":0.95,"lower_bound":14654.334210526316,"upper_bound":14677.490277777777},"point_estimate":14665.451504929943,"standard_error":5.949030410917808},"median_abs_dev":{"confidence_interval":{"confidence_level":0.95,"lower_bound":43.07898402923984,"upper_bound":85.32705643859096},"point_estimate":59.943311556584035,"standard_error":10.635699563688224},"slope":{"confidence_interval":{"confidence_level":0.95,"lower_bound":14657.200695395519,"upper_bound":14688.983397084687},"point_estimate":14670.55597251367,"standard_error":8.177142133897425},"std_dev":{"confidence_interval":{"confidence_level":0.95,"lower_bound":232.56552153958563,"upper_bound":319.4426641521528},"point_estimate":281.3503604624284,"standard_error":22.197354073688114}}