{"mean":{"confidence_interval":{"confidence_level":0.95,"lower_bound":11614.109594819609,"upper_bound":11717.092353524933},"point_estimate":11665.529069680339,"standard_error":26.388277008267636},"median":{"confidence_interval":{"confidence_level":0.95,"lower_bound":11483.424145299145,"upper_bound":11763.079151617612},"point_estimate":11705.917086648984,"standard_error":84.45026518933992},"median_abs_dev":{"confidence_interval":{"confidence_level":0.95,"lower_bound":220.40558035236572,"upper_bound":419.30559949979863},"point_estimate":393.9814703500042,"standard_error":53.197762293340034},"slope":{"confidence_interval":{"confidence_level":0.95,"lower_bound":11599.65645430322,"upper_bound":11692.32147021578},"point_estimate":11648.168473928908,"standard_error":23.62865704993388},"std_dev":{"confidence_interval":{"confidence_level":0.95,"lower_bound":240.95775566521925,"upper_bound":288.3676320190908},"point_estimate":266.4331576417939,"standard_error":12.146418474361983}}