{"mean":{"confidence_interval":{"confidence_level":0.95,"lower_bound":11706.553428159074,"upper_bound":11981.95138761187},"point_estimate":11833.926063047882,"standard_error":70.66614369318728},"median":{"confidence_interval":{"confidence_level":0.95,"lower_bound":11524.322091257687,"upper_bound":11777.939962476548},"point_estimate":11741.335595546743,"standard_error":68.7737201669235},"median_abs_dev":{"confidence_interval":{"confidence_level":0.95,"lower_bound":230.10515550937004,"upper_bound":412.273705698429},"point_estimate":370.4403022486278,"standard_error":44.70308515148524},"slope":{"confidence_interval":{"confidence_level":0.95,"lower_bound":11630.89030255909,"upper_bound":11724.209138769671},"point_estimate":11679.076136681406,"standard_error":23.802750641626766},"std_dev":{"confidence_interval":{"confidence_level":0.95,"lower_bound":444.18673406654335,"upper_bound":913.852812137345},"point_estimate":708.447628952594,"standard_error":118.64681040378754}}