{"mean":{"confidence_interval":{"confidence_level":0.95,"lower_bound":11536.779162921051,"upper_bound":11688.851144969849},"point_estimate":11606.04980162064,"standard_error":38.88241620635698},"median":{"confidence_interval":{"confidence_level":0.95,"lower_bound":11436.570400359873,"upper_bound":11640.690154290154},"point_estimate":11608.078311473473,"standard_error":67.14819866447603},"median_abs_dev":{"confidence_interval":{"confidence_level":0.95,"lower_bound":216.36824669007294,"upper_bound":383.03443308067506},"point_estimate":350.4865920024714,"standard_error":50.203058974808},"slope":{"confidence_interval":{"confidence_level":0.95,"lower_bound":11503.776024116723,"upper_bound":11739.923160771059},"point_estimate":11595.766072455695,"standard_error":64.2016149337741},"std_dev":{"confidence_interval":{"confidence_level":0.95,"lower_bound":238.66151344745745,"upper_bound":563.6980666977171},"point_estimate":390.31913836222895,"standard_error":98.5721005168686}}