{"mean":{"confidence_interval":{"confidence_level":0.95,"lower_bound":14752.786861460949,"upper_bound":14892.228025661416},"point_estimate":14816.020848477005,"standard_error":35.885672687317005},"median":{"confidence_interval":{"confidence_level":0.95,"lower_bound":14670.577551020408,"upper_bound":14701.42123655914},"point_estimate":14679.446739130435,"standard_error":8.568534312012892},"median_abs_dev":{"confidence_interval":{"confidence_level":0.95,"lower_bound":37.865764656181454,"upper_bound":89.70177940400232},"point_estimate":56.96679887707507,"standard_error":13.684674653222997},"slope":{"confidence_interval":{"confidence_level":0.95,"lower_bound":14682.350317795901,"upper_bound":14801.881909760019},"point_estimate":14729.11008955224,"standard_error":31.564574250497092},"std_dev":{"confidence_interval":{"confidence_level":0.95,"lower_bound":204.74886196298473,"upper_bound":521.6739812350473},"point_estimate":361.5820103109762,"standard_error":88.2117540891716}}