{"mean":{"confidence_interval":{"confidence_level":0.95,"lower_bound":12080.73960979798,"upper_bound":12687.170099558505},"point_estimate":12375.58724035728,"standard_error":154.7706427662673},"median":{"confidence_interval":{"confidence_level":0.95,"lower_bound":11472.051282051281,"upper_bound":11726.685690653432},"point_estimate":11681.321756287489,"standard_error":92.6644410937836},"median_abs_dev":{"confidence_interval":{"confidence_level":0.95,"lower_bound":136.64063181970673,"upper_bound":439.6565003684774},"point_estimate":369.1709396571568,"standard_error":80.61081261949221},"slope":{"confidence_interval":{"confidence_level":0.95,"lower_bound":11604.904200771929,"upper_bound":11688.725060160536},"point_estimate":11647.252757385957,"standard_error":21.291743985753484},"std_dev":{"confidence_interval":{"confidence_level":0.95,"lower_bound":1314.2672368566384,"upper_bound":1727.7158749228495},"point_estimate":1557.6813560333226,"standard_error":105.93454939287427}}