{"mean":{"confidence_interval":{"confidence_level":0.95,"lower_bound":14764.753208072552,"upper_bound":14872.064101946784},"point_estimate":14816.823773556542,"standard_error":27.361626334289294},"median":{"confidence_interval":{"confidence_level":0.95,"lower_bound":14680.079452054795,"upper_bound":14707.871428571429},"point_estimate":14688.052631578947,"standard_error":6.411904247408118},"median_abs_dev":{"confidence_interval":{"confidence_level":0.95,"lower_bound":38.09695952364288,"upper_bound":78.34408319244785},"point_estimate":52.65597902646939,"standard_error":10.467592134637307},"slope":{"confidence_interval":{"confidence_level":0.95,"lower_bound":14681.259038538337,"upper_bound":14703.745962047438},"point_estimate":14691.558745677552,"standard_error":5.753935807521316},"std_dev":{"confidence_interval":{"confidence_level":0.95,"lower_bound":228.74323511081343,"upper_bound":309.9868745674203},"point_estimate":275.0175893233668,"standard_error":20.786494285483993}}