{"mean":{"confidence_interval":{"confidence_level":0.95,"lower_bound":14780.216124496395,"upper_bound":14916.684013087803},"point_estimate":14846.283863159288,"standard_error":34.769695184179355},"median":{"confidence_interval":{"confidence_level":0.95,"lower_bound":14668.267874396135,"upper_bound":14688.81634920635},"point_estimate":14679.728818283165,"standard_error":5.540973362814436},"median_abs_dev":{"confidence_interval":{"confidence_level":0.95,"lower_bound":29.319976938482895,"upper_bound":64.99814090418455},"point_estimate":44.924733874069425,"standard_error":9.638129963720194},"slope":{"confidence_interval":{"confidence_level":0.95,"lower_bound":14669.241985801174,"upper_bound":14687.642500802036},"point_estimate":14677.612109058668,"standard_error":4.689249034782043},"std_dev":{"confidence_interval":{"confidence_level":0.95,"lower_bound":288.2093419597251,"upper_bound":394.0991072635481},"point_estimate":348.5471644528525,"standard_error":27.03284599294766}}