{"mean":{"confidence_interval":{"confidence_level":0.95,"lower_bound":19174.625987727744,"upper_bound":19566.05014510977},"point_estimate":19360.1161465995,"standard_error":99.78262076811471},"median":{"confidence_interval":{"confidence_level":0.95,"lower_bound":18904.386075949365,"upper_bound":19215.0},"point_estimate":19055.57882653061,"standard_error":81.61403710543938},"median_abs_dev":{"confidence_interval":{"confidence_level":0.95,"lower_bound":466.05146066456217,"upper_bound":837.4800587129423},"point_estimate":649.823921342677,"standard_error":98.07194707549066},"slope":{"confidence_interval":{"confidence_level":0.95,"lower_bound":19062.06340992628,"upper_bound":19492.11804521253},"point_estimate":19262.27453191961,"standard_error":109.77681200694501},"std_dev":{"confidence_interval":{"confidence_level":0.95,"lower_bound":725.9259208536797,"upper_bound":1251.940563788505},"point_estimate":1008.711982736349,"standard_error":134.38374430313377}}