{"mean":{"confidence_interval":{"confidence_level":0.95,"lower_bound":11634.372539193,"upper_bound":11732.514824220834},"point_estimate":11682.95970965759,"standard_error":25.021659111062394},"median":{"confidence_interval":{"confidence_level":0.95,"lower_bound":11517.335967685282,"upper_bound":11751.684024589837},"point_estimate":11715.652557319223,"standard_error":70.35317368095636},"median_abs_dev":{"confidence_interval":{"confidence_level":0.95,"lower_bound":208.36968470520242,"upper_bound":359.79028204570415},"point_estimate":327.0009150200899,"standard_error":41.78535538075663},"slope":{"confidence_interval":{"confidence_level":0.95,"lower_bound":11612.254017080679,"upper_bound":11686.747278145785},"point_estimate":11651.556729376727,"standard_error":19.003701837373704},"std_dev":{"confidence_interval":{"confidence_level":0.95,"lower_bound":216.5998487957677,"upper_bound":285.90860105499655},"point_estimate":250.95287495269852,"standard_error":17.770983023428688}}