{"mean":{"confidence_interval":{"confidence_level":0.95,"lower_bound":6393235.07125,"upper_bound":6402003.49490625},"point_estimate":6397251.3725,"standard_error":2225.457787100993},"median":{"confidence_interval":{"confidence_level":0.95,"lower_bound":6389235.9375,"upper_bound":6395949.125},"point_estimate":6392996.125,"standard_error":1623.7281702559912},"median_abs_dev":{"confidence_interval":{"confidence_level":0.95,"lower_bound":9664.142603427172,"upper_bound":19208.472596481442},"point_estimate":15175.708005577326,"standard_error":2429.223980497002},"slope":null,"std_dev":{"confidence_interval":{"confidence_level":0.95,"lower_bound":14034.320923782063,"upper_bound":31493.820752322776},"point_estimate":22203.9201483411,"standard_error":5080.063598298649}}