{"mean":{"confidence_interval":{"confidence_level":0.95,"lower_bound":7792617.094107141,"upper_bound":7892456.352571431},"point_estimate":7845418.7357142875,"standard_error":25329.547787913587},"median":{"confidence_interval":{"confidence_level":0.95,"lower_bound":7862230.142857143,"upper_bound":7959119.285714285},"point_estimate":7930015.071428572,"standard_error":25281.99811406747},"median_abs_dev":{"confidence_interval":{"confidence_level":0.95,"lower_bound":112953.5733946744,"upper_bound":202640.81130240526},"point_estimate":146938.68309131652,"standard_error":21630.80385946721},"slope":null,"std_dev":{"confidence_interval":{"confidence_level":0.95,"lower_bound":186175.1986966278,"upper_bound":315028.93117972027},"point_estimate":255737.74103574312,"standard_error":32704.997661564474}}