{"mean":{"confidence_interval":{"confidence_level":0.95,"lower_bound":17906228.119749997,"upper_bound":18773027.997916665},"point_estimate":18324252.38,"standard_error":221603.83652137825},"median":{"confidence_interval":{"confidence_level":0.95,"lower_bound":17235522.333333332,"upper_bound":17585296.166666668},"point_estimate":17438241.333333336,"standard_error":94373.80804762588},"median_abs_dev":{"confidence_interval":{"confidence_level":0.95,"lower_bound":654670.2680847761,"upper_bound":1270209.867349268},"point_estimate":1009222.8519827127,"standard_error":160314.41477097268},"slope":null,"std_dev":{"confidence_interval":{"confidence_level":0.95,"lower_bound":1778513.0663555264,"upper_bound":2590299.449250314},"point_estimate":2228919.6430434147,"standard_error":206941.47042460245}}