{"mean":{"confidence_interval":{"confidence_level":0.95,"lower_bound":15425250.3655,"upper_bound":15447156.508},"point_estimate":15435734.615,"standard_error":5596.932336390336},"median":{"confidence_interval":{"confidence_level":0.95,"lower_bound":15409403.25,"upper_bound":15425846.125},"point_estimate":15415154.25,"standard_error":4276.553005452724},"median_abs_dev":{"confidence_interval":{"confidence_level":0.95,"lower_bound":25783.52549225092,"upper_bound":47175.65935933961},"point_estimate":37682.87288099527,"standard_error":5428.059634460697},"slope":null,"std_dev":{"confidence_interval":{"confidence_level":0.95,"lower_bound":43708.83408433933,"upper_bound":67060.47346441717},"point_estimate":56154.396900065854,"standard_error":5959.742677564327}}