{"mean":{"confidence_interval":{"confidence_level":0.95,"lower_bound":17770141.607416663,"upper_bound":18041260.874833327},"point_estimate":17899996.52666667,"standard_error":68731.5054177076},"median":{"confidence_interval":{"confidence_level":0.95,"lower_bound":17745629.0,"upper_bound":17967263.0},"point_estimate":17881398.333333336,"standard_error":69399.51064344007},"median_abs_dev":{"confidence_interval":{"confidence_level":0.95,"lower_bound":316338.8969838638,"upper_bound":550399.4258284606},"point_estimate":421306.9751203051,"standard_error":59913.24663067432},"slope":null,"std_dev":{"confidence_interval":{"confidence_level":0.95,"lower_bound":495225.40242850897,"upper_bound":887524.6956926342},"point_estimate":689777.5512577614,"standard_error":101943.92151215338}}