{"mean":{"confidence_interval":{"confidence_level":0.95,"lower_bound":7698358.915928572,"upper_bound":7716008.828571427},"point_estimate":7706261.519999999,"standard_error":4521.024640109665},"median":{"confidence_interval":{"confidence_level":0.95,"lower_bound":7692284.142857143,"upper_bound":7702156.142857143},"point_estimate":7698209.428571429,"standard_error":2379.6054797825686},"median_abs_dev":{"confidence_interval":{"confidence_level":0.95,"lower_bound":15686.64902150631,"upper_bound":25649.403144632364},"point_estimate":21649.34841564753,"standard_error":2488.8735733100652},"slope":null,"std_dev":{"confidence_interval":{"confidence_level":0.95,"lower_bound":21103.30517114568,"upper_bound":66361.44047614817},"point_estimate":45483.56229776181,"standard_error":11846.283851181854}}