{"mean":{"confidence_interval":{"confidence_level":0.95,"lower_bound":16156458.076875,"upper_bound":16208465.7440625},"point_estimate":16181961.865,"standard_error":13268.130619289986},"median":{"confidence_interval":{"confidence_level":0.95,"lower_bound":16113657.5,"upper_bound":16186820.75},"point_estimate":16152432.875,"standard_error":17159.475869601},"median_abs_dev":{"confidence_interval":{"confidence_level":0.95,"lower_bound":88326.82005688548,"upper_bound":162198.105045408},"point_estimate":117405.60931563377,"standard_error":18706.481725611506},"slope":null,"std_dev":{"confidence_interval":{"confidence_level":0.95,"lower_bound":115338.10073747169,"upper_bound":147731.8483457097},"point_estimate":133171.78884601462,"standard_error":8267.351855668989}}