{"mean":{"confidence_interval":{"confidence_level":0.95,"lower_bound":7666858.874607143,"upper_bound":7686844.392642858},"point_estimate":7675934.02857143,"standard_error":5102.915156235105},"median":{"confidence_interval":{"confidence_level":0.95,"lower_bound":7655931.571428572,"upper_bound":7669945.071428571},"point_estimate":7662906.285714285,"standard_error":3101.5113993621885},"median_abs_dev":{"confidence_interval":{"confidence_level":0.95,"lower_bound":17524.33168888092,"upper_bound":33604.84133589401},"point_estimate":24215.94077008121,"standard_error":3952.7405997995525},"slope":null,"std_dev":{"confidence_interval":{"confidence_level":0.95,"lower_bound":30652.680187947186,"upper_bound":71896.16483036752},"point_estimate":51166.68634291219,"standard_error":11054.297400797743}}