{"mean":{"confidence_interval":{"confidence_level":0.95,"lower_bound":15659610.3286875,"upper_bound":15785065.2913125},"point_estimate":15725228.9325,"standard_error":32198.80872593252},"median":{"confidence_interval":{"confidence_level":0.95,"lower_bound":15802341.25,"upper_bound":15827141.25},"point_estimate":15811353.5,"standard_error":5275.557832498836},"median_abs_dev":{"confidence_interval":{"confidence_level":0.95,"lower_bound":32709.861919283867,"upper_bound":98574.18042495847},"point_estimate":50890.05877152085,"standard_error":17802.563368070878},"slope":null,"std_dev":{"confidence_interval":{"confidence_level":0.95,"lower_bound":254666.5754678617,"upper_bound":376080.8172290913},"point_estimate":323477.6698662534,"standard_error":31116.55361309263}}