{"mean":{"confidence_interval":{"confidence_level":0.95,"lower_bound":6466439.690750002,"upper_bound":6512095.019464289},"point_estimate":6488016.177142858,"standard_error":11661.495688738429},"median":{"confidence_interval":{"confidence_level":0.95,"lower_bound":6423961.357142857,"upper_bound":6464219.142857143},"point_estimate":6441484.642857143,"standard_error":10879.507741330934},"median_abs_dev":{"confidence_interval":{"confidence_level":0.95,"lower_bound":35287.99737351222,"upper_bound":87239.57125118899},"point_estimate":56209.28330208554,"standard_error":12782.700790864521},"slope":null,"std_dev":{"confidence_interval":{"confidence_level":0.95,"lower_bound":85389.98844111808,"upper_bound":145212.78132185873},"point_estimate":117182.3946645824,"standard_error":15402.21571148871}}