{"mean":{"confidence_interval":{"confidence_level":0.95,"lower_bound":16414350.74483334,"upper_bound":16462150.418416664},"point_estimate":16437301.6,"standard_error":12191.987796912974},"median":{"confidence_interval":{"confidence_level":0.95,"lower_bound":16389625.333333334,"upper_bound":16455226.666666666},"point_estimate":16421676.0,"standard_error":15346.818080703157},"median_abs_dev":{"confidence_interval":{"confidence_level":0.95,"lower_bound":78159.2112123957,"upper_bound":128839.91451263243},"point_estimate":100126.64792239666,"standard_error":12545.318044210548},"slope":null,"std_dev":{"confidence_interval":{"confidence_level":0.95,"lower_bound":94273.18290703381,"upper_bound":150986.38105481426},"point_estimate":122397.55748633032,"standard_error":14607.704563390449}}