{"mean":{"confidence_interval":{"confidence_level":0.95,"lower_bound":16429479.1216875,"upper_bound":16442300.47175},"point_estimate":16435672.0625,"standard_error":3280.919879013093},"median":{"confidence_interval":{"confidence_level":0.95,"lower_bound":16417498.75,"upper_bound":16431698.625},"point_estimate":16426336.25,"standard_error":4058.3755138761794},"median_abs_dev":{"confidence_interval":{"confidence_level":0.95,"lower_bound":16424.613158404827,"upper_bound":33691.71375185251},"point_estimate":27186.991692334414,"standard_error":4822.804984108222},"slope":null,"std_dev":{"confidence_interval":{"confidence_level":0.95,"lower_bound":26528.00699499119,"upper_bound":38435.5111029524},"point_estimate":32954.58095095811,"standard_error":3050.1342689138}}