{"mean":{"confidence_interval":{"confidence_level":0.95,"lower_bound":6498093.104875,"upper_bound":6544458.673656249},"point_estimate":6518799.7625,"standard_error":11914.3295238563},"median":{"confidence_interval":{"confidence_level":0.95,"lower_bound":6475895.125,"upper_bound":6491022.5},"point_estimate":6479229.875,"standard_error":4282.013611845911},"median_abs_dev":{"confidence_interval":{"confidence_level":0.95,"lower_bound":20423.92658740282,"upper_bound":39431.22889995575},"point_estimate":28446.831019967794,"standard_error":4968.396506084603},"slope":null,"std_dev":{"confidence_interval":{"confidence_level":0.95,"lower_bound":58407.71317126348,"upper_bound":169913.6762303514},"point_estimate":119356.49892056425,"standard_error":28738.869647980875}}