{"mean":{"confidence_interval":{"confidence_level":0.95,"lower_bound":7663488.752857143,"upper_bound":7678214.894285716},"point_estimate":7670595.462857141,"standard_error":3754.3157880392187},"median":{"confidence_interval":{"confidence_level":0.95,"lower_bound":7654415.714285715,"upper_bound":7663313.142857143},"point_estimate":7659588.928571429,"standard_error":1958.7508477225078},"median_abs_dev":{"confidence_interval":{"confidence_level":0.95,"lower_bound":16175.695212823512,"upper_bound":29879.47266953342},"point_estimate":22275.21740453594,"standard_error":3600.806914193891},"slope":null,"std_dev":{"confidence_interval":{"confidence_level":0.95,"lower_bound":29919.941914484767,"upper_bound":43567.119141400355},"point_estimate":37405.22847444415,"standard_error":3489.1484791244416}}