{"mean":{"confidence_interval":{"confidence_level":0.95,"lower_bound":19104508.079499997,"upper_bound":19485976.78866666},"point_estimate":19277237.86,"standard_error":97299.71498985107},"median":{"confidence_interval":{"confidence_level":0.95,"lower_bound":19038679.666666668,"upper_bound":19379649.666666668},"point_estimate":19236165.166666668,"standard_error":79319.9172915689},"median_abs_dev":{"confidence_interval":{"confidence_level":0.95,"lower_bound":467591.2752985954,"upper_bound":806764.6828770619},"point_estimate":633817.4191474915,"standard_error":86998.90992987937},"slope":null,"std_dev":{"confidence_interval":{"confidence_level":0.95,"lower_bound":608726.7157192263,"upper_bound":1403412.8266997174},"point_estimate":979457.0525528106,"standard_error":235872.39000971554}}