{"mean":{"confidence_interval":{"confidence_level":0.95,"lower_bound":7791222.334392859,"upper_bound":7852452.173821427},"point_estimate":7820596.782857144,"standard_error":15672.750437409726},"median":{"confidence_interval":{"confidence_level":0.95,"lower_bound":7743106.071428571,"upper_bound":7774898.857142857},"point_estimate":7763898.5,"standard_error":8256.164920493144},"median_abs_dev":{"confidence_interval":{"confidence_level":0.95,"lower_bound":44117.621516755054,"upper_bound":80588.41596926942},"point_estimate":60818.47482025623,"standard_error":9246.210513748083},"slope":null,"std_dev":{"confidence_interval":{"confidence_level":0.95,"lower_bound":126920.58927135226,"upper_bound":182321.57448599272},"point_estimate":157743.34782197277,"standard_error":14162.848822844837}}