{"mean":{"confidence_interval":{"confidence_level":0.95,"lower_bound":8503667.928333335,"upper_bound":8545812.447291665},"point_estimate":8524785.815,"standard_error":10711.751502726485},"median":{"confidence_interval":{"confidence_level":0.95,"lower_bound":8493651.0,"upper_bound":8528170.5},"point_estimate":8513045.583333334,"standard_error":8110.688798544114},"median_abs_dev":{"confidence_interval":{"confidence_level":0.95,"lower_bound":44375.82336217119,"upper_bound":73776.86190269652},"point_estimate":60296.59962951999,"standard_error":7411.778445268992},"slope":null,"std_dev":{"confidence_interval":{"confidence_level":0.95,"lower_bound":82905.33857221712,"upper_bound":131815.97158630405},"point_estimate":108517.08549753226,"standard_error":12440.678941364802}}