{"mean":{"confidence_interval":{"confidence_level":0.95,"lower_bound":6421563.8455,"upper_bound":6432533.4575},"point_estimate":6426769.43875,"standard_error":2794.49181378226},"median":{"confidence_interval":{"confidence_level":0.95,"lower_bound":6418156.8125,"upper_bound":6426813.0625},"point_estimate":6420901.5,"standard_error":2287.3074368450784},"median_abs_dev":{"confidence_interval":{"confidence_level":0.95,"lower_bound":15068.895943723624,"upper_bound":23683.4226295352},"point_estimate":19935.50255857408,"standard_error":2240.1735851634826},"slope":null,"std_dev":{"confidence_interval":{"confidence_level":0.95,"lower_bound":19385.02225165841,"upper_bound":36079.566267100614},"point_estimate":27993.892059090354,"standard_error":4297.389440185588}}