{"mean":{"confidence_interval":{"confidence_level":0.95,"lower_bound":15457474.1861875,"upper_bound":15748638.52875},"point_estimate":15597292.4425,"standard_error":74348.73528794882},"median":{"confidence_interval":{"confidence_level":0.95,"lower_bound":15242036.0,"upper_bound":15589259.375},"point_estimate":15418697.75,"standard_error":93377.13696482797},"median_abs_dev":{"confidence_interval":{"confidence_level":0.95,"lower_bound":430415.45160859823,"upper_bound":699265.3123855591},"point_estimate":588218.9450070262,"standard_error":69795.56182876109},"slope":null,"std_dev":{"confidence_interval":{"confidence_level":0.95,"lower_bound":574646.5764728835,"upper_bound":901037.3664948416},"point_estimate":746876.2284389932,"standard_error":83612.22375729612}}