{"mean":{"confidence_interval":{"confidence_level":0.95,"lower_bound":7225999.746249999,"upper_bound":7292739.501428574},"point_estimate":7257541.941428572,"standard_error":17032.948677027623},"median":{"confidence_interval":{"confidence_level":0.95,"lower_bound":7168449.0,"upper_bound":7237750.214285715},"point_estimate":7186805.428571429,"standard_error":17583.092076578363},"median_abs_dev":{"confidence_interval":{"confidence_level":0.95,"lower_bound":69641.63906361356,"upper_bound":140498.58650565217},"point_estimate":98162.94425725937,"standard_error":17431.99703496572},"slope":null,"std_dev":{"confidence_interval":{"confidence_level":0.95,"lower_bound":124156.59059123362,"upper_bound":219628.39040320256},"point_estimate":171041.835597192,"standard_error":24978.893731630567}}