{"mean":{"confidence_interval":{"confidence_level":0.95,"lower_bound":15907636.0878125,"upper_bound":15945498.489812499},"point_estimate":15923138.4675,"standard_error":9833.147384156064},"median":{"confidence_interval":{"confidence_level":0.95,"lower_bound":15890435.0,"upper_bound":15908035.25},"point_estimate":15894397.5,"standard_error":4927.1916301681795},"median_abs_dev":{"confidence_interval":{"confidence_level":0.95,"lower_bound":18921.8674890697,"upper_bound":38974.59274118766},"point_estimate":24314.824893325567,"standard_error":5125.520535175463},"slope":null,"std_dev":{"confidence_interval":{"confidence_level":0.95,"lower_bound":39353.622385160765,"upper_bound":157709.82962199065},"point_estimate":98890.82337370138,"standard_error":38716.63751612094}}