{"mean":{"confidence_interval":{"confidence_level":0.95,"lower_bound":16213529.4895,"upper_bound":16272006.571250001},"point_estimate":16241770.115,"standard_error":14961.66497157591},"median":{"confidence_interval":{"confidence_level":0.95,"lower_bound":16171499.125,"upper_bound":16259474.875},"point_estimate":16222724.625,"standard_error":21912.372003938526},"median_abs_dev":{"confidence_interval":{"confidence_level":0.95,"lower_bound":114939.48958441615,"upper_bound":187792.5990410147},"point_estimate":169575.15186443925,"standard_error":19251.98510654274},"slope":null,"std_dev":{"confidence_interval":{"confidence_level":0.95,"lower_bound":119421.8845875905,"upper_bound":182063.12612734927},"point_estimate":150213.56126303566,"standard_error":16204.241048621965}}