{"mean":{"confidence_interval":{"confidence_level":0.95,"lower_bound":7113127.76128125,"upper_bound":7139291.70875},"point_estimate":7125140.25125,"standard_error":6755.985105120405},"median":{"confidence_interval":{"confidence_level":0.95,"lower_bound":7097089.625,"upper_bound":7110844.125},"point_estimate":7103694.4375,"standard_error":3492.182985847009},"median_abs_dev":{"confidence_interval":{"confidence_level":0.95,"lower_bound":19657.329738512635,"upper_bound":38785.39213548414},"point_estimate":26146.391835808754,"standard_error":4993.264143765771},"slope":null,"std_dev":{"confidence_interval":{"confidence_level":0.95,"lower_bound":42602.923953012614,"upper_bound":93757.8297056439},"point_estimate":67846.6491567869,"standard_error":13877.061327461102}}