{"mean":{"confidence_interval":{"confidence_level":0.95,"lower_bound":6207933.480666667,"upper_bound":6259032.590277777},"point_estimate":6234093.681111109,"standard_error":13082.040802351514},"median":{"confidence_interval":{"confidence_level":0.95,"lower_bound":6244748.333333333,"upper_bound":6322432.555555556},"point_estimate":6306577.277777778,"standard_error":20165.273466144514},"median_abs_dev":{"confidence_interval":{"confidence_level":0.95,"lower_bound":44353.13134590816,"upper_bound":147437.64858245873},"point_estimate":71502.83153057098,"standard_error":26344.783288041363},"slope":null,"std_dev":{"confidence_interval":{"confidence_level":0.95,"lower_bound":114910.43909492895,"upper_bound":142675.46690683806},"point_estimate":130517.01107011033,"standard_error":7089.60144659731}}