{"mean":{"confidence_interval":{"confidence_level":0.95,"lower_bound":7000361.92565625,"upper_bound":7011474.2093125},"point_estimate":7005270.12,"standard_error":2858.1433606771043},"median":{"confidence_interval":{"confidence_level":0.95,"lower_bound":6996626.375,"upper_bound":7001037.625},"point_estimate":6999332.5625,"standard_error":1090.922097494357},"median_abs_dev":{"confidence_interval":{"confidence_level":0.95,"lower_bound":5946.1525194346905,"upper_bound":9906.455036625266},"point_estimate":8174.222292378545,"standard_error":1032.8806068539484},"slope":null,"std_dev":{"confidence_interval":{"confidence_level":0.95,"lower_bound":10050.848663260687,"upper_bound":41302.92474004083},"point_estimate":28749.121177372526,"standard_error":7358.139076771658}}