{"mean":{"confidence_interval":{"confidence_level":0.95,"lower_bound":19988610.184166666,"upper_bound":20348312.04891666},"point_estimate":20159860.33,"standard_error":91426.73383162779},"median":{"confidence_interval":{"confidence_level":0.95,"lower_bound":19804606.0,"upper_bound":20058272.666666664},"point_estimate":19939505.833333336,"standard_error":64172.011440645445},"median_abs_dev":{"confidence_interval":{"confidence_level":0.95,"lower_bound":394421.2600976229,"upper_bound":692868.6347991228},"point_estimate":517624.82371032424,"standard_error":77459.86392733415},"slope":null,"std_dev":{"confidence_interval":{"confidence_level":0.95,"lower_bound":652943.4240494608,"upper_bound":1162263.3907896422},"point_estimate":919327.5984995014,"standard_error":130360.92900693166}}