{"mean":{"confidence_interval":{"confidence_level":0.95,"lower_bound":14967727.5498125,"upper_bound":14973879.5539375},"point_estimate":14970525.75,"standard_error":1582.4225104851885},"median":{"confidence_interval":{"confidence_level":0.95,"lower_bound":14965004.0,"upper_bound":14967562.5},"point_estimate":14965816.75,"standard_error":673.5524472421089},"median_abs_dev":{"confidence_interval":{"confidence_level":0.95,"lower_bound":2940.551722794771,"upper_bound":5145.3678417764595},"point_estimate":3780.444607883692,"standard_error":559.44541072296},"slope":null,"std_dev":{"confidence_interval":{"confidence_level":0.95,"lower_bound":9049.472201205846,"upper_bound":22425.468986313594},"point_estimate":15928.8528854866,"standard_error":3529.0600288748765}}