{"mean":{"confidence_interval":{"confidence_level":0.95,"lower_bound":18311705.691666666,"upper_bound":18769488.67866667},"point_estimate":18529254.41666667,"standard_error":117223.03108109486},"median":{"confidence_interval":{"confidence_level":0.95,"lower_bound":18120223.333333332,"upper_bound":18604567.0},"point_estimate":18449280.166666664,"standard_error":118915.73375194584},"median_abs_dev":{"confidence_interval":{"confidence_level":0.95,"lower_bound":687573.0347931348,"upper_bound":1136808.7340176105},"point_estimate":964811.0755711813,"standard_error":114042.75996413053},"slope":null,"std_dev":{"confidence_interval":{"confidence_level":0.95,"lower_bound":822037.5217756684,"upper_bound":1577009.9509332797},"point_estimate":1178659.0626523206,"standard_error":205174.88887936933}}