{"mean":{"confidence_interval":{"confidence_level":0.95,"lower_bound":6958792.90559375,"upper_bound":6974475.874875001},"point_estimate":6965783.46125,"standard_error":4052.0080754315236},"median":{"confidence_interval":{"confidence_level":0.95,"lower_bound":6954344.75,"upper_bound":6957788.5},"point_estimate":6955894.5,"standard_error":915.0911009882941},"median_abs_dev":{"confidence_interval":{"confidence_level":0.95,"lower_bound":5593.293725699186,"upper_bound":9726.319139823318},"point_estimate":7026.597250252962,"standard_error":1123.0388502834278},"slope":null,"std_dev":{"confidence_interval":{"confidence_level":0.95,"lower_bound":17867.981339606056,"upper_bound":58777.80551379308},"point_estimate":40783.075952951935,"standard_error":10315.266861954358}}