{"mean":{"confidence_interval":{"confidence_level":0.95,"lower_bound":15644912.348375,"upper_bound":15852816.061125},"point_estimate":15748473.8725,"standard_error":53197.844669423655},"median":{"confidence_interval":{"confidence_level":0.95,"lower_bound":15562605.5,"upper_bound":15837326.375},"point_estimate":15698497.0,"standard_error":68017.8380610939},"median_abs_dev":{"confidence_interval":{"confidence_level":0.95,"lower_bound":375416.5523350239,"upper_bound":625434.7988963127},"point_estimate":507889.45453315973,"standard_error":62689.7088591292},"slope":null,"std_dev":{"confidence_interval":{"confidence_level":0.95,"lower_bound":456049.5406524757,"upper_bound":605919.2317699469},"point_estimate":535065.0113268034,"standard_error":38089.95860569373}}