{"mean":{"confidence_interval":{"confidence_level":0.95,"lower_bound":18325476.26716667,"upper_bound":18404946.802749995},"point_estimate":18364492.593333337,"standard_error":20179.740220717274},"median":{"confidence_interval":{"confidence_level":0.95,"lower_bound":18297103.5,"upper_bound":18382355.833333332},"point_estimate":18345899.833333336,"standard_error":22763.44704789652},"median_abs_dev":{"confidence_interval":{"confidence_level":0.95,"lower_bound":153156.5308809271,"upper_bound":245356.2047665611},"point_estimate":213443.49361062233,"standard_error":24246.98648646037},"slope":null,"std_dev":{"confidence_interval":{"confidence_level":0.95,"lower_bound":172189.37080634714,"upper_bound":229544.16634390576},"point_estimate":202052.1047204654,"standard_error":14597.521023064124}}