{"mean":{"confidence_interval":{"confidence_level":0.95,"lower_bound":6953148.86746875,"upper_bound":6967527.05290625},"point_estimate":6959502.99625,"standard_error":3713.119782986751},"median":{"confidence_interval":{"confidence_level":0.95,"lower_bound":6949429.6875,"upper_bound":6952854.25},"point_estimate":6950744.6875,"standard_error":827.6109869455661},"median_abs_dev":{"confidence_interval":{"confidence_level":0.95,"lower_bound":5533.063101768494,"upper_bound":9617.255379259586},"point_estimate":7759.09429974854,"standard_error":1048.9081036247762},"slope":null,"std_dev":{"confidence_interval":{"confidence_level":0.95,"lower_bound":16548.844808334343,"upper_bound":54560.41575869609},"point_estimate":37308.22835667039,"standard_error":9936.343655492481}}