{"mean":{"confidence_interval":{"confidence_level":0.95,"lower_bound":14528997.1715625,"upper_bound":14667842.554624999},"point_estimate":14597201.5125,"standard_error":35497.56165852918},"median":{"confidence_interval":{"confidence_level":0.95,"lower_bound":14476593.25,"upper_bound":14636323.625},"point_estimate":14564162.625,"standard_error":42074.19581373975},"median_abs_dev":{"confidence_interval":{"confidence_level":0.95,"lower_bound":251490.8389851451,"upper_bound":372221.1787417531},"point_estimate":319109.999884665,"standard_error":30183.558138283515},"slope":null,"std_dev":{"confidence_interval":{"confidence_level":0.95,"lower_bound":292150.3427195781,"upper_bound":415837.39540575066},"point_estimate":356976.42530825525,"standard_error":31603.563792431167}}