{"mean":{"confidence_interval":{"confidence_level":0.95,"lower_bound":6953851.3395625,"upper_bound":6962613.376937499},"point_estimate":6957723.18625,"standard_error":2249.743292180311},"median":{"confidence_interval":{"confidence_level":0.95,"lower_bound":6951138.875,"upper_bound":6953516.875},"point_estimate":6952503.125,"standard_error":655.2899190868509},"median_abs_dev":{"confidence_interval":{"confidence_level":0.95,"lower_bound":3818.3435697108507,"upper_bound":7286.51555813849},"point_estimate":5698.1876738369465,"standard_error":911.6933680735526},"slope":null,"std_dev":{"confidence_interval":{"confidence_level":0.95,"lower_bound":8882.59321704759,"upper_bound":32891.39260252249},"point_estimate":22687.132474848884,"standard_error":6154.5474528167015}}