{"mean":{"confidence_interval":{"confidence_level":0.95,"lower_bound":6953071.0666875,"upper_bound":6965219.03890625},"point_estimate":6957611.7575,"standard_error":3409.81844923489},"median":{"confidence_interval":{"confidence_level":0.95,"lower_bound":6950562.75,"upper_bound":6954104.375},"point_estimate":6952781.3125,"standard_error":726.9769832167176},"median_abs_dev":{"confidence_interval":{"confidence_level":0.95,"lower_bound":5360.340204834938,"upper_bound":9094.082913547754},"point_estimate":7165.127685293555,"standard_error":926.9830992952858},"slope":null,"std_dev":{"confidence_interval":{"confidence_level":0.95,"lower_bound":6753.0082622871505,"upper_bound":57973.892696332245},"point_estimate":34402.9711410422,"standard_error":17713.611215365672}}