{"mean":{"confidence_interval":{"confidence_level":0.95,"lower_bound":6951714.670812501,"upper_bound":6963587.8045625},"point_estimate":6956125.20625,"standard_error":3307.1141848723896},"median":{"confidence_interval":{"confidence_level":0.95,"lower_bound":6950221.75,"upper_bound":6952635.5625},"point_estimate":6951172.75,"standard_error":597.0938989856796},"median_abs_dev":{"confidence_interval":{"confidence_level":0.95,"lower_bound":3932.3184426873922,"upper_bound":6845.905378460884},"point_estimate":5456.5238781273365,"standard_error":716.0243609083377},"slope":null,"std_dev":{"confidence_interval":{"confidence_level":0.95,"lower_bound":5998.4140584211655,"upper_bound":56027.717282187696},"point_estimate":33269.565890050755,"standard_error":17005.313656749036}}