{"mean":{"confidence_interval":{"confidence_level":0.95,"lower_bound":18928293.173166666,"upper_bound":18931219.643333323},"point_estimate":18929622.09333332,"standard_error":750.3595734303849},"median":{"confidence_interval":{"confidence_level":0.95,"lower_bound":18927235.333333332,"upper_bound":18930170.333333332},"point_estimate":18928186.166666664,"standard_error":719.3808816619535},"median_abs_dev":{"confidence_interval":{"confidence_level":0.95,"lower_bound":3583.938336373227,"upper_bound":5437.435403466225},"point_estimate":4497.219920156545,"standard_error":480.8288564917403},"slope":null,"std_dev":{"confidence_interval":{"confidence_level":0.95,"lower_bound":4232.579953691972,"upper_bound":11006.616098200016},"point_estimate":7568.164266884551,"standard_error":1898.1154071036417}}