{"mean":{"confidence_interval":{"confidence_level":0.95,"lower_bound":6949519.7243125,"upper_bound":6953226.8223125},"point_estimate":6951169.9725,"standard_error":950.9133787098262},"median":{"confidence_interval":{"confidence_level":0.95,"lower_bound":6948166.375,"upper_bound":6950088.625},"point_estimate":6949193.8125,"standard_error":488.66925198684004},"median_abs_dev":{"confidence_interval":{"confidence_level":0.95,"lower_bound":3566.695389803505,"upper_bound":5905.1956951618195},"point_estimate":5051.125447824597,"standard_error":617.581265828119},"slope":null,"std_dev":{"confidence_interval":{"confidence_level":0.95,"lower_bound":4657.979493723381,"upper_bound":13994.029934616672},"point_estimate":9552.363773725701,"standard_error":2467.4944412300747}}