{"mean":{"confidence_interval":{"confidence_level":0.95,"lower_bound":17978962.043833327,"upper_bound":17986135.742000006},"point_estimate":17982209.036666676,"standard_error":1837.1473199182121},"median":{"confidence_interval":{"confidence_level":0.95,"lower_bound":17976612.0,"upper_bound":17980945.5},"point_estimate":17978429.0,"standard_error":1059.6547031551063},"median_abs_dev":{"confidence_interval":{"confidence_level":0.95,"lower_bound":7635.884064434118,"upper_bound":13248.019164796962},"point_estimate":10008.291122317314,"standard_error":1428.8694775942668},"slope":null,"std_dev":{"confidence_interval":{"confidence_level":0.95,"lower_bound":10862.342657912432,"upper_bound":26399.833281084753},"point_estimate":18419.941040903897,"standard_error":4349.877500716207}}