{"mean":{"confidence_interval":{"confidence_level":0.95,"lower_bound":6953895.4728125,"upper_bound":6958369.0215625},"point_estimate":6956005.06375,"standard_error":1148.19113147006},"median":{"confidence_interval":{"confidence_level":0.95,"lower_bound":6951617.25,"upper_bound":6955314.4375},"point_estimate":6953075.75,"standard_error":838.9429645330215},"median_abs_dev":{"confidence_interval":{"confidence_level":0.95,"lower_bound":4874.7887134552,"upper_bound":8811.184306070209},"point_estimate":6344.601262360811,"standard_error":1033.786822523202},"slope":null,"std_dev":{"confidence_interval":{"confidence_level":0.95,"lower_bound":7876.308166009699,"upper_bound":14870.836983782134},"point_estimate":11542.329742747253,"standard_error":1796.0445129924785}}