{"mean":{"confidence_interval":{"confidence_level":0.95,"lower_bound":17281157.54975,"upper_bound":17579249.028500006},"point_estimate":17427927.65333334,"standard_error":76316.90259747762},"median":{"confidence_interval":{"confidence_level":0.95,"lower_bound":17147166.666666664,"upper_bound":17528678.166666668},"point_estimate":17358376.5,"standard_error":92908.50154015466},"median_abs_dev":{"confidence_interval":{"confidence_level":0.95,"lower_bound":580098.1272011977,"upper_bound":938531.7439377336},"point_estimate":731225.9671181431,"standard_error":90328.52256252762},"slope":null,"std_dev":{"confidence_interval":{"confidence_level":0.95,"lower_bound":657191.373785327,"upper_bound":861909.241824303},"point_estimate":765728.0049827672,"standard_error":52136.87856105817}}