{"mean":{"confidence_interval":{"confidence_level":0.95,"lower_bound":6950387.246,"upper_bound":6970944.362625},"point_estimate":6958736.92125,"standard_error":5382.986904265247},"median":{"confidence_interval":{"confidence_level":0.95,"lower_bound":6947230.9375,"upper_bound":6951182.6875},"point_estimate":6949153.875,"standard_error":940.1003535228652},"median_abs_dev":{"confidence_interval":{"confidence_level":0.95,"lower_bound":4708.737516403198,"upper_bound":7206.733147054911},"point_estimate":5767.86987259984,"standard_error":657.0413235443646},"slope":null,"std_dev":{"confidence_interval":{"confidence_level":0.95,"lower_bound":12764.400545185084,"upper_bound":87591.64739654481},"point_estimate":54261.79530494546,"standard_error":21661.195310054984}}