{"mean":{"confidence_interval":{"confidence_level":0.95,"lower_bound":19467462.29825001,"upper_bound":19643925.031083334},"point_estimate":19552582.843333334,"standard_error":45169.8171518947},"median":{"confidence_interval":{"confidence_level":0.95,"lower_bound":19382876.666666664,"upper_bound":19587461.0},"point_estimate":19507014.0,"standard_error":55902.86736214582},"median_abs_dev":{"confidence_interval":{"confidence_level":0.95,"lower_bound":274296.315330266,"upper_bound":446610.50887108035},"point_estimate":347355.13553321455,"standard_error":44864.95681779801},"slope":null,"std_dev":{"confidence_interval":{"confidence_level":0.95,"lower_bound":345757.8825119058,"upper_bound":559671.5589728658},"point_estimate":454882.9907413986,"standard_error":54824.4049282425}}