{"mean":{"confidence_interval":{"confidence_level":0.95,"lower_bound":6977338.1310625,"upper_bound":6992746.2625625},"point_estimate":6983906.315,"standard_error":3990.343502460749},"median":{"confidence_interval":{"confidence_level":0.95,"lower_bound":6974316.0,"upper_bound":6979200.6875},"point_estimate":6977112.5,"standard_error":1207.313717811036},"median_abs_dev":{"confidence_interval":{"confidence_level":0.95,"lower_bound":7874.459110200405,"upper_bound":14538.190016895533},"point_estimate":10953.72659303248,"standard_error":1680.06573825274},"slope":null,"std_dev":{"confidence_interval":{"confidence_level":0.95,"lower_bound":13074.778878303432,"upper_bound":62248.694193507414},"point_estimate":40008.68639811692,"standard_error":13232.184689071231}}