{"mean":{"confidence_interval":{"confidence_level":0.95,"lower_bound":6956577.01240625,"upper_bound":6964711.88309375},"point_estimate":6960123.80375,"standard_error":2094.0878929150817},"median":{"confidence_interval":{"confidence_level":0.95,"lower_bound":6954163.125,"upper_bound":6956709.1875},"point_estimate":6955280.25,"standard_error":594.944232056045},"median_abs_dev":{"confidence_interval":{"confidence_level":0.95,"lower_bound":3830.2970319986343,"upper_bound":6220.825013620774},"point_estimate":5078.090234845877,"standard_error":612.750123514303},"slope":null,"std_dev":{"confidence_interval":{"confidence_level":0.95,"lower_bound":7280.306087609743,"upper_bound":31323.798152961455},"point_estimate":20999.225452032933,"standard_error":6064.519571634628}}