{"mean":{"confidence_interval":{"confidence_level":0.95,"lower_bound":14971203.827312501,"upper_bound":14975429.8539375},"point_estimate":14973141.84,"standard_error":1075.7506837308626},"median":{"confidence_interval":{"confidence_level":0.95,"lower_bound":14969244.875,"upper_bound":14970795.0},"point_estimate":14969869.75,"standard_error":426.7573308124633},"median_abs_dev":{"confidence_interval":{"confidence_level":0.95,"lower_bound":2260.779634863138,"upper_bound":4410.734921693802},"point_estimate":3298.7849414348602,"standard_error":555.8788236838705},"slope":null,"std_dev":{"confidence_interval":{"confidence_level":0.95,"lower_bound":6507.861253608345,"upper_bound":14396.50460714416},"point_estimate":10857.172136422036,"standard_error":2025.4703598666285}}