{"mean":{"confidence_interval":{"confidence_level":0.95,"lower_bound":6955933.27359375,"upper_bound":6967377.180875001},"point_estimate":6961068.8925,"standard_error":2943.2385667773187},"median":{"confidence_interval":{"confidence_level":0.95,"lower_bound":6952885.8125,"upper_bound":6955600.125},"point_estimate":6953619.1875,"standard_error":764.9308380480408},"median_abs_dev":{"confidence_interval":{"confidence_level":0.95,"lower_bound":3830.853006988764,"upper_bound":6664.194219186902},"point_estimate":5262.488606572151,"standard_error":761.7791643673908},"slope":null,"std_dev":{"confidence_interval":{"confidence_level":0.95,"lower_bound":15483.0670089191,"upper_bound":40685.66420540314},"point_estimate":29597.23704627452,"standard_error":6685.161300671619}}