{"mean":{"confidence_interval":{"confidence_level":0.95,"lower_bound":6953496.95875,"upper_bound":6961188.36515625},"point_estimate":6956927.0275,"standard_error":1973.8597252714333},"median":{"confidence_interval":{"confidence_level":0.95,"lower_bound":6951048.125,"upper_bound":6952920.375},"point_estimate":6951673.6875,"standard_error":514.1412346188406},"median_abs_dev":{"confidence_interval":{"confidence_level":0.95,"lower_bound":3641.9141728430986,"upper_bound":6086.443541944027},"point_estimate":4895.359788089991,"standard_error":605.6281778182525},"slope":null,"std_dev":{"confidence_interval":{"confidence_level":0.95,"lower_bound":8335.178208406407,"upper_bound":27810.699050128227},"point_estimate":19789.109213206222,"standard_error":4741.68508121469}}