{"mean":{"confidence_interval":{"confidence_level":0.95,"lower_bound":17535430.212,"upper_bound":17640877.900666665},"point_estimate":17588416.316666666,"standard_error":26869.613120112892},"median":{"confidence_interval":{"confidence_level":0.95,"lower_bound":17546395.666666668,"upper_bound":17686714.166666664},"point_estimate":17624483.333333336,"standard_error":32447.378711548066},"median_abs_dev":{"confidence_interval":{"confidence_level":0.95,"lower_bound":250636.7378503075,"upper_bound":372903.54537963314},"point_estimate":331904.4670075178,"standard_error":30501.918714523817},"slope":null,"std_dev":{"confidence_interval":{"confidence_level":0.95,"lower_bound":234748.12463667875,"upper_bound":304660.75835317734},"point_estimate":270744.111736224,"standard_error":17836.104153262197}}