{"mean":{"confidence_interval":{"confidence_level":0.95,"lower_bound":6956778.1795,"upper_bound":7048028.95053125},"point_estimate":6992776.645,"standard_error":24367.424936806998},"median":{"confidence_interval":{"confidence_level":0.95,"lower_bound":6950181.0,"upper_bound":6953386.25},"point_estimate":6951483.375,"standard_error":827.6328023838443},"median_abs_dev":{"confidence_interval":{"confidence_level":0.95,"lower_bound":4360.51184758544,"upper_bound":7976.295195892453},"point_estimate":5450.315490737557,"standard_error":890.2317097086933},"slope":null,"std_dev":{"confidence_interval":{"confidence_level":0.95,"lower_bound":21428.008948862353,"upper_bound":398311.8284390989},"point_estimate":245054.89666214772,"standard_error":105435.95021165472}}