{"mean":{"confidence_interval":{"confidence_level":0.95,"lower_bound":5339.73767812022,"upper_bound":5347.615989004944},"point_estimate":5343.491968119908,"standard_error":2.010074597998691},"median":{"confidence_interval":{"confidence_level":0.95,"lower_bound":5336.944444444444,"upper_bound":5345.868578255675},"point_estimate":5339.125242486645,"standard_error":2.1565207362816223},"median_abs_dev":{"confidence_interval":{"confidence_level":0.95,"lower_bound":12.32453640866558,"upper_bound":18.130592137596366},"point_estimate":15.628274748384571,"standard_error":1.5157356672167435},"slope":{"confidence_interval":{"confidence_level":0.95,"lower_bound":5340.053105646324,"upper_bound":5348.8422391319355},"point_estimate":5344.196216278344,"standard_error":2.247228627385361},"std_dev":{"confidence_interval":{"confidence_level":0.95,"lower_bound":14.323720623038511,"upper_bound":26.00832943285663},"point_estimate":20.20966169493269,"standard_error":3.029363368610762}}