{"mean":{"confidence_interval":{"confidence_level":0.95,"lower_bound":4049.2552317050286,"upper_bound":4070.929084991036},"point_estimate":4058.8764457578714,"standard_error":5.617359652065216},"median":{"confidence_interval":{"confidence_level":0.95,"lower_bound":4039.27972027972,"upper_bound":4059.436306263396},"point_estimate":4043.855858262108,"standard_error":5.032248097817933},"median_abs_dev":{"confidence_interval":{"confidence_level":0.95,"lower_bound":21.508118025113305,"upper_bound":33.71007092256804},"point_estimate":29.1933957054899,"standard_error":2.987781319996161},"slope":{"confidence_interval":{"confidence_level":0.95,"lower_bound":4048.02027743547,"upper_bound":4066.2106491701},"point_estimate":4056.578672062384,"standard_error":4.651175420404474},"std_dev":{"confidence_interval":{"confidence_level":0.95,"lower_bound":28.988272290931338,"upper_bound":84.3316755285198},"point_estimate":56.51383935892126,"standard_error":15.985754707788491}}