{"mean":{"confidence_interval":{"confidence_level":0.95,"lower_bound":5628.406944802021,"upper_bound":5738.154110764839},"point_estimate":5679.348374481042,"standard_error":28.02328877097295},"median":{"confidence_interval":{"confidence_level":0.95,"lower_bound":5584.410336239103,"upper_bound":5679.635160065111},"point_estimate":5623.1254422604425,"standard_error":24.761391493040538},"median_abs_dev":{"confidence_interval":{"confidence_level":0.95,"lower_bound":151.35413282574697,"upper_bound":251.1541735606664},"point_estimate":202.38130853030123,"standard_error":25.425040905254047},"slope":{"confidence_interval":{"confidence_level":0.95,"lower_bound":5574.101687989,"upper_bound":5672.428745266254},"point_estimate":5620.170861829467,"standard_error":25.10815059529967},"std_dev":{"confidence_interval":{"confidence_level":0.95,"lower_bound":183.71826405068865,"upper_bound":389.85713599761885},"point_estimate":281.1022262428376,"standard_error":58.386300975570634}}