{"mean":{"confidence_interval":{"confidence_level":0.95,"lower_bound":3982.4930536764646,"upper_bound":4023.096744570832},"point_estimate":3999.8217974446384,"standard_error":10.52771044285564},"median":{"confidence_interval":{"confidence_level":0.95,"lower_bound":3963.611820871436,"upper_bound":3989.785343035343},"point_estimate":3978.4348151848153,"standard_error":6.028785145595312},"median_abs_dev":{"confidence_interval":{"confidence_level":0.95,"lower_bound":32.06377685531454,"upper_bound":53.35971278198423},"point_estimate":45.15546947068976,"standard_error":5.377894371463031},"slope":{"confidence_interval":{"confidence_level":0.95,"lower_bound":3999.7609573011764,"upper_bound":4037.262027112957},"point_estimate":4016.726242966432,"standard_error":9.584655237749491},"std_dev":{"confidence_interval":{"confidence_level":0.95,"lower_bound":45.32803348915895,"upper_bound":165.17879002413412},"point_estimate":106.56614016660969,"standard_error":35.602948048874445}}