{"mean":{"confidence_interval":{"confidence_level":0.95,"lower_bound":3970.8808792910286,"upper_bound":3997.625296833148},"point_estimate":3983.1310395703504,"standard_error":6.885112977615976},"median":{"confidence_interval":{"confidence_level":0.95,"lower_bound":3951.6858899032813,"upper_bound":3976.492007992008},"point_estimate":3958.5944316877153,"standard_error":6.518627903984142},"median_abs_dev":{"confidence_interval":{"confidence_level":0.95,"lower_bound":22.080602172093123,"upper_bound":51.66347700586666},"point_estimate":37.08824222329728,"standard_error":7.881686907715006},"slope":{"confidence_interval":{"confidence_level":0.95,"lower_bound":3989.2459557893535,"upper_bound":4027.520911809751},"point_estimate":4006.832763524343,"standard_error":9.832999942897832},"std_dev":{"confidence_interval":{"confidence_level":0.95,"lower_bound":38.90605134788867,"upper_bound":97.9120036167472},"point_estimate":69.53614065916878,"standard_error":15.628774561679208}}