{"mean":{"confidence_interval":{"confidence_level":0.95,"lower_bound":4011.2146306397785,"upper_bound":4027.0605100644775},"point_estimate":4018.7141178825673,"standard_error":4.027616846029413},"median":{"confidence_interval":{"confidence_level":0.95,"lower_bound":4006.1846153846154,"upper_bound":4016.559643255295},"point_estimate":4012.4463008880175,"standard_error":2.321292121164914},"median_abs_dev":{"confidence_interval":{"confidence_level":0.95,"lower_bound":17.55365322199634,"upper_bound":36.794139731388725},"point_estimate":25.554266157438416,"standard_error":5.090955239206207},"slope":{"confidence_interval":{"confidence_level":0.95,"lower_bound":4006.6570939378944,"upper_bound":4030.508866934161},"point_estimate":4017.617283422946,"standard_error":6.13203207669471},"std_dev":{"confidence_interval":{"confidence_level":0.95,"lower_bound":28.48702720843848,"upper_bound":51.17436061462764},"point_estimate":40.592426277021964,"standard_error":5.816675663145347}}