{"mean":{"confidence_interval":{"confidence_level":0.95,"lower_bound":7185.029027692724,"upper_bound":7290.382084989913},"point_estimate":7236.645342574805,"standard_error":27.0111022082808},"median":{"confidence_interval":{"confidence_level":0.95,"lower_bound":7117.579047619048,"upper_bound":7239.4386580086575},"point_estimate":7192.357954545454,"standard_error":29.502968373249658},"median_abs_dev":{"confidence_interval":{"confidence_level":0.95,"lower_bound":189.9852516786344,"upper_bound":313.6867876244202},"point_estimate":263.5067370800618,"standard_error":31.394246296561562},"slope":{"confidence_interval":{"confidence_level":0.95,"lower_bound":7151.851587255075,"upper_bound":7296.679268624987},"point_estimate":7220.798437374654,"standard_error":37.060830690280966},"std_dev":{"confidence_interval":{"confidence_level":0.95,"lower_bound":227.8338253548462,"upper_bound":309.5871802994522},"point_estimate":271.6245032225437,"standard_error":20.855565582472288}}