{"mean":{"confidence_interval":{"confidence_level":0.95,"lower_bound":4905.24934964348,"upper_bound":4989.629090658718},"point_estimate":4946.195029626582,"standard_error":21.52620922852807},"median":{"confidence_interval":{"confidence_level":0.95,"lower_bound":4876.5268817204305,"upper_bound":4960.7924229452055},"point_estimate":4920.017472527472,"standard_error":20.88991412865316},"median_abs_dev":{"confidence_interval":{"confidence_level":0.95,"lower_bound":118.48644687506392,"upper_bound":185.25658647833748},"point_estimate":150.25380656701603,"standard_error":17.470630742151087},"slope":{"confidence_interval":{"confidence_level":0.95,"lower_bound":4914.155268308074,"upper_bound":4973.746250987946},"point_estimate":4944.172192995419,"standard_error":15.226515219323613},"std_dev":{"confidence_interval":{"confidence_level":0.95,"lower_bound":159.3904722461439,"upper_bound":266.6110011012163},"point_estimate":215.9938561873758,"standard_error":27.363434930236092}}