{"mean":{"confidence_interval":{"confidence_level":0.95,"lower_bound":3983.1852430265794,"upper_bound":4060.742047893544},"point_estimate":4011.1173801855034,"standard_error":22.753871134572922},"median":{"confidence_interval":{"confidence_level":0.95,"lower_bound":3974.133883779264,"upper_bound":3994.5330948121646},"point_estimate":3982.0724987430867,"standard_error":5.345659073318564},"median_abs_dev":{"confidence_interval":{"confidence_level":0.95,"lower_bound":27.58491297180844,"upper_bound":43.51107376875653},"point_estimate":36.37080861522369,"standard_error":4.028465578171595},"slope":{"confidence_interval":{"confidence_level":0.95,"lower_bound":3987.715190097066,"upper_bound":4045.0130512284654},"point_estimate":4007.701257459845,"standard_error":15.961782043056585},"std_dev":{"confidence_interval":{"confidence_level":0.95,"lower_bound":30.78278493893987,"upper_bound":391.2161179777015},"point_estimate":229.68098148217314,"standard_error":127.52600256706975}}