{"mean":{"confidence_interval":{"confidence_level":0.95,"lower_bound":3986.505908503997,"upper_bound":4001.980114642844},"point_estimate":3994.023311808529,"standard_error":3.942717651848861},"median":{"confidence_interval":{"confidence_level":0.95,"lower_bound":3978.866666666667,"upper_bound":4000.273251748252},"point_estimate":3988.9619658119655,"standard_error":5.331033423545201},"median_abs_dev":{"confidence_interval":{"confidence_level":0.95,"lower_bound":31.2307835058337,"upper_bound":47.489226040899744},"point_estimate":39.561755852126026,"standard_error":4.281604379091969},"slope":{"confidence_interval":{"confidence_level":0.95,"lower_bound":4002.404606239597,"upper_bound":4021.735553470395},"point_estimate":4012.0610971797523,"standard_error":4.925451762274333},"std_dev":{"confidence_interval":{"confidence_level":0.95,"lower_bound":31.583376899752306,"upper_bound":46.359818436543904},"point_estimate":39.20194506907633,"standard_error":3.7773530811463654}}