{"mean":{"confidence_interval":{"confidence_level":0.95,"lower_bound":7277.291166541285,"upper_bound":7440.27138143228},"point_estimate":7357.973014307254,"standard_error":41.434778226654934},"median":{"confidence_interval":{"confidence_level":0.95,"lower_bound":7320.101744186047,"upper_bound":7404.192204301075},"point_estimate":7368.902256944444,"standard_error":25.710227693047088},"median_abs_dev":{"confidence_interval":{"confidence_level":0.95,"lower_bound":192.55940596293794,"upper_bound":379.28944564766704},"point_estimate":270.8222608708231,"standard_error":47.38289204507388},"slope":{"confidence_interval":{"confidence_level":0.95,"lower_bound":7424.546978240685,"upper_bound":7583.784325587215},"point_estimate":7501.039254470224,"standard_error":40.45490735207877},"std_dev":{"confidence_interval":{"confidence_level":0.95,"lower_bound":330.75917142190366,"upper_bound":497.17107321821726},"point_estimate":417.34409819557885,"standard_error":42.625647683921876}}