{"mean":{"confidence_interval":{"confidence_level":0.95,"lower_bound":3968.8094205551183,"upper_bound":3983.0561311848637},"point_estimate":3975.679096679056,"standard_error":3.6279561790860844},"median":{"confidence_interval":{"confidence_level":0.95,"lower_bound":3960.021493969947,"upper_bound":3977.223264540338},"point_estimate":3968.2419620958754,"standard_error":4.445662928881965},"median_abs_dev":{"confidence_interval":{"confidence_level":0.95,"lower_bound":21.26354931585539,"upper_bound":36.74917270465079},"point_estimate":29.226401181053603,"standard_error":4.223403927944675},"slope":{"confidence_interval":{"confidence_level":0.95,"lower_bound":3972.478124958377,"upper_bound":3989.4506393295537},"point_estimate":3980.9165302201864,"standard_error":4.334665842730519},"std_dev":{"confidence_interval":{"confidence_level":0.95,"lower_bound":27.539818416219447,"upper_bound":44.92775653877845},"point_estimate":36.50164302307473,"standard_error":4.460074518928641}}