{"mean":{"confidence_interval":{"confidence_level":0.95,"lower_bound":3988.55803530262,"upper_bound":4023.2627454260805},"point_estimate":4003.4198354342807,"standard_error":8.963287033137588},"median":{"confidence_interval":{"confidence_level":0.95,"lower_bound":3982.9941079857126,"upper_bound":3997.3377926421404},"point_estimate":3988.8153846153846,"standard_error":3.4166905164829577},"median_abs_dev":{"confidence_interval":{"confidence_level":0.95,"lower_bound":38.361331477069896,"upper_bound":59.03155536223672},"point_estimate":49.06294110405688,"standard_error":5.147226127070206},"slope":{"confidence_interval":{"confidence_level":0.95,"lower_bound":4017.2371596758885,"upper_bound":4072.3188154490736},"point_estimate":4040.2847829398324,"standard_error":14.40037078747822},"std_dev":{"confidence_interval":{"confidence_level":0.95,"lower_bound":42.97336718831222,"upper_bound":139.6856864809315},"point_estimate":90.24714362114234,"standard_error":30.717829905886585}}