{"mean":{"confidence_interval":{"confidence_level":0.95,"lower_bound":3970.7670731368153,"upper_bound":4015.185977295683},"point_estimate":3987.9754758016566,"standard_error":11.836025121281004},"median":{"confidence_interval":{"confidence_level":0.95,"lower_bound":3952.544378698225,"upper_bound":3971.7008547008545},"point_estimate":3964.142265046111,"standard_error":6.002670068577158},"median_abs_dev":{"confidence_interval":{"confidence_level":0.95,"lower_bound":22.776098754697802,"upper_bound":46.26107077789211},"point_estimate":35.19434098981545,"standard_error":6.278150033450693},"slope":{"confidence_interval":{"confidence_level":0.95,"lower_bound":3987.332015518468,"upper_bound":4025.890818974391},"point_estimate":4004.1050714439984,"standard_error":9.942392078221639},"std_dev":{"confidence_interval":{"confidence_level":0.95,"lower_bound":35.88846642528365,"upper_bound":196.29387797569814},"point_estimate":119.00665756539816,"standard_error":54.3168453505264}}