{"mean":{"confidence_interval":{"confidence_level":0.95,"lower_bound":5434.069877461989,"upper_bound":5445.32869200936},"point_estimate":5439.306728077765,"standard_error":2.878013266669287},"median":{"confidence_interval":{"confidence_level":0.95,"lower_bound":5425.586666666667,"upper_bound":5434.109625},"point_estimate":5429.827184311225,"standard_error":2.175756150192579},"median_abs_dev":{"confidence_interval":{"confidence_level":0.95,"lower_bound":8.327715951053893,"upper_bound":18.43895181434399},"point_estimate":12.228071483332238,"standard_error":2.438135782811956},"slope":{"confidence_interval":{"confidence_level":0.95,"lower_bound":5429.79801343477,"upper_bound":5445.846384968597},"point_estimate":5436.5305854884,"standard_error":4.159326145321405},"std_dev":{"confidence_interval":{"confidence_level":0.95,"lower_bound":19.181980223189637,"upper_bound":38.5354591134037},"point_estimate":28.886261138251346,"standard_error":5.072198898364608}}