{"mean":{"confidence_interval":{"confidence_level":0.95,"lower_bound":4027.7202321874265,"upper_bound":4053.981324707395},"point_estimate":4039.492898214496,"standard_error":6.713337489070668},"median":{"confidence_interval":{"confidence_level":0.95,"lower_bound":4019.85641025641,"upper_bound":4037.201923076923},"point_estimate":4025.9691168091167,"standard_error":4.356363101612205},"median_abs_dev":{"confidence_interval":{"confidence_level":0.95,"lower_bound":27.548294240016933,"upper_bound":47.531409260086576},"point_estimate":35.255579261463815,"standard_error":4.712129440013138},"slope":{"confidence_interval":{"confidence_level":0.95,"lower_bound":4026.9153542330805,"upper_bound":4072.6695547725426},"point_estimate":4046.1160375578315,"standard_error":11.89354344853843},"std_dev":{"confidence_interval":{"confidence_level":0.95,"lower_bound":36.54488497452437,"upper_bound":98.40496514757457},"point_estimate":67.45757276613152,"standard_error":17.003401970594528}}