{"mean":{"confidence_interval":{"confidence_level":0.95,"lower_bound":22282.454034639384,"upper_bound":22420.251569300264},"point_estimate":22351.393140277447,"standard_error":35.166113369487874},"median":{"confidence_interval":{"confidence_level":0.95,"lower_bound":22231.076923076922,"upper_bound":22435.505862533693},"point_estimate":22303.913823163137,"standard_error":51.61736077164632},"median_abs_dev":{"confidence_interval":{"confidence_level":0.95,"lower_bound":268.4556951006261,"upper_bound":452.5551663211459},"point_estimate":326.8987613587995,"standard_error":51.0166305882361},"slope":{"confidence_interval":{"confidence_level":0.95,"lower_bound":22249.308540367543,"upper_bound":22385.176964740862},"point_estimate":22315.297078173488,"standard_error":34.75343867169937},"std_dev":{"confidence_interval":{"confidence_level":0.95,"lower_bound":303.48167255506036,"upper_bound":400.22408382872595},"point_estimate":353.76789523109113,"standard_error":24.68481678946634}}