{"mean":{"confidence_interval":{"confidence_level":0.95,"lower_bound":4012.821097894863,"upper_bound":4027.060183371316},"point_estimate":4019.255078732824,"standard_error":3.646747691291223},"median":{"confidence_interval":{"confidence_level":0.95,"lower_bound":4006.456950850568,"upper_bound":4019.6088657105606},"point_estimate":4012.402419419661,"standard_error":3.201303855891771},"median_abs_dev":{"confidence_interval":{"confidence_level":0.95,"lower_bound":18.830271672136874,"upper_bound":30.072466899673728},"point_estimate":24.551641727582485,"standard_error":2.8107650237976056},"slope":{"confidence_interval":{"confidence_level":0.95,"lower_bound":4012.370535796943,"upper_bound":4024.4017702985634},"point_estimate":4018.166306396426,"standard_error":3.0596902647285007},"std_dev":{"confidence_interval":{"confidence_level":0.95,"lower_bound":21.64622075983493,"upper_bound":53.34944107145161},"point_estimate":36.72585374203642,"standard_error":9.353721635071958}}