{"mean":{"confidence_interval":{"confidence_level":0.95,"lower_bound":3977.173749143046,"upper_bound":3991.745807709043},"point_estimate":3984.415567208971,"standard_error":3.73604042916837},"median":{"confidence_interval":{"confidence_level":0.95,"lower_bound":3970.8846153846152,"upper_bound":3992.1752699055332},"point_estimate":3979.1354186354183,"standard_error":5.446656872658747},"median_abs_dev":{"confidence_interval":{"confidence_level":0.95,"lower_bound":30.826519781617215,"upper_bound":48.37378490956684},"point_estimate":35.951002687418274,"standard_error":4.60988660053884},"slope":{"confidence_interval":{"confidence_level":0.95,"lower_bound":3985.897598562641,"upper_bound":4003.432040729272},"point_estimate":3994.8961535051326,"standard_error":4.498195241041596},"std_dev":{"confidence_interval":{"confidence_level":0.95,"lower_bound":31.934680399554562,"upper_bound":42.87355209831361},"point_estimate":37.46321788303695,"standard_error":2.802231975055878}}