{"mean":{"confidence_interval":{"confidence_level":0.95,"lower_bound":3961.937278280469,"upper_bound":3982.614582582855},"point_estimate":3971.7385791742213,"standard_error":5.275047513577888},"median":{"confidence_interval":{"confidence_level":0.95,"lower_bound":3944.4692307692308,"upper_bound":3967.957396449704},"point_estimate":3950.393300248139,"standard_error":5.784651656035418},"median_abs_dev":{"confidence_interval":{"confidence_level":0.95,"lower_bound":23.801823725436776,"upper_bound":48.24418823440377},"point_estimate":34.12353711130779,"standard_error":6.233360905851755},"slope":{"confidence_interval":{"confidence_level":0.95,"lower_bound":3979.5748927421896,"upper_bound":4010.176343808611},"point_estimate":3994.5800029555194,"standard_error":7.813475510689877},"std_dev":{"confidence_interval":{"confidence_level":0.95,"lower_bound":37.80085770592264,"upper_bound":67.8067279137323},"point_estimate":53.154144201539815,"standard_error":7.755083647404864}}