{"mean":{"confidence_interval":{"confidence_level":0.95,"lower_bound":6311.834755076386,"upper_bound":6409.4223178441125},"point_estimate":6351.905298926566,"standard_error":25.46109005194058},"median":{"confidence_interval":{"confidence_level":0.95,"lower_bound":6325.708333333334,"upper_bound":6390.207474226804},"point_estimate":6351.124032882011,"standard_error":16.403691324927674},"median_abs_dev":{"confidence_interval":{"confidence_level":0.95,"lower_bound":72.04321638162786,"upper_bound":126.34241576784353},"point_estimate":103.3275096753512,"standard_error":14.621280925540082},"slope":{"confidence_interval":{"confidence_level":0.95,"lower_bound":6348.4050559486495,"upper_bound":6401.297573370009},"point_estimate":6374.93431986109,"standard_error":13.427268558492067},"std_dev":{"confidence_interval":{"confidence_level":0.95,"lower_bound":97.97766658657467,"upper_bound":412.3799579604744},"point_estimate":255.18218843720197,"standard_error":102.16863590479716}}