{"mean":{"confidence_interval":{"confidence_level":0.95,"lower_bound":5337.78166357783,"upper_bound":5348.889127857237},"point_estimate":5342.686799406103,"standard_error":2.8581945904453736},"median":{"confidence_interval":{"confidence_level":0.95,"lower_bound":5333.397435897436,"upper_bound":5341.712560386473},"point_estimate":5337.165914786967,"standard_error":2.004410240326869},"median_abs_dev":{"confidence_interval":{"confidence_level":0.95,"lower_bound":10.231964377169321,"upper_bound":16.092235218604856},"point_estimate":12.901902448632262,"standard_error":1.4956525661597466},"slope":{"confidence_interval":{"confidence_level":0.95,"lower_bound":5338.020837998707,"upper_bound":5344.76960091028},"point_estimate":5341.26145707108,"standard_error":1.7252813684318593},"std_dev":{"confidence_interval":{"confidence_level":0.95,"lower_bound":13.659745812889124,"upper_bound":42.968045593511015},"point_estimate":28.92469237010964,"standard_error":7.843001659998572}}