{"mean":{"confidence_interval":{"confidence_level":0.95,"lower_bound":3982.039530377037,"upper_bound":4008.00530785974},"point_estimate":3993.5582552957035,"standard_error":6.660120613002606},"median":{"confidence_interval":{"confidence_level":0.95,"lower_bound":3971.228310502283,"upper_bound":3990.5969696969696},"point_estimate":3981.64537037037,"standard_error":4.806386668316109},"median_abs_dev":{"confidence_interval":{"confidence_level":0.95,"lower_bound":24.909553434394297,"upper_bound":42.73447645706199},"point_estimate":34.93895882415352,"standard_error":4.772906566674288},"slope":{"confidence_interval":{"confidence_level":0.95,"lower_bound":3992.607634065544,"upper_bound":4021.2838603066184},"point_estimate":4005.821896704596,"standard_error":7.372028338154953},"std_dev":{"confidence_interval":{"confidence_level":0.95,"lower_bound":34.16560160313985,"upper_bound":99.74247844406182},"point_estimate":66.87783892585908,"standard_error":18.823652026177278}}