{"mean":{"confidence_interval":{"confidence_level":0.95,"lower_bound":5332.220832823891,"upper_bound":5338.211825644456},"point_estimate":5335.169765705592,"standard_error":1.5260461813727535},"median":{"confidence_interval":{"confidence_level":0.95,"lower_bound":5329.358024691358,"upper_bound":5337.505167958657},"point_estimate":5333.272173489278,"standard_error":1.9123712240973398},"median_abs_dev":{"confidence_interval":{"confidence_level":0.95,"lower_bound":12.121152482854843,"upper_bound":19.427401628636712},"point_estimate":17.16898912172573,"standard_error":1.9567139292649542},"slope":{"confidence_interval":{"confidence_level":0.95,"lower_bound":5335.618565339689,"upper_bound":5342.8062497080455},"point_estimate":5339.134872502175,"standard_error":1.8353457086727714},"std_dev":{"confidence_interval":{"confidence_level":0.95,"lower_bound":12.9954615017609,"upper_bound":17.471515719179624},"point_estimate":15.29376362527137,"standard_error":1.1458838971270973}}