{"mean":{"confidence_interval":{"confidence_level":0.95,"lower_bound":5446.50522683842,"upper_bound":5493.105378335407},"point_estimate":5465.9364841016495,"standard_error":12.089932853934778},"median":{"confidence_interval":{"confidence_level":0.95,"lower_bound":5436.423529411764,"upper_bound":5446.212114300105},"point_estimate":5442.921111111111,"standard_error":2.6296170510721524},"median_abs_dev":{"confidence_interval":{"confidence_level":0.95,"lower_bound":14.296693871306529,"upper_bound":24.326604410221933},"point_estimate":19.202728992416297,"standard_error":2.670553962939419},"slope":{"confidence_interval":{"confidence_level":0.95,"lower_bound":5444.7086329537415,"upper_bound":5499.644834490658},"point_estimate":5467.756023939707,"standard_error":14.271238284273974},"std_dev":{"confidence_interval":{"confidence_level":0.95,"lower_bound":28.863559289252272,"upper_bound":191.33579142465254},"point_estimate":121.20899579928336,"standard_error":42.65380447585785}}