{"mean":{"confidence_interval":{"confidence_level":0.95,"lower_bound":24318.35119808162,"upper_bound":25056.349511136475},"point_estimate":24662.63558129092,"standard_error":189.24897601373925},"median":{"confidence_interval":{"confidence_level":0.95,"lower_bound":23944.20752688172,"upper_bound":24268.77619047619},"point_estimate":24072.364422784038,"standard_error":93.94161497982668},"median_abs_dev":{"confidence_interval":{"confidence_level":0.95,"lower_bound":534.8882775167573,"upper_bound":994.0125892718216},"point_estimate":728.1970656248656,"standard_error":132.33111898050592},"slope":{"confidence_interval":{"confidence_level":0.95,"lower_bound":24305.006578063018,"upper_bound":25157.410544414353},"point_estimate":24694.40974257426,"standard_error":218.5627500221774},"std_dev":{"confidence_interval":{"confidence_level":0.95,"lower_bound":1241.20124669739,"upper_bound":2472.367495773694},"point_estimate":1899.7118503130125,"standard_error":314.8149185295095}}