{"mean":{"confidence_interval":{"confidence_level":0.95,"lower_bound":3993.523840821069,"upper_bound":4011.440275190099},"point_estimate":4002.2710459283435,"standard_error":4.581257275681405},"median":{"confidence_interval":{"confidence_level":0.95,"lower_bound":3982.7126026147766,"upper_bound":4006.589397089397},"point_estimate":3993.48684981685,"standard_error":5.7237271579408855},"median_abs_dev":{"confidence_interval":{"confidence_level":0.95,"lower_bound":34.216802298513215,"upper_bound":55.37720080138901},"point_estimate":44.7004337060228,"standard_error":5.4627768768666005},"slope":{"confidence_interval":{"confidence_level":0.95,"lower_bound":4010.688488029059,"upper_bound":4033.1441027443534},"point_estimate":4022.1380691364197,"standard_error":5.755272124262627},"std_dev":{"confidence_interval":{"confidence_level":0.95,"lower_bound":37.12705402868968,"upper_bound":54.49669599203659},"point_estimate":45.79861086053044,"standard_error":4.489169419101889}}