{"mean":{"confidence_interval":{"confidence_level":0.95,"lower_bound":5424.5484713158,"upper_bound":5451.976216804237},"point_estimate":5435.01672807306,"standard_error":7.291151420244082},"median":{"confidence_interval":{"confidence_level":0.95,"lower_bound":5420.418072289156,"upper_bound":5426.871875},"point_estimate":5422.013026819924,"standard_error":1.449584958920426},"median_abs_dev":{"confidence_interval":{"confidence_level":0.95,"lower_bound":9.767573702446056,"upper_bound":17.091636576794688},"point_estimate":13.200536202424603,"standard_error":1.85191828967043},"slope":{"confidence_interval":{"confidence_level":0.95,"lower_bound":5418.868147840944,"upper_bound":5424.717634672039},"point_estimate":5421.666218708438,"standard_error":1.494022429928747},"std_dev":{"confidence_interval":{"confidence_level":0.95,"lower_bound":16.057376594951332,"upper_bound":121.45133877689946},"point_estimate":73.14967105492572,"standard_error":33.79245726435048}}