{"mean":{"confidence_interval":{"confidence_level":0.95,"lower_bound":4005.5078104558906,"upper_bound":4031.9583768727816},"point_estimate":4016.397965354868,"standard_error":6.867356951973961},"median":{"confidence_interval":{"confidence_level":0.95,"lower_bound":3996.859864004463,"upper_bound":4013.203296703297},"point_estimate":4003.05657051282,"standard_error":4.842399610685844},"median_abs_dev":{"confidence_interval":{"confidence_level":0.95,"lower_bound":22.202961451295582,"upper_bound":36.53753588979053},"point_estimate":27.59390507224051,"standard_error":3.9571093722961512},"slope":{"confidence_interval":{"confidence_level":0.95,"lower_bound":4006.691300155726,"upper_bound":4033.039424381982},"point_estimate":4018.274507962851,"standard_error":6.764411942273592},"std_dev":{"confidence_interval":{"confidence_level":0.95,"lower_bound":27.015303370549418,"upper_bound":109.59383696602076},"point_estimate":68.88691235926258,"standard_error":26.03204934942375}}