{"mean":{"confidence_interval":{"confidence_level":0.95,"lower_bound":4039.188048848677,"upper_bound":4052.83287269675},"point_estimate":4045.8603840777855,"standard_error":3.4897075020115733},"median":{"confidence_interval":{"confidence_level":0.95,"lower_bound":4032.054718477399,"upper_bound":4050.512002182215},"point_estimate":4041.005090497738,"standard_error":3.9887758209834256},"median_abs_dev":{"confidence_interval":{"confidence_level":0.95,"lower_bound":22.1716847635498,"upper_bound":37.478631514143835},"point_estimate":26.93602899320013,"standard_error":4.16908031850319},"slope":{"confidence_interval":{"confidence_level":0.95,"lower_bound":4047.9499824617883,"upper_bound":4062.3707358117144},"point_estimate":4055.138099373657,"standard_error":3.679386263693523},"std_dev":{"confidence_interval":{"confidence_level":0.95,"lower_bound":28.45620888773073,"upper_bound":40.923233609579285},"point_estimate":34.967816514187355,"standard_error":3.185903898701185}}