{"mean":{"confidence_interval":{"confidence_level":0.95,"lower_bound":3985.6274549767486,"upper_bound":4000.54121676925},"point_estimate":3992.7151577281497,"standard_error":3.827121508915068},"median":{"confidence_interval":{"confidence_level":0.95,"lower_bound":3975.6666666666665,"upper_bound":3991.5931584674563},"point_estimate":3981.5746612466123,"standard_error":4.246349029979603},"median_abs_dev":{"confidence_interval":{"confidence_level":0.95,"lower_bound":20.911075642267818,"upper_bound":36.22198440847793},"point_estimate":28.259500595854636,"standard_error":4.034712383849062},"slope":{"confidence_interval":{"confidence_level":0.95,"lower_bound":3989.7059169459335,"upper_bound":4005.699824342796},"point_estimate":3997.7103283089505,"standard_error":4.078726381664303},"std_dev":{"confidence_interval":{"confidence_level":0.95,"lower_bound":28.811338041945287,"upper_bound":47.36112603855251},"point_estimate":38.60096601015803,"standard_error":4.741246956820472}}