{"mean":{"confidence_interval":{"confidence_level":0.95,"lower_bound":28595.559357982955,"upper_bound":28612.93123940497},"point_estimate":28604.24018594224,"standard_error":4.434211942037373},"median":{"confidence_interval":{"confidence_level":0.95,"lower_bound":28596.0759032634,"upper_bound":28612.354166666668},"point_estimate":28600.633378317587,"standard_error":4.0273614946671525},"median_abs_dev":{"confidence_interval":{"confidence_level":0.95,"lower_bound":26.54457012949091,"upper_bound":46.608354172534966},"point_estimate":36.52148835238079,"standard_error":5.324548137352752},"slope":{"confidence_interval":{"confidence_level":0.95,"lower_bound":28598.13352524899,"upper_bound":28614.235387320965},"point_estimate":28606.03706566179,"standard_error":4.116993000363847},"std_dev":{"confidence_interval":{"confidence_level":0.95,"lower_bound":35.66045575460002,"upper_bound":53.58741581871339},"point_estimate":44.69947385893427,"standard_error":4.603445417489778}}