{"mean":{"confidence_interval":{"confidence_level":0.95,"lower_bound":4005.412976006072,"upper_bound":4023.376042694442},"point_estimate":4013.6541010381825,"standard_error":4.589596330700711},"median":{"confidence_interval":{"confidence_level":0.95,"lower_bound":3999.5555625843454,"upper_bound":4013.858597285068},"point_estimate":4003.7615935048852,"standard_error":4.521450298499851},"median_abs_dev":{"confidence_interval":{"confidence_level":0.95,"lower_bound":20.806868330869904,"upper_bound":34.68307727285121},"point_estimate":29.281176492332264,"standard_error":3.486742971291788},"slope":{"confidence_interval":{"confidence_level":0.95,"lower_bound":4005.364171232048,"upper_bound":4016.9898733719488},"point_estimate":4011.0223644155462,"standard_error":2.9567518599721994},"std_dev":{"confidence_interval":{"confidence_level":0.95,"lower_bound":28.9413398232866,"upper_bound":65.14615398364414},"point_estimate":46.13635537741265,"standard_error":10.323177129848952}}