{"mean":{"confidence_interval":{"confidence_level":0.95,"lower_bound":3973.170645175311,"upper_bound":3989.8216034532948},"point_estimate":3981.306340393413,"standard_error":4.243107008504031},"median":{"confidence_interval":{"confidence_level":0.95,"lower_bound":3960.7239199157007,"upper_bound":3982.438509021842},"point_estimate":3971.981464318814,"standard_error":6.14121405817348},"median_abs_dev":{"confidence_interval":{"confidence_level":0.95,"lower_bound":25.888776242312506,"upper_bound":45.368901654165704},"point_estimate":38.84082080961624,"standard_error":4.752084055887893},"slope":{"confidence_interval":{"confidence_level":0.95,"lower_bound":3992.69999145582,"upper_bound":4015.867145635029},"point_estimate":4004.316657080174,"standard_error":5.921244891466316},"std_dev":{"confidence_interval":{"confidence_level":0.95,"lower_bound":35.233153434496884,"upper_bound":49.66043017278376},"point_estimate":42.7554980080015,"standard_error":3.6910880112193625}}