{"mean":{"confidence_interval":{"confidence_level":0.95,"lower_bound":3996.4212314772453,"upper_bound":4030.2104416607526},"point_estimate":4010.247765775185,"standard_error":8.90901168255207},"median":{"confidence_interval":{"confidence_level":0.95,"lower_bound":3987.253205128205,"upper_bound":4003.5406283856987},"point_estimate":3998.3823426573426,"standard_error":4.843892782346525},"median_abs_dev":{"confidence_interval":{"confidence_level":0.95,"lower_bound":21.643678692670733,"upper_bound":33.36655259619905},"point_estimate":26.781896057255935,"standard_error":2.9797880989970333},"slope":{"confidence_interval":{"confidence_level":0.95,"lower_bound":3995.260704393892,"upper_bound":4073.537277326576},"point_estimate":4022.7390580986917,"standard_error":22.271166467732364},"std_dev":{"confidence_interval":{"confidence_level":0.95,"lower_bound":28.7093811148282,"upper_bound":144.13400302576318},"point_estimate":89.68935717966173,"standard_error":35.41797539249749}}