{"mean":{"confidence_interval":{"confidence_level":0.95,"lower_bound":2115477.5362916673,"upper_bound":2119588.2479895838},"point_estimate":2117179.5379166673,"standard_error":1063.52850637255},"median":{"confidence_interval":{"confidence_level":0.95,"lower_bound":2114085.5833333335,"upper_bound":2117538.3333333335},"point_estimate":2115338.791666667,"standard_error":852.3853475274963},"median_abs_dev":{"confidence_interval":{"confidence_level":0.95,"lower_bound":3353.20871546853,"upper_bound":5678.1725741922855},"point_estimate":4346.890460327268,"standard_error":571.9021489843325},"slope":null,"std_dev":{"confidence_interval":{"confidence_level":0.95,"lower_bound":4425.625606797986,"upper_bound":17010.21522513429},"point_estimate":10687.544508923895,"standard_error":4098.48112808389}}