{"mean":{"confidence_interval":{"confidence_level":0.95,"lower_bound":2164299.347604166,"upper_bound":2177958.49728125},"point_estimate":2171087.306249999,"standard_error":3487.7144316036006},"median":{"confidence_interval":{"confidence_level":0.95,"lower_bound":2156799.75,"upper_bound":2179704.395833333},"point_estimate":2165287.8125,"standard_error":5472.290583902365},"median_abs_dev":{"confidence_interval":{"confidence_level":0.95,"lower_bound":28297.558684805346,"upper_bound":47097.01206386089},"point_estimate":39484.88048650324,"standard_error":4967.186336534953},"slope":null,"std_dev":{"confidence_interval":{"confidence_level":0.95,"lower_bound":30730.888284786637,"upper_bound":38753.78890208172},"point_estimate":34936.39115847556,"standard_error":2050.9631573633283}}