{"mean":{"confidence_interval":{"confidence_level":0.95,"lower_bound":2104435.576947915,"upper_bound":2110227.942083333},"point_estimate":2107072.542499999,"standard_error":1491.7939333342454},"median":{"confidence_interval":{"confidence_level":0.95,"lower_bound":2102613.3125,"upper_bound":2103832.270833333},"point_estimate":2103185.708333333,"standard_error":291.4221922942776},"median_abs_dev":{"confidence_interval":{"confidence_level":0.95,"lower_bound":1904.3996661901474,"upper_bound":3562.1317617595196},"point_estimate":2667.537115141174,"standard_error":434.4958139071218},"slope":null,"std_dev":{"confidence_interval":{"confidence_level":0.95,"lower_bound":7986.982084550417,"upper_bound":20395.8593370568},"point_estimate":14955.570077803686,"standard_error":3181.81201867884}}