{"mean":{"confidence_interval":{"confidence_level":0.95,"lower_bound":3153227.011796875,"upper_bound":3155634.865140625},"point_estimate":3154387.914375,"standard_error":614.0647170341873},"median":{"confidence_interval":{"confidence_level":0.95,"lower_bound":3152055.625,"upper_bound":3154574.6875},"point_estimate":3153199.53125,"standard_error":569.5497816991365},"median_abs_dev":{"confidence_interval":{"confidence_level":0.95,"lower_bound":3307.6805412769318,"upper_bound":5411.397241428494},"point_estimate":4341.7940229177475,"standard_error":527.4574430558285},"slope":null,"std_dev":{"confidence_interval":{"confidence_level":0.95,"lower_bound":4661.453412415183,"upper_bound":7544.610663180292},"point_estimate":6186.468166819926,"standard_error":738.4820629087496}}