{"mean":{"confidence_interval":{"confidence_level":0.95,"lower_bound":2106818.494489584,"upper_bound":2112582.5016458333},"point_estimate":2109321.7562499996,"standard_error":1488.5333411505285},"median":{"confidence_interval":{"confidence_level":0.95,"lower_bound":2104923.3333333335,"upper_bound":2106941.7083333335},"point_estimate":2106012.041666667,"standard_error":447.0252933032573},"median_abs_dev":{"confidence_interval":{"confidence_level":0.95,"lower_bound":3239.0794049946153,"upper_bound":5359.72245484579},"point_estimate":4036.872628330724,"standard_error":515.2084930210566},"slope":null,"std_dev":{"confidence_interval":{"confidence_level":0.95,"lower_bound":5580.597737140176,"upper_bound":22331.49668946546},"point_estimate":14907.346898095977,"standard_error":4475.022331018629}}