{"mean":{"confidence_interval":{"confidence_level":0.95,"lower_bound":2105625.4746041666,"upper_bound":2108442.063385418},"point_estimate":2106939.2245833334,"standard_error":721.3064804459086},"median":{"confidence_interval":{"confidence_level":0.95,"lower_bound":2104308.5625,"upper_bound":2106010.3958333335},"point_estimate":2105069.375,"standard_error":431.4338498795875},"median_abs_dev":{"confidence_interval":{"confidence_level":0.95,"lower_bound":2815.0867000225658,"upper_bound":4697.247366607189},"point_estimate":3666.407959908132,"standard_error":476.60749643018414},"slope":null,"std_dev":{"confidence_interval":{"confidence_level":0.95,"lower_bound":4725.90770744772,"upper_bound":9387.351861374353},"point_estimate":7234.368177006604,"standard_error":1191.5822004915337}}