{"mean":{"confidence_interval":{"confidence_level":0.95,"lower_bound":2980751.8647352955,"upper_bound":3022810.9423235278},"point_estimate":3001938.9964705883,"standard_error":10755.938313877003},"median":{"confidence_interval":{"confidence_level":0.95,"lower_bound":2980541.705882353,"upper_bound":3043336.794117647},"point_estimate":3022267.823529412,"standard_error":15314.727638166674},"median_abs_dev":{"confidence_interval":{"confidence_level":0.95,"lower_bound":96811.03111067251,"upper_bound":163632.37880082708},"point_estimate":145896.77661569696,"standard_error":16946.102561601245},"slope":null,"std_dev":{"confidence_interval":{"confidence_level":0.95,"lower_bound":96192.46776729188,"upper_bound":118293.28237561806},"point_estimate":108111.64770078984,"standard_error":5648.008899993133}}