{"mean":{"confidence_interval":{"confidence_level":0.95,"lower_bound":2106279.731666667,"upper_bound":2135817.105416667},"point_estimate":2117051.0766666653,"standard_error":8425.100126264988},"median":{"confidence_interval":{"confidence_level":0.95,"lower_bound":2103791.270833333,"upper_bound":2105165.291666667},"point_estimate":2104677.479166667,"standard_error":374.2725280630528},"median_abs_dev":{"confidence_interval":{"confidence_level":0.95,"lower_bound":2474.670163252874,"upper_bound":4210.157677754983},"point_estimate":3572.6335115733064,"standard_error":431.04060014434486},"slope":null,"std_dev":{"confidence_interval":{"confidence_level":0.95,"lower_bound":10266.440622513066,"upper_bound":143465.76380668266},"point_estimate":84758.5851579753,"standard_error":44991.21661773838}}