{"mean":{"confidence_interval":{"confidence_level":0.95,"lower_bound":2627380.588223683,"upper_bound":2629981.751486841},"point_estimate":2628566.5105263144,"standard_error":666.1459463183808},"median":{"confidence_interval":{"confidence_level":0.95,"lower_bound":2626887.1052631577,"upper_bound":2628618.736842105},"point_estimate":2627716.052631579,"standard_error":454.836242190531},"median_abs_dev":{"confidence_interval":{"confidence_level":0.95,"lower_bound":3019.9000832283796,"upper_bound":4884.8557623555025},"point_estimate":3874.3848733213817,"standard_error":465.43594305348216},"slope":null,"std_dev":{"confidence_interval":{"confidence_level":0.95,"lower_bound":3547.011600234666,"upper_bound":9479.214820387686},"point_estimate":6708.985800964669,"standard_error":1521.3568302263786}}