{"mean":{"confidence_interval":{"confidence_level":0.95,"lower_bound":2098466.770375,"upper_bound":2099842.157989584},"point_estimate":2099124.5575000006,"standard_error":352.58490843652754},"median":{"confidence_interval":{"confidence_level":0.95,"lower_bound":2097284.4583333335,"upper_bound":2098882.5416666665},"point_estimate":2098142.145833333,"standard_error":434.3179645806491},"median_abs_dev":{"confidence_interval":{"confidence_level":0.95,"lower_bound":1491.2175860259408,"upper_bound":3058.325758203864},"point_estimate":2313.813471421139,"standard_error":440.59073994151197},"slope":null,"std_dev":{"confidence_interval":{"confidence_level":0.95,"lower_bound":2599.5376961958323,"upper_bound":4389.530760092567},"point_estimate":3535.1917535077555,"standard_error":457.68745508841226}}