{"mean":{"confidence_interval":{"confidence_level":0.95,"lower_bound":5514931.898944446,"upper_bound":5538895.355750002},"point_estimate":5527269.217777779,"standard_error":6132.409643294932},"median":{"confidence_interval":{"confidence_level":0.95,"lower_bound":5536690.111111111,"upper_bound":5559319.0},"point_estimate":5548357.388888889,"standard_error":5796.456834242082},"median_abs_dev":{"confidence_interval":{"confidence_level":0.95,"lower_bound":27857.39457209828,"upper_bound":56786.138536010214},"point_estimate":43104.45270140958,"standard_error":7768.996547370137},"slope":null,"std_dev":{"confidence_interval":{"confidence_level":0.95,"lower_bound":50281.181866210405,"upper_bound":71472.29095718864},"point_estimate":61589.27379275728,"standard_error":5420.492870053438}}