{"mean":{"confidence_interval":{"confidence_level":0.95,"lower_bound":2891737.7337500006,"upper_bound":2898472.640180555},"point_estimate":2894596.1833333336,"standard_error":1740.2069211654568},"median":{"confidence_interval":{"confidence_level":0.95,"lower_bound":2889361.166666667,"upper_bound":2892313.9444444445},"point_estimate":2890661.555555556,"standard_error":712.6378797974879},"median_abs_dev":{"confidence_interval":{"confidence_level":0.95,"lower_bound":5436.694103479385,"upper_bound":9117.948654790413},"point_estimate":7713.638196389533,"standard_error":964.0816060650196},"slope":null,"std_dev":{"confidence_interval":{"confidence_level":0.95,"lower_bound":8135.281953207423,"upper_bound":27306.966014954338},"point_estimate":17584.52097299322,"standard_error":6081.38354014959}}