{"mean":{"confidence_interval":{"confidence_level":0.95,"lower_bound":3094195.198676471,"upper_bound":3107161.949338235},"point_estimate":3100549.1817647065,"standard_error":3305.4483031957097},"median":{"confidence_interval":{"confidence_level":0.95,"lower_bound":3094262.705882353,"upper_bound":3107876.5588235296},"point_estimate":3101493.970588235,"standard_error":3920.006258072355},"median_abs_dev":{"confidence_interval":{"confidence_level":0.95,"lower_bound":20198.985647278834,"upper_bound":34663.68994239066},"point_estimate":29313.00735017855,"standard_error":3717.8005110734334},"slope":null,"std_dev":{"confidence_interval":{"confidence_level":0.95,"lower_bound":25048.559554093034,"upper_bound":42293.12671117785},"point_estimate":33183.31565891814,"standard_error":4569.323410474101}}