{"mean":{"confidence_interval":{"confidence_level":0.95,"lower_bound":3204142.583779411,"upper_bound":3287584.3082941184},"point_estimate":3245076.3882352943,"standard_error":21314.448783215314},"median":{"confidence_interval":{"confidence_level":0.95,"lower_bound":3184249.794117647,"upper_bound":3263935.176470588},"point_estimate":3220726.294117647,"standard_error":23284.44455707998},"median_abs_dev":{"confidence_interval":{"confidence_level":0.95,"lower_bound":134140.58733617608,"upper_bound":235938.60509360523},"point_estimate":168536.86311963724,"standard_error":25558.021518996346},"slope":null,"std_dev":{"confidence_interval":{"confidence_level":0.95,"lower_bound":174992.6618366703,"upper_bound":248526.8963370956},"point_estimate":213387.53220215382,"standard_error":18881.319344667496}}