{"mean":{"confidence_interval":{"confidence_level":0.95,"lower_bound":5139109.969875004,"upper_bound":5142587.848475002},"point_estimate":5140717.053000002,"standard_error":891.7824705804939},"median":{"confidence_interval":{"confidence_level":0.95,"lower_bound":5137552.8,"upper_bound":5139332.8},"point_estimate":5138637.75,"standard_error":449.17240402328235},"median_abs_dev":{"confidence_interval":{"confidence_level":0.95,"lower_bound":2787.287950515747,"upper_bound":5026.013910770416},"point_estimate":4002.945798933782,"standard_error":562.3022372553008},"slope":null,"std_dev":{"confidence_interval":{"confidence_level":0.95,"lower_bound":5325.319183157202,"upper_bound":12113.058343901754},"point_estimate":8949.37944793506,"standard_error":1738.5391447046854}}