{"mean":{"confidence_interval":{"confidence_level":0.95,"lower_bound":4678513.037250001,"upper_bound":4689487.28440909},"point_estimate":4682484.905454544,"standard_error":3170.079897754638},"median":{"confidence_interval":{"confidence_level":0.95,"lower_bound":4677456.5,"upper_bound":4679188.318181818},"point_estimate":4678338.318181818,"standard_error":486.91805006000493},"median_abs_dev":{"confidence_interval":{"confidence_level":0.95,"lower_bound":2729.3991606344503,"upper_bound":5101.491727612361},"point_estimate":3848.0882316827774,"standard_error":600.6256699375654},"slope":null,"std_dev":{"confidence_interval":{"confidence_level":0.95,"lower_bound":4466.164016080302,"upper_bound":54102.58133169508},"point_estimate":31859.158948478223,"standard_error":17326.937697038695}}