{"mean":{"confidence_interval":{"confidence_level":0.95,"lower_bound":2101046.5276354165,"upper_bound":2104861.0099999993},"point_estimate":2102662.9775000005,"standard_error":989.8641538622005},"median":{"confidence_interval":{"confidence_level":0.95,"lower_bound":2100392.125,"upper_bound":2101604.0833333335},"point_estimate":2101000.2083333335,"standard_error":366.15038388026903},"median_abs_dev":{"confidence_interval":{"confidence_level":0.95,"lower_bound":2151.870311796435,"upper_bound":3913.6006180197},"point_estimate":2853.6651868375457,"standard_error":458.6020417039749},"slope":null,"std_dev":{"confidence_interval":{"confidence_level":0.95,"lower_bound":2922.998841178493,"upper_bound":15070.205782858558},"point_estimate":9960.17790116002,"standard_error":3301.062965040354}}