{"mean":{"confidence_interval":{"confidence_level":0.95,"lower_bound":2107524.39575,"upper_bound":2111426.0516666677},"point_estimate":2109134.9816666674,"standard_error":1013.2924213631068},"median":{"confidence_interval":{"confidence_level":0.95,"lower_bound":2106773.25,"upper_bound":2107925.0},"point_estimate":2107342.3958333335,"standard_error":295.820821792135},"median_abs_dev":{"confidence_interval":{"confidence_level":0.95,"lower_bound":2260.181189561051,"upper_bound":3852.3599728569366},"point_estimate":3037.3531460763174,"standard_error":403.1229270378853},"slope":null,"std_dev":{"confidence_interval":{"confidence_level":0.95,"lower_bound":3876.5739992768495,"upper_bound":16162.413907418477},"point_estimate":10192.763442061958,"standard_error":3789.836027611929}}