{"mean":{"confidence_interval":{"confidence_level":0.95,"lower_bound":2106596.3337499998,"upper_bound":2112612.681270834},"point_estimate":2109231.254583333,"standard_error":1544.6627934501203},"median":{"confidence_interval":{"confidence_level":0.95,"lower_bound":2105199.125,"upper_bound":2106606.75},"point_estimate":2105765.1875,"standard_error":357.75288886068125},"median_abs_dev":{"confidence_interval":{"confidence_level":0.95,"lower_bound":2381.4818052206783,"upper_bound":4114.661251325272},"point_estimate":3181.5051060172236,"standard_error":436.01521596958224},"slope":null,"std_dev":{"confidence_interval":{"confidence_level":0.95,"lower_bound":3925.914981240018,"upper_bound":22571.741114088596},"point_estimate":15470.058129786137,"standard_error":4337.576948206828}}