{"mean":{"confidence_interval":{"confidence_level":0.95,"lower_bound":2101845.9817916667,"upper_bound":2106673.450416667},"point_estimate":2103963.9408333334,"standard_error":1244.5190873114566},"median":{"confidence_interval":{"confidence_level":0.95,"lower_bound":2099896.125,"upper_bound":2102451.125},"point_estimate":2101173.5,"standard_error":685.5644324826596},"median_abs_dev":{"confidence_interval":{"confidence_level":0.95,"lower_bound":3486.3338381052017,"upper_bound":6565.9719709306955},"point_estimate":5447.9680407793485,"standard_error":771.2952097766242},"slope":null,"std_dev":{"confidence_interval":{"confidence_level":0.95,"lower_bound":5120.582771645612,"upper_bound":18416.5674643752},"point_estimate":12511.358485509245,"standard_error":3616.033042904951}}