{"mean":{"confidence_interval":{"confidence_level":0.95,"lower_bound":2635511.3024473675,"upper_bound":2681113.1502236845},"point_estimate":2656985.1099999994,"standard_error":11632.139616394166},"median":{"confidence_interval":{"confidence_level":0.95,"lower_bound":2607644.3947368423,"upper_bound":2639570.8421052634},"point_estimate":2621894.447368421,"standard_error":9302.861141295785},"median_abs_dev":{"confidence_interval":{"confidence_level":0.95,"lower_bound":47271.76378181099,"upper_bound":89362.30884508071},"point_estimate":66167.14930424572,"standard_error":11366.885325943496},"slope":null,"std_dev":{"confidence_interval":{"confidence_level":0.95,"lower_bound":82259.01851726063,"upper_bound":150966.0210743664},"point_estimate":116817.54883966409,"standard_error":17834.700067539005}}