{"mean":{"confidence_interval":{"confidence_level":0.95,"lower_bound":2100093.4296249985,"upper_bound":2103517.213635417},"point_estimate":2101610.207083334,"standard_error":875.9430960028714},"median":{"confidence_interval":{"confidence_level":0.95,"lower_bound":2097902.3958333335,"upper_bound":2101344.2083333335},"point_estimate":2098731.229166667,"standard_error":924.3292672180463},"median_abs_dev":{"confidence_interval":{"confidence_level":0.95,"lower_bound":3098.6030574887413,"upper_bound":6428.275498375642},"point_estimate":4676.4600794766975,"standard_error":802.4933383753723},"slope":null,"std_dev":{"confidence_interval":{"confidence_level":0.95,"lower_bound":4878.161838069845,"upper_bound":13118.205091377056},"point_estimate":8823.360384907406,"standard_error":2541.0507024330427}}