{"mean":{"confidence_interval":{"confidence_level":0.95,"lower_bound":2096129.1205312496,"upper_bound":2098121.1710312497},"point_estimate":2097037.3424999998,"standard_error":505.73424152782525},"median":{"confidence_interval":{"confidence_level":0.95,"lower_bound":2095585.75,"upper_bound":2097149.9166666665},"point_estimate":2096102.75,"standard_error":417.565986023873},"median_abs_dev":{"confidence_interval":{"confidence_level":0.95,"lower_bound":2269.891447201256,"upper_bound":3648.5549852253157},"point_estimate":2699.4130145757813,"standard_error":356.32116245706396},"slope":null,"std_dev":{"confidence_interval":{"confidence_level":0.95,"lower_bound":2668.824307347606,"upper_bound":6926.543937267061},"point_estimate":5073.159681091454,"standard_error":1057.602819972796}}