{"mean":{"confidence_interval":{"confidence_level":0.95,"lower_bound":2615722.9742374998,"upper_bound":2617661.375975},"point_estimate":2616680.898,"standard_error":494.0336427968745},"median":{"confidence_interval":{"confidence_level":0.95,"lower_bound":2614973.875,"upper_bound":2618446.45},"point_estimate":2616608.9,"standard_error":930.5070306777433},"median_abs_dev":{"confidence_interval":{"confidence_level":0.95,"lower_bound":4010.507058799336,"upper_bound":6219.655149579186},"point_estimate":5181.761038005421,"standard_error":559.831768183996},"slope":null,"std_dev":{"confidence_interval":{"confidence_level":0.95,"lower_bound":4116.842734589644,"upper_bound":5866.393709754934},"point_estimate":4952.174341634761,"standard_error":454.99260994547495}}