{"mean":{"confidence_interval":{"confidence_level":0.95,"lower_bound":2088896.1704166662,"upper_bound":2092262.645833334},"point_estimate":2090311.8487500004,"standard_error":872.0370641945234},"median":{"confidence_interval":{"confidence_level":0.95,"lower_bound":2088395.0,"upper_bound":2089416.6666666667},"point_estimate":2088888.0416666665,"standard_error":262.4898362971613},"median_abs_dev":{"confidence_interval":{"confidence_level":0.95,"lower_bound":1722.3487444222505,"upper_bound":2884.6762362867594},"point_estimate":2142.3260744660515,"standard_error":299.868540009283},"slope":null,"std_dev":{"confidence_interval":{"confidence_level":0.95,"lower_bound":2311.920250503737,"upper_bound":13484.712039795852},"point_estimate":8764.436296915042,"standard_error":3024.242495918424}}