{"mean":{"confidence_interval":{"confidence_level":0.95,"lower_bound":2115433.237427084,"upper_bound":2117947.535781251},"point_estimate":2116582.0574999996,"standard_error":644.9042041005594},"median":{"confidence_interval":{"confidence_level":0.95,"lower_bound":2114807.2916666665,"upper_bound":2116792.041666667},"point_estimate":2115652.854166667,"standard_error":462.5934290135219},"median_abs_dev":{"confidence_interval":{"confidence_level":0.95,"lower_bound":3245.1951298863846,"upper_bound":4899.666277701248},"point_estimate":4120.052664354444,"standard_error":413.565889738883},"slope":null,"std_dev":{"confidence_interval":{"confidence_level":0.95,"lower_bound":3461.654239198648,"upper_bound":8862.284071476359},"point_estimate":6449.145457892624,"standard_error":1357.752350609904}}