{"mean":{"confidence_interval":{"confidence_level":0.95,"lower_bound":2591392.073325001,"upper_bound":2592560.7438124986},"point_estimate":2591953.535,"standard_error":297.6708304625461},"median":{"confidence_interval":{"confidence_level":0.95,"lower_bound":2591748.75,"upper_bound":2592621.25},"point_estimate":2592143.75,"standard_error":206.59068168282337},"median_abs_dev":{"confidence_interval":{"confidence_level":0.95,"lower_bound":1267.6229774951935,"upper_bound":2223.8999605178833},"point_estimate":1779.1199684143066,"standard_error":248.24989020811185},"slope":null,"std_dev":{"confidence_interval":{"confidence_level":0.95,"lower_bound":2142.6871784490395,"upper_bound":3966.749383363549},"point_estimate":2994.439575308983,"standard_error":491.4733964609088}}