{"mean":{"confidence_interval":{"confidence_level":0.95,"lower_bound":19609.977153657437,"upper_bound":19688.26504582374},"point_estimate":19642.213261498557,"standard_error":20.443059093867213},"median":{"confidence_interval":{"confidence_level":0.95,"lower_bound":19598.179667577417,"upper_bound":19628.883333333335},"point_estimate":19613.49722455845,"standard_error":6.64273243486842},"median_abs_dev":{"confidence_interval":{"confidence_level":0.95,"lower_bound":42.76763750159249,"upper_bound":76.01165523083348},"point_estimate":52.82498747688372,"standard_error":8.339355515523414},"slope":{"confidence_interval":{"confidence_level":0.95,"lower_bound":19620.32563629841,"upper_bound":19666.668905570208},"point_estimate":19640.570441850155,"standard_error":11.923835876913577},"std_dev":{"confidence_interval":{"confidence_level":0.95,"lower_bound":72.41245112281297,"upper_bound":327.48229134830444},"point_estimate":204.78445238989045,"standard_error":77.769708411889}}