{"mean":{"confidence_interval":{"confidence_level":0.95,"lower_bound":25847.523382974225,"upper_bound":26696.79606743584},"point_estimate":26215.364190218155,"standard_error":219.5858722986235},"median":{"confidence_interval":{"confidence_level":0.95,"lower_bound":25740.96212121212,"upper_bound":26088.754716981133},"point_estimate":25830.863852813854,"standard_error":85.40348482770439},"median_abs_dev":{"confidence_interval":{"confidence_level":0.95,"lower_bound":657.972861717342,"upper_bound":1062.8049975049546},"point_estimate":900.7270248711321,"standard_error":98.21488533769613},"slope":{"confidence_interval":{"confidence_level":0.95,"lower_bound":25334.163444158738,"upper_bound":25975.45227452784},"point_estimate":25656.34712871287,"standard_error":163.65753330895322},"std_dev":{"confidence_interval":{"confidence_level":0.95,"lower_bound":974.0403530231082,"upper_bound":3415.6437775618956},"point_estimate":2206.169254325041,"standard_error":726.5166629795428}}