{"mean":{"confidence_interval":{"confidence_level":0.95,"lower_bound":20918.839305761172,"upper_bound":20932.36012061463},"point_estimate":20925.47511520818,"standard_error":3.4529394708213323},"median":{"confidence_interval":{"confidence_level":0.95,"lower_bound":20914.36328125,"upper_bound":20927.59259259259},"point_estimate":20920.963083687082,"standard_error":3.672317285004615},"median_abs_dev":{"confidence_interval":{"confidence_level":0.95,"lower_bound":18.64680742068029,"upper_bound":32.734171525331504},"point_estimate":23.138952324493175,"standard_error":3.719943021446712},"slope":{"confidence_interval":{"confidence_level":0.95,"lower_bound":20921.64875076958,"upper_bound":20933.473033639788},"point_estimate":20927.407574996305,"standard_error":3.0253779926953954},"std_dev":{"confidence_interval":{"confidence_level":0.95,"lower_bound":27.106464707823836,"upper_bound":41.778775020760825},"point_estimate":34.63620376992314,"standard_error":3.7714217112417807}}