{"mean":{"confidence_interval":{"confidence_level":0.95,"lower_bound":19548.42736963295,"upper_bound":19623.062407405374},"point_estimate":19579.623135621587,"standard_error":19.324187143314397},"median":{"confidence_interval":{"confidence_level":0.95,"lower_bound":19528.229529616725,"upper_bound":19549.643676470587},"point_estimate":19537.989414774544,"standard_error":4.978222197360655},"median_abs_dev":{"confidence_interval":{"confidence_level":0.95,"lower_bound":30.89977577281546,"upper_bound":51.37386853759822},"point_estimate":40.672586887025,"standard_error":5.041401302849545},"slope":{"confidence_interval":{"confidence_level":0.95,"lower_bound":19545.587355660256,"upper_bound":19585.59911967383},"point_estimate":19563.42191044776,"standard_error":10.267998260254489},"std_dev":{"confidence_interval":{"confidence_level":0.95,"lower_bound":77.29652032347528,"upper_bound":305.2252442029247},"point_estimate":194.21865722975264,"standard_error":69.65188113067106}}