{"mean":{"confidence_interval":{"confidence_level":0.95,"lower_bound":19602.010599521986,"upper_bound":19640.110622347176},"point_estimate":19619.920213794805,"standard_error":9.739311684376531},"median":{"confidence_interval":{"confidence_level":0.95,"lower_bound":19580.356904761906,"upper_bound":19608.51},"point_estimate":19595.22894736842,"standard_error":8.799043889405134},"median_abs_dev":{"confidence_interval":{"confidence_level":0.95,"lower_bound":37.07227931984104,"upper_bound":75.8844046878745},"point_estimate":50.58996615979642,"standard_error":10.082149839763348},"slope":{"confidence_interval":{"confidence_level":0.95,"lower_bound":19599.443590089766,"upper_bound":19637.57733880257},"point_estimate":19617.05692034875,"standard_error":9.756989572112321},"std_dev":{"confidence_interval":{"confidence_level":0.95,"lower_bound":67.77088735069604,"upper_bound":125.58720424575088},"point_estimate":98.1255464792413,"standard_error":14.777178084604893}}