{"mean":{"confidence_interval":{"confidence_level":0.95,"lower_bound":19587.119089371674,"upper_bound":19620.414675541742},"point_estimate":19601.668506290727,"standard_error":8.574026246837416},"median":{"confidence_interval":{"confidence_level":0.95,"lower_bound":19577.90750512645,"upper_bound":19605.298275862067},"point_estimate":19584.92166666667,"standard_error":7.015858477003321},"median_abs_dev":{"confidence_interval":{"confidence_level":0.95,"lower_bound":34.90256203913121,"upper_bound":59.437847398208774},"point_estimate":43.302675857098016,"standard_error":6.087232003428386},"slope":{"confidence_interval":{"confidence_level":0.95,"lower_bound":19588.043527701564,"upper_bound":19609.659108992455},"point_estimate":19598.143208511898,"standard_error":5.5243719520917},"std_dev":{"confidence_interval":{"confidence_level":0.95,"lower_bound":44.17634428261391,"upper_bound":129.63805783373132},"point_estimate":85.72115066529533,"standard_error":25.869006784997154}}