{"mean":{"confidence_interval":{"confidence_level":0.95,"lower_bound":24486.598315604482,"upper_bound":24627.03547209816},"point_estimate":24557.412362804003,"standard_error":35.73892041438613},"median":{"confidence_interval":{"confidence_level":0.95,"lower_bound":24489.387362637364,"upper_bound":24624.01923076923},"point_estimate":24532.831077694238,"standard_error":38.26718510792994},"median_abs_dev":{"confidence_interval":{"confidence_level":0.95,"lower_bound":192.57156510389825,"upper_bound":350.39907385436584},"point_estimate":248.44745518431603,"standard_error":40.22403702229588},"slope":{"confidence_interval":{"confidence_level":0.95,"lower_bound":24481.13192089231,"upper_bound":24594.186786943534},"point_estimate":24536.86280352129,"standard_error":28.91125547976234},"std_dev":{"confidence_interval":{"confidence_level":0.95,"lower_bound":288.55485483546,"upper_bound":427.3732784854137},"point_estimate":359.23508288191334,"standard_error":35.68447793920985}}