{"mean":{"confidence_interval":{"confidence_level":0.95,"lower_bound":21033.410341131977,"upper_bound":21052.75328340823},"point_estimate":21042.917502309596,"standard_error":4.952725454420497},"median":{"confidence_interval":{"confidence_level":0.95,"lower_bound":21029.27180232558,"upper_bound":21051.006696428572},"point_estimate":21039.88282428356,"standard_error":4.817243093948951},"median_abs_dev":{"confidence_interval":{"confidence_level":0.95,"lower_bound":32.116673040030484,"upper_bound":53.306998461208494},"point_estimate":40.12419115601199,"standard_error":5.327350615434497},"slope":{"confidence_interval":{"confidence_level":0.95,"lower_bound":21029.015164651115,"upper_bound":21048.35677736636},"point_estimate":21038.289832274273,"standard_error":4.927364711574422},"std_dev":{"confidence_interval":{"confidence_level":0.95,"lower_bound":40.937666252643595,"upper_bound":57.98318199946089},"point_estimate":49.78210907965602,"standard_error":4.3614767141385515}}