{"mean":{"confidence_interval":{"confidence_level":0.95,"lower_bound":19604.43273870498,"upper_bound":19636.937330102253},"point_estimate":19619.969247377707,"standard_error":8.321314124739448},"median":{"confidence_interval":{"confidence_level":0.95,"lower_bound":19593.962686567163,"upper_bound":19617.24875},"point_estimate":19605.519130367626,"standard_error":5.828533569207411},"median_abs_dev":{"confidence_interval":{"confidence_level":0.95,"lower_bound":34.62829742215806,"upper_bound":61.263008323769725},"point_estimate":45.56827412404241,"standard_error":6.644876196198156},"slope":{"confidence_interval":{"confidence_level":0.95,"lower_bound":19608.606556104398,"upper_bound":19636.931136679683},"point_estimate":19621.94081926999,"standard_error":7.252692246478755},"std_dev":{"confidence_interval":{"confidence_level":0.95,"lower_bound":60.787904407137304,"upper_bound":105.04887170228717},"point_estimate":84.06408044180316,"standard_error":11.34902237362615}}