{"mean":{"confidence_interval":{"confidence_level":0.95,"lower_bound":19564.66462586416,"upper_bound":19604.980649988887},"point_estimate":19581.5737902856,"standard_error":10.41950359799872},"median":{"confidence_interval":{"confidence_level":0.95,"lower_bound":19558.018253968257,"upper_bound":19576.877500000002},"point_estimate":19567.517590361444,"standard_error":5.005386619891588},"median_abs_dev":{"confidence_interval":{"confidence_level":0.95,"lower_bound":29.058353931709537,"upper_bound":51.300684456877754},"point_estimate":40.5092443241618,"standard_error":5.741796698873042},"slope":{"confidence_interval":{"confidence_level":0.95,"lower_bound":19569.528854474305,"upper_bound":19591.846087273734},"point_estimate":19580.365252253585,"standard_error":5.704364123589258},"std_dev":{"confidence_interval":{"confidence_level":0.95,"lower_bound":45.78459253647535,"upper_bound":165.32277900320346},"point_estimate":104.83789261191089,"standard_error":38.4730745331666}}