{"mean":{"confidence_interval":{"confidence_level":0.95,"lower_bound":17305.93700580378,"upper_bound":17333.255485704314},"point_estimate":17317.2754703614,"standard_error":7.103836242912416},"median":{"confidence_interval":{"confidence_level":0.95,"lower_bound":17303.684523809523,"upper_bound":17316.260416666668},"point_estimate":17309.29010869565,"standard_error":3.089359152354496},"median_abs_dev":{"confidence_interval":{"confidence_level":0.95,"lower_bound":15.443199626352202,"upper_bound":26.210159718834177},"point_estimate":19.338049623118863,"standard_error":2.770128123328861},"slope":{"confidence_interval":{"confidence_level":0.95,"lower_bound":17306.60309641845,"upper_bound":17314.696838134245},"point_estimate":17310.558371878233,"standard_error":2.053489768618446},"std_dev":{"confidence_interval":{"confidence_level":0.95,"lower_bound":27.629710256055862,"upper_bound":114.27685679762246},"point_estimate":71.2814442404819,"standard_error":27.55164031518259}}