{"mean":{"confidence_interval":{"confidence_level":0.95,"lower_bound":19608.18183957635,"upper_bound":19791.53754567746},"point_estimate":19683.942961744688,"standard_error":47.765119892936546},"median":{"confidence_interval":{"confidence_level":0.95,"lower_bound":19581.32857142857,"upper_bound":19618.79449404762},"point_estimate":19594.785202894804,"standard_error":9.387140172392694},"median_abs_dev":{"confidence_interval":{"confidence_level":0.95,"lower_bound":51.74069903168485,"upper_bound":82.42701281722},"point_estimate":63.46002748519525,"standard_error":7.7817730770975135},"slope":{"confidence_interval":{"confidence_level":0.95,"lower_bound":19615.535474243796,"upper_bound":19955.220107338362},"point_estimate":19754.19208689227,"standard_error":89.77531651121205},"std_dev":{"confidence_interval":{"confidence_level":0.95,"lower_bound":79.83903096065174,"upper_bound":747.0480992935921},"point_estimate":477.54983557338824,"standard_error":176.59477085093246}}