{"mean":{"confidence_interval":{"confidence_level":0.95,"lower_bound":19563.593342111126,"upper_bound":19602.7351570751},"point_estimate":19580.21480590977,"standard_error":10.104120529839596},"median":{"confidence_interval":{"confidence_level":0.95,"lower_bound":19555.498113207548,"upper_bound":19574.539784946235},"point_estimate":19562.15572916667,"standard_error":4.90598842553194},"median_abs_dev":{"confidence_interval":{"confidence_level":0.95,"lower_bound":29.18858108179484,"upper_bound":52.36923283536322},"point_estimate":40.90877045160626,"standard_error":5.919405715200189},"slope":{"confidence_interval":{"confidence_level":0.95,"lower_bound":19564.69906774326,"upper_bound":19602.630663224372},"point_estimate":19582.095747007537,"standard_error":9.757078799223327},"std_dev":{"confidence_interval":{"confidence_level":0.95,"lower_bound":44.62278305438866,"upper_bound":158.63338122882936},"point_estimate":101.80445064262537,"standard_error":35.06572371981499}}