{"mean":{"confidence_interval":{"confidence_level":0.95,"lower_bound":19562.732874990415,"upper_bound":19595.1107983495},"point_estimate":19577.797487746593,"standard_error":8.22179265685639},"median":{"confidence_interval":{"confidence_level":0.95,"lower_bound":19557.690555555557,"upper_bound":19579.98846153846},"point_estimate":19566.79837398374,"standard_error":4.920916148492069},"median_abs_dev":{"confidence_interval":{"confidence_level":0.95,"lower_bound":33.2987835754946,"upper_bound":57.51898227428804},"point_estimate":44.2860765688464,"standard_error":5.924800417437769},"slope":{"confidence_interval":{"confidence_level":0.95,"lower_bound":19561.788757727623,"upper_bound":19590.800097430758},"point_estimate":19575.362097532143,"standard_error":7.40496341588752},"std_dev":{"confidence_interval":{"confidence_level":0.95,"lower_bound":54.51265048965349,"upper_bound":110.5866892228742},"point_estimate":82.64762951707911,"standard_error":14.67270102069054}}