{"mean":{"confidence_interval":{"confidence_level":0.95,"lower_bound":19583.5386308127,"upper_bound":19625.23085758453},"point_estimate":19603.199583022833,"standard_error":10.659125498635401},"median":{"confidence_interval":{"confidence_level":0.95,"lower_bound":19566.446969696968,"upper_bound":19594.863194444442},"point_estimate":19582.90403998678,"standard_error":7.327063091328362},"median_abs_dev":{"confidence_interval":{"confidence_level":0.95,"lower_bound":37.716907271566754,"upper_bound":61.3651801179806},"point_estimate":44.99378067469575,"standard_error":6.332869002590658},"slope":{"confidence_interval":{"confidence_level":0.95,"lower_bound":19586.814220635533,"upper_bound":19650.465877543116},"point_estimate":19615.490019210876,"standard_error":16.342157390153393},"std_dev":{"confidence_interval":{"confidence_level":0.95,"lower_bound":74.48527619572172,"upper_bound":133.7260242063625},"point_estimate":107.00576649114169,"standard_error":15.098657233154512}}