{"mean":{"confidence_interval":{"confidence_level":0.95,"lower_bound":19545.267707988263,"upper_bound":19566.675638839308},"point_estimate":19555.76362576314,"standard_error":5.459089653048586},"median":{"confidence_interval":{"confidence_level":0.95,"lower_bound":19546.342307692306,"upper_bound":19566.28695652174},"point_estimate":19553.349298007248,"standard_error":4.4487890339782785},"median_abs_dev":{"confidence_interval":{"confidence_level":0.95,"lower_bound":34.00484706204714,"upper_bound":63.57912446491532},"point_estimate":51.826569017268525,"standard_error":7.941783072783825},"slope":{"confidence_interval":{"confidence_level":0.95,"lower_bound":19559.85282624132,"upper_bound":19579.084049862184},"point_estimate":19568.99635259347,"standard_error":4.902419407140089},"std_dev":{"confidence_interval":{"confidence_level":0.95,"lower_bound":43.588719735395856,"upper_bound":66.32340785139128},"point_estimate":54.83762714771838,"standard_error":5.871742581111291}}