{"mean":{"confidence_interval":{"confidence_level":0.95,"lower_bound":19537.044186931114,"upper_bound":19567.17033134627},"point_estimate":19551.44651930551,"standard_error":7.673270743303367},"median":{"confidence_interval":{"confidence_level":0.95,"lower_bound":19532.584615384614,"upper_bound":19547.531343283583},"point_estimate":19540.779074074075,"standard_error":4.069666648340458},"median_abs_dev":{"confidence_interval":{"confidence_level":0.95,"lower_bound":25.949347099526655,"upper_bound":54.263654889466316},"point_estimate":40.69116484333831,"standard_error":7.63134024463216},"slope":{"confidence_interval":{"confidence_level":0.95,"lower_bound":19546.451399268586,"upper_bound":19574.498265898266},"point_estimate":19559.445005763264,"standard_error":7.168396067094335},"std_dev":{"confidence_interval":{"confidence_level":0.95,"lower_bound":57.5569076757458,"upper_bound":94.50881097250678},"point_estimate":77.00195942588905,"standard_error":9.445735274170092}}