{"mean":{"confidence_interval":{"confidence_level":0.95,"lower_bound":25953.848528479284,"upper_bound":27092.206587866283},"point_estimate":26436.098849649577,"standard_error":295.4633406892109},"median":{"confidence_interval":{"confidence_level":0.95,"lower_bound":25701.213541666668,"upper_bound":26062.46267361111},"point_estimate":25858.5658436214,"standard_error":88.85270150236474},"median_abs_dev":{"confidence_interval":{"confidence_level":0.95,"lower_bound":530.5192978724544,"upper_bound":854.1858548351747},"point_estimate":671.1036039938125,"standard_error":82.3311066014123},"slope":{"confidence_interval":{"confidence_level":0.95,"lower_bound":25974.84297355812,"upper_bound":27070.696587553968},"point_estimate":26436.10197280922,"standard_error":284.8417730868657},"std_dev":{"confidence_interval":{"confidence_level":0.95,"lower_bound":915.3747033067697,"upper_bound":4647.540030056741},"point_estimate":2955.444234954037,"standard_error":1013.8446984695036}}