{"mean":{"confidence_interval":{"confidence_level":0.95,"lower_bound":19564.873000376807,"upper_bound":19616.046642055026},"point_estimate":19587.72425891723,"standard_error":13.139339561725434},"median":{"confidence_interval":{"confidence_level":0.95,"lower_bound":19552.700251004015,"upper_bound":19572.764985014983},"point_estimate":19561.507620320855,"standard_error":5.555683535029164},"median_abs_dev":{"confidence_interval":{"confidence_level":0.95,"lower_bound":34.18496753883666,"upper_bound":60.22606078983163},"point_estimate":48.257657237852094,"standard_error":6.2918602087123965},"slope":{"confidence_interval":{"confidence_level":0.95,"lower_bound":19571.55251593001,"upper_bound":19607.362841613012},"point_estimate":19588.463201714203,"standard_error":9.147697439458234},"std_dev":{"confidence_interval":{"confidence_level":0.95,"lower_bound":68.50914144452342,"upper_bound":193.7019820909506},"point_estimate":132.12035045330646,"standard_error":34.320868986327795}}