{"mean":{"confidence_interval":{"confidence_level":0.95,"lower_bound":20389.557493761982,"upper_bound":20682.551372569716},"point_estimate":20532.695132759745,"standard_error":74.71018126896703},"median":{"confidence_interval":{"confidence_level":0.95,"lower_bound":20233.045491996232,"upper_bound":20633.34111952862},"point_estimate":20425.19150736758,"standard_error":113.5481827756519},"median_abs_dev":{"confidence_interval":{"confidence_level":0.95,"lower_bound":520.3319139844856,"upper_bound":888.7527978206509},"point_estimate":655.1886779886763,"standard_error":95.33067214452664},"slope":{"confidence_interval":{"confidence_level":0.95,"lower_bound":20376.50457970778,"upper_bound":20780.428056651795},"point_estimate":20573.637946283434,"standard_error":102.83002391925163},"std_dev":{"confidence_interval":{"confidence_level":0.95,"lower_bound":621.1236653356498,"upper_bound":851.1388450614545},"point_estimate":742.4646942424715,"standard_error":58.55449577270075}}