{"mean":{"confidence_interval":{"confidence_level":0.95,"lower_bound":24796.103170803624,"upper_bound":24902.231959677843},"point_estimate":24848.20377552353,"standard_error":27.137184210644214},"median":{"confidence_interval":{"confidence_level":0.95,"lower_bound":24793.155015197568,"upper_bound":24872.238603988604},"point_estimate":24837.721924603175,"standard_error":18.495452021021062},"median_abs_dev":{"confidence_interval":{"confidence_level":0.95,"lower_bound":149.3417527227972,"upper_bound":281.39206140745375},"point_estimate":201.1401696671445,"standard_error":37.60713834269754},"slope":{"confidence_interval":{"confidence_level":0.95,"lower_bound":24769.375301124644,"upper_bound":24880.742067397765},"point_estimate":24821.1485102071,"standard_error":28.43442680563878},"std_dev":{"confidence_interval":{"confidence_level":0.95,"lower_bound":210.6472912729322,"upper_bound":335.83824376838294},"point_estimate":272.03664098720344,"standard_error":32.501771462178745}}