{"mean":{"confidence_interval":{"confidence_level":0.95,"lower_bound":25130.893962587397,"upper_bound":25155.907762159546},"point_estimate":25142.448937184447,"standard_error":6.417980938230843},"median":{"confidence_interval":{"confidence_level":0.95,"lower_bound":25123.478021978022,"upper_bound":25132.928571428572},"point_estimate":25128.339939822083,"standard_error":2.23203092455414},"median_abs_dev":{"confidence_interval":{"confidence_level":0.95,"lower_bound":19.35219316292205,"upper_bound":42.37868748292306},"point_estimate":31.726720790383904,"standard_error":6.188394029136073},"slope":{"confidence_interval":{"confidence_level":0.95,"lower_bound":25128.4869357821,"upper_bound":25141.676098017953},"point_estimate":25134.565454200005,"standard_error":3.3669212891607887},"std_dev":{"confidence_interval":{"confidence_level":0.95,"lower_bound":39.30375478594664,"upper_bound":87.13141309365157},"point_estimate":64.41424957142861,"standard_error":12.336056006630407}}