{"mean":{"confidence_interval":{"confidence_level":0.95,"lower_bound":19554.559158352917,"upper_bound":19624.468440483888},"point_estimate":19583.980278227697,"standard_error":18.092848380112365},"median":{"confidence_interval":{"confidence_level":0.95,"lower_bound":19542.392,"upper_bound":19561.615853658535},"point_estimate":19556.085795454543,"standard_error":4.816851635629976},"median_abs_dev":{"confidence_interval":{"confidence_level":0.95,"lower_bound":32.66810362457073,"upper_bound":60.3750467418244},"point_estimate":50.73453202083133,"standard_error":7.333011359236643},"slope":{"confidence_interval":{"confidence_level":0.95,"lower_bound":19562.332062257105,"upper_bound":19593.24351333422},"point_estimate":19576.8001291562,"standard_error":7.903812374655715},"std_dev":{"confidence_interval":{"confidence_level":0.95,"lower_bound":65.06813789217169,"upper_bound":282.8057898028578},"point_estimate":180.72315241249206,"standard_error":61.46925925781127}}