{"mean":{"confidence_interval":{"confidence_level":0.95,"lower_bound":20949.114812475087,"upper_bound":20966.46156522879},"point_estimate":20957.21632967337,"standard_error":4.405043677187162},"median":{"confidence_interval":{"confidence_level":0.95,"lower_bound":20940.817010309278,"upper_bound":20957.831521739132},"point_estimate":20949.334185240434,"standard_error":3.752849477849774},"median_abs_dev":{"confidence_interval":{"confidence_level":0.95,"lower_bound":21.19183314649872,"upper_bound":35.19453191529207},"point_estimate":28.04608135748492,"standard_error":3.5199674003654295},"slope":{"confidence_interval":{"confidence_level":0.95,"lower_bound":20953.384999304395,"upper_bound":20967.460591188883},"point_estimate":20960.332896409043,"standard_error":3.603140506186372},"std_dev":{"confidence_interval":{"confidence_level":0.95,"lower_bound":29.755255623934435,"upper_bound":60.1610046083329},"point_estimate":44.35551920614375,"standard_error":8.236241272383424}}