{"mean":{"confidence_interval":{"confidence_level":0.95,"lower_bound":20939.36468876273,"upper_bound":20966.77268428863},"point_estimate":20951.779854479555,"standard_error":7.050927815248839},"median":{"confidence_interval":{"confidence_level":0.95,"lower_bound":20929.041865656145,"upper_bound":20945.255859375},"point_estimate":20935.572573260073,"standard_error":3.9986965516138118},"median_abs_dev":{"confidence_interval":{"confidence_level":0.95,"lower_bound":27.431918829724975,"upper_bound":52.34901505081326},"point_estimate":40.6023422877852,"standard_error":6.479213391314262},"slope":{"confidence_interval":{"confidence_level":0.95,"lower_bound":20946.906709505027,"upper_bound":20973.903620160534},"point_estimate":20959.570195433724,"standard_error":6.898978079743949},"std_dev":{"confidence_interval":{"confidence_level":0.95,"lower_bound":40.60780426829347,"upper_bound":101.69242410612486},"point_estimate":70.87898246317019,"standard_error":16.7151136803522}}